source,sha256,rows,profile_identities,exact_overlap,proof
git:2711420edf067d0998f583952b3065be90949384:results/clo_dsf_current/campaign_manifest.csv,d319b14d975e1bec57749c92d504a79d40bb9ee401c0469b8adb81c8545652da,1560,1560,0,disjoint full physical profiles
git:3fb2f32e3de52ab71723d74f0c664cfb4e50f322:results/clo_dsf_final_unseen/campaign_manifest.csv,be3bd25bf33bb33f1bc54544ea6f070418cb0d93873325c515346b8410468547,1500,1500,0,disjoint full physical profiles
git:2c5f0d1961693f77c3aab2e3c6012ed2263911ac:results/cross_layer_safety_v7_1_dev/development_split_manifest.csv,f72fac27e3339421297205fbdc801501fad9fc7c0d037e37d2be7fce86071fdb,1140,0,0,named profile resolved against saved profile objects
git:eb1f5230436540f9d68d6e2a9c3152a45c813279:results/cross_layer_safety_v7_1_dev/profiles/benign_c2_high_load_00.csv,b83029a41684ed799536c54f19914a0912368ded67d0fb84ecd320022de16ea3,3,1,0,disjoint full physical profiles
git:4df19713ca761b8c410a499fb1c50a96676ffec0:results/cross_layer_safety_v7_1_dev/profiles/benign_c2_high_load_01.csv,56a97dfabbc1539a31e4ac2880c6ade9d87679d3a1eb54e71b9eee5dca8326be,3,1,0,disjoint full physical profiles
git:05cfb633d18ed1145329e5986271b7de3235696a:results/cross_layer_safety_v7_1_dev/profiles/benign_c2_high_load_02.csv,97e4b51be7a27741a7c7aed63f11d05490b6b437cbc2f78e11968cb84b1aadcf,3,1,0,disjoint full physical profiles
git:9f30dabf5494e376e7fd5aed718642da0dc258f0:results/cross_layer_safety_v7_1_dev/profiles/benign_c2_high_load_03.csv,b9b14b047d7286d9dd69fe1e7d0872df0513e4ad107580e804f334d25dfcc971,3,1,0,disjoint full physical profiles
git:6985c030b8b38cde1f97a2136f353533a695117f:results/cross_layer_safety_v7_1_dev/profiles/benign_c2_high_load_04.csv,2cc79cd3cfcef38fdf09f61e752d92cf1e47e110a033027829dffcf2a1e35f73,3,1,0,disjoint full physical profiles
git:dd68710aed8e273098b249d6edcc1d0d3c3524d3:results/cross_layer_safety_v7_1_dev/profiles/benign_c2_high_load_05.csv,2d11bfe8d516785f56f8001b48060e82e5d6d8bfa037d1a425cb9ba90d9a867b,3,1,0,disjoint full physical profiles
git:5f90e85cc8e4f0ba7d7b19ec531ac5a48f4f198f:results/cross_layer_safety_v7_1_dev/profiles/benign_c2_high_load_06.csv,6939327f195fe1630db737ac0a1ffbe8602d88ca09e4663056b2e29029599a9e,3,1,0,disjoint full physical profiles
git:0a088d951c86a57f78b43970ade48c192586fded:results/cross_layer_safety_v7_1_dev/profiles/benign_c2_high_load_07.csv,a2d85bf07458fdda51141590e9b55abdd8dd2532235c58c8f95f4780ba48196e,3,1,0,disjoint full physical profiles
git:b762ee392a523f732241f89b27a11de3dcb8b5cd:results/cross_layer_safety_v7_1_dev/profiles/benign_c2_high_load_08.csv,1f1857084f646e01492405f3528e002f488b239c2c4bcd6e0a4620f5b18be696,3,1,0,disjoint full physical profiles
git:205db16e983b888d188a24404fa122c99893d94e:results/cross_layer_safety_v7_1_dev/profiles/benign_c2_high_load_09.csv,e3e485d5ad4fbd9e82ad1483727b568453293051e02b018a12c459b88d36f209,3,1,0,disjoint full physical profiles
git:60bff09e7200951a54226ac4c3dfa6da35a44978:results/cross_layer_safety_v7_1_dev/profiles/benign_c2_high_load_10.csv,9d9649f25bc437e96a13a5d88b0d2a259043079be8ca17ecdbff29b23ade242b,3,1,0,disjoint full physical profiles
git:b340c4a14bc71be1553ec5c8c8ab4e02e5672892:results/cross_layer_safety_v7_1_dev/profiles/benign_c2_high_load_11.csv,4bc22bde566ea69f006bf71abe9484ea4d338852beb67c26ab0282df2eddb687,3,1,0,disjoint full physical profiles
git:bf354b65d0a7db77422c6a2980ca18be4606783a:results/cross_layer_safety_v7_1_dev/profiles/benign_c2_high_load_12.csv,0773d6585529d61fc2808dced1efe4342a7775741664fe98cbdf07b53e243d62,3,1,0,disjoint full physical profiles
git:6a51cf67e87688e111580e1d41f0727c70408278:results/cross_layer_safety_v7_1_dev/profiles/benign_c2_high_load_13.csv,e1b29c197e4d434cc42bd1ab28419c215c52951b79464d773cf1d7b9d825b940,3,1,0,disjoint full physical profiles
git:8c306e34672de191e94106098e88c7b41b451bd7:results/cross_layer_safety_v7_1_dev/profiles/benign_c2_high_load_14.csv,846e5c6789eeda27408e142f21a047d7e98b18d14e9f0db21c8d5640feea6524,3,1,0,disjoint full physical profiles
git:378c38179810fc9a514d51e785b82bb9f1499e45:results/cross_layer_safety_v7_1_dev/profiles/benign_c2_high_load_15.csv,b2b3fa2215e93536074568424a007961e94110031c5ff5b4a99cf47cc083e17c,3,1,0,disjoint full physical profiles
git:b62a8044599cea35c818d42d25f01ab6e8d15b61:results/cross_layer_safety_v7_1_dev/profiles/benign_c2_high_load_16.csv,ff5f37994006dc3816c416f28c5182b214b975b5b5d6c4dfff0332a110de0f6d,3,1,0,disjoint full physical profiles
git:74b54755706f9efb86e63c9b1165437d79f67a03:results/cross_layer_safety_v7_1_dev/profiles/benign_c2_high_load_17.csv,0391e2b7f1bfd477a529160319c08544f465c7cd86fda66a5ba3056533ae8c67,3,1,0,disjoint full physical profiles
git:b9f5217b5b47e2342194271bef627bc6784269b5:results/cross_layer_safety_v7_1_dev/profiles/benign_c2_high_load_18.csv,3de5e500d01462035d970f64136f6cbd9eef87911a1a1d085f2245e79849047c,3,1,0,disjoint full physical profiles
git:81e78930dc6bd4ba0ea10a14695f2e6fd72db961:results/cross_layer_safety_v7_1_dev/profiles/benign_c2_high_load_19.csv,8aebbdbf16456bc4b1dab27d4b62de367c558d9a75eab7b27da84157e5844469,3,1,0,disjoint full physical profiles
git:723df637fc1c7e0a4f62c9fc18e45903f7c69ab3:results/cross_layer_safety_v7_1_dev/profiles/benign_c2_high_load_20.csv,10f0d47fab4e39e0e0ae2baea0093b993e82bd82d42a616464fb7548cba04eb7,3,1,0,disjoint full physical profiles
git:5c1bd738601eaca7964b507d1c16153cba72324e:results/cross_layer_safety_v7_1_dev/profiles/benign_c2_high_load_21.csv,0adef9b46a5d57347cd4b9def37c5a1ea7d097f0499b5a34dbece1343f4ca4e0,3,1,0,disjoint full physical profiles
git:7e20b475f620c61b2d73ea01514f87bcf83f4a7c:results/cross_layer_safety_v7_1_dev/profiles/benign_c2_high_load_22.csv,52056519eb3277635d7b7ed940eecb477011d8b194bd8f5cac4171c79bc79076,3,1,0,disjoint full physical profiles
git:b482f9c696ef09724f590907c11618b5e030fc22:results/cross_layer_safety_v7_1_dev/profiles/benign_c2_high_load_23.csv,5645f2718a403306f9770b132bddccbb4e8a51719621d2dd6096148da83a7429,3,1,0,disjoint full physical profiles
git:a71374e8f70932c5e4e71faa1ad41af42f1c11a1:results/cross_layer_safety_v7_1_dev/profiles/benign_c2_high_load_24.csv,8b001e4a0370784a36045147e829c9295eb45dd554d0696a3a96cecabf988966,3,1,0,disjoint full physical profiles
git:140192da5f714aed9a77135925266e2adafabc35:results/cross_layer_safety_v7_1_dev/profiles/benign_c2_high_load_25.csv,978624d7af4ea762465de3ee0a4fa17a6c47a2da1e705025352c24472e031d31,3,1,0,disjoint full physical profiles
git:7d70f045e9e88e4340cb4c1d4d319f0186ef226f:results/cross_layer_safety_v7_1_dev/profiles/benign_c2_high_load_26.csv,2b8d4a37c6630949e4059e1d25db2251ec7d89cb9991eceefcbd8d7f3ef8674a,3,1,0,disjoint full physical profiles
git:6cf137bf5e76deb029870d29bb8ef68f207985af:results/cross_layer_safety_v7_1_dev/profiles/benign_c2_high_load_27.csv,9381998eb3522102fa39883c9dfa4b7c0b265aef554a3fabad105e88316d6f7a,3,1,0,disjoint full physical profiles
git:b053812a88bfa51f37fa6b9430f7207eb4930539:results/cross_layer_safety_v7_1_dev/profiles/benign_c2_high_load_28.csv,3f6391fe691364aa30f882f0738a4b90d37c2ea21ecabfe741d89c2568cf66e9,3,1,0,disjoint full physical profiles
git:531ed71335231a3d3d7bfbb9615e17796483b748:results/cross_layer_safety_v7_1_dev/profiles/benign_c2_high_load_29.csv,126edd44e8a3e224cefd7484ea966bf624a49caa5af7986020cf2599fa5fcd72,3,1,0,disjoint full physical profiles
git:8aa0c70221626d4c7ebd340654b7853752cfd327:results/cross_layer_safety_v7_1_dev/profiles/benign_c2_high_load_30.csv,ff0c203301dd6ecd576c8bce21f56abf74c3de2f67774feda165552b92f67490,3,1,0,disjoint full physical profiles
git:824b51c8c6869990752b5179f59f7edefec1ec07:results/cross_layer_safety_v7_1_dev/profiles/benign_c2_high_load_31.csv,1b943f2982640d4dd3ab1595164867ddd316bc80117bc1a896c94eb085ffca40,3,1,0,disjoint full physical profiles
git:19b71add8cdc1bc758f03f429341b4d55069d59e:results/cross_layer_safety_v7_1_dev/profiles/benign_c2_high_load_32.csv,8a42acd9f605b599e872d2147f98bff27887db957dcd9ee29f8365c023ac3b94,3,1,0,disjoint full physical profiles
git:88e7cbc9fde49db5ed29db6ff219243ca20089d5:results/cross_layer_safety_v7_1_dev/profiles/benign_c2_high_load_33.csv,34e65ccfc9f0f19ebec92c5743ca709ebe20f525021c6cf6af9c71732d3e2dc9,3,1,0,disjoint full physical profiles
git:10fe8d5f6047d08ae23d698d6a3fb7cb28f8f4d9:results/cross_layer_safety_v7_1_dev/profiles/benign_c2_high_load_34.csv,c21cca2ae0231c04a7220bae203ec81936b77e78aa8e0e58f9d6757cbffa1d5d,3,1,0,disjoint full physical profiles
git:9c6e25fceedad41065560e225be80c40451735b4:results/cross_layer_safety_v7_1_dev/profiles/benign_c2_high_load_35.csv,fbe3ca1b8afa69b341708774066d945a27ed567737200b98f780b59c6ba21ea3,3,1,0,disjoint full physical profiles
git:9d53e4a503bdda632dbbdbf2bd59109ff0f12b12:results/cross_layer_safety_v7_1_dev/profiles/benign_c2_high_load_36.csv,4102d9c7ff84e3bd340e944f86f3a8b7d2a30dfb3b0cfb01137163d3b1aa90da,3,1,0,disjoint full physical profiles
git:381c73f93fae97aaf35d7493e822739329d8b1b2:results/cross_layer_safety_v7_1_dev/profiles/benign_c2_high_load_37.csv,c957f18cd09da8c96bae8e94f56f990b03c200061dfa137ace27186eaa467829,3,1,0,disjoint full physical profiles
git:c3f1d67a5d62d43fd5b880af7328ddccb31ce51d:results/cross_layer_safety_v7_1_dev/profiles/benign_c2_high_load_38.csv,af1cc8ca465ee81c736236a1413d9090016c29140b9156d900c83279b9dd2dd2,3,1,0,disjoint full physical profiles
git:70ae5d350b47da1afd9b9b6e3a60e5901878d3b0:results/cross_layer_safety_v7_1_dev/profiles/benign_c2_high_load_39.csv,9d1f9e406db294b929c6cbd706cd3dd0be2e73f74be926b6c57ed6a19d1fb20d,3,1,0,disjoint full physical profiles
git:54a0d1035351a91d08dd008947015068fd31a55a:results/cross_layer_safety_v7_1_dev/profiles/benign_c2_high_load_40.csv,57741e36ea60c4f47ed6e63840a361ef2567acea70da4b4e641af4be6f759dbb,3,1,0,disjoint full physical profiles
git:6ab9a0c7f3c6b184a98f57df877dd7a81c036117:results/cross_layer_safety_v7_1_dev/profiles/benign_c2_high_load_41.csv,56b7320e572f0a53fc5e904c6335fc70006473c077bde7d9eea438e1b1403c14,3,1,0,disjoint full physical profiles
git:f8fcab848848de09df44f2b7cb1b35250da8b720:results/cross_layer_safety_v7_1_dev/profiles/benign_c2_high_load_42.csv,5e321b7111e08c22f04a7b62e9a7a3c3ea826c7b296c6996752461c548285255,3,1,0,disjoint full physical profiles
git:ce88dc4faab005eaaa8cf4f27593cec58b5afc69:results/cross_layer_safety_v7_1_dev/profiles/benign_c2_high_load_43.csv,a882fd1e13fa2fbe63743909a174fb5b01b27ff405801c0f18e66b7ed94f7323,3,1,0,disjoint full physical profiles
git:5f2f9a3f86f005f056744c5d1ac791ab8e86df49:results/cross_layer_safety_v7_1_dev/profiles/benign_c2_high_load_44.csv,939811a7afd0f6a502004c1e23ba35cd7f800087a7cf48ca29c2d53ad5c52a0d,3,1,0,disjoint full physical profiles
git:4d771ea6037b83dab507dbdd573da973de8a7eb1:results/cross_layer_safety_v7_1_dev/profiles/benign_c2_high_load_45.csv,56da8a78fb7de75444dde2b83b543ee7a921be67a4adf66f61f7688755345a93,3,1,0,disjoint full physical profiles
git:acf3fd95d9af7ef481e5af25a5c20559adaee94f:results/cross_layer_safety_v7_1_dev/profiles/benign_c2_high_load_46.csv,199e13d11025bea8a12e28a43727d9aa4410de4f6a927c96cf9997043462cdf4,3,1,0,disjoint full physical profiles
git:0eb7a72deda3ccb373c0aae6cb793c7701ea7a68:results/cross_layer_safety_v7_1_dev/profiles/benign_c2_high_load_47.csv,ebf56f6bb28f4da4113a41b4f7db7d089aa895996843abe5606604dbbcc4913b,3,1,0,disjoint full physical profiles
git:559238c3594bab081925c3010798425194a49fab:results/cross_layer_safety_v7_1_dev/profiles/benign_c2_highway_00.csv,aa2173fc705197fe1f156e52053a1d7f28ce1be2badf4beb836dd8fbc62b0bab,3,1,0,disjoint full physical profiles
git:41c33deb81f197550aaccb0fe3b1cbcad58281c4:results/cross_layer_safety_v7_1_dev/profiles/benign_c2_highway_01.csv,33b06be831c890f518dc5f056cc465f926a95791648b246201f0b6b0f55a9288,3,1,0,disjoint full physical profiles
git:dfa3ea1e6c7f4aca4f202e40b5eba03fed8f56b7:results/cross_layer_safety_v7_1_dev/profiles/benign_c2_highway_02.csv,9a6b2cea1c9ef7142fab550882ad04050c795ed089e6f015408dcf9ff43dfd75,3,1,0,disjoint full physical profiles
git:6ef75ea0ab48568fe4716a4361f2ba449418fe6d:results/cross_layer_safety_v7_1_dev/profiles/benign_c2_highway_03.csv,7bc6e6f27a222269414d65f96007a27fb43008b6087ddaeac86d3bee3c0532f1,3,1,0,disjoint full physical profiles
git:549f1e6d62f41a0b5ebc44a761976b5e88fc4cfb:results/cross_layer_safety_v7_1_dev/profiles/benign_c2_highway_04.csv,f83c895bf15508490fecb8c0d398c286c7a9352b37dc3ef4c593f787ef2ca005,3,1,0,disjoint full physical profiles
git:3833fb074ffdcc668b41ab5084c559d70be2be57:results/cross_layer_safety_v7_1_dev/profiles/benign_c2_highway_05.csv,5ca4196c94433c76cbc7fabffd63d7ea2223faf0a13fd3a2089e6e6bf3abac04,3,1,0,disjoint full physical profiles
git:1b6d6b373e1c0064ff547d013cf9b09d4652cd9c:results/cross_layer_safety_v7_1_dev/profiles/benign_c2_highway_06.csv,85b56d4e77cd393c13878aa57b3c10935ea3125423def5ef55b318dcd6a8547b,3,1,0,disjoint full physical profiles
git:72204f13f5347e3839fce0e037bf21763029ae1d:results/cross_layer_safety_v7_1_dev/profiles/benign_c2_highway_07.csv,b373b78bf4d82d90230a160ae6bc6892c5378be14bd97ec1548b1a46592231ef,3,1,0,disjoint full physical profiles
git:f8e8091779d292eb8fcc96492d3ce3a9dfac426d:results/cross_layer_safety_v7_1_dev/profiles/benign_c2_highway_08.csv,28d1e81a8754fdb9c123bd0e20304056151a570300ef826c8b5788e400cb5ad4,3,1,0,disjoint full physical profiles
git:9fc021ea6d13c4e50a69d8ffd97d806005e14d18:results/cross_layer_safety_v7_1_dev/profiles/benign_c2_highway_09.csv,99784c5eb52c9fecaf39f82ea444479c14bfbe9048a45e0b01081ae0134afa8c,3,1,0,disjoint full physical profiles
git:7d2f57c3acc02ef3f6aec105c77abeec99ebfcca:results/cross_layer_safety_v7_1_dev/profiles/benign_c2_highway_10.csv,f09d28cd0c5472554fa838738a6814fd48069488480e620f07aba32d9e8a181a,3,1,0,disjoint full physical profiles
git:bbc9eff2321b7aa759bfa01625e0574e5fae16f9:results/cross_layer_safety_v7_1_dev/profiles/benign_c2_highway_11.csv,ec85fb9404b67dc116f9f3d2b6039540271d5fd87bcd454686ab4dca5ee7045b,3,1,0,disjoint full physical profiles
git:e7f3c84e1228793cc9b40b7c7a7d32adc1590ca0:results/cross_layer_safety_v7_1_dev/profiles/benign_c2_highway_12.csv,6a4c16b5096d5611da56796ed75bd537bdfd506fd73b7e602cb4e8587732e0de,3,1,0,disjoint full physical profiles
git:e58d0f4fc283721c1093aa50b3c6fb1593e85291:results/cross_layer_safety_v7_1_dev/profiles/benign_c2_highway_13.csv,71fec79ba4176778904d96a83ed0281cf9939fbfae67fd3110e32d0a914e695e,3,1,0,disjoint full physical profiles
git:aa6281dee4355cbdff913d4069c7679964188ef9:results/cross_layer_safety_v7_1_dev/profiles/benign_c2_highway_14.csv,4fae1b33e2916cc1c1cd102ee6b1398771c0f806b8f97487a0ab1c0d3b87f195,3,1,0,disjoint full physical profiles
git:aa2bd93b09604e6bd27799efdd93239f95c856cc:results/cross_layer_safety_v7_1_dev/profiles/benign_c2_highway_15.csv,7aa6c3a12124d50c58e78a99c706295c4a179d898688efc54ec877bb66a1e0b9,3,1,0,disjoint full physical profiles
git:b20b670f66074cee718c1a397980f0023204073a:results/cross_layer_safety_v7_1_dev/profiles/benign_c2_highway_16.csv,4b5c999c24c46a3bffa80fe12f015a1723d8524331105b71a6d2147047559ad6,3,1,0,disjoint full physical profiles
git:831b87358978e7b1b4066a59fddc060d564a7cd5:results/cross_layer_safety_v7_1_dev/profiles/benign_c2_highway_17.csv,4c4aacf502485de009719818b5206a38fb72e73f6b240e368c203057794f015d,3,1,0,disjoint full physical profiles
git:c1f780be86e1974871092132cbdf837ed26e65f1:results/cross_layer_safety_v7_1_dev/profiles/benign_c2_highway_18.csv,94fb58e77f3a0985a16cf333eb839c8340a96bd536e2857f6c5dc7faa7330d05,3,1,0,disjoint full physical profiles
git:c780c0c9a45661ee5506943fa9612cdac14f4b86:results/cross_layer_safety_v7_1_dev/profiles/benign_c2_highway_19.csv,0b1299e9055017ebfb5b663614d073e10870039ea414921e4ea421938dd09886,3,1,0,disjoint full physical profiles
git:8db0ddcaeafa95ebd5d4e41bdb144c3dfebf6670:results/cross_layer_safety_v7_1_dev/profiles/benign_c2_highway_20.csv,bcc251c941480b4617d1c4d7a319f0dd218c99b679b093b40f8ca881a9966c41,3,1,0,disjoint full physical profiles
git:dbcf7acdea68fe3b65f695c18d986fda68d44dbc:results/cross_layer_safety_v7_1_dev/profiles/benign_c2_highway_21.csv,0f2f39518a77ee770dcd8e768390e85553573d9e1e1805af66861de930554f99,3,1,0,disjoint full physical profiles
git:013ed2b97944dc78eb1977112ed54c4aa7874f08:results/cross_layer_safety_v7_1_dev/profiles/benign_c2_highway_22.csv,fdc022f5c18a7951d4b283f0cfc1d9b7214f03df87c7b500c8fd8e9b208531c6,3,1,0,disjoint full physical profiles
git:091a342ee6a878cf7b562537788612c98602c79b:results/cross_layer_safety_v7_1_dev/profiles/benign_c2_highway_23.csv,050159530caefc79a49714767cc088b857af29474b817d4ee1e0cc15bfc33f8f,3,1,0,disjoint full physical profiles
git:ba6da6a2738b412b964d411d575386e42299d3f1:results/cross_layer_safety_v7_1_dev/profiles/benign_c2_highway_24.csv,c7f99de99fa94b912e39ec72eb12e67937127497f36cc67f621af5404b76e5d8,3,1,0,disjoint full physical profiles
git:db48c012926498b3f25b6261d0c2c6061cf95ce7:results/cross_layer_safety_v7_1_dev/profiles/benign_c2_highway_25.csv,4100bedbada8be0a7f8e0e3c486d3ae09f676726a7879088cb09849feabaddc2,3,1,0,disjoint full physical profiles
git:0018d63bb775514b9745d0c8cc1440b919e27220:results/cross_layer_safety_v7_1_dev/profiles/benign_c2_highway_26.csv,124492cfe53caec53d81eddd708d8f1d676054f771d9e826416ea6de313940ed,3,1,0,disjoint full physical profiles
git:4e99eb6a15b1eb27bc8010317bdc1ef8439347b5:results/cross_layer_safety_v7_1_dev/profiles/benign_c2_highway_27.csv,e538333f5590d40c2772c33d69b8fbdd47f5bb397ed0311e8a350de3d52a76df,3,1,0,disjoint full physical profiles
git:3cda555c32dd5ba9eb15eb571568940fe4a52ab8:results/cross_layer_safety_v7_1_dev/profiles/benign_c2_highway_28.csv,b6bc48f9d4d9ce0263afdbabb55ef22c662d833af7154f12f069e55131766170,3,1,0,disjoint full physical profiles
git:bf844bb74dfdffce8e2e80ccc2b1c2fbd3813e59:results/cross_layer_safety_v7_1_dev/profiles/benign_c2_highway_29.csv,31d3f139cc85d530233099197222b2db8b5bbab60012c62b183dd2ed8f09cdf7,3,1,0,disjoint full physical profiles
git:a749acf27052f876ce1ced72935393d9c3c2bf87:results/cross_layer_safety_v7_1_dev/profiles/benign_c2_highway_30.csv,9b36049a3e1a69b399a068e83f24e3ab365541d7043e07036e8115981ec1d17d,3,1,0,disjoint full physical profiles
git:006cb046053c1916c98e59163e7b896e619b4557:results/cross_layer_safety_v7_1_dev/profiles/benign_c2_highway_31.csv,e535000c60cde184c090d8bb40a77181b3155b7502142128c666817e2bcf6fbd,3,1,0,disjoint full physical profiles
git:45443827002de1cb348d39b2aef8cc6b419d4d11:results/cross_layer_safety_v7_1_dev/profiles/benign_c2_highway_32.csv,a5f0720805869f7a91a6b80a8b8b41483bb689f45a5adbb5120972d8b5522ed2,3,1,0,disjoint full physical profiles
git:56f1710acfe00a7ad9d074a57a8f9badc7852bdb:results/cross_layer_safety_v7_1_dev/profiles/benign_c2_highway_33.csv,4f0640bc54e00851543a9c89073855636c390d5055018794283e5683fd764fcd,3,1,0,disjoint full physical profiles
git:2fb0489a0186c6fd99b37e409abb86a768675ba9:results/cross_layer_safety_v7_1_dev/profiles/benign_c2_highway_34.csv,303440ce7733a2c540e7003963294fa9f59037990eb5255938d3816382757ca5,3,1,0,disjoint full physical profiles
git:5dc08257e92efab03dbc16bd15336a3a2177387e:results/cross_layer_safety_v7_1_dev/profiles/benign_c2_highway_35.csv,10d9d3a56971b70fa1ede550b1b48bade8652f9a4b507556c8b0ce8699ab14a8,3,1,0,disjoint full physical profiles
git:607b4728b0988c659f9ab22f7a8011e85f170dd2:results/cross_layer_safety_v7_1_dev/profiles/benign_c2_highway_36.csv,441fb87a9f298a4fa85ac409104221b5615dc332cc2f10e8d1f2f2410468e638,3,1,0,disjoint full physical profiles
git:ac403764a5974027e95f8271f42edb1db535bffe:results/cross_layer_safety_v7_1_dev/profiles/benign_c2_highway_37.csv,14cc949e49b9f716c12547230d730051c3cce9c8bd32006e8297fe5c1801dd23,3,1,0,disjoint full physical profiles
git:ecc8d1bbcfcefec83e665b27322f4ad903be4be2:results/cross_layer_safety_v7_1_dev/profiles/benign_c2_highway_38.csv,067873040922999f57dace5038bcf20f09bf7b1a43aa9c7968be108f1038fa9c,3,1,0,disjoint full physical profiles
git:67bacaacb9042059535f5fef3f6153dd7094bbff:results/cross_layer_safety_v7_1_dev/profiles/benign_c2_highway_39.csv,e673d5da9432806f2ed4365ea7ec0dadd3bd5a84014e8ea6bba919d6cbfdb887,3,1,0,disjoint full physical profiles
git:cf7842d171ff7f2c4841d546b0e5a1be6ef61e52:results/cross_layer_safety_v7_1_dev/profiles/benign_c2_highway_40.csv,8dc5ba226cf9e951d08a0e46dc14e5b353e577fd66093ddf345b3f97366f3dba,3,1,0,disjoint full physical profiles
git:1f70c0182279e353cada16fa0388158ba05856d8:results/cross_layer_safety_v7_1_dev/profiles/benign_c2_highway_41.csv,c76b5c42241c8e2e5b2aa442c58be554668e2711703b5e3b8a197bb43864ee34,3,1,0,disjoint full physical profiles
git:36069817bf369cfe1f132a2ebe5797ba355644d0:results/cross_layer_safety_v7_1_dev/profiles/benign_c2_highway_42.csv,0c159e5f709eb84f1dd2e5dddb0de92caedbb492d354211a374208450e396332,3,1,0,disjoint full physical profiles
git:ff66d33926037051c9238a668d9cbc5660fd140d:results/cross_layer_safety_v7_1_dev/profiles/benign_c2_highway_43.csv,e2c5c9df396165c7a6c7a6cb0289877668e1debf8d4e477e2d85b0da2e85e212,3,1,0,disjoint full physical profiles
git:3371de799592e111d20a7054f02d853e79e1affc:results/cross_layer_safety_v7_1_dev/profiles/benign_c2_highway_44.csv,7dc1285e0263dd6fc4fad2600001261e9ff7f6fb9dd9a1523ed4ffe2a04649a2,3,1,0,disjoint full physical profiles
git:0dae258455d84f106893acdd460ef43ca02deda7:results/cross_layer_safety_v7_1_dev/profiles/benign_c2_highway_45.csv,3277eb60c1bb3bb51ea259cfca5688361819aab0567fdc03c355aedfe71677ae,3,1,0,disjoint full physical profiles
git:0e757e8ee8e0d96c29767a042f15b3639132de1b:results/cross_layer_safety_v7_1_dev/profiles/benign_c2_highway_46.csv,365b85935416f0e31fa1571806b19e945adb813cddc702f239c0c8080a7371be,3,1,0,disjoint full physical profiles
git:8fe833c37f2f6554669f62706bbba73e8843f1bb:results/cross_layer_safety_v7_1_dev/profiles/benign_c2_highway_47.csv,170298f0dab6a1e19804d0b4cdb2d3228505f2c77df4f7af7030edf4f7c9788a,3,1,0,disjoint full physical profiles
git:d2973ca7a794a2868d24ca6733d2f60320ceaaeb:results/cross_layer_safety_v7_1_dev/profiles/benign_c2_hot_slow_00.csv,67b0d1af46854a7cbd4ff6c9e670b75d78db4fc2e08b0c3555aaafb1e6f1a3ee,3,1,0,disjoint full physical profiles
git:cfad4121864bd1a7a5a6fb0216a640a8a2fb82b9:results/cross_layer_safety_v7_1_dev/profiles/benign_c2_hot_slow_01.csv,a01874c78cb409d22d6b6745d80a1642fb76ea50df5a7a81f10c7a9991954c75,3,1,0,disjoint full physical profiles
git:7327510d0d9b730150c0217e89c5cc2ec679ce31:results/cross_layer_safety_v7_1_dev/profiles/benign_c2_hot_slow_02.csv,414e8041bb448e62c7187eccad8dc935b6188fb79ad78b01ba260b729723a4ae,3,1,0,disjoint full physical profiles
git:060937bca3fe753ed95f5b9ed7f83a182c807bf5:results/cross_layer_safety_v7_1_dev/profiles/benign_c2_hot_slow_03.csv,fae9bd6ec5d3caa9b9af106ed739419ce056b8685d6adeddf50ac284a6b9c7a4,3,1,0,disjoint full physical profiles
git:a41ac78a23d3b8fe1673aa4eaede6e70b066d65e:results/cross_layer_safety_v7_1_dev/profiles/benign_c2_hot_slow_04.csv,291ec36b9d7b1e19c671efd818ddb4fe90b2b285dbad1fbd0e532e1929c47a3f,3,1,0,disjoint full physical profiles
git:e0b4d2072f008e2d74bcd93ff495b1294ab2ace4:results/cross_layer_safety_v7_1_dev/profiles/benign_c2_hot_slow_05.csv,915dc17ccf47ee4e414c4affe54bb192db37f93921416f578484a8c015ad2110,3,1,0,disjoint full physical profiles
git:6622c3786607ec63a5cdf9969e74c7e916711b45:results/cross_layer_safety_v7_1_dev/profiles/benign_c2_hot_slow_06.csv,e6eb346a7a9dc55f492c4af3f7aa818ad35cd1e4dad4106512677ba01ed74129,3,1,0,disjoint full physical profiles
git:ad123a263ddea920330ac3526aa062141e062db4:results/cross_layer_safety_v7_1_dev/profiles/benign_c2_hot_slow_07.csv,cad8c77c81408ac13b3af148a47955b8ade13008b9375bc523248ee511442f13,3,1,0,disjoint full physical profiles
git:b319f0ea8d1cce437770b080517c8ea9d6388cdc:results/cross_layer_safety_v7_1_dev/profiles/benign_c2_hot_slow_08.csv,403843b6693447e3b1cef8194a2525c34cd1ff8fe8e2f00e50d3dfee8a835edf,3,1,0,disjoint full physical profiles
git:273f6ea317e6bda9028062d47315757781306777:results/cross_layer_safety_v7_1_dev/profiles/benign_c2_hot_slow_09.csv,e55a7bb2976b76769d52d39e81f23068182b03638868d40dea5e3866edb2d3c4,3,1,0,disjoint full physical profiles
git:ea7545b234d07336526af567f94a9990bef93ee9:results/cross_layer_safety_v7_1_dev/profiles/benign_c2_hot_slow_10.csv,c03b95d22e461c003ade89b2c5c338dd0ae81546fde03f530ee5e8dd5d2fd0bf,3,1,0,disjoint full physical profiles
git:dc04b200aaac449ff64e2432347985c99576c728:results/cross_layer_safety_v7_1_dev/profiles/benign_c2_hot_slow_11.csv,6240aacae0ca782113f208d97952c402b406727e236716abe6a60aa5b5d3eb8c,3,1,0,disjoint full physical profiles
git:1ec6d149cd90a728d0aeb6cf3c8a9b9638575337:results/cross_layer_safety_v7_1_dev/profiles/benign_c2_hot_slow_12.csv,d7fe7c8e8d86bf85ff268a6913f012ec4d8458546862b30924d128809514b5b4,3,1,0,disjoint full physical profiles
git:e184c36d0b02d57ddbf0236c41fafe23e2d3b88c:results/cross_layer_safety_v7_1_dev/profiles/benign_c2_hot_slow_13.csv,306e5d1788dbccfd83e7a2643211e7c0f13fe53fae04537478870d83e66e5ac0,3,1,0,disjoint full physical profiles
git:0e2342d20e306f7ac6f645f9bc992c875b2a36cf:results/cross_layer_safety_v7_1_dev/profiles/benign_c2_hot_slow_14.csv,29073ad40a4643447b60f194e1a9b25435d4bea255ebb36e9e258419e6acf9ff,3,1,0,disjoint full physical profiles
git:7c10d04f77a175c7b7cc786bbcc6cef7f976fd65:results/cross_layer_safety_v7_1_dev/profiles/benign_c2_hot_slow_15.csv,fc0dc3a267334f3174801df97cbf39438ffeed551d9310f8a673d4ccec14f71b,3,1,0,disjoint full physical profiles
git:bf5ef30b3b9c892a57949f59e332d5b9ed590178:results/cross_layer_safety_v7_1_dev/profiles/benign_c2_hot_slow_16.csv,560aa27090e4e75fbeb8a0cfbd8c930bd8ddf832f4c4777db66f63606081e55a,3,1,0,disjoint full physical profiles
git:88354b214aabc5728a275d3f87ff25874e88dcd9:results/cross_layer_safety_v7_1_dev/profiles/benign_c2_hot_slow_17.csv,455bbafe6cb1f970de9191ac15ecf31c667f0e21823ed9696e8e2208a31cb980,3,1,0,disjoint full physical profiles
git:c729004752a835696fd6fc556006fc47342a994d:results/cross_layer_safety_v7_1_dev/profiles/benign_c2_hot_slow_18.csv,c4345a14ff0b1a8e7bfb697c178b818f02195860a1578fdb48bdc485c37808ed,3,1,0,disjoint full physical profiles
git:cab5c705454e41802e3c4cb38f43f2c507f5d18a:results/cross_layer_safety_v7_1_dev/profiles/benign_c2_hot_slow_19.csv,cb75ba16bc5cbef10a38bef3c9bfa5a9ec7bfd5ef671eb7e8dd461d7969e2389,3,1,0,disjoint full physical profiles
git:202a1e21fd94d2cb933e7956a75134220a515cf8:results/cross_layer_safety_v7_1_dev/profiles/benign_c2_hot_slow_20.csv,ce1aeac45aa86c788c9b7b3c8c61bdafdf25c1973618235fe2b14a0df58f62cc,3,1,0,disjoint full physical profiles
git:6b44b5a9b27814bb2df1ac6e0384e02a3f8a8bab:results/cross_layer_safety_v7_1_dev/profiles/benign_c2_hot_slow_21.csv,a4c8389b9f152e4f0966e8b65a47e095c017970c4b1ac84f39d100c225a5471e,3,1,0,disjoint full physical profiles
git:691093d1379c6c15f2108591db921b46e62cac5d:results/cross_layer_safety_v7_1_dev/profiles/benign_c2_hot_slow_22.csv,267fa9fbf2f29f91fb9e3017a67424c15c6465a70979c1f54da8175a063e8a52,3,1,0,disjoint full physical profiles
git:8c822ec5a6f82d46f374f2e1b9cda3a934339700:results/cross_layer_safety_v7_1_dev/profiles/benign_c2_hot_slow_23.csv,5a1e3645347d6edeae2ece11b26ed1494c431e3f688b84928508bf7e4da40c40,3,1,0,disjoint full physical profiles
git:4a75ab10117ac01f208efe872c3ab805e29d40d3:results/cross_layer_safety_v7_1_dev/profiles/benign_c2_hot_slow_24.csv,1bc19dd5402dad24191dc2e103cb0a3846d0e787e6b93bf4e9ec545fcf49cde7,3,1,0,disjoint full physical profiles
git:5d96f1ed519ff96721d0585dba5225a56ab78241:results/cross_layer_safety_v7_1_dev/profiles/benign_c2_hot_slow_25.csv,f1aa76b786aa7eb6afc9d90e79e210fbec5a2760e843c14f164208518f4c2b00,3,1,0,disjoint full physical profiles
git:85f8c5ba173e5a27885915853729ffd94f0cb0f2:results/cross_layer_safety_v7_1_dev/profiles/benign_c2_hot_slow_26.csv,2a0ef9960e5d3f9a6b3d94da678cdebe396beb5fc568d3edaf3a4d61173a5b9b,3,1,0,disjoint full physical profiles
git:667d090adcb8e29d56c31560442c014d913f182e:results/cross_layer_safety_v7_1_dev/profiles/benign_c2_hot_slow_27.csv,11986e16d6686ef0784b6cd5c5f1a65643d761255548e2e523fdf85f9cb1c40e,3,1,0,disjoint full physical profiles
git:b2045984ba791b42c29f422daa63882d39ba925b:results/cross_layer_safety_v7_1_dev/profiles/benign_c2_hot_slow_28.csv,b5047c01563fb8f05a50d23c72e0ed21069c36d298dcc49eced5cfad8cd43a0e,3,1,0,disjoint full physical profiles
git:93141836e56e8e5fad5e0f6f331df0348e691f52:results/cross_layer_safety_v7_1_dev/profiles/benign_c2_hot_slow_29.csv,5ae19fb370b126c22a5aabfc73602843c98a876bf4af07550193ef25d0296c5d,3,1,0,disjoint full physical profiles
git:24003368d318d53fec4a1fc5fbd43227a7e4e3b6:results/cross_layer_safety_v7_1_dev/profiles/benign_c2_hot_slow_30.csv,5a7a538a59fdab6f0b967cd513ef6fae074a6248d8fee4d7219cacb310331d1a,3,1,0,disjoint full physical profiles
git:9ecd2195738c175ba2418b1a86e90ef45eb02d25:results/cross_layer_safety_v7_1_dev/profiles/benign_c2_hot_slow_31.csv,7dbc35c6963df8c5c90f8f55b6cd4513d9e228fa0c043508bf008088b7893e0b,3,1,0,disjoint full physical profiles
git:47a1be31ccc175a194f45bc22bf0074ad3209685:results/cross_layer_safety_v7_1_dev/profiles/benign_c2_hot_slow_32.csv,f072a6585e3cb3f69fb610d3ff3b666d52c55045c4f08923cf2e79a02d8c0034,3,1,0,disjoint full physical profiles
git:f92a386b5188f9d8980709f2f8bd255cee7dba3c:results/cross_layer_safety_v7_1_dev/profiles/benign_c2_hot_slow_33.csv,51a888f52f4c9eb5ea088c859d83abf523b5a4b49b2742d66b1abcb1a21445c3,3,1,0,disjoint full physical profiles
git:f136b1646776b049a8134042c56ca56330757a7c:results/cross_layer_safety_v7_1_dev/profiles/benign_c2_hot_slow_34.csv,bb2d8338f870472b8882384f4381b848af30d9c99daa7a9e682620e9769da232,3,1,0,disjoint full physical profiles
git:11376f8eea9e4110f0681966238c2b3c705bc84d:results/cross_layer_safety_v7_1_dev/profiles/benign_c2_hot_slow_35.csv,8cf6f8000d6fb3db6253f693bc2b183691e3a35b7c0d47a822335d63e981f1c2,3,1,0,disjoint full physical profiles
git:a230b8b8c5c596948f210aec0c7b85d23fc85e9c:results/cross_layer_safety_v7_1_dev/profiles/benign_c2_hot_slow_36.csv,2c38fcfe4e6266bb12cb2643cb3aa40751604a5681d45b0c846081ac19053d36,3,1,0,disjoint full physical profiles
git:da5187086eb0ccb845a370ea3b3808ed7191ee43:results/cross_layer_safety_v7_1_dev/profiles/benign_c2_hot_slow_37.csv,ac6007427283435a1ca2875d296a713308422631a68b32ad2d8c988da6c9e8b4,3,1,0,disjoint full physical profiles
git:1a8ba9bad178163de5a394c9ddd357fb206b01ad:results/cross_layer_safety_v7_1_dev/profiles/benign_c2_hot_slow_38.csv,dc91f0c88e4adea9606cb0d86a437a9faf71c6d0c156a56b909fd6055802ee2f,3,1,0,disjoint full physical profiles
git:aac686cbb3fbef3414a3ff9f87e4bd1b87d3b152:results/cross_layer_safety_v7_1_dev/profiles/benign_c2_hot_slow_39.csv,3d1d5bf7074bb918c4b0126b9dded24f81fa192f737fa73a18e349d053e034b6,3,1,0,disjoint full physical profiles
git:cdcf5b2313950418a43e52ef78ea3965e1e4730b:results/cross_layer_safety_v7_1_dev/profiles/benign_c2_hot_slow_40.csv,1bd970450be8e3ba96e01ea894b2d2924b216b196cf107ada157ac4b59b310c5,3,1,0,disjoint full physical profiles
git:5cfe2c92bfc64a7bbdc9b7c7ad4e70b5104253dc:results/cross_layer_safety_v7_1_dev/profiles/benign_c2_hot_slow_41.csv,0825a231c606cbd860447ad6375c896f60d1f6ae5b198e45b347d71651e6c4e9,3,1,0,disjoint full physical profiles
git:3fa2625dd4d97492cb7e4b2928b31bcdf6d62814:results/cross_layer_safety_v7_1_dev/profiles/benign_c2_hot_slow_42.csv,450ad8cb712285db8d65fe6177b32c2d4fec51ba3eacc08cafa0f90a3dd74381,3,1,0,disjoint full physical profiles
git:01f90f00854935c367276b44c88a36a45b72c906:results/cross_layer_safety_v7_1_dev/profiles/benign_c2_hot_slow_43.csv,6b3d9016933a76d43dd00a48d212d4804dba39ef97d8f5c3b78c54bd9dfc8d1c,3,1,0,disjoint full physical profiles
git:bdfd4b3133c32603c7fe0ea121fa9d26616e60c0:results/cross_layer_safety_v7_1_dev/profiles/benign_c2_hot_slow_44.csv,c7853ec7f1f527f7609fef136e43c8da3daa65c62720d274b9df5b7692c7a149,3,1,0,disjoint full physical profiles
git:0b7dc3c7b360580b3283332de716d60fec50e3ed:results/cross_layer_safety_v7_1_dev/profiles/benign_c2_hot_slow_45.csv,9b2f2a783e97946d98942a90ada1bf4156b3a52fcc93ea33049be3e6653cd5b2,3,1,0,disjoint full physical profiles
git:bb6d9bced03ec95a18ee5750cb2f4922c43df99d:results/cross_layer_safety_v7_1_dev/profiles/benign_c2_hot_slow_46.csv,09b3e3e0ce534057577dbb1bd183882adcb789889f7d301ebdc90de2992550df,3,1,0,disjoint full physical profiles
git:e12cdff06493dd046a9ab45713f37a32c4a1d897:results/cross_layer_safety_v7_1_dev/profiles/benign_c2_hot_slow_47.csv,d3fa1e4d9a28d65660ec9896ac5f2268b5c44779ce8c3367f558c954a7242535,3,1,0,disjoint full physical profiles
git:793b7e1563ca68709ee5064b3cbf23f72fc19c9a:results/cross_layer_safety_v7_1_dev/profiles/benign_c2_moderate_00.csv,4e6e32d957e4c5df5e1e69f8b8030fcb7fc9d3419355e9c7957cf06a28b585a8,3,1,0,disjoint full physical profiles
git:8e4417d7c90451ba0af6237a693607cea6854774:results/cross_layer_safety_v7_1_dev/profiles/benign_c2_moderate_01.csv,e090365c2876d93b75d7436041c4c052afe869c7743675d1d930e4fcf3f24587,3,1,0,disjoint full physical profiles
git:6f84db9c462e509127a9555eac9453889cbcd771:results/cross_layer_safety_v7_1_dev/profiles/benign_c2_moderate_02.csv,0ab8bcefe3159a10b376a5753f61a4cba42ec54f8cd723464638af87b7aef0f2,3,1,0,disjoint full physical profiles
git:dec7ba6ab393605b69fb0ba934995e7e8a5d8d80:results/cross_layer_safety_v7_1_dev/profiles/benign_c2_moderate_03.csv,e6c9402aabd6f87057ad112198a87c6317848d9b98f87fa51e86c638afc591b9,3,1,0,disjoint full physical profiles
git:91828454d138223b585f0c831dfe788d8c42e66b:results/cross_layer_safety_v7_1_dev/profiles/benign_c2_moderate_04.csv,307b8945c548ae42944f5286ad8f577f83992b77c36c44846fb8e94dbf947a02,3,1,0,disjoint full physical profiles
git:48185bc193bd331e0b8fe957638ff9bd7f4ccd51:results/cross_layer_safety_v7_1_dev/profiles/benign_c2_moderate_05.csv,99db1c33f3f45010a4b296a55662a2889c9f0d58a4fff1beb8cf5d17141cea26,3,1,0,disjoint full physical profiles
git:8dfd0ff782c85fb8902b71a7680286c09325bd2f:results/cross_layer_safety_v7_1_dev/profiles/benign_c2_moderate_06.csv,81d339ea7a48ac9c245251f0911b578c112785b58403e60ddfd9823ed96c22f3,3,1,0,disjoint full physical profiles
git:170af4720d9fc7cf62f46bec174d85be1e50f772:results/cross_layer_safety_v7_1_dev/profiles/benign_c2_moderate_07.csv,4312131e3c7f4bf6fcbfb3aad47676525ef75beb03c412219b4ce6e9dc0fb6a9,3,1,0,disjoint full physical profiles
git:114d030ddb5e0eb01a19adaecde91e6ce59dc0a7:results/cross_layer_safety_v7_1_dev/profiles/benign_c2_moderate_08.csv,c72dbdb3eaf3dc3865a4e38c9edce2623f8ed625c189b98bfe7f8dde6ac33746,3,1,0,disjoint full physical profiles
git:e84be5e660089443a52cb32c830759e580a42938:results/cross_layer_safety_v7_1_dev/profiles/benign_c2_moderate_09.csv,69574221f68546e04564415a0e41bc500050c4a950f93a8e0dd31913f3a173a5,3,1,0,disjoint full physical profiles
git:43da6fc613e85a390ebb072c271a720233025913:results/cross_layer_safety_v7_1_dev/profiles/benign_c2_moderate_10.csv,b88016b6cff3312d9ad00c1dea8ccbddcc693933fa2e99363b9ac7bbf1fa4966,3,1,0,disjoint full physical profiles
git:8ed4b1c5a93e9b55ede155418fd50912a9f704a7:results/cross_layer_safety_v7_1_dev/profiles/benign_c2_moderate_11.csv,2ca85f00544dc4b54105ba501cda0c6ffee61c5f490aa0583c97ddf2f9211798,3,1,0,disjoint full physical profiles
git:44daed0420468675bd4692ce428decf0e1bc88f0:results/cross_layer_safety_v7_1_dev/profiles/benign_c2_moderate_12.csv,86c45816124ceff7708d540fd4f44efc69da632cbd7e883e017b9587173237dc,3,1,0,disjoint full physical profiles
git:df639d6d34be49907909260d7c1463e6c4bd493a:results/cross_layer_safety_v7_1_dev/profiles/benign_c2_moderate_13.csv,2061a9fdafb7601c385a20e145a1f2432bb38e76bdbc3af9cccf116fc5d955c4,3,1,0,disjoint full physical profiles
git:315e399f2d49fbdaa9c08bb085b98090dd48330d:results/cross_layer_safety_v7_1_dev/profiles/benign_c2_moderate_14.csv,642af7164943a59cfa31cf72b213121290def3d82803320e0688dcb81ead478d,3,1,0,disjoint full physical profiles
git:e7637705297cfa8733de7b519c8b7a54cb4f943b:results/cross_layer_safety_v7_1_dev/profiles/benign_c2_moderate_15.csv,0d3d48bc0d1e889ff484b9a02ab77d0ce2ed9bd39fc27875d3160570aaacb849,3,1,0,disjoint full physical profiles
git:83271cadaa7e5b664b4dbb3646311b1bf34de6de:results/cross_layer_safety_v7_1_dev/profiles/benign_c2_moderate_16.csv,b56c1445e287f2e9fd11d0bd5f6eaf67815c1fc104cc88df0897498a3dad9cd6,3,1,0,disjoint full physical profiles
git:959ce8f711959d694f31a0a3d66984b46d1388be:results/cross_layer_safety_v7_1_dev/profiles/benign_c2_moderate_17.csv,14e31b327caf67897aeccd0484692e30b3d45d8eb730615a6b5299478ec983ba,3,1,0,disjoint full physical profiles
git:97239eccb66255168c79e809683622fe11079ca7:results/cross_layer_safety_v7_1_dev/profiles/benign_c2_moderate_18.csv,0f6c7d97c39251b3f03ce325e224c84dc7c2d822274cf02c31da03730f283f33,3,1,0,disjoint full physical profiles
git:0911f5278e0cbebbad80821b8cd2b95aeec28f63:results/cross_layer_safety_v7_1_dev/profiles/benign_c2_moderate_19.csv,99093c4b946540c6ab043716c5450311c4c91679806fc17df9da2ac766244806,3,1,0,disjoint full physical profiles
git:2677a134ddccaa025162800dd42c1b0fc7555e48:results/cross_layer_safety_v7_1_dev/profiles/benign_c2_moderate_20.csv,ad68bbffb68632f0175be0a39e92c848267711cf1188137c67a805eb027b1126,3,1,0,disjoint full physical profiles
git:f8877edeec57f381885a82a4167396763d0c163c:results/cross_layer_safety_v7_1_dev/profiles/benign_c2_moderate_21.csv,7167f53f542def41dab7345d6110ba70275efd53982bd1668dc8f4a03052c061,3,1,0,disjoint full physical profiles
git:ed508eb6f3539a0fb56f7333b2cd9bf59f56b492:results/cross_layer_safety_v7_1_dev/profiles/benign_c2_moderate_22.csv,8d25742ad8cd2589f8b44191206557f56afe2d7f2cc065ef48b146ff709bb0ef,3,1,0,disjoint full physical profiles
git:567dd48ee1edaa06cc591c6be632346e4cd1a829:results/cross_layer_safety_v7_1_dev/profiles/benign_c2_moderate_23.csv,355b5f46c57d1364e0fe44b5049e92c2700d5e0d330352c76ad98c533c2cb758,3,1,0,disjoint full physical profiles
git:0f01f1ba0260248af50d98c0424c735a22032d5e:results/cross_layer_safety_v7_1_dev/profiles/benign_c2_moderate_24.csv,6bd935fb904a0e8c9c31107db3d98db1bef2740e1e289ae91cb7c7e9f68728a6,3,1,0,disjoint full physical profiles
git:b524017ec3a07e78a71e3583a27accdd9a9632ef:results/cross_layer_safety_v7_1_dev/profiles/benign_c2_moderate_25.csv,6518847a3e5a21a4ad1b469847f8e3f7e56f16cf32401a06f854ba637db81cfe,3,1,0,disjoint full physical profiles
git:e40de1a3d11930bced14743200fd985faaf44ec1:results/cross_layer_safety_v7_1_dev/profiles/benign_c2_moderate_26.csv,869fd5caf4397d2017ef41773c5fd98b9bbe7052a67769ea4c12deb8219eacc2,3,1,0,disjoint full physical profiles
git:fc0b9906a583bac7239de0e8f3ae7d50541da6da:results/cross_layer_safety_v7_1_dev/profiles/benign_c2_moderate_27.csv,7adcb5d1467637673087241ed61529fb756fae2dc5cc40fa437aac117128ff9a,3,1,0,disjoint full physical profiles
git:5deee816e582b215746e4f1e0c8c1c75e28b0d56:results/cross_layer_safety_v7_1_dev/profiles/benign_c2_moderate_28.csv,f160e30a8d9f33096882b558f0c8f5c9f3a72f3f7e9fe1acc1b3c563fe6899dc,3,1,0,disjoint full physical profiles
git:b7e0350bcbc4dcd990cee82ff0c56b35dc6733c2:results/cross_layer_safety_v7_1_dev/profiles/benign_c2_moderate_29.csv,73be49eb6d9eca794ddc0487e05521f6c1bd5fa28bedabdcae2720b89d2e0e88,3,1,0,disjoint full physical profiles
git:f4301f94edebaf182da4ae1b0a5c29b1f2044a4c:results/cross_layer_safety_v7_1_dev/profiles/benign_c2_moderate_30.csv,5159f43ba9371d68783d011a6696f83117e4ed32b983b93c2661db9a9fe50a80,3,1,0,disjoint full physical profiles
git:96c4cd824ba2fee5c0e59d321ee637535acefb79:results/cross_layer_safety_v7_1_dev/profiles/benign_c2_moderate_31.csv,37b7f883a2e0408f479b7bbbf75c30cfcaa52b9afdc09d5081040307e54cd9bb,3,1,0,disjoint full physical profiles
git:cd8d14e96b418bd33cca8e435fbc3ec71f656e4e:results/cross_layer_safety_v7_1_dev/profiles/benign_c2_moderate_32.csv,eedc1511886f3fc9fdd5253621721cfac27db5e75052cedcb078fe98457f0857,3,1,0,disjoint full physical profiles
git:c34a282d57dca2e5f7d71b6d2ceef5746098054d:results/cross_layer_safety_v7_1_dev/profiles/benign_c2_moderate_33.csv,b06d136057ce6a68e422683a8b8ba08ff3a7185b2f2203cd299861d4fbcbf3f4,3,1,0,disjoint full physical profiles
git:e0ed08ab6027e4ce25bd667f438560294fdcf101:results/cross_layer_safety_v7_1_dev/profiles/benign_c2_moderate_34.csv,b84ad4dbb8e9d78388b1f6f5e9aac9def650b2e793795ed0779bb247f0f904c4,3,1,0,disjoint full physical profiles
git:ecb731f1b3bd93755469f65d6cf8ad65a6308987:results/cross_layer_safety_v7_1_dev/profiles/benign_c2_moderate_35.csv,ea28a09d5f5cb0f29fddd8f1d1d74816a517e8007769bdca264d2c5db3594ca1,3,1,0,disjoint full physical profiles
git:12b7786a4267a550b20d2a5bd0c3c099e88c3986:results/cross_layer_safety_v7_1_dev/profiles/benign_c2_moderate_36.csv,682c78d6e6b3d51f6ed0f57c9f6bad61c54d50118e9f72c1b2180f137544ef88,3,1,0,disjoint full physical profiles
git:95c474aa64a787100be50e553a92719e07c59282:results/cross_layer_safety_v7_1_dev/profiles/benign_c2_moderate_37.csv,af12e3b5f85714ac9738913fa92720f5f35ee3f0212b6b6a50b4dd704d64e8c9,3,1,0,disjoint full physical profiles
git:81edb6b2d02960cb2d1c4990a975e0c8fbebd4a1:results/cross_layer_safety_v7_1_dev/profiles/benign_c2_moderate_38.csv,6d2a36127370170d2e1c9b93fae6850b260a0f5e69799457bf2bcd20d651a428,3,1,0,disjoint full physical profiles
git:e79ce5b04b9a257ef97bec490c212200933989b9:results/cross_layer_safety_v7_1_dev/profiles/benign_c2_moderate_39.csv,3801bdcaf602d3aba29541e0b25effebf1932251d337781215d60ed110fd7196,3,1,0,disjoint full physical profiles
git:902bac9dcedf9acd8cba16480d5968c77bd750bb:results/cross_layer_safety_v7_1_dev/profiles/benign_c2_moderate_40.csv,3950992ca6325ed1b99dd74e7f8ee00f1482bfdf6c3d7f4723f6963bd4eb70bc,3,1,0,disjoint full physical profiles
git:1d009df0084e9c14b96b6ff49b4236605430c7ea:results/cross_layer_safety_v7_1_dev/profiles/benign_c2_moderate_41.csv,aec86c1d58e7617134337fcc53fe9b321f3a981b44c4e553cbd3a9f065430c6b,3,1,0,disjoint full physical profiles
git:d2c474f4234579953d967ad27e3916ba92459692:results/cross_layer_safety_v7_1_dev/profiles/benign_c2_moderate_42.csv,601704fe211340dca8f321b7e95e87ad68349bacec533247c9fd5607831039a0,3,1,0,disjoint full physical profiles
git:8eb1c8814b5fd4b2ccf871a99d89220e02a8d5b9:results/cross_layer_safety_v7_1_dev/profiles/benign_c2_moderate_43.csv,bcc2637e7b129273dd5b20645942c35b207730baef7bcb3549b3439c468d6d10,3,1,0,disjoint full physical profiles
git:0f73fb0137ad5f59c6cd20150775dcc1325b8c78:results/cross_layer_safety_v7_1_dev/profiles/benign_c2_moderate_44.csv,6f3ee911d9d26636f53b5f4cbe0e470a378620325cbc16ce9cea5701227b3b2d,3,1,0,disjoint full physical profiles
git:c7aa57efeca3653d62f62f8d6445f7ebe3c2c9b4:results/cross_layer_safety_v7_1_dev/profiles/benign_c2_moderate_45.csv,408cb16bcb4b72e958d8dd36998e385b10a3e8990b22f589949ab31da5c70692,3,1,0,disjoint full physical profiles
git:c98f3d5fcac88c667d5f6308f0fd573287d07250:results/cross_layer_safety_v7_1_dev/profiles/benign_c2_moderate_46.csv,c406590d93e03b7c77d997ca7b840ca05fc0a8ec9794e8a4f71ae04890d4d548,3,1,0,disjoint full physical profiles
git:2709e4a4d8ec5be031a470a346c4d0e7790216f1:results/cross_layer_safety_v7_1_dev/profiles/benign_c2_moderate_47.csv,fe53844ae09a6acd27c94ea029098d7b5d57794167fe0d17aae1cb19077885ce,3,1,0,disjoint full physical profiles
git:f4c432f50c9d91a8ad0d212f81c36c098312d19b:results/cross_layer_safety_v7_1_dev/profiles/benign_c2_urban_00.csv,8c32534abb1fe4fa8be656265d6e6edb71ffe4c8e55225691c5f3ac4755d4044,3,1,0,disjoint full physical profiles
git:64add41ed2dfd6f0827cb07b14eb118173fa4efb:results/cross_layer_safety_v7_1_dev/profiles/benign_c2_urban_01.csv,ab296365d50828d8f17fb5f837a5c2667cafc363118dff8438ccc5d234026c67,3,1,0,disjoint full physical profiles
git:9411b1de951c35942b5fe399e39cbd00dff6adbb:results/cross_layer_safety_v7_1_dev/profiles/benign_c2_urban_02.csv,77a576c5c1bb01e57c50bbad2aae5680007b71de08aab7654d6aed16beb13165,3,1,0,disjoint full physical profiles
git:909c7a7c95416797e599115061fab95ab8a632de:results/cross_layer_safety_v7_1_dev/profiles/benign_c2_urban_03.csv,44ee6322b21f7b3dfcb054187e26c98f30a74d027850a90ec2a10ff122676721,3,1,0,disjoint full physical profiles
git:e24c43d24cfc0745c13f04c0479ff4d36260915a:results/cross_layer_safety_v7_1_dev/profiles/benign_c2_urban_04.csv,ec34740fcc58333265deb524be77b4aff97711d228c13acf6b72f5b3897fe749,3,1,0,disjoint full physical profiles
git:a7579bb51437aa05770f35924445bf32ae3d6d98:results/cross_layer_safety_v7_1_dev/profiles/benign_c2_urban_05.csv,2ccd6995753c0e5dd7291e1a570edc2185606d315f7324bd6e7fd37d15cebaa8,3,1,0,disjoint full physical profiles
git:f4d2d2836b522aac56dac98b16f37057b4da6da4:results/cross_layer_safety_v7_1_dev/profiles/benign_c2_urban_06.csv,3b2d7d42746a86fdb958e36565deb674bc62912c47dc9a02fc7593cc4e48c937,3,1,0,disjoint full physical profiles
git:285e8e0e6f9cabedfa0344ee437f134f24672a40:results/cross_layer_safety_v7_1_dev/profiles/benign_c2_urban_07.csv,21460de84e8d70b5d53987f80a34a46e1a7cb61ede81325d5ff8969581671df5,3,1,0,disjoint full physical profiles
git:e73a4b7034357940853250208f292518137eb501:results/cross_layer_safety_v7_1_dev/profiles/benign_c2_urban_08.csv,915d2b476a41281730aac10e83441f899850c9c9bac56a2b9af95438cac0ea00,3,1,0,disjoint full physical profiles
git:6dda32cf181826b193e84ea74ab3a2253dd8fcf1:results/cross_layer_safety_v7_1_dev/profiles/benign_c2_urban_09.csv,ad4ec2c4eac8dd1fb288cad55d5293abbb7449acf060fdf897c7254885cf83fd,3,1,0,disjoint full physical profiles
git:7e1dd999cd57609242e8cc1ea2c2a7a188149a4c:results/cross_layer_safety_v7_1_dev/profiles/benign_c2_urban_10.csv,ab5b4be36a0e2210b9f0f1ddb14956c17bc5d8bc8ef57cf4457899a204add488,3,1,0,disjoint full physical profiles
git:3c8277f2ef3511a3c2a745c20b16dadb9bc8aea4:results/cross_layer_safety_v7_1_dev/profiles/benign_c2_urban_11.csv,76f9a2d87c058697d6da5b956337c6eb799b61470efc61ad9dec6deaa4422d1b,3,1,0,disjoint full physical profiles
git:f0f40c6a6f24dc3b417d55eab402ad73a3443748:results/cross_layer_safety_v7_1_dev/profiles/benign_c2_urban_12.csv,0dc108a69dbe1a81c68ba53efb4296db629eeca7318c96c3d458b9a3ee248be8,3,1,0,disjoint full physical profiles
git:22712917d4a2dd60df9ec71fcb93ec686e42d46f:results/cross_layer_safety_v7_1_dev/profiles/benign_c2_urban_13.csv,871dc1b0d68a627d79a5151c8386767490bbed725872b7aef78fc3cbe7e816f1,3,1,0,disjoint full physical profiles
git:d45f3714b46b1d2cf23369ea1c1f62b513996bd6:results/cross_layer_safety_v7_1_dev/profiles/benign_c2_urban_14.csv,01151bbfbcdbeb7f6df7f3be4483cd991e66528a8c2629305706d1d0bcb40de9,3,1,0,disjoint full physical profiles
git:5828dd0d74df54a43945e1275437dc32575cf605:results/cross_layer_safety_v7_1_dev/profiles/benign_c2_urban_15.csv,48b47cd7de64afef8a647cfcfc96432aeeb2c301851d32a85f1588b7f87f43b4,3,1,0,disjoint full physical profiles
git:68b094eec63ac6525954f15e26fde0a8a81c9ebd:results/cross_layer_safety_v7_1_dev/profiles/benign_c2_urban_16.csv,521bbd39e4eaef3dacbfff1723a7bc1c3997630e68daa95b2e64a6cf335689e7,3,1,0,disjoint full physical profiles
git:488f328499d2ad901395bd6be74213942e23acab:results/cross_layer_safety_v7_1_dev/profiles/benign_c2_urban_17.csv,df2e4fb36f7205acb86631bf23f6e90845f1c9f6afbdcf61b4054c72b79bc464,3,1,0,disjoint full physical profiles
git:39732c051d11342849c533a9ba6d1a175ae21236:results/cross_layer_safety_v7_1_dev/profiles/benign_c2_urban_18.csv,0a69b11ec9ff4da385307680f743032a2597146b143d809a1a7c9d1f4996527d,3,1,0,disjoint full physical profiles
git:74e49aac0009f27085f4f7c81f1bb9c6ec9f6086:results/cross_layer_safety_v7_1_dev/profiles/benign_c2_urban_19.csv,fb657f300609250f3eb38a3ff6d09585866143dc32bb0043f5e6e1e42abfdd03,3,1,0,disjoint full physical profiles
git:3456bd6bbbb9f033b568251a9e9e3ce7ab643ae6:results/cross_layer_safety_v7_1_dev/profiles/benign_c2_urban_20.csv,e1caf780d8590190b1c638073c147359e3b79bfeacb57c99e4362adfae53f0d8,3,1,0,disjoint full physical profiles
git:4f529916055d2d6bb943bf554fc91c6c04ea90c7:results/cross_layer_safety_v7_1_dev/profiles/benign_c2_urban_21.csv,94d62a798f5a4918e1473dbd777fbb3077d3b711d36d44189f380d43eff2506a,3,1,0,disjoint full physical profiles
git:6e3afb2ccc74644affb5352677c00f11a354de6d:results/cross_layer_safety_v7_1_dev/profiles/benign_c2_urban_22.csv,3114a677a62b2791ae7ea60d357f029ca1ddd82b41539711791f5e0b911b5cf0,3,1,0,disjoint full physical profiles
git:56c7471adad4538cc271fe9e57c644cc9348ebdd:results/cross_layer_safety_v7_1_dev/profiles/benign_c2_urban_23.csv,8988e88eb323622d3d9e3415a2bae175bc1e1840bbc29eddd9cbedecbabc1f39,3,1,0,disjoint full physical profiles
git:e9b45da658756e53009ded44cd726b9257aa2d8a:results/cross_layer_safety_v7_1_dev/profiles/benign_c2_urban_24.csv,1e8c6d296889b556bf379d132ac5b2796c15103f06e804dc0d7a34c7cbbcde03,3,1,0,disjoint full physical profiles
git:096743bd7b3e242015dc584c93c22e2cc61310d5:results/cross_layer_safety_v7_1_dev/profiles/benign_c2_urban_25.csv,ab7e876a22a55bd8f973b268b1f78768653f466f0b0086347cabaa58f1d1556b,3,1,0,disjoint full physical profiles
git:97982ce8fd071ba867940f9b2b3115d53f7dadc8:results/cross_layer_safety_v7_1_dev/profiles/benign_c2_urban_26.csv,5aa6091b7d6de38d772cd46f41c63c879a1dc2d2d32228594245087a2f957922,3,1,0,disjoint full physical profiles
git:e3047a510e151ba354242374ba4ca74c78e55378:results/cross_layer_safety_v7_1_dev/profiles/benign_c2_urban_27.csv,f7304e530ed252286189bea469da23374ec5236fc5ddbf8978ca5c663d35896a,3,1,0,disjoint full physical profiles
git:c1e81a6e8f98948a4591539ff4155f53cb52a2e7:results/cross_layer_safety_v7_1_dev/profiles/benign_c2_urban_28.csv,78fc3574a46c489aaeff56abb3c48f574ac3977c2c2f04f7b38034b8a51d4904,3,1,0,disjoint full physical profiles
git:325903f5e294cbe222f790539081f1f2c53b2dbc:results/cross_layer_safety_v7_1_dev/profiles/benign_c2_urban_29.csv,4f02306eac958fbd2ca2664ea5729eb7ebd5771e3cf9e916c23a0f80089c6dc5,3,1,0,disjoint full physical profiles
git:a0aa98c3e7aac5bf40c93fc19422f03a13609ba0:results/cross_layer_safety_v7_1_dev/profiles/benign_c2_urban_30.csv,1453e9369402b1546d55bde84031c8f1637bf32763498ce5f04c9a21761bf568,3,1,0,disjoint full physical profiles
git:e9877cbb00111a96e3b042ea38ee243ff9bbbbee:results/cross_layer_safety_v7_1_dev/profiles/benign_c2_urban_31.csv,42bd8c18924c2b88fa3345974c695c1d603091d133b9262105fc3c72242d671b,3,1,0,disjoint full physical profiles
git:fceb816a83d19ba3adb6257b43bfa77f7c725434:results/cross_layer_safety_v7_1_dev/profiles/benign_c2_urban_32.csv,ff3da1be7d6c9840e94d7e7e0990ee7c3a1f9b1914e743450860caeabd30821f,3,1,0,disjoint full physical profiles
git:4cc0e7207569f931ea94953febc463f238317cf0:results/cross_layer_safety_v7_1_dev/profiles/benign_c2_urban_33.csv,e9b389d8b81f5e7082a7ab104e2a73ee76b064faa943ad2b6acd227007aa5d61,3,1,0,disjoint full physical profiles
git:172e2f5cccb2d00c6a2a63a58f813449ec4741b9:results/cross_layer_safety_v7_1_dev/profiles/benign_c2_urban_34.csv,d5b025d2f4c488493e7d66689ff9e991c7f30879c546e94089985433dd1c5365,3,1,0,disjoint full physical profiles
git:680981317ace7e50212c246d282fd0b67bb5112a:results/cross_layer_safety_v7_1_dev/profiles/benign_c2_urban_35.csv,90a5e13e63587398998307552ce66d41d84145ed3cb839014e6913ecc493c75b,3,1,0,disjoint full physical profiles
git:aad37124ea599cff2b24c20ab05cb876ff46c818:results/cross_layer_safety_v7_1_dev/profiles/benign_c2_urban_36.csv,eb5e71ce6db683adb93af6cbb3d3855bd9804ab33a1aee285b328195522dd7ba,3,1,0,disjoint full physical profiles
git:aed14753e97130120ca84a0c7d9e3528a0827199:results/cross_layer_safety_v7_1_dev/profiles/benign_c2_urban_37.csv,de3699201d779cf72780ab3f4480b1afdb3495761f11cb08d0965c402fec9735,3,1,0,disjoint full physical profiles
git:051caea953ae8c7ec19385911cd864ac7672d74f:results/cross_layer_safety_v7_1_dev/profiles/benign_c2_urban_38.csv,44000e8f45aade6a1ef15bacb91b6309192440562e4f2c08f8e9cf92e5ada104,3,1,0,disjoint full physical profiles
git:6cf0dc14e7c14acb33f3dcf9c1be630b61c0e79e:results/cross_layer_safety_v7_1_dev/profiles/benign_c2_urban_39.csv,b54a05ba77f11be7581eeab0bf73b48553e40766cda336bd9e7759a80fdf9946,3,1,0,disjoint full physical profiles
git:e6392bae3e8406d1c47bee07c5e6f9146e8b31d3:results/cross_layer_safety_v7_1_dev/profiles/benign_c2_urban_40.csv,8a789d5f1ed6640c1133d9fe1d48aaf9ff951f60493f65730af2ab7d99d0229b,3,1,0,disjoint full physical profiles
git:ead9ac99325da644a4d962fb4345bfb7e34e1819:results/cross_layer_safety_v7_1_dev/profiles/benign_c2_urban_41.csv,fcd2c3b4b53c8987150621a3dd4cd71a647075a0d92cd9404d158fa53c4ddbda,3,1,0,disjoint full physical profiles
git:98ad96ca247f63b3ff0e1c989a8b11744eca8a7e:results/cross_layer_safety_v7_1_dev/profiles/benign_c2_urban_42.csv,94c3b7cd8db82e4306136e01720e83286d07d1826b17afb7925bda4871cd7197,3,1,0,disjoint full physical profiles
git:5a3d5cca21d963f6e5c06649d8ef6be668886bd3:results/cross_layer_safety_v7_1_dev/profiles/benign_c2_urban_43.csv,13a60478cd52cda2fb97109695ae72b35dd865a6b8922b09d91c2bcf960e174b,3,1,0,disjoint full physical profiles
git:22cd8ee8ca9c25486430b4aaa061f5452a4c69f3:results/cross_layer_safety_v7_1_dev/profiles/benign_c2_urban_44.csv,9eee4010bd101983926dc72715ebb584c097888c73b9d596574c48f4f9b925ab,3,1,0,disjoint full physical profiles
git:78767c930c13d35176400bdf39e555ac4c342c3b:results/cross_layer_safety_v7_1_dev/profiles/benign_c2_urban_45.csv,317bb6d4abbda1826de00b130df5804f949e5b08f4512a571cefd22287fa966f,3,1,0,disjoint full physical profiles
git:32f7add45a22cea6e55b74ea547a0bcc3ee26929:results/cross_layer_safety_v7_1_dev/profiles/benign_c2_urban_46.csv,4e118404a434d1304be818916efa35a7c713e0d39e4b1e0ed4eff79c427240c2,3,1,0,disjoint full physical profiles
git:f567edff3ac775a193201277aca05993809b83c8:results/cross_layer_safety_v7_1_dev/profiles/benign_c2_urban_47.csv,67c96fda30cdc288e1d28658a7d1765bb2a9c75259045620e192b2073791c016,3,1,0,disjoint full physical profiles
git:62b13e8fff27654186ce55cbfcd84085dd56273f:results/cross_layer_safety_v7_1_dev/profiles/c2_high_load.csv,eb39a19d9ea732d2409f222bcc4010e5a5b2ac9166891b641877ab0e1308a537,3,1,0,disjoint full physical profiles
git:07eb00c0a640d079e4720112bf9a17b50c73c24c:results/cross_layer_safety_v7_1_dev/profiles/c2_highway.csv,fac7a85c21a2435296a8bf1cfed4c36d8650b6ae017bb16d6cc1bbea9b524d39,3,1,0,disjoint full physical profiles
git:16943c7a539656a0cbffbdbf353dba3aa8858db8:results/cross_layer_safety_v7_1_dev/profiles/c2_hot_slow.csv,832593709707128e9bb823bc3328336158484da546e16126ad8c1fd01bdd8df4,3,1,0,disjoint full physical profiles
git:e7939e6d77eea2d47641ff57ee282bae30bbef5b:results/cross_layer_safety_v7_1_dev/profiles/c2_moderate.csv,1f8f315f83ea90fa6054527d99b4c56c1cac8aeea2d4f21a7201e7c301672a8c,3,1,0,disjoint full physical profiles
git:2b074fc07788fa05ef1d1274689df7521176acfd:results/cross_layer_safety_v7_1_dev/profiles/c2_urban.csv,d0c2e0c53ec3589ef07ed323c045040dd2bc36fca3c057df5ab51d9719f793cf,3,1,0,disjoint full physical profiles
git:433c943c9a4835e1cffe858dfe22b4ee60b01388:results/cross_layer_safety_v7_2_confirmation/confirmation_configuration_manifest.csv,e476cceee94ffbc19a003f6e9c8cae17050ea809a5d641cf2e49d2e4a40f7d74,900,0,0,named profile resolved against saved profile objects
git:20e67cd424917eb138e9d0889e9fa023e8298ec6:results/cross_layer_safety_v7_2_confirmation/profiles/benign_final_highway_00.csv,e31b31fe3b99b59fc5ce8265a2dbb3d14f22b4932e3b3fd96240054c813886de,3,1,0,disjoint full physical profiles
git:7b1dbc27944e8acb3508280fb96fee47385c2669:results/cross_layer_safety_v7_2_confirmation/profiles/benign_final_highway_01.csv,74baee72dc07e11fcd801ad697d626f3985eb3e1c0e447bf7c577bb16362f131,3,1,0,disjoint full physical profiles
git:56a2e4c371596bdf3468e1a1db9dd07e57ccfe1e:results/cross_layer_safety_v7_2_confirmation/profiles/benign_final_highway_02.csv,8fbceefed8540f0ec7762a99b4f94824a88e8eaf9e2dfdabbe19da79957942e8,3,1,0,disjoint full physical profiles
git:f1bd992b4c4792f4e536708c1f218dc94fcb43f5:results/cross_layer_safety_v7_2_confirmation/profiles/benign_final_highway_03.csv,b6aee67281824af2f95526d2e5fdedbb873480f4cbc4a4c5a9b60d817faa2545,3,1,0,disjoint full physical profiles
git:3d5141ecda5bea94924ac57fb6463a71c3ac40b9:results/cross_layer_safety_v7_2_confirmation/profiles/benign_final_highway_04.csv,8ed7a87038b39399ec5615eb529be312fb0720c1de98c6575ca4be863d78860c,3,1,0,disjoint full physical profiles
git:059791e190b580caf6884e89e1ba9ea3a1638e2e:results/cross_layer_safety_v7_2_confirmation/profiles/benign_final_highway_05.csv,3071fddbe7235b24a59fa46b0a3dc1dc02be31020c8fd1ab1d973fdc700f93b8,3,1,0,disjoint full physical profiles
git:0062973b68a322586a2f200f8c50b440cc5df0f0:results/cross_layer_safety_v7_2_confirmation/profiles/benign_final_highway_06.csv,5651408fc3dfd77ebed5f97e0cf45f49168c6571db337ae534fbe9debfeffaaf,3,1,0,disjoint full physical profiles
git:4bea0b9222688518a719e855df314214717ff7cc:results/cross_layer_safety_v7_2_confirmation/profiles/benign_final_highway_07.csv,1a336a8a16b0774e1fa9fd776363073ea05fdb636798c290c68e381209b342f3,3,1,0,disjoint full physical profiles
git:17946b6a4d45fdf3366e7f672f504501c15f6fa9:results/cross_layer_safety_v7_2_confirmation/profiles/benign_final_highway_08.csv,3a48839cfd3a019afaa99cc4d9171664b27ea6b6d2d309e519c182b994513ecb,3,1,0,disjoint full physical profiles
git:31444b918657e1a0404ce4474885c5d5649b337f:results/cross_layer_safety_v7_2_confirmation/profiles/benign_final_highway_09.csv,163cd3cde7c741482f733a219545080861bd64ad2f1291e8e98208a492b01cfc,3,1,0,disjoint full physical profiles
git:c00efeb745575b297446e732bed9c8df5e1a27de:results/cross_layer_safety_v7_2_confirmation/profiles/benign_final_highway_10.csv,104c49bc1a3a65642a7e86b2c5760406ba3dcdbe3661c18d0a47e3662d65fdda,3,1,0,disjoint full physical profiles
git:e28abc74213128814c30a66ea5fed1cde17e6e35:results/cross_layer_safety_v7_2_confirmation/profiles/benign_final_highway_11.csv,9a1dfec895e5c3ebb6e4baf504913c929b7de802df5e9ac2a88191186d8633a2,3,1,0,disjoint full physical profiles
git:0066d925d6d9645928b5f6e7eaf8f91101a789fb:results/cross_layer_safety_v7_2_confirmation/profiles/benign_final_highway_12.csv,1b02b6c6f2dd1e3e940972241e19c76e584e2e5e1255e000f7dc432a31ba33e3,3,1,0,disjoint full physical profiles
git:7b45eed05f08ae802f302393b0ba93a914233a76:results/cross_layer_safety_v7_2_confirmation/profiles/benign_final_highway_13.csv,4f48084f7f1ad162658f84818f44bc8a7260152856960509d0c50526d89013ce,3,1,0,disjoint full physical profiles
git:a009debcc421e456f802792ca2cdaaa5575d77d2:results/cross_layer_safety_v7_2_confirmation/profiles/benign_final_highway_14.csv,f8c62302719e03e4e0b4d73d07843bd4628bccb4bc6d6ef41f80eff482843d17,3,1,0,disjoint full physical profiles
git:b4f02c4fa264793e061efc037b228f21ed0ff681:results/cross_layer_safety_v7_2_confirmation/profiles/benign_final_highway_15.csv,a1f607ba71fd04a191631049f0f22ff6024ce0111819b66b7548178e385b48e3,3,1,0,disjoint full physical profiles
git:12bf9470c97369b7f7ed771da1f4951940f7d649:results/cross_layer_safety_v7_2_confirmation/profiles/benign_final_highway_16.csv,09eb6262053223801ee29a904c5c01b3ad425d1cf7d4461f2ec764fccb1b6378,3,1,0,disjoint full physical profiles
git:cc455ec6176c88b1e0b660bf0758a1e7fd68969f:results/cross_layer_safety_v7_2_confirmation/profiles/benign_final_highway_17.csv,3440e9a98b38cac5ebf4a6a56c4a1bee33b83fc40231300c79477e13846ba0df,3,1,0,disjoint full physical profiles
git:22f8611795f557af646774f9a44dffa3718b7787:results/cross_layer_safety_v7_2_confirmation/profiles/benign_final_highway_18.csv,fd3e92b9591995aa79f5442bf04d8c5ec9c53be39024ce1e8dc94d1d5706672a,3,1,0,disjoint full physical profiles
git:8703ff4b9bcafe38a1bc4124fcb4ce90ff518d0d:results/cross_layer_safety_v7_2_confirmation/profiles/benign_final_highway_19.csv,fce72413b714c883ebb90fcade0e66f4667359767d6f72ad8a67c8b3d83151f3,3,1,0,disjoint full physical profiles
git:10868c0f28d0f118d68a1ea9ba8c8065e39c5198:results/cross_layer_safety_v7_2_confirmation/profiles/benign_final_highway_20.csv,c8e53d80bd93b2cfec449de78a1f4bcfe87731abc9c4cc2917776eaf85ca502d,3,1,0,disjoint full physical profiles
git:0e7b5360cb356037157c6cf7bca9be1bc7eaeaf6:results/cross_layer_safety_v7_2_confirmation/profiles/benign_final_highway_21.csv,6c9fa0590d78a8b04d1a188db850c84cece68f9e7701ad719b7c1988dfda76b8,3,1,0,disjoint full physical profiles
git:5fdb744f1cc3b1fddf52e58e7109e6d4a041fe85:results/cross_layer_safety_v7_2_confirmation/profiles/benign_final_highway_22.csv,815263cb7fbc7c8ee35ba95de4c8fcbce30820b20e32d7ea6657541e4cfc94ea,3,1,0,disjoint full physical profiles
git:e99fb8a382deab8d914e5dca307a849378cf5101:results/cross_layer_safety_v7_2_confirmation/profiles/benign_final_highway_23.csv,cde32678798aee121bb713e38a1cb08808916409e18b7b5bd3557d9befbd02f8,3,1,0,disjoint full physical profiles
git:7c2fad4a608de760e247e5e968d3639608d2eb6c:results/cross_layer_safety_v7_2_confirmation/profiles/benign_final_highway_24.csv,59c7bbdb56b88b4b6e4a940f807065795cf68bc94d3261ef690508a829a6730d,3,1,0,disjoint full physical profiles
git:070ce8fa312d51ca7ceb4e44536ce959623894da:results/cross_layer_safety_v7_2_confirmation/profiles/benign_final_highway_25.csv,ed260db61547be6d4f7f7c625d7afb8f2c62846b7d4614f219f798282b10f552,3,1,0,disjoint full physical profiles
git:246e017878516e873be90bdc041d061d36f6e10f:results/cross_layer_safety_v7_2_confirmation/profiles/benign_final_highway_26.csv,aaf68d3ca7ed0ed3232b38a6e26d6ebb6e388770616600768c809e9e98d056e3,3,1,0,disjoint full physical profiles
git:20fdb661c1d46972d16ef1c82b92e829cde4b1e3:results/cross_layer_safety_v7_2_confirmation/profiles/benign_final_highway_27.csv,07fea1703afec8f763e77625757eef8a2f2f563adc0434007675ef9019fb55f8,3,1,0,disjoint full physical profiles
git:2bb745cd9c5798b4bbbc971c2f07e68bcab28403:results/cross_layer_safety_v7_2_confirmation/profiles/benign_final_highway_28.csv,af4c4101f4e2ac1e3335814e5c79ae92f02d06a3d7ba2dc64eef8b96e8f318ca,3,1,0,disjoint full physical profiles
git:a178b8b14293b99d3a52fc8806d55e37dbdffa01:results/cross_layer_safety_v7_2_confirmation/profiles/benign_final_highway_29.csv,43fb9e81b7504c121ab8888cb549ca7b1b1ed2bb66235bcf1b84041292fcf2ca,3,1,0,disjoint full physical profiles
git:77b32b2b2a0d6f56b2fa8edb95b178b7aca97078:results/cross_layer_safety_v7_2_confirmation/profiles/benign_final_highway_30.csv,c5958f65a7644d1f409304f70a6e24d911361fae017ac787122ee4cd81975951,3,1,0,disjoint full physical profiles
git:84ded360dd972e1088d74c246df4ac4ae9bf1dbf:results/cross_layer_safety_v7_2_confirmation/profiles/benign_final_highway_31.csv,be7822ec13622ae56584b9ad064b5867e52e2ba4ecd9525b3b3e5f38132b3e63,3,1,0,disjoint full physical profiles
git:a13bb26db7b5de824627459665793d8e011b8147:results/cross_layer_safety_v7_2_confirmation/profiles/benign_final_highway_32.csv,1de7f7d8bd5b4d1519ba9704ce58bb2cd45b70052174381ce7f66c632e98b473,3,1,0,disjoint full physical profiles
git:ffa7d1920447031f12b4ce77b4e9c933dc0386f7:results/cross_layer_safety_v7_2_confirmation/profiles/benign_final_highway_33.csv,216499764e954607b269c6627d79bfdb52d5bb9aa97950a1307ed27dba5b7e96,3,1,0,disjoint full physical profiles
git:6367c5e0369b28b2c947d73bf813d5793bd89790:results/cross_layer_safety_v7_2_confirmation/profiles/benign_final_highway_34.csv,254ff73d32704f989c4452427cf5ea311deb84254bb77d795b14e7475fea67f1,3,1,0,disjoint full physical profiles
git:734d0f97b31cc72e542116bdd7c52c0a45ede52a:results/cross_layer_safety_v7_2_confirmation/profiles/benign_final_highway_35.csv,aa1f472f57aa117513dc665117fa9a6d20aefdac441132a275a59d42ce4f54d8,3,1,0,disjoint full physical profiles
git:a1607ac655ce130ae8c01923e170d28ddd282aa1:results/cross_layer_safety_v7_2_confirmation/profiles/benign_final_highway_36.csv,9953d979507051bd32cf96969594d6e68ea37ebd7dbae3d2f8cf854493c6d96b,3,1,0,disjoint full physical profiles
git:3b2c852624e24ed6157b586e1e24cb8ecdca34aa:results/cross_layer_safety_v7_2_confirmation/profiles/benign_final_highway_37.csv,203b0819e1dbe9d273dc8a9d1cfc1c0e5ea147fc0b0a7f07f80eebd7e3dcfe48,3,1,0,disjoint full physical profiles
git:44e82fc7a3ea727a1bce2afe2493f896d73ca310:results/cross_layer_safety_v7_2_confirmation/profiles/benign_final_highway_38.csv,b5903e44910100a815e8b011abfcb377a4c6924886519227ab9d88557d4ca947,3,1,0,disjoint full physical profiles
git:d28d7c215dff4fbe6cde643a3857dca11f5b16e5:results/cross_layer_safety_v7_2_confirmation/profiles/benign_final_highway_39.csv,38aedc72b4596b30e2c09d10890de0287a1f9793902fc49127f6ba3d4ddb60aa,3,1,0,disjoint full physical profiles
git:078403e839bd9ae0b44445d747a6c473b9c2a09b:results/cross_layer_safety_v7_2_confirmation/profiles/benign_final_highway_40.csv,b336cf35e7e08c40b8a55055d6ce9b148e8e0946d1b9c8823110c652e550b218,3,1,0,disjoint full physical profiles
git:daa50cf46136d10c20e07aaa599318b24b8a6fe9:results/cross_layer_safety_v7_2_confirmation/profiles/benign_final_highway_41.csv,faf8c6dd928f4580eef59e2629cb9d2d78e538cbfc464ef1a2fe690e6b57887e,3,1,0,disjoint full physical profiles
git:e716e35c598576e34337a19e37508f45d8091410:results/cross_layer_safety_v7_2_confirmation/profiles/benign_final_highway_42.csv,138006586d0c4dcedf5a1e47f76c0e2dbe30aadedbe52ee4e9e694c8f9ed35f4,3,1,0,disjoint full physical profiles
git:9d3ef390f53c4a51abe166c5e194de83a460f5c1:results/cross_layer_safety_v7_2_confirmation/profiles/benign_final_highway_43.csv,3f776a038a99e9d32359ea9696c330371a61b5635778bff9ce46188a91d16b95,3,1,0,disjoint full physical profiles
git:2f40be4edc9130a762134bee6f8aaef113462da2:results/cross_layer_safety_v7_2_confirmation/profiles/benign_final_highway_44.csv,fda2836334066114f58235ea7035529eaff6e72fa006776f035c2627f93de29b,3,1,0,disjoint full physical profiles
git:cef064927cfdbaaedc0383104b73b3b2f5454e1e:results/cross_layer_safety_v7_2_confirmation/profiles/benign_final_hot_slow_00.csv,78a0e52992804381b052e9d30ebaac3b855ac14fb008a357570b4e72e34bb82c,3,1,0,disjoint full physical profiles
git:561f59a0b28a3af65f2ef4511ba3059c1913d865:results/cross_layer_safety_v7_2_confirmation/profiles/benign_final_hot_slow_01.csv,130dee345d7cbb7b52a1880dbc8a53467c4428df694cda0ac9302a28abc2dbfe,3,1,0,disjoint full physical profiles
git:3971f4b783bb80cb85960217500463fe65b441c0:results/cross_layer_safety_v7_2_confirmation/profiles/benign_final_hot_slow_02.csv,2ca9331a5754f642db28c7f9b5cdb27230c38c7c7ec98e005fcd02a4dc70d679,3,1,0,disjoint full physical profiles
git:841b3c49fd0c74725c3b1e4efca89ef44f3f61a9:results/cross_layer_safety_v7_2_confirmation/profiles/benign_final_hot_slow_03.csv,413b2e9ea7f6182f8689af321d9c46451f312e385ddef2f5fe53a46e7373ac26,3,1,0,disjoint full physical profiles
git:6f330eb6bdb0d7875dac7848563ebae2e4157a66:results/cross_layer_safety_v7_2_confirmation/profiles/benign_final_hot_slow_04.csv,91d53ccac0d1a15ef838137fea9fad1488c55fab73f51e4641c75cbd0bd47d24,3,1,0,disjoint full physical profiles
git:94cb444a9e8487984f57c7e2dc9b4f466299cb16:results/cross_layer_safety_v7_2_confirmation/profiles/benign_final_hot_slow_05.csv,9cc0ef6a9417d4ccfd8c16750bb9bae2db6b6a08f1260afe46b4a0fdb2632d35,3,1,0,disjoint full physical profiles
git:e4a0f05dc347eabbf1c61997815b223b8ef431b6:results/cross_layer_safety_v7_2_confirmation/profiles/benign_final_hot_slow_06.csv,d571e5c2f78a1a69d67c0d5254a80cb01301e150a27e272711619d21665620a9,3,1,0,disjoint full physical profiles
git:e56abd4b4cf776f7d4bf2f2919f1be854ef77ef2:results/cross_layer_safety_v7_2_confirmation/profiles/benign_final_hot_slow_07.csv,f9ff55694d51825fc200cde6a6b01e9fa62447e1c7467c3b60dfebf0b38ea279,3,1,0,disjoint full physical profiles
git:0bb4f716435554774c5094dd46ab84f43e3cf555:results/cross_layer_safety_v7_2_confirmation/profiles/benign_final_hot_slow_08.csv,c743d62bb438427ea5b9e087b2e2c805099848d0b7e5acfb09531dbc31ff6c27,3,1,0,disjoint full physical profiles
git:24ec60749a459f573afa3a73acb5e635c8e6555d:results/cross_layer_safety_v7_2_confirmation/profiles/benign_final_hot_slow_09.csv,967211ea861d8967e59c07eb94dcfe75c511417a8ff381266d2d784aa04dd558,3,1,0,disjoint full physical profiles
git:aeb3e306c02a0ac27c1dd3762182636bab4115aa:results/cross_layer_safety_v7_2_confirmation/profiles/benign_final_hot_slow_10.csv,59a21d273da3cb6073ec51745623609ea8fb7b11d69883bdcf6b9e2b9951f715,3,1,0,disjoint full physical profiles
git:2da99b923c614d6461d1d77bcae58fa7e8f46075:results/cross_layer_safety_v7_2_confirmation/profiles/benign_final_hot_slow_11.csv,dac4eef34e3212505f7d6a4e791d84bfeac90bf79c401cbb2353fee197789b70,3,1,0,disjoint full physical profiles
git:fe9c557e99881f48b6bfbaa5d60259a71a7cd512:results/cross_layer_safety_v7_2_confirmation/profiles/benign_final_hot_slow_12.csv,43cdcf687b5a086bf31bbb7e0baaa72b2dbe1d09451fef11f7e6827c327021d3,3,1,0,disjoint full physical profiles
git:d9a15a45abb5f5d979b051bb180a912fc861d21b:results/cross_layer_safety_v7_2_confirmation/profiles/benign_final_hot_slow_13.csv,4ba89ce5092a2f820ca326e74750a21a9732398adae6bd4d2aee4041c720a1a4,3,1,0,disjoint full physical profiles
git:7cd43cdaaa215de938407fdd3dc957bb2e97f652:results/cross_layer_safety_v7_2_confirmation/profiles/benign_final_hot_slow_14.csv,3264986d4a706bd5651491bec586952af402f8185eeb8a49c318bff32287bdc9,3,1,0,disjoint full physical profiles
git:078b287fc8591dc3aa336473f0425788ee741b00:results/cross_layer_safety_v7_2_confirmation/profiles/benign_final_hot_slow_15.csv,6b8c3d02722314fb7dc3b2e1409230c620bbd5a5e0018ad4c93dd82d9f46296b,3,1,0,disjoint full physical profiles
git:6fea18e4bd96b68ebbb0e8655a788ff18154f242:results/cross_layer_safety_v7_2_confirmation/profiles/benign_final_hot_slow_16.csv,b68aab48fabe58a059f10fb334b60c1f2852672797fa3da9d49599b58751757d,3,1,0,disjoint full physical profiles
git:6f11c8b30948d67bb0310cfffdc1183157a5a1ce:results/cross_layer_safety_v7_2_confirmation/profiles/benign_final_hot_slow_17.csv,f68bdb6279abff1df59b3dc49986d6a7574f983cf9cbff9973d74a3e8afeb5da,3,1,0,disjoint full physical profiles
git:b5f5ea0aa6eca1630d310f6a51e818a9c1175d8c:results/cross_layer_safety_v7_2_confirmation/profiles/benign_final_hot_slow_18.csv,af5b6441945eddf1113513ce0ba37c7c1dd7031f9e561cabe06b973b20fb7aff,3,1,0,disjoint full physical profiles
git:853542287a025b675d2cee2707df7ee4df97f276:results/cross_layer_safety_v7_2_confirmation/profiles/benign_final_hot_slow_19.csv,7b410949fb63152a6ec845c3d166140643246ea998daf66faa904ff3aa83ac06,3,1,0,disjoint full physical profiles
git:47b4db541f956e34aa329a26a13501cad4ca7a06:results/cross_layer_safety_v7_2_confirmation/profiles/benign_final_hot_slow_20.csv,82c3502fb6a5053b1f3107282411cbc16b43270093e7ccd7d08178510dd09b26,3,1,0,disjoint full physical profiles
git:d2ae2227b4872f64bacf23e655c77d98053f3fdc:results/cross_layer_safety_v7_2_confirmation/profiles/benign_final_hot_slow_21.csv,6d76dab44b7ba1f1eec8efa43d31fe6fe2b95bf63b331b49ae6eaba787ecac87,3,1,0,disjoint full physical profiles
git:aad32b80e96cce748a9573eba4bd1821d1a957c5:results/cross_layer_safety_v7_2_confirmation/profiles/benign_final_hot_slow_22.csv,33aec9049e5598fc3eea77cbf95dc7bbb62dbdd95ea844485b46f87b074418d4,3,1,0,disjoint full physical profiles
git:ebff6e5548f0a5e9b46261cdf440198443da870b:results/cross_layer_safety_v7_2_confirmation/profiles/benign_final_hot_slow_23.csv,127d020d69a4065e97cee5c411fa03d946eadf9993d773b81286210f0de8bf7f,3,1,0,disjoint full physical profiles
git:d6ba6c5aebc46f71a08a048612e3890561142846:results/cross_layer_safety_v7_2_confirmation/profiles/benign_final_hot_slow_24.csv,b4a3ca8ca9d4d6ae1f948b9e87890b3ff2fdc70f3b808e771f28b211aeb785b0,3,1,0,disjoint full physical profiles
git:f45ea054d14470fcfdcc464f480415808675b2b4:results/cross_layer_safety_v7_2_confirmation/profiles/benign_final_hot_slow_25.csv,92b9d71f6c0d0cadc6a4249bc14af05c83e7c0f8b955d0d7c2b0e335f3139c17,3,1,0,disjoint full physical profiles
git:d4937283e102cf5d50bfec1a182e3d47d8735d8e:results/cross_layer_safety_v7_2_confirmation/profiles/benign_final_hot_slow_26.csv,fa366ce4b12ff69da445577ef3d9eb7a346eba0d5d90054d40b97c0409a24035,3,1,0,disjoint full physical profiles
git:cfa8be1b8e58b418a3468aed76a683cd888d3e0e:results/cross_layer_safety_v7_2_confirmation/profiles/benign_final_hot_slow_27.csv,438bee03dc511bbdb829be6089f2cd336b1ef5de1231264edfd593dd441b57d4,3,1,0,disjoint full physical profiles
git:15970d7521c077cdc7b28bdbefa7de4e5acbca4f:results/cross_layer_safety_v7_2_confirmation/profiles/benign_final_hot_slow_28.csv,92588503975bd4b47614701773d4501951bf7c055d7e28bdd70e3306eadece09,3,1,0,disjoint full physical profiles
git:48f813347494e66e6f7cc008268899e9ecf34b43:results/cross_layer_safety_v7_2_confirmation/profiles/benign_final_hot_slow_29.csv,515e27efce3c8326434b9c5d3cf4a7e1a0a7613a93330c65e7d0ad188a491234,3,1,0,disjoint full physical profiles
git:3d281c30e62ea6d73603c2d3479f2c8ba3f59b89:results/cross_layer_safety_v7_2_confirmation/profiles/benign_final_hot_slow_30.csv,04a3aa8002c76ad195bd4deb5f997be9f1f4b09bded4cd03f8efbb216a8cf01a,3,1,0,disjoint full physical profiles
git:f5dd3734f4e6428088ef4b7d0f717937995c868a:results/cross_layer_safety_v7_2_confirmation/profiles/benign_final_hot_slow_31.csv,b4dd854b228c6981bb4bd80273113c06803474a2e42358c0ef5b2e74bcda171a,3,1,0,disjoint full physical profiles
git:cb099f7b5a49450e577493417067a1c208437f9c:results/cross_layer_safety_v7_2_confirmation/profiles/benign_final_hot_slow_32.csv,ceaa77c60c289b49e625a82760a400a066125037d9d2f4e4e559e08670307038,3,1,0,disjoint full physical profiles
git:c5345a260d684f49287a9baa16fd030c703878a9:results/cross_layer_safety_v7_2_confirmation/profiles/benign_final_hot_slow_33.csv,e15d72d348342e10703d9053443441014e41360e63056bbf6711992c85cfadd1,3,1,0,disjoint full physical profiles
git:037bcbb7dff6fb3858b0544245e95c0ec17d4197:results/cross_layer_safety_v7_2_confirmation/profiles/benign_final_hot_slow_34.csv,d015fa1a08caf6c77cec2189a041853feb5fd6c1e1aeae97def868058fc3e95d,3,1,0,disjoint full physical profiles
git:d79e7c1dd2bf1735e77a25ee86039b7fdcde7ee4:results/cross_layer_safety_v7_2_confirmation/profiles/benign_final_hot_slow_35.csv,6eff68a5bd03c8f15a276f131b60ff03ce098196ec25d3282ab4a3e34edf1faf,3,1,0,disjoint full physical profiles
git:be15fb7a2e60a834265e2297a3a379885ab9a623:results/cross_layer_safety_v7_2_confirmation/profiles/benign_final_hot_slow_36.csv,ccca4d9a0f2be9544ec9f2d2e69109ab065c299fe52f95f668bb3e9a35fa7eae,3,1,0,disjoint full physical profiles
git:040ba739fe217ed3ebce7e93892a5b4e3edfb92f:results/cross_layer_safety_v7_2_confirmation/profiles/benign_final_hot_slow_37.csv,6fda6cb6cc7004fd3e9623055864a26e557ec439c5304218151f171eb40ebcc4,3,1,0,disjoint full physical profiles
git:87d076230b028219b4f877bdeab3b92656210874:results/cross_layer_safety_v7_2_confirmation/profiles/benign_final_hot_slow_38.csv,540b74fd9267b5ce99b2a9f460eba2c5a28857f0b1e0a93b8c6d3e0678b8342f,3,1,0,disjoint full physical profiles
git:a222fe64e616e5872601ad4b863ac8df0277f84b:results/cross_layer_safety_v7_2_confirmation/profiles/benign_final_hot_slow_39.csv,7414b742760067cec898699c38d225790719114634a5220249da84e97fe853bd,3,1,0,disjoint full physical profiles
git:744cca7cea2f21b083e3713dcefca7aedfb07c09:results/cross_layer_safety_v7_2_confirmation/profiles/benign_final_hot_slow_40.csv,8954ae4fa3cb8db1fd8b6aaec0e5b57021aabb7542842c0e8bbd59f2d54ad482,3,1,0,disjoint full physical profiles
git:5a3e73c1a24db2159df404dbc97d1db563f90b9f:results/cross_layer_safety_v7_2_confirmation/profiles/benign_final_hot_slow_41.csv,8f65e99e12cc017ffc295d0ea5fe1c5fac0e7006af871a46754b33f92a91449c,3,1,0,disjoint full physical profiles
git:bb35e84b796379ce349681f8ffa028669cf9a06f:results/cross_layer_safety_v7_2_confirmation/profiles/benign_final_hot_slow_42.csv,73979a122fc659c53efe0fdb652eda568d719c406079777c8a007d5bdb2fe999,3,1,0,disjoint full physical profiles
git:59f9cb1ea111d88b538944c0b3c86d73804e4baf:results/cross_layer_safety_v7_2_confirmation/profiles/benign_final_hot_slow_43.csv,0f390f66974b48058b59acc215309cb94cce894857cbb329425c3660289675c3,3,1,0,disjoint full physical profiles
git:917bbcfd4c9185cab583e80eff15304eb6374c8c:results/cross_layer_safety_v7_2_confirmation/profiles/benign_final_hot_slow_44.csv,aa5640f031b07e1d0d911b0bb0d67610d9ba2d52a4e6a8222f28c73ef48005d1,3,1,0,disjoint full physical profiles
git:0978ad8c361db5bd6e571b8a3e8c8d0a175e8191:results/cross_layer_safety_v7_2_confirmation/profiles/benign_final_moderate_00.csv,732b1857e560f4bd882296887b63c9d5bfad1fbd36c3d72599692a65bd9443d3,3,1,0,disjoint full physical profiles
git:11c08def88ce0dab4d3631448eb3cb075bc78fd6:results/cross_layer_safety_v7_2_confirmation/profiles/benign_final_moderate_01.csv,466b76966c1c53c8c8158a0c75295e0201f71a207a534e10331a3a49fde5cba6,3,1,0,disjoint full physical profiles
git:dabbb3b4f8c406bdb8369613275e0751a2f62249:results/cross_layer_safety_v7_2_confirmation/profiles/benign_final_moderate_02.csv,673e98b5d03d059749f59c16ea2bf5f0511913723698b62014b75d5eccc3d77a,3,1,0,disjoint full physical profiles
git:8cd55877590ebf58a8943b929f303057a9b61a9d:results/cross_layer_safety_v7_2_confirmation/profiles/benign_final_moderate_03.csv,b15c2880ea6d112e224f488d1ab973f94991d68d2798b6020a03b0ea9ba294c6,3,1,0,disjoint full physical profiles
git:fec70cfe58ba07b37babaa08c2b709669aba53e5:results/cross_layer_safety_v7_2_confirmation/profiles/benign_final_moderate_04.csv,f3d4b46544a0573b57eb3377b60702b7699bf9503d218ceff3f1398c7c536ed2,3,1,0,disjoint full physical profiles
git:08f17fb2d07b268d599026e9ffd67665f2a45bb0:results/cross_layer_safety_v7_2_confirmation/profiles/benign_final_moderate_05.csv,b1f90cb80656a954939ea5ac11de28631fd6297e78e62e1aa0de85e967174188,3,1,0,disjoint full physical profiles
git:7f7b6ddb49e4aaf21d3c4f9d5dcb870d459f6e3a:results/cross_layer_safety_v7_2_confirmation/profiles/benign_final_moderate_06.csv,7dfed0740c968ae8de3026eb5e057fcf9de614a463af466dcbd31c3f0babbe01,3,1,0,disjoint full physical profiles
git:0d2586490cfc485fdbd68ab592ebba8bc1682b76:results/cross_layer_safety_v7_2_confirmation/profiles/benign_final_moderate_07.csv,d679098354b1d5841542c44c23eb9d8d3f949ed66a7949e75cf38a687f27c0da,3,1,0,disjoint full physical profiles
git:5f7dc6ced92168f4430cd97e8c05a606a8a4e988:results/cross_layer_safety_v7_2_confirmation/profiles/benign_final_moderate_08.csv,4497e06aa0adab03b138cff246e71246df3608e1402f66f664811774aba90737,3,1,0,disjoint full physical profiles
git:69026b1eee2667306448b5334be6e40c1a00580c:results/cross_layer_safety_v7_2_confirmation/profiles/benign_final_moderate_09.csv,fbf6bd4bebba226126cea5e685d18f6549e25aaaa5a35b3a598d4a4cb185016a,3,1,0,disjoint full physical profiles
git:0eb7ae181665361f8ec1467ba8ff58e7714828dc:results/cross_layer_safety_v7_2_confirmation/profiles/benign_final_moderate_10.csv,f4aae0b842f20fce5196eaf08024e039f69ddfadeadca432dc5c026a17f5b9c8,3,1,0,disjoint full physical profiles
git:5191c681add29c45d26868096d05a90e0414e173:results/cross_layer_safety_v7_2_confirmation/profiles/benign_final_moderate_11.csv,090a237f4711662bdeafbc0d764794db2efaa249aac69a8518c4fb4e961c7154,3,1,0,disjoint full physical profiles
git:8d60c790be0716e5ec2cc14f8a151c0b737ed9ca:results/cross_layer_safety_v7_2_confirmation/profiles/benign_final_moderate_12.csv,a4e3436e83662a1af5623fb3d781a1ba7b259f31d147559b9193b7355fe73657,3,1,0,disjoint full physical profiles
git:7b29646c627bde5863a72603cd447aed6242914b:results/cross_layer_safety_v7_2_confirmation/profiles/benign_final_moderate_13.csv,4af31e7ae022480f586798f151d30b2eea7fdf799b56b77575485ae37fe2889b,3,1,0,disjoint full physical profiles
git:ddcacfa8eac65aff5b9244d864086c04b40b55dd:results/cross_layer_safety_v7_2_confirmation/profiles/benign_final_moderate_14.csv,0d3372fa96ba7d88ef02c2aef1183d9706dcea69d338c460dc7f680e5ef4902c,3,1,0,disjoint full physical profiles
git:f7b59d73a85cf3279a379630013626ea0deb7297:results/cross_layer_safety_v7_2_confirmation/profiles/benign_final_moderate_15.csv,608b23a83934a5ff82c5c205bf1b4013d863542b84456e49acc40e8cb3a24823,3,1,0,disjoint full physical profiles
git:959a8df6b85e22f6838a79eef6d22550512ad474:results/cross_layer_safety_v7_2_confirmation/profiles/benign_final_moderate_16.csv,b7b308221c84ec9e5c239da996110d51176de411767bfe457b35d7a5f3e39176,3,1,0,disjoint full physical profiles
git:91a80dbad2e953c53f83252e32c8a6b5645a8841:results/cross_layer_safety_v7_2_confirmation/profiles/benign_final_moderate_17.csv,44324ac27bc21f5370199937fe74044aa2c8b2698c902f18c3ea65cb63a856f2,3,1,0,disjoint full physical profiles
git:4731f3b119ad99d86edf6d75377ef14b2fbff367:results/cross_layer_safety_v7_2_confirmation/profiles/benign_final_moderate_18.csv,690a52014a9947e2c19811f6804d82df3f40e652ac7d93e218ce9175d6e24b43,3,1,0,disjoint full physical profiles
git:bff9718f67191bef8f00d34030f96f4305cb80d1:results/cross_layer_safety_v7_2_confirmation/profiles/benign_final_moderate_19.csv,85e81524943b20f5bc2fe764f0fa8eb53efcd0f3a95eae599fc29f3878fdbff8,3,1,0,disjoint full physical profiles
git:8283d537a389e3085b3954cd5006d233e04c4b21:results/cross_layer_safety_v7_2_confirmation/profiles/benign_final_moderate_20.csv,dd5d8c4fce4d846a5071fe187d67f8876c4014fb42a67db957c8d6cb432d0cfd,3,1,0,disjoint full physical profiles
git:e7829285a4278e94eb71f6b7022e02053c791ee6:results/cross_layer_safety_v7_2_confirmation/profiles/benign_final_moderate_21.csv,4ced2a4fb8ef8db89aeaa5ae257300c777387cdb521e85768babfe1984f105aa,3,1,0,disjoint full physical profiles
git:25812a05bfc61dfbfe131d3ded1f502cd4a15f43:results/cross_layer_safety_v7_2_confirmation/profiles/benign_final_moderate_22.csv,0ea66a2c4c207b3968ca1fbb5ad98ebba0b7a9a6aa56861bdd289093609d0e4e,3,1,0,disjoint full physical profiles
git:3d9370c2f7cd89333304e807bc8e7e20c4ff0d52:results/cross_layer_safety_v7_2_confirmation/profiles/benign_final_moderate_23.csv,cc369ec3d2186f08fd979420faa230c87eb53218fb28fe6052abc6fe4d3be42e,3,1,0,disjoint full physical profiles
git:9610948f6c2b32dbf82bcd6f26ade05de0c663d0:results/cross_layer_safety_v7_2_confirmation/profiles/benign_final_moderate_24.csv,ac951ac4ab9c22c76e9ec649511bc9005caeb2655ac8093064d7c433d7a1a239,3,1,0,disjoint full physical profiles
git:b267e420743170c4ad7c828d43e23b91fbeb253f:results/cross_layer_safety_v7_2_confirmation/profiles/benign_final_moderate_25.csv,1388c6d883dc05876e9a6d044483dd06790a3454308fb71d08716bb52939a699,3,1,0,disjoint full physical profiles
git:170032106bba5980891417e78d7796aa181bc5cc:results/cross_layer_safety_v7_2_confirmation/profiles/benign_final_moderate_26.csv,19464fc5b2d54c8b790b3473cf92a55f7f163476f06f0d1f7a28f4b5f50e164f,3,1,0,disjoint full physical profiles
git:5e6ec7a86c33ded5c35fd8888941b2a621ba13a0:results/cross_layer_safety_v7_2_confirmation/profiles/benign_final_moderate_27.csv,19a159db64739948d6687a1e2d442c12ff2abebfe6c6981de7b1e78b1581cf54,3,1,0,disjoint full physical profiles
git:8122b6bc944834795e953bb6d48638e7d2e9c64c:results/cross_layer_safety_v7_2_confirmation/profiles/benign_final_moderate_28.csv,84a1158d5701e6b902d990fdb103c624a2159d1067ea7236af0712205f1cee22,3,1,0,disjoint full physical profiles
git:27b25ae61d5a74a28d7b70e577728611f7dafbef:results/cross_layer_safety_v7_2_confirmation/profiles/benign_final_moderate_29.csv,b59c50c686df6c50c46346773cdbd43b3e3b268436a61b0d1beb5879ce52174d,3,1,0,disjoint full physical profiles
git:4f260bb76700b1e18ea10d31fbe4edb8670d269f:results/cross_layer_safety_v7_2_confirmation/profiles/benign_final_moderate_30.csv,13cb7e4d57d17354bfd21b50ec5580cfa02c0ec355ad604adbdae84d18727459,3,1,0,disjoint full physical profiles
git:0d4944f561b7695f65416d373c4554a93910dbb2:results/cross_layer_safety_v7_2_confirmation/profiles/benign_final_moderate_31.csv,31766d2adaa6cac926c89b7f319119c4473d0fc71ac7b9184b4a3d3f392f3ff6,3,1,0,disjoint full physical profiles
git:5c4cf23ec9b3dc8499c6832f207b2e8b5f6e075a:results/cross_layer_safety_v7_2_confirmation/profiles/benign_final_moderate_32.csv,84dd4431c6ff3ffc22fc71ab42fe61a5be39bbcbd7d05ce09155de4640b499c5,3,1,0,disjoint full physical profiles
git:685fe214e887ac36ade6789961dfc9f53c93909c:results/cross_layer_safety_v7_2_confirmation/profiles/benign_final_moderate_33.csv,143982739ff159ee48ff38adde57ffd88aa4718c89535d4605cc6914ed4a6438,3,1,0,disjoint full physical profiles
git:d51c9580d3661b67f8386bb6772205fed1f5b1eb:results/cross_layer_safety_v7_2_confirmation/profiles/benign_final_moderate_34.csv,fef69e74b55e6cb65bef9f98cf89385d5141907a47f82ebc6b62b9c2a10777e9,3,1,0,disjoint full physical profiles
git:be5f4c27470201d6c8a4b277de1ece453b35b2a7:results/cross_layer_safety_v7_2_confirmation/profiles/benign_final_moderate_35.csv,9353b3b18b1d155898a9c623f69b1a7631afee4fffec4694526665b3f2bc8635,3,1,0,disjoint full physical profiles
git:32ad59d8873c1ae8f861384ba0ed35dc8a7ff77e:results/cross_layer_safety_v7_2_confirmation/profiles/benign_final_moderate_36.csv,8126fa2f2d53b1c7af440f1a5c8935e830389310220eec0c032334ff0d692b4d,3,1,0,disjoint full physical profiles
git:dec80033f542664408453081fb2e296c6e2bdb34:results/cross_layer_safety_v7_2_confirmation/profiles/benign_final_moderate_37.csv,9ea0d8b868a3a1c7571698a16a90526827eec2a542930cb4e5230b953fd3d2f2,3,1,0,disjoint full physical profiles
git:d09e22dad2667306ef53ed28c0ff967817d634c6:results/cross_layer_safety_v7_2_confirmation/profiles/benign_final_moderate_38.csv,61e9a85ef19c5a2fc7bf5f4bb5d8d8d580b345ed017c9be5631068a84d24a17c,3,1,0,disjoint full physical profiles
git:4c405bea784de98b098d1367a51b8c56d17e3406:results/cross_layer_safety_v7_2_confirmation/profiles/benign_final_moderate_39.csv,4bcdad1ca0353af1f8510baf2bbb003a1318d2970db674171ff036fcc5c54285,3,1,0,disjoint full physical profiles
git:36233115aeb07ee4874174bcbcff90f9ff02f70e:results/cross_layer_safety_v7_2_confirmation/profiles/benign_final_moderate_40.csv,958da443d451e4b28167a4f864cbd3770ebabe74ba829078568edffb9a16f903,3,1,0,disjoint full physical profiles
git:dca7ff69e12c6220d258647894ce833e4205aae2:results/cross_layer_safety_v7_2_confirmation/profiles/benign_final_moderate_41.csv,63404e2d0776ed2ab1a0453895a7573bde95e67e30cdacaacb6b6dc7e633d377,3,1,0,disjoint full physical profiles
git:11e8adfe16f4bc31a5907b8ec941665354ac0c5c:results/cross_layer_safety_v7_2_confirmation/profiles/benign_final_moderate_42.csv,c134e5abed3622eb106c5b6ef0804748d2ba9daf237b90e92433b50b042a10dd,3,1,0,disjoint full physical profiles
git:8b0eef3d8f4173a2a9e745bd05070e56c6c01af2:results/cross_layer_safety_v7_2_confirmation/profiles/benign_final_moderate_43.csv,89f801039f70b45ee34af1dcbc1db462c9d6d0458b112457fe2ba5fcc8e7878c,3,1,0,disjoint full physical profiles
git:eacbc7192d05f5b803849a2ca8eb670644a4cad2:results/cross_layer_safety_v7_2_confirmation/profiles/benign_final_moderate_44.csv,6149608aba754ad187295e5285c7e5adc89ac01708769bb89f917d85df77ac52,3,1,0,disjoint full physical profiles
git:be7e1a0cc7fef48adbe3e60fe435ac8346b0ed79:results/cross_layer_safety_v7_2_confirmation/profiles/benign_final_urban_00.csv,02702bda2b1cef7a588561082c4ea01afa052c5850674507c570dd6dd3cafcdb,3,1,0,disjoint full physical profiles
git:edd79ac7059e38f1f1ccd279c5c8698c3dd13dc6:results/cross_layer_safety_v7_2_confirmation/profiles/benign_final_urban_01.csv,9ea9c287128a570d067f502beab9be6c070ebea990caa8412618bc1d1c9a34e5,3,1,0,disjoint full physical profiles
git:12e1dca690d5c983033cfc678e83f94126a85e22:results/cross_layer_safety_v7_2_confirmation/profiles/benign_final_urban_02.csv,29f36be2079f5c6f478e3594b2c8006d52cfee33bc5620b85dd806d9746b7c49,3,1,0,disjoint full physical profiles
git:a2f9cf11baeb74a4848f27b278f3edbe97e476ac:results/cross_layer_safety_v7_2_confirmation/profiles/benign_final_urban_03.csv,a069f8e39ab2b82c9b9a36c25e8ff09766b6a85b2e826e784d6252bd5d564b05,3,1,0,disjoint full physical profiles
git:241607e8f1652113522ab873b1366860ed5f543d:results/cross_layer_safety_v7_2_confirmation/profiles/benign_final_urban_04.csv,1e780f46d971c6af4083e35b544615be624e3a2c5f6a3bf946be2232c8b5ff8c,3,1,0,disjoint full physical profiles
git:2e88d3edc32fce17620dc7761b9c067f8e9e2f24:results/cross_layer_safety_v7_2_confirmation/profiles/benign_final_urban_05.csv,2679b3a6b377afe153d4a6185b684be32a172d2dd37a7c139daa04917f390897,3,1,0,disjoint full physical profiles
git:2a1bc06471390b5887643b9930b580ac4d015452:results/cross_layer_safety_v7_2_confirmation/profiles/benign_final_urban_06.csv,172dc5246e38f16a1f5bdbfc0f7085f9d9d86badd251564d1643eb86fc33d994,3,1,0,disjoint full physical profiles
git:fb5f4ca301f02178d3e5627223c3cf02d687af23:results/cross_layer_safety_v7_2_confirmation/profiles/benign_final_urban_07.csv,c9b13500584a117b854257cc1cd30d379ae414626e92b7e078e3f5954a9d52c8,3,1,0,disjoint full physical profiles
git:aceb042f3c93a7230c733b241c3854b35defd65b:results/cross_layer_safety_v7_2_confirmation/profiles/benign_final_urban_08.csv,301cde7afd8ef6754e422faaa04b517788b35d5427652bd2eb838169067d9ec6,3,1,0,disjoint full physical profiles
git:883214f1d39cfb16dc4cb84f586d2a84e9092137:results/cross_layer_safety_v7_2_confirmation/profiles/benign_final_urban_09.csv,3847df620eb95d8549eee0cdbd099387aea2d5a85bc6a6bb2d81f1082d87e184,3,1,0,disjoint full physical profiles
git:1af42e7fc2535fad2ea337b5d984a50e7d3a31d3:results/cross_layer_safety_v7_2_confirmation/profiles/benign_final_urban_10.csv,564ace1d71291c35b661998d89700f694cd796d985b0dad601453a59b7d43d7e,3,1,0,disjoint full physical profiles
git:30183b734c7738d8c134725257f5e09964e1bb2e:results/cross_layer_safety_v7_2_confirmation/profiles/benign_final_urban_11.csv,19ff6c60be84c9024a4698fd5cd61c52b7a35d29a0b6a45e56786a830a2610f4,3,1,0,disjoint full physical profiles
git:7ae29fb9297be65b1dd91b2ecb344dc254993778:results/cross_layer_safety_v7_2_confirmation/profiles/benign_final_urban_12.csv,113d89943d1bfb2b6a21a796fcde9cb6304653744c036caadc7ff6b146dbfb1c,3,1,0,disjoint full physical profiles
git:fd17ba916c7da619f0f3dd8be80e944d4f2f5168:results/cross_layer_safety_v7_2_confirmation/profiles/benign_final_urban_13.csv,65ace400c2301d07dc2ab8fdba642079ad0ea39b62888b895adcfaa13f9dc087,3,1,0,disjoint full physical profiles
git:fb7fc20e7e6d987f3a89311dbc08a6af8b557dba:results/cross_layer_safety_v7_2_confirmation/profiles/benign_final_urban_14.csv,e513bf8572dee6ec71aeafdbeebdc8995d010c03f019e854df57aeb6db65fa72,3,1,0,disjoint full physical profiles
git:2fb97bfbc0850ab96765fb6a7c729f8f64c8c6a2:results/cross_layer_safety_v7_2_confirmation/profiles/benign_final_urban_15.csv,6d177d85945fb9dcd28ebc720370d1f5c94c2a041433abd5cfd18bc5220f73ca,3,1,0,disjoint full physical profiles
git:7dada1b0a6f84d86fb6bf46c6a5f2982bf65d67f:results/cross_layer_safety_v7_2_confirmation/profiles/benign_final_urban_16.csv,861ff0d8c3b0ebb229e1ce74c8e84a0b4e57dc4a40bf925b8e0e35a78979b0ef,3,1,0,disjoint full physical profiles
git:4141667bd24f4835d5d708b1d820e6c748fa9aa9:results/cross_layer_safety_v7_2_confirmation/profiles/benign_final_urban_17.csv,0704c0fdd181fddfe6f9bf4c60f6276a58f4411c560f88cc82b9d844161da1a2,3,1,0,disjoint full physical profiles
git:e1db94f221d7984251a6af78f8d4934691d56867:results/cross_layer_safety_v7_2_confirmation/profiles/benign_final_urban_18.csv,a984036c72082ef2d60fd1a65048ea29b00061ddbff3ff0757dc370122aa0e39,3,1,0,disjoint full physical profiles
git:d26fabf52881b1f45b9bfc3e4df66edb48f1db5a:results/cross_layer_safety_v7_2_confirmation/profiles/benign_final_urban_19.csv,7e0ddc42b35599d3eec4e5ed30a3be5c9db9813bb2700ae29a3613141c4c9cdf,3,1,0,disjoint full physical profiles
git:4dea898e3a87f5b2c3e2702c2710fbbd9b338661:results/cross_layer_safety_v7_2_confirmation/profiles/benign_final_urban_20.csv,ba596ad2484129aabf4556d39c6e4fa23d636046ef0ffd8f13f649db37210f78,3,1,0,disjoint full physical profiles
git:0b43dd4d30d754157413852c6c8a09c6f54af73e:results/cross_layer_safety_v7_2_confirmation/profiles/benign_final_urban_21.csv,3a39795e99fed12e88559b6f181811622951ed3c6bc785de21adf225f1fbbdc4,3,1,0,disjoint full physical profiles
git:2511511d32e7199a1085c5194eb05c535aad61e0:results/cross_layer_safety_v7_2_confirmation/profiles/benign_final_urban_22.csv,edfd926b8c74932c503844432bb15e32fee7f9c422f835a2c56881eeadbe5eaa,3,1,0,disjoint full physical profiles
git:0f888eb998109789c7f6f547bf4b8e5231f82cbe:results/cross_layer_safety_v7_2_confirmation/profiles/benign_final_urban_23.csv,b01f9dd3f5b5e51840012bf7bb6aac44b513956dec15a59a44c64c04a2a56b44,3,1,0,disjoint full physical profiles
git:f7ad8f56d57343e66b79061b938ae06903516e65:results/cross_layer_safety_v7_2_confirmation/profiles/benign_final_urban_24.csv,b2ab6c14390a986124e3105ac023d2255317e9ebdd8d354136faa2544743e329,3,1,0,disjoint full physical profiles
git:dea43ff6c2bae94d725d4693ddcf3aa32d2521b7:results/cross_layer_safety_v7_2_confirmation/profiles/benign_final_urban_25.csv,bab135148d06c5ae98ad6a27ad4a9c15135b9e62e76cfe3b11cacde77e0030ee,3,1,0,disjoint full physical profiles
git:18af1a8468da1f30aae5e8ba6c29588e33a946d4:results/cross_layer_safety_v7_2_confirmation/profiles/benign_final_urban_26.csv,147a26b7e96d669da4cbcd5b46d931e42d379f4bd3ea261308bcd6f01e196ca6,3,1,0,disjoint full physical profiles
git:b53d862d91e74cbc72b72d230e449dd33884ea23:results/cross_layer_safety_v7_2_confirmation/profiles/benign_final_urban_27.csv,b470767ed79d7e93fea7e27636b419d65b3e6e76cb3a38ba54a89862e1ef50ac,3,1,0,disjoint full physical profiles
git:c1f92e0ac9955bcadbb665678df2731e51892694:results/cross_layer_safety_v7_2_confirmation/profiles/benign_final_urban_28.csv,61d82c25c2078fab1bfb8e5dd53e35b0ee5cf7c327f329227eff9215e4c40425,3,1,0,disjoint full physical profiles
git:d63662f1e9b1ff7d6510665862c25ebefc7f1390:results/cross_layer_safety_v7_2_confirmation/profiles/benign_final_urban_29.csv,4dfebf585f9817ccaddf08be3ff210c969c80f91e78bf2430c8d9b9f6020facd,3,1,0,disjoint full physical profiles
git:887fdb9aeefd77ab53c1fcc9a3298e449bebfccf:results/cross_layer_safety_v7_2_confirmation/profiles/benign_final_urban_30.csv,14c6f9104df23be0f56ba15b5ee1ffddc9d41f68faab278086b11aa546ffe637,3,1,0,disjoint full physical profiles
git:7fd4f05f3786012e9a5840e532964b5094e57a4e:results/cross_layer_safety_v7_2_confirmation/profiles/benign_final_urban_31.csv,a785258f05048fc104ab22c63235376459a190ca7d60ec48c32f4e4cc0c2067e,3,1,0,disjoint full physical profiles
git:f249a2801232cc8d77b2c79aa2b43e19cbef8993:results/cross_layer_safety_v7_2_confirmation/profiles/benign_final_urban_32.csv,25e657b9358f845565d70525ded68189bce74e6dc63559229ed6fa36f87d6efd,3,1,0,disjoint full physical profiles
git:d5d7ccc5190bb0f6fbbc3ce46f8edf4e2837ffe0:results/cross_layer_safety_v7_2_confirmation/profiles/benign_final_urban_33.csv,b5f51c5f30889bbf6bdf47eb7012288b9760222f09fe55c46769f2937196fa3f,3,1,0,disjoint full physical profiles
git:c7de89fabe89b5e10e3870a954e914a1ab5c3869:results/cross_layer_safety_v7_2_confirmation/profiles/benign_final_urban_34.csv,7549a83274d58a2b197376d1dd06a8b1190a39540effafba0cfd364de52f8fef,3,1,0,disjoint full physical profiles
git:a915f1a9769aee9fbaf5bfb191060d2a34464da1:results/cross_layer_safety_v7_2_confirmation/profiles/benign_final_urban_35.csv,64d6e34632abfa33f22dd9c97344dcef18dee3cd07a0b6eba09a9a247960f849,3,1,0,disjoint full physical profiles
git:dcdee02d69a7c544888d3a2e71986eb8b202d36b:results/cross_layer_safety_v7_2_confirmation/profiles/benign_final_urban_36.csv,f65be7024aa9360eb0665112b051af020ea8a3c1341ff9153e819b9446d3e666,3,1,0,disjoint full physical profiles
git:622f9835f83ae2503ac74ab4250f226ca7d9e7c6:results/cross_layer_safety_v7_2_confirmation/profiles/benign_final_urban_37.csv,4ae12ec2a869c4b2c3855767dd97dc347a8e54b00a7b9c972111652f575ce468,3,1,0,disjoint full physical profiles
git:c41cb7a632ca8fe6bfd4d87038907a19b6bd924c:results/cross_layer_safety_v7_2_confirmation/profiles/benign_final_urban_38.csv,aff76f654992ce9089662efe6275644cb9bf0bacf580019be079f8eaea80da24,3,1,0,disjoint full physical profiles
git:6538314e3c02510aa17a1f3db8b728c1f51f5179:results/cross_layer_safety_v7_2_confirmation/profiles/benign_final_urban_39.csv,a2129ed8435732be2f99049774d12b5c505c7be2819c46702af132d917e17937,3,1,0,disjoint full physical profiles
git:6dc157292c7f6f788eddbe2a1bc2c1e86b0b3c8b:results/cross_layer_safety_v7_2_confirmation/profiles/benign_final_urban_40.csv,7932fffc466be4c0da8e0c6a57086767f0618cc9fcc148890b91c3fc586a7c3a,3,1,0,disjoint full physical profiles
git:262e6940961e6c5110ae59a1f7717ec3c40a9d26:results/cross_layer_safety_v7_2_confirmation/profiles/benign_final_urban_41.csv,703fa778655963549da18e82c731b38a88fd7b9578e25de349e8c5141981c187,3,1,0,disjoint full physical profiles
git:05be38c715b71a15c9a88201576442be25141f1f:results/cross_layer_safety_v7_2_confirmation/profiles/benign_final_urban_42.csv,b5d290a9c86d41859e3296ed117f64d4e4b79a370a770161207c8f1f7a33fc4c,3,1,0,disjoint full physical profiles
git:8f26b061e227e093dc344ce50a118323a725e3d5:results/cross_layer_safety_v7_2_confirmation/profiles/benign_final_urban_43.csv,bec1b51713f3488821d7906d5c1a26977def23c5f924852e5000ec655fa310bf,3,1,0,disjoint full physical profiles
git:5f363e4ddac270745560b9262eaf95fada6ea7ac:results/cross_layer_safety_v7_2_confirmation/profiles/benign_final_urban_44.csv,61df972a6eb3cb2f98f671fd477fa8354d1e5ab2e39dad5380ce89c0015bb74d,3,1,0,disjoint full physical profiles
git:1c8b9b6cc6f806a299f135fba1c251a99c49c4ba:results/cross_layer_safety_v7_2_confirmation/profiles/final_highway.csv,2aac3bd494009acaf682fd9a1c0e8d6c9ced230a5feb6fb6acc9268986ad4043,3,1,0,disjoint full physical profiles
git:5c912e4b005aa76d92f061f45a5625e579a6adb0:results/cross_layer_safety_v7_2_confirmation/profiles/final_hot_slow.csv,bc2e6cc48d6034addbdf0d4276703ff2f2cc5185364cdc345765f1dba328534c,3,1,0,disjoint full physical profiles
git:ec13625a488b60d9875dae03cf3239e84e0c77ca:results/cross_layer_safety_v7_2_confirmation/profiles/final_moderate.csv,3dde1420c2936961f430747167e259477d69bcb1dbcb155a3b64d33dba247f0a,3,1,0,disjoint full physical profiles
git:b4d1f41b5cfe4595cf685f6b3a244c90ba3ff8ec:results/cross_layer_safety_v7_2_confirmation/profiles/final_urban.csv,51528ff54c4cd93caad5fe6e7b2fb9b3eb5bd690694a9dc2c0062fea69ab4d1e,3,1,0,disjoint full physical profiles
git:11dce10942777d60111adc23f23a86835c4649bd:results/cross_layer_safety_v7_2_confirmation/validation/invalid_attempt_01/confirmation_configuration_manifest.csv,2b114a6a5519d1b1680f54bbb9e21245e4f94e72df9219f7d287f667c4e2c226,900,0,0,named profile resolved against saved profile objects
git:2b49a2201bcae43ad0ba1af5b2093342f0bf3f02:results/cross_layer_safety_v7_3_dev/development_split_manifest.csv,a246a4392e3cc079fb707e5bb960ea4a470b46b7954b80c80d985321b4c99ffe,1125,0,0,named profile resolved against saved profile objects
git:9e6c3a8ebe9e02694ea29179e3f0156bf40179ec:results/cross_layer_safety_v7_3_dev/profiles/benign_r73_cruise_00.csv,678f01f8fdec5558770cf17100fa048be7f73c80241bbfd4f48c9e9b3f127c3c,3,1,0,disjoint full physical profiles
git:d585d5b0f8fba93e35fcea37ad5074478d821382:results/cross_layer_safety_v7_3_dev/profiles/benign_r73_cruise_01.csv,ffb35ca1d3d63932c9e79640a23aa3d6b5e481c9da15e0bbe483b5e099a67dfd,3,1,0,disjoint full physical profiles
git:6a68b2e193ab2f3e5606b32921cbdbb736543d64:results/cross_layer_safety_v7_3_dev/profiles/benign_r73_cruise_02.csv,f1943f77b4d24d8eaab5f40715a0424ab9d036f0620e95b92991c7137ad81cdd,3,1,0,disjoint full physical profiles
git:a68a127eb4596e16682ef45911f655de426d6b02:results/cross_layer_safety_v7_3_dev/profiles/benign_r73_cruise_03.csv,cc1913b38ae032aef48d81762e37514140e53b399661147a402493685e760401,3,1,0,disjoint full physical profiles
git:c58c89c43b32e3a00308820f760cd4713db4bd8c:results/cross_layer_safety_v7_3_dev/profiles/benign_r73_cruise_04.csv,5309e15fad46368cdf07b3148248f3041b4832e120c047db0ae91ed2211fa466,3,1,0,disjoint full physical profiles
git:b4fb4e3e01bf6a1a3ae4d292e751f3bd51b15472:results/cross_layer_safety_v7_3_dev/profiles/benign_r73_cruise_05.csv,74cacb81369004939d9a9ae4064acd1a9fbddfc6ed5fcd05ad944c49168fc425,3,1,0,disjoint full physical profiles
git:0940ae4fa541fbe552599ce398b46af7d25da6df:results/cross_layer_safety_v7_3_dev/profiles/benign_r73_cruise_06.csv,f619786cb54be4d0714b63c49dc1b2625f8928e86039260107cf2b736917eef9,3,1,0,disjoint full physical profiles
git:b6d9b2029bf0823c85c715d0d0bc5dd09f11e3d6:results/cross_layer_safety_v7_3_dev/profiles/benign_r73_cruise_07.csv,36b96556db57c48154a675fa39f1e50e5c6c7877a0c02586463001a91ffb4134,3,1,0,disjoint full physical profiles
git:4791a0b62863df14a13ca4f4c88cb8de7d7c8c06:results/cross_layer_safety_v7_3_dev/profiles/benign_r73_cruise_08.csv,de0ce7c087bd6de2590984fea461f9327074746d80930a71880b0f5f7755be8c,3,1,0,disjoint full physical profiles
git:e804e811724790cd6645742e0e6d09415fa1750e:results/cross_layer_safety_v7_3_dev/profiles/benign_r73_cruise_09.csv,17dfbfc1109d320ad5a7aab97ad27938cfbdb8756b4e71b01b813129143ac511,3,1,0,disjoint full physical profiles
git:bf87e0b0df8c51b26710254e024327d7491cef51:results/cross_layer_safety_v7_3_dev/profiles/benign_r73_cruise_10.csv,6ef4cae1916173f9c96d6eeafa444e76edf4fdf2ce6a1ca4c2d245aa9aef8827,3,1,0,disjoint full physical profiles
git:003ba6807792de46cdf3aad4758081c0adf9ddee:results/cross_layer_safety_v7_3_dev/profiles/benign_r73_cruise_11.csv,d491361bec9cd1abf524b1964ac230a72630daa35b4e8dfacfa3033503566fc8,3,1,0,disjoint full physical profiles
git:c8c483701e6a6c8ef79b06d761305e8d23e40f49:results/cross_layer_safety_v7_3_dev/profiles/benign_r73_cruise_12.csv,57ecad2a7344e9d551bc65113680359c96eb53c7e315f7be7381e67806dff8a3,3,1,0,disjoint full physical profiles
git:f3ee736d90a2c796ca251cc0331481685f1f4ee0:results/cross_layer_safety_v7_3_dev/profiles/benign_r73_cruise_13.csv,f28bccfe129a51fc8660974b3a106ae0be84efd5ddfc5238e27890a8c4516308,3,1,0,disjoint full physical profiles
git:24e9893a512d4bc3ad793566c458aff8d2a18f80:results/cross_layer_safety_v7_3_dev/profiles/benign_r73_cruise_14.csv,cfe40f942bb0acc0541ef404a99ac6cf6d689b951a49381966da3632a207e7b5,3,1,0,disjoint full physical profiles
git:7fb3926a95e90e2bde44e145d6fb2cd4562d57f6:results/cross_layer_safety_v7_3_dev/profiles/benign_r73_cruise_15.csv,e8c3f70965c7632847ec6c7052e14b4e6ef25347b6fe5f846f99e65e75318dfb,3,1,0,disjoint full physical profiles
git:6a84d1e9471b09660e95258ce8ae5c2fc41e49e7:results/cross_layer_safety_v7_3_dev/profiles/benign_r73_cruise_16.csv,1616235e0bd240d571e6ee5346595d056476ac89353ebe1500d2904165b88ef1,3,1,0,disjoint full physical profiles
git:597c3b11000f86d85b1a677f55c5e9684071f916:results/cross_layer_safety_v7_3_dev/profiles/benign_r73_cruise_17.csv,6e5b4ed7067e990bd07ce403ac83cc3f38b919ec8118562397dd63db0b0db79f,3,1,0,disjoint full physical profiles
git:c059f6c23cd81edf252ed99799bcc68adad55c95:results/cross_layer_safety_v7_3_dev/profiles/benign_r73_cruise_18.csv,a3363326c32b7be0135c75c1c8110dbb49fa2830fa1b52c7663369cf0ca2b3f8,3,1,0,disjoint full physical profiles
git:f6a639c3e6e636ecdec28739655509fc87ebd82a:results/cross_layer_safety_v7_3_dev/profiles/benign_r73_cruise_19.csv,e167fdd9b774032c15ebe31a4b8784a3149a660ba88c0f9b7a39b0c8a2654cca,3,1,0,disjoint full physical profiles
git:b055e1d134d285b8ceb71524fd3f577a72a66cdd:results/cross_layer_safety_v7_3_dev/profiles/benign_r73_cruise_20.csv,aab7399b0c0d5cc0f2d60255e66f5359dd32d8a49720224849348fa39a05c35a,3,1,0,disjoint full physical profiles
git:bb3ce4ac9f67bf2ecfe637c8748961a3f9724941:results/cross_layer_safety_v7_3_dev/profiles/benign_r73_cruise_21.csv,539e2f1cad7aa7437b647b1e82ca02a5f09ac27aa3ebd875b5cc7d5ad7296958,3,1,0,disjoint full physical profiles
git:cbe4af777337923567cbef3754b37866a5f4f3c9:results/cross_layer_safety_v7_3_dev/profiles/benign_r73_cruise_22.csv,1b5203ce50f6d7d7ffd910c9b99d57255b03fe314fa135c1fe54d67458638ab9,3,1,0,disjoint full physical profiles
git:4509f17843a16e8403e814ac8006ca5b24ff4922:results/cross_layer_safety_v7_3_dev/profiles/benign_r73_cruise_23.csv,28c7f3dee080fdc22c8ae1b67bd2ae4092cfbce92249b9ecbf401279c8a8f5f8,3,1,0,disjoint full physical profiles
git:de41355ef9a884c58570341c8313228750c5d4d0:results/cross_layer_safety_v7_3_dev/profiles/benign_r73_cruise_24.csv,9fbefec91782fdd72f9d1a557fe190a8ba3e198cc418ba6fbf6cf7a933647056,3,1,0,disjoint full physical profiles
git:da6b07da4844ab9950586204c58227222cffee14:results/cross_layer_safety_v7_3_dev/profiles/benign_r73_cruise_25.csv,f1c0c74b33c966102237c9e1f592da87d064d91c4ff6bf1d520baeaf448dba43,3,1,0,disjoint full physical profiles
git:42638e6343a4024f872ca2da7563e8e124a2be59:results/cross_layer_safety_v7_3_dev/profiles/benign_r73_cruise_26.csv,61aeecf7daa822106152b766576e44162512d270aef636f25e035b6cc8062473,3,1,0,disjoint full physical profiles
git:dc9675ae457941a74c5dab32a0869e86d9dedb7d:results/cross_layer_safety_v7_3_dev/profiles/benign_r73_cruise_27.csv,f7f9cfcdfcb7ffa27e997ede0c5826039a6ecdfd7093beb80d61c5ea3309192b,3,1,0,disjoint full physical profiles
git:a2c6b8138a5b12d12ea1d35fbb345877356e223a:results/cross_layer_safety_v7_3_dev/profiles/benign_r73_cruise_28.csv,6bbf7d4bb6fbead5033db368155874ffb3398c71db63ec7416c1169d0f59cb2e,3,1,0,disjoint full physical profiles
git:042e5c2a829579431c149e3fd16ccfd6770ea5ce:results/cross_layer_safety_v7_3_dev/profiles/benign_r73_cruise_29.csv,f369cf44e8f14b2677490a70ad802bf99e277b66202abd23c6704c8c4038a602,3,1,0,disjoint full physical profiles
git:9f814ed0e52ea6ad958530af67e39e1864a8a2f4:results/cross_layer_safety_v7_3_dev/profiles/benign_r73_cruise_30.csv,ecab21ff872ff8ae5d6896c937e6237ad431dcd876a6493c050d5f38e5e519fa,3,1,0,disjoint full physical profiles
git:1a4c599d1b2c5109299d9d85ceacf4987ff61e8d:results/cross_layer_safety_v7_3_dev/profiles/benign_r73_cruise_31.csv,6bd87c14b4b992ee8bb027da56d71c34a410cf6e317a2fe64fbd5889f845fd69,3,1,0,disjoint full physical profiles
git:343c411140c5fb3fd2cc5ccaeba53db6c29f3554:results/cross_layer_safety_v7_3_dev/profiles/benign_r73_cruise_32.csv,dc4832b00811bbd0ae5340fa94dc1bc62053ebf75ae73cf4ae86720f45811a31,3,1,0,disjoint full physical profiles
git:b78b751df1999d468d6f00575fd6646db3a1f017:results/cross_layer_safety_v7_3_dev/profiles/benign_r73_cruise_33.csv,f8c8f0fbf350930dac973dfb05cd047202c2343a863c2ac2037b557718fd86ac,3,1,0,disjoint full physical profiles
git:a719140aa231203d1aee8eb78a349ce6deecc79b:results/cross_layer_safety_v7_3_dev/profiles/benign_r73_cruise_34.csv,bf338d0fb027640f95dc0ad02dca31c899e5bd19d20a1a192629221e04a5d30b,3,1,0,disjoint full physical profiles
git:bfddc96c1dbf6f32da69f21359697429b8f1dadf:results/cross_layer_safety_v7_3_dev/profiles/benign_r73_cruise_35.csv,62310613858f0844b8b072ef991b2dcace9e9e5bd4e200e26bc8f0aaae4495cb,3,1,0,disjoint full physical profiles
git:f3d05e221143d5fab458eb5a7501c4c712ac11ae:results/cross_layer_safety_v7_3_dev/profiles/benign_r73_cruise_36.csv,32e90ac6f2dde59a3f38c39e94b3e96ad7315ef9ca1bd025ed59e5dfdb88eb7d,3,1,0,disjoint full physical profiles
git:61fdae57418525190aca5b024fb8bd6a14b93114:results/cross_layer_safety_v7_3_dev/profiles/benign_r73_cruise_37.csv,12e07911252e506c50f2a4653eb20f76bf92cd9343b401b48af41329d436d3ed,3,1,0,disjoint full physical profiles
git:b147df1ca030e46dcb9bdfacc7eeced0f86c9580:results/cross_layer_safety_v7_3_dev/profiles/benign_r73_cruise_38.csv,cc2c338233a1c84728b51171a6c0c82eb8603102fd0d576665227de7d314cf19,3,1,0,disjoint full physical profiles
git:06fed9d12f5476baff282ee34d1b69f648a81efd:results/cross_layer_safety_v7_3_dev/profiles/benign_r73_cruise_39.csv,88cdd1cb6a30f84c30b0a6f8a42452c5a05206ab581a42b1d6e66e44996de61e,3,1,0,disjoint full physical profiles
git:b3aee14edc334892a63cbfa89f34e309d9cfd8f2:results/cross_layer_safety_v7_3_dev/profiles/benign_r73_cruise_40.csv,7d54e784cbf4cf044f7b598f355a649cb61b299c1533131b96ce5ab38587e684,3,1,0,disjoint full physical profiles
git:927d728e7c1bd828df050ebe8251a700f39e9076:results/cross_layer_safety_v7_3_dev/profiles/benign_r73_cruise_41.csv,c496b08a40c46e0e651ebccf1c0ffc90cf43b7546ff01dbd545b091e3b3c3d0b,3,1,0,disjoint full physical profiles
git:11559262019efcbad4085ef5633e589766b2a6f2:results/cross_layer_safety_v7_3_dev/profiles/benign_r73_cruise_42.csv,cd56d162a512613ebd9555644dc69b616731cf37f8f91d50db23553f3e1ebf84,3,1,0,disjoint full physical profiles
git:5791defd68c26525fbafe77eecbe459423f2a0ac:results/cross_layer_safety_v7_3_dev/profiles/benign_r73_cruise_43.csv,d7dde33c6a9adda5e9759bfaf399af2d48efc00d71632abf4d14f6791e14f88c,3,1,0,disjoint full physical profiles
git:692ffd581ef7d87b394e9283ba53abbc1d1ae848:results/cross_layer_safety_v7_3_dev/profiles/benign_r73_cruise_44.csv,7024062c9be440efd11e73406ab8bec2c13d88cda2f24f3ec831b05493144eb9,3,1,0,disjoint full physical profiles
git:3ff581080529ef329562c73cc854f9b5684b57c2:results/cross_layer_safety_v7_3_dev/profiles/benign_r73_fast_00.csv,c903e8ee448c394f4e26f46a7aacf0fd892e16ea1035aefa4e7d34da43608969,3,1,0,disjoint full physical profiles
git:c2c961ab277c1c226758249617689de6b0043b2b:results/cross_layer_safety_v7_3_dev/profiles/benign_r73_fast_01.csv,6ae32a386f2a028e5d7b98587b93f82c960643fa5c686292526255ccda96d2c4,3,1,0,disjoint full physical profiles
git:205e77c7180f90e302f41b212452888968ceb6f9:results/cross_layer_safety_v7_3_dev/profiles/benign_r73_fast_02.csv,ab1f8272f2d6cc91541e509545d2f80265f920b7fae57d2b17d11f4594ef9b16,3,1,0,disjoint full physical profiles
git:4374f7946bed3eb183fd78dc01d72d9164c7e6e4:results/cross_layer_safety_v7_3_dev/profiles/benign_r73_fast_03.csv,4a2f7501cac07b7c0e5ab2d7dafb197b9e19f44b4ae28fead4fc3dff97c98afb,3,1,0,disjoint full physical profiles
git:c3f6d825472c4b794ba167410e36829daa3ee62a:results/cross_layer_safety_v7_3_dev/profiles/benign_r73_fast_04.csv,143a76b0d477cd4482cadaf1183284c7a3aecba584c582a0c92748d723df31cd,3,1,0,disjoint full physical profiles
git:a26daaa6a0c879d9b4f1168f56c210fb542313f5:results/cross_layer_safety_v7_3_dev/profiles/benign_r73_fast_05.csv,4654bac9c28172bc18a4b09ba01dd83d8f0ce15a44dd67e800bd279dabaecac7,3,1,0,disjoint full physical profiles
git:9ea0c035d43a76f5ab4d9182e9db097362f3cca2:results/cross_layer_safety_v7_3_dev/profiles/benign_r73_fast_06.csv,1b3d023bade81a0681ce8a96ecfd5b91588feaa62891885618641ae869d7d39f,3,1,0,disjoint full physical profiles
git:88ad6ce19a5b010e652da1d9be73b690c515e930:results/cross_layer_safety_v7_3_dev/profiles/benign_r73_fast_07.csv,22ba495576195c3b2c0f2c071f3a793c861ab584fd2cb325401674902bce1622,3,1,0,disjoint full physical profiles
git:9eb5c347ca0045e199675cf08fd35170d6a16c07:results/cross_layer_safety_v7_3_dev/profiles/benign_r73_fast_08.csv,0ab73ebf948ab80d23f656de4eb1e9c4a76c31e824d63991f02a2111e9162943,3,1,0,disjoint full physical profiles
git:95cacf9db6d6dcf7c62f0691bde14956e4d22840:results/cross_layer_safety_v7_3_dev/profiles/benign_r73_fast_09.csv,65765b7a275151edb813a8ec31ff42a5639208100d26d2f3380a3173001402c6,3,1,0,disjoint full physical profiles
git:f0c49ef88d79b27fe90467d4465980825799d7b4:results/cross_layer_safety_v7_3_dev/profiles/benign_r73_fast_10.csv,d282cf3356ccd1a94cd9882a5d2a52d196dbd4e2bd3df92ac252e7b607790737,3,1,0,disjoint full physical profiles
git:45ba361347e89b2253a4af82bcda3fcaf4c653f4:results/cross_layer_safety_v7_3_dev/profiles/benign_r73_fast_11.csv,4f49082ab4fde043552a4a5c4ad39bb5f03211b30f060f67ddda06cbcbea74d5,3,1,0,disjoint full physical profiles
git:33d41e08d7bc0561efe9d8d4451a183f31b9e3f3:results/cross_layer_safety_v7_3_dev/profiles/benign_r73_fast_12.csv,aa115300c9941657245a46f2a3f9a8db60c5dabe6a4d0af378b6ea8b226de13e,3,1,0,disjoint full physical profiles
git:b9f0e81e08a937c31dbbf1c5f9883de5658c88ec:results/cross_layer_safety_v7_3_dev/profiles/benign_r73_fast_13.csv,f3ca82ae47abef35fa08781854f22f6e071d27b8a2367e5c9bd1f7717e8d0af4,3,1,0,disjoint full physical profiles
git:22af50d6529d6ded93e85a2c4292a120bf1d21ee:results/cross_layer_safety_v7_3_dev/profiles/benign_r73_fast_14.csv,8b194fdcc1023b0cb6630e82673c2218e632ee144e22bc713b82ccabbbf6d478,3,1,0,disjoint full physical profiles
git:99020cc419b10419bb8177ebee151a3870c2f436:results/cross_layer_safety_v7_3_dev/profiles/benign_r73_fast_15.csv,28bba9a849821f8dacab1802d842410c4c6f7f36e5bc3e276b8fc9f49feb3468,3,1,0,disjoint full physical profiles
git:480cfbba9585581d4257e826011a91dc676fc05c:results/cross_layer_safety_v7_3_dev/profiles/benign_r73_fast_16.csv,8ae197cb578027546ecdb8d35d620627706b7dd6f519fe6557a6af0c5e2e5359,3,1,0,disjoint full physical profiles
git:059f5329a826621796fadfe70b7d737e0cc4ddfb:results/cross_layer_safety_v7_3_dev/profiles/benign_r73_fast_17.csv,107f764348d2169b1d53c5cbb3bb2aa09f8d73be3568482b0bcf8462471d82b1,3,1,0,disjoint full physical profiles
git:1052335c167641523e8be4b5a0c015d1d5d1e756:results/cross_layer_safety_v7_3_dev/profiles/benign_r73_fast_18.csv,1331382a5ba077f470dce0b52005bca8999285edaa1dfc64f66d38b5c72b8761,3,1,0,disjoint full physical profiles
git:80b1f6880940f27a175e6b89f6744aec549e87da:results/cross_layer_safety_v7_3_dev/profiles/benign_r73_fast_19.csv,341b9fd4d0cc71899e63ea65147093f60529acc315c5f61298b9ae7dc2298711,3,1,0,disjoint full physical profiles
git:63920ba1841e48f5a596261c35e35eb96b0359c6:results/cross_layer_safety_v7_3_dev/profiles/benign_r73_fast_20.csv,016e181161627c90130c4c428207dd37ce72872f34ad0c8bf2d1d3fe03cd3990,3,1,0,disjoint full physical profiles
git:59dd0ecebf33ede0d18a0079fc4957a31b560b79:results/cross_layer_safety_v7_3_dev/profiles/benign_r73_fast_21.csv,045f7117f2d57f94aee5ed99dfdb202f525762187c80105ea68f007365f1a459,3,1,0,disjoint full physical profiles
git:ac1e154b3f73eff6b66bf6b124d7df65edf6fee5:results/cross_layer_safety_v7_3_dev/profiles/benign_r73_fast_22.csv,b33308cadc6cbba821e9cc6252ea0826c5b707c24862d3a2008464ef1273011b,3,1,0,disjoint full physical profiles
git:c86df93d447d06e1fb8b6e04274d97bba5120496:results/cross_layer_safety_v7_3_dev/profiles/benign_r73_fast_23.csv,6a63722926801e286342800b6aa266f05198f718be26634eddc8d1f45366e9ef,3,1,0,disjoint full physical profiles
git:8c59a487d3c4f30ffc578fd8bda8496a4d963b76:results/cross_layer_safety_v7_3_dev/profiles/benign_r73_fast_24.csv,a30fe36755eedb57abcd58e6ef475dce79fdf43f6721604fa8a48065df958d58,3,1,0,disjoint full physical profiles
git:c9550a25a7c4f5d6f1458cf79c69de1858866c01:results/cross_layer_safety_v7_3_dev/profiles/benign_r73_fast_25.csv,0c09ec4cd8f8c857784afacc453565f72a31660c23c4ca73eb1f7a0ca07d0807,3,1,0,disjoint full physical profiles
git:d5b4468df1cd8adb5c6e2ec27b381cfecb3d07c3:results/cross_layer_safety_v7_3_dev/profiles/benign_r73_fast_26.csv,94729455d295a946b0c2c63568530ab523f14aba1e00e6b777a888fcb7d05404,3,1,0,disjoint full physical profiles
git:212d37725aeb7e4261cdc57354d20ef5935a4c2d:results/cross_layer_safety_v7_3_dev/profiles/benign_r73_fast_27.csv,bcdc9c11955bf1d3fe6e88a608e8b4098933cc16fc17d9c083b0500cc243f39f,3,1,0,disjoint full physical profiles
git:fae4c6c8e1c8d38e34e6e77d8f2c3e37c4b0726d:results/cross_layer_safety_v7_3_dev/profiles/benign_r73_fast_28.csv,1cbecd96a538e58813ba48af17743cdcc23d331f59780b5f5b808357f76c09c9,3,1,0,disjoint full physical profiles
git:26693389420da95d5d0978ab75c3e4d715abb00e:results/cross_layer_safety_v7_3_dev/profiles/benign_r73_fast_29.csv,d225e70997c451cf1547e4349661c026fb21655d80f1870f6b76ed91826e4039,3,1,0,disjoint full physical profiles
git:36ad73b2b35e4d64ddc9456e78f666ed03728792:results/cross_layer_safety_v7_3_dev/profiles/benign_r73_fast_30.csv,607fe455634aa8f8864e6b84cf88d978b76b308b66bc185bb1a380a59890fc32,3,1,0,disjoint full physical profiles
git:f4b700de1a286c1cd7756c697ca1999ceef9df7f:results/cross_layer_safety_v7_3_dev/profiles/benign_r73_fast_31.csv,10acd7ae911c3e2aec2c4c48aa9c08cde2c2a48aa94ea2afcf305b78ac4682c4,3,1,0,disjoint full physical profiles
git:465f10e77a66c4386bc6ea1f1dfa0bc5da1fed66:results/cross_layer_safety_v7_3_dev/profiles/benign_r73_fast_32.csv,b44518f6aa37f5c2ceaf27ab309afee7701730658696539cc3cf77f88a6a3c7a,3,1,0,disjoint full physical profiles
git:69cf6c24d27d6ed5a5dad74fafce5fd792237f16:results/cross_layer_safety_v7_3_dev/profiles/benign_r73_fast_33.csv,be3f071a65a82e7fb8105a194bf3ce5e9a0a220ecad5eca2d714eb629c940d4f,3,1,0,disjoint full physical profiles
git:d876fd5c8ab203ab5292f31814a03cd2f0b0f6f4:results/cross_layer_safety_v7_3_dev/profiles/benign_r73_fast_34.csv,d865fcca149dcd14639964b34fa032a4f8e388c4d6999c66aef04d4c53018097,3,1,0,disjoint full physical profiles
git:057b52d0eab8d91bab84ab58fda315669012d8a1:results/cross_layer_safety_v7_3_dev/profiles/benign_r73_fast_35.csv,6b5272a059f2ee3974ff4546bead7070a1d0c9d7a1dab04a64854aaced73d60a,3,1,0,disjoint full physical profiles
git:b33726553c72453b91fc4bfd852d40fcb60f7583:results/cross_layer_safety_v7_3_dev/profiles/benign_r73_fast_36.csv,2a00bf48f88d41fddb4f5187fe50a16ae3b2d8b2fc2b4016814aba8d1c248742,3,1,0,disjoint full physical profiles
git:848fab43b4b3a4f4c6a1f4386cedf1d25b5f3afe:results/cross_layer_safety_v7_3_dev/profiles/benign_r73_fast_37.csv,13b884961d251a79f3ca0a6ea70b7459e62826b7e1b623a38be65f978b893ba1,3,1,0,disjoint full physical profiles
git:179b61299a80f67382b2aa6523538db3a56cd2f1:results/cross_layer_safety_v7_3_dev/profiles/benign_r73_fast_38.csv,4a32efecbac6192acba29b76d912ca69cfa9af2ace594e0ef658c17603f40c36,3,1,0,disjoint full physical profiles
git:1918ca5503d12ebb11899cc81749eb5e8e58e616:results/cross_layer_safety_v7_3_dev/profiles/benign_r73_fast_39.csv,3cfa161f8f9983b7025c1b1fa1599eeb0dc6982297a73377e786ad193732b186,3,1,0,disjoint full physical profiles
git:5e10922bc7d6f3a56a22a4f33f97d5e13f66e573:results/cross_layer_safety_v7_3_dev/profiles/benign_r73_fast_40.csv,ba23aa5ecbb837e2d9e2b0b17b25341f985dfad7e753b66fb90fc0cd73f55a7d,3,1,0,disjoint full physical profiles
git:e330bc6898c3ad1b5ea477a5c927ee1984836776:results/cross_layer_safety_v7_3_dev/profiles/benign_r73_fast_41.csv,976b469ce1354ffe29b7feff7b133236ab055a4a72ff19a4d63e307bc2d3b15f,3,1,0,disjoint full physical profiles
git:26313918b6657ec7f467db0168361a1f7e44f2d8:results/cross_layer_safety_v7_3_dev/profiles/benign_r73_fast_42.csv,b1007546aacad288bc0d330ab527db7a879933710934f17e052308bdf2e84734,3,1,0,disjoint full physical profiles
git:86d3588e7edc4869bb9168fc8d5835cb5854133c:results/cross_layer_safety_v7_3_dev/profiles/benign_r73_fast_43.csv,e580e3781628a7543010ecf23a45754c6fc5268355f6c01dbad046cf564a49cb,3,1,0,disjoint full physical profiles
git:963555f4d856bdcae2ca8aa243fa305b55e6a824:results/cross_layer_safety_v7_3_dev/profiles/benign_r73_fast_44.csv,a4a07b3b191444243bb71a153f640ed33cd3012f264bffef547ddd407c8f2a1c,3,1,0,disjoint full physical profiles
git:1886089605a57673345815edd5d3c869efe54126:results/cross_layer_safety_v7_3_dev/profiles/benign_r73_hot_idle_00.csv,3d42781a42abf7bc0c560774b364bdca1331e41fe462f7457f9f2f4a6e56a290,3,1,0,disjoint full physical profiles
git:efab2aa75862057d3501a7ef09ac4ebfa6b165bf:results/cross_layer_safety_v7_3_dev/profiles/benign_r73_hot_idle_01.csv,131b27b76dded9ce5af4e46f99884f6c180ba33e62b7f1e9224c31a32d5fff5c,3,1,0,disjoint full physical profiles
git:717d6a47bc8956cca2ed474961524c5671afb997:results/cross_layer_safety_v7_3_dev/profiles/benign_r73_hot_idle_02.csv,4da3d9cd371a880c4670e1119820fc9ed3341ec117e68ef9f7c50588b5fbd1b9,3,1,0,disjoint full physical profiles
git:bcbbb1b5cbf50b0abe4d7707628bc60f91e7b5f9:results/cross_layer_safety_v7_3_dev/profiles/benign_r73_hot_idle_03.csv,e76fdc28b76d507a40ed01ee19ef19671e22b0b375c57210d390ba629abe8311,3,1,0,disjoint full physical profiles
git:8479c9b519032d3bb139647b8f92a8324a6fa58d:results/cross_layer_safety_v7_3_dev/profiles/benign_r73_hot_idle_04.csv,8c21cbd91f672eba1a221373313dba9e5f0daf6b807b8a821742452c747a1a24,3,1,0,disjoint full physical profiles
git:c9672ebd92d4c95aafec5bcb59c7d22b0d679610:results/cross_layer_safety_v7_3_dev/profiles/benign_r73_hot_idle_05.csv,00b4105ff82fa7772a39a51caae7fdde76ec2142108930c845e200ffd7d5f28c,3,1,0,disjoint full physical profiles
git:b19f5807911f80ba1d92e3812400f816f2d88a63:results/cross_layer_safety_v7_3_dev/profiles/benign_r73_hot_idle_06.csv,fe89f19fdbe446a9136b42a647db6abc0f6c58607fc0bb98e83149fccec585e8,3,1,0,disjoint full physical profiles
git:da377c193938dd4f0afdde9d0c89b1e8ab75e2e0:results/cross_layer_safety_v7_3_dev/profiles/benign_r73_hot_idle_07.csv,b8b1f0ab6e6384ac728876a3c1f03e6be0dd43d18b55707af265bcdb0529782d,3,1,0,disjoint full physical profiles
git:2d7be53a1c810194d23fffa725e46a578d8cc032:results/cross_layer_safety_v7_3_dev/profiles/benign_r73_hot_idle_08.csv,9f79a0114be24796f07e936ce4e4c9a01c0391d2ba2e286e4c44a3b8c0718467,3,1,0,disjoint full physical profiles
git:13c99fffa37bfed7fb7388487d5cb33ca0fefeac:results/cross_layer_safety_v7_3_dev/profiles/benign_r73_hot_idle_09.csv,53d702e803b4cf82b2b9f3d848969a28b819871109b8b6d31062bc2453b957df,3,1,0,disjoint full physical profiles
git:5170524f1860297da829efc23b0547f5c0936177:results/cross_layer_safety_v7_3_dev/profiles/benign_r73_hot_idle_10.csv,a3bf0f0f195ad9970028fd48a9649e65204a1e4c85b0966835208b2ac486bb5b,3,1,0,disjoint full physical profiles
git:bdc0e939c96e0888b9a5203a4a83beea8191bea8:results/cross_layer_safety_v7_3_dev/profiles/benign_r73_hot_idle_11.csv,f7b3f71847ae327bdb984b727514d26ee021ddf80e4a8b2876e6d35978ab270c,3,1,0,disjoint full physical profiles
git:da1aa049dd2d77ac4ce7614b0f7efeba57b1f840:results/cross_layer_safety_v7_3_dev/profiles/benign_r73_hot_idle_12.csv,bc9dcfc21e4f92eac73d41f5214a8ed9d34f524b0bcc916ba4e5d86e31065a90,3,1,0,disjoint full physical profiles
git:d0ea0b8387971588423d8945a590cbdc27b0936b:results/cross_layer_safety_v7_3_dev/profiles/benign_r73_hot_idle_13.csv,25c2cc235306f2f4f2c318d25b0a0e1b481057d3d6d20a561f23438187bbd198,3,1,0,disjoint full physical profiles
git:6686129d7d1ae1a8af128a6a0f285e25ef405455:results/cross_layer_safety_v7_3_dev/profiles/benign_r73_hot_idle_14.csv,27261e4f23cda540c46b26d1581efe9adbb82d300f4fb6f8f3190d728713a6bb,3,1,0,disjoint full physical profiles
git:715a53fac131abc04dd509d3a9fd570ceb1bce38:results/cross_layer_safety_v7_3_dev/profiles/benign_r73_hot_idle_15.csv,e51e79a2ac376aacde55ca096d36adb226cb1bf0650203497423faec7de69080,3,1,0,disjoint full physical profiles
git:8d59d3722a8ca6184909f4e2324b6b429fb69ef5:results/cross_layer_safety_v7_3_dev/profiles/benign_r73_hot_idle_16.csv,da77fa4c6904f01d01c7429ab836f260f081c64a0edf276c8c23f608552b3a77,3,1,0,disjoint full physical profiles
git:2a97d44250c5cea402afe0196ba32ce982f28fee:results/cross_layer_safety_v7_3_dev/profiles/benign_r73_hot_idle_17.csv,fce197b090f97eb515468cfbb31172de19eee7f98e61351d09de5ed3c4a6bc1e,3,1,0,disjoint full physical profiles
git:3f03c262dca74abd23938af57da8d13031dd9efe:results/cross_layer_safety_v7_3_dev/profiles/benign_r73_hot_idle_18.csv,257194635acbfe50bad732a2ca8b924bcccf7096a0a3ad72e7d67716291558ba,3,1,0,disjoint full physical profiles
git:a16eb996fb7d27567ed1173dad98b75dc31fcd14:results/cross_layer_safety_v7_3_dev/profiles/benign_r73_hot_idle_19.csv,4d3c17597eaa42123717c7ab5fc219c22893165693a5f40693b3a74b0b6983fd,3,1,0,disjoint full physical profiles
git:f8686514e9802de9e6b48e2072478f580754bb08:results/cross_layer_safety_v7_3_dev/profiles/benign_r73_hot_idle_20.csv,d21151889e715fddc0d57b79d03c41a3c39311d4da3e89a86d9e5e0a3909d98e,3,1,0,disjoint full physical profiles
git:2cabb2de6f53a4f61ed11645da29575c8b3faab0:results/cross_layer_safety_v7_3_dev/profiles/benign_r73_hot_idle_21.csv,f9d55366807f829c48c2ec4888b09f77fa01426ef757b6d754ef5f9b32ba2cff,3,1,0,disjoint full physical profiles
git:39502276caa2facd8b870bed15847a1e97e66347:results/cross_layer_safety_v7_3_dev/profiles/benign_r73_hot_idle_22.csv,cb576f0ae3ee215994eee5084aa7f55505d832a1c60df1b53487f74fbee73007,3,1,0,disjoint full physical profiles
git:bb85616196bbaf69ee982b90e26e268a5ec71e81:results/cross_layer_safety_v7_3_dev/profiles/benign_r73_hot_idle_23.csv,013d9d2914735c1fb341c21e2089949cd83235022e14e656b8f5fade1f817364,3,1,0,disjoint full physical profiles
git:21284b88af9e805019a44f4204dbaf7ad4ab9d72:results/cross_layer_safety_v7_3_dev/profiles/benign_r73_hot_idle_24.csv,80d6ca262f230f4ce3896dcde4a1c94d6c656cfc312adb20c4a77d5ea197a253,3,1,0,disjoint full physical profiles
git:b7672c2e27ee7f09f32d9939d7e03038cb5f7617:results/cross_layer_safety_v7_3_dev/profiles/benign_r73_hot_idle_25.csv,18fc8c83833fde98e4645be91e64519e7adce881b07f01a2ec6ea574b5c40644,3,1,0,disjoint full physical profiles
git:79a494017030cfeec6a72f0fb705c6d00ea7efe1:results/cross_layer_safety_v7_3_dev/profiles/benign_r73_hot_idle_26.csv,c325331ac7df883d6642f1e03d7ae0f3ec5288e45ded69ea18fa7ce6db9851d3,3,1,0,disjoint full physical profiles
git:395519336320fd0b1cd4adebcc8cf1a3de20d8d9:results/cross_layer_safety_v7_3_dev/profiles/benign_r73_hot_idle_27.csv,f974062e2cfcf62411194f0748ad201a3f6d98b17d02715764c926040b797346,3,1,0,disjoint full physical profiles
git:0d658000b01e8975c7b3516ddcd31691a2ba8ac4:results/cross_layer_safety_v7_3_dev/profiles/benign_r73_hot_idle_28.csv,8a5968b4c33de6a0ac10a1efffd784febc25290c027809adbb75c5be050e6f27,3,1,0,disjoint full physical profiles
git:15fe869223192d9ad7adc7f9b333caaabc747b34:results/cross_layer_safety_v7_3_dev/profiles/benign_r73_hot_idle_29.csv,0d042087e6e370c322b6b7a0487e3230770323824c9183d8696f96b5524d9bdc,3,1,0,disjoint full physical profiles
git:d5f44f1da452a763760ae453a8b9d361e58e9cb1:results/cross_layer_safety_v7_3_dev/profiles/benign_r73_hot_idle_30.csv,c05353305ff2bcfec8851d9f9e2c9ac9df4e25b9d2ca5bafd6c5b09c2a054063,3,1,0,disjoint full physical profiles
git:18543f094c2b55e0917125fe2c3209d2952fc806:results/cross_layer_safety_v7_3_dev/profiles/benign_r73_hot_idle_31.csv,7a5a794f9ba0694b06f061dbfd4b16aa2a375ce3fd28edf12c72754a3f2a6e50,3,1,0,disjoint full physical profiles
git:8f082a5f0937accbe171f59dadde55402312629b:results/cross_layer_safety_v7_3_dev/profiles/benign_r73_hot_idle_32.csv,9d273be04b9c9849fd14aca2d1d5a95fe5e126e807359e3f5462106afc053125,3,1,0,disjoint full physical profiles
git:4deec19f6f5b3580f1364ab603bea77c07a598b1:results/cross_layer_safety_v7_3_dev/profiles/benign_r73_hot_idle_33.csv,52ca33f7c7f694f4c8e9da88eb487079210c45894b5edff79ff1fe84f9e18ddf,3,1,0,disjoint full physical profiles
git:b39cacb60db53eb749b51ea8b3ac3980e47a298d:results/cross_layer_safety_v7_3_dev/profiles/benign_r73_hot_idle_34.csv,14ad16bfd262444334a408ed72e2d61445c434eb983792823c828f68f45e8e4e,3,1,0,disjoint full physical profiles
git:35837edc030354defbc747929b99e88eb7c5dc44:results/cross_layer_safety_v7_3_dev/profiles/benign_r73_hot_idle_35.csv,cb8e9c6dc3f3addcb56883c6b098c6b6488a4297508202d866ac619cb40b04f6,3,1,0,disjoint full physical profiles
git:5286c81a0a1406509ee4989fb64c157f0df4fdda:results/cross_layer_safety_v7_3_dev/profiles/benign_r73_hot_idle_36.csv,2987ee381e5bf95fe55506bf0cb65cc2ecc4310a7b726c9cefd96b2d1309a889,3,1,0,disjoint full physical profiles
git:51f435350b22139c0e7af254761163a6b9851088:results/cross_layer_safety_v7_3_dev/profiles/benign_r73_hot_idle_37.csv,a2b540b248d6d053810831a8a639a29f03b339cc78fbcd88bcd7306f81aa5f70,3,1,0,disjoint full physical profiles
git:18ef9e665c778b3a87ccc11047a125f1d9aa80fc:results/cross_layer_safety_v7_3_dev/profiles/benign_r73_hot_idle_38.csv,7b47d0a09911b589ef9357557ea7ee0120634806ff77580355fc027bfbf8d844,3,1,0,disjoint full physical profiles
git:cab6a6e5b8e170384766edb17bd4a322e16ea772:results/cross_layer_safety_v7_3_dev/profiles/benign_r73_hot_idle_39.csv,8410b05446344ecfce84fd38da550469c09e4de365b278522fc1fd50f8d08898,3,1,0,disjoint full physical profiles
git:ed6504d1082ebe7296a8f68a889ece810a381c6b:results/cross_layer_safety_v7_3_dev/profiles/benign_r73_hot_idle_40.csv,8d0cf4857ee83f64843dbda144d2d38e9a5d56ca8ff747c9a66e92c7c9e301de,3,1,0,disjoint full physical profiles
git:683499f97eb4a6ae7e8c00d049b1e1f1d9515769:results/cross_layer_safety_v7_3_dev/profiles/benign_r73_hot_idle_41.csv,e25b618da8d38e3c79967aae67298173c66cb69540a6b41666d70c8a98a0e03b,3,1,0,disjoint full physical profiles
git:fa59656e0f5e383826c0672c4a8fc547f0c839bd:results/cross_layer_safety_v7_3_dev/profiles/benign_r73_hot_idle_42.csv,91b22a9ab354048df357cd3ccf7ecde0ccd6ee544349427857d4fb96a81db793,3,1,0,disjoint full physical profiles
git:07f9e4ec56a9b80f46d27ecd6166c0e11ae0f1dd:results/cross_layer_safety_v7_3_dev/profiles/benign_r73_hot_idle_43.csv,5c78ac10a5251ca832af53a8c379219f904e7c440ea036f739322ae785a58eae,3,1,0,disjoint full physical profiles
git:37eae5a1ffe087f90dcabb2a62dd361500d559ec:results/cross_layer_safety_v7_3_dev/profiles/benign_r73_hot_idle_44.csv,20d20707c707f67bcee99d64cd6f506a2fbafe2f9af2deb9004968cf1a7a47ff,3,1,0,disjoint full physical profiles
git:29cb171c4c616e8b1bc654970deac1e95ce26760:results/cross_layer_safety_v7_3_dev/profiles/benign_r73_queue_00.csv,94a1260294c8a026a51d1b0bf9e33c778cd75a3cb83d5e9f838b7e4d54b5aaee,3,1,0,disjoint full physical profiles
git:2396acddafe256711d223754468597103ea6ef25:results/cross_layer_safety_v7_3_dev/profiles/benign_r73_queue_01.csv,3c48c3bf603923f29c31d0b63579ab74125347b0caf631f5eb5326927b333f54,3,1,0,disjoint full physical profiles
git:d5ac147a1a6190e8c7f85dac2c490e65bdf2bebb:results/cross_layer_safety_v7_3_dev/profiles/benign_r73_queue_02.csv,e29ca7b58995effddeca279b48105fc39fd3abd6a750631be89e3ba8fff4bfea,3,1,0,disjoint full physical profiles
git:aab06f2bd086f20f0be05f378c058f7054fe55d0:results/cross_layer_safety_v7_3_dev/profiles/benign_r73_queue_03.csv,74517a4b5867eb8b111108cda486578782cb168661199fcbb3631d56c400d5e9,3,1,0,disjoint full physical profiles
git:97ba9480712cb48be9f6dfef4b90a9fedc948e16:results/cross_layer_safety_v7_3_dev/profiles/benign_r73_queue_04.csv,0c4fcffab5803dbf476042daed339054663666cb4ef6f1f423f3a3d4c123549a,3,1,0,disjoint full physical profiles
git:01ea53c1cec4e406857d5fd3d610b5a5eb0fba66:results/cross_layer_safety_v7_3_dev/profiles/benign_r73_queue_05.csv,3fcbad7f36bbb9e8f601362c1fdd28003cf4624206735bbabf4ca90cd886e524,3,1,0,disjoint full physical profiles
git:55e877b654f9139e3ba8512e0233185f43b18c79:results/cross_layer_safety_v7_3_dev/profiles/benign_r73_queue_06.csv,52940f46333f1f1e35adeb12d33e544338af03247a495b74e629d96a579f5d3f,3,1,0,disjoint full physical profiles
git:37a33f4f6e1ec92fb49476e916ab28ebcbb6e83e:results/cross_layer_safety_v7_3_dev/profiles/benign_r73_queue_07.csv,7cc6a6cf00f8703ff4920265cdc15209bcd5822719eefac2c3068f827620f7a0,3,1,0,disjoint full physical profiles
git:dc3ac93fd7390e8b11b0488f4d64b153609b82c0:results/cross_layer_safety_v7_3_dev/profiles/benign_r73_queue_08.csv,e595d5772ceb605bcd245b92318acc1e20507d329e732d7ef7019bd3d832d337,3,1,0,disjoint full physical profiles
git:4f953cdf91faa115d24d9d486fe44aa851ae2d24:results/cross_layer_safety_v7_3_dev/profiles/benign_r73_queue_09.csv,d5ed90cdc1eb134b1fa17f3ce203d0a2f6b80756bbeb8db5fb48e976d523b18b,3,1,0,disjoint full physical profiles
git:47c29a8ea2501e63ad5ed77720170baf3df5d577:results/cross_layer_safety_v7_3_dev/profiles/benign_r73_queue_10.csv,98b73b1bc7fcd570b7a75728c05781d9cdd6f734f2875a434d78f9ca052c75ec,3,1,0,disjoint full physical profiles
git:a26cac7c52cb551c8e67045f746e89d6333cd4cf:results/cross_layer_safety_v7_3_dev/profiles/benign_r73_queue_11.csv,9ae206a485dabd757f74a62b1c898b12fc157de67b5cf3bcc6a6ecfede2c45fa,3,1,0,disjoint full physical profiles
git:ff6cfeb4f55eedb03430e940cce65084725fd832:results/cross_layer_safety_v7_3_dev/profiles/benign_r73_queue_12.csv,93108d5ff4cca2fb18b55a9ea5049320d6fe37309c18fcdbc64407443a36a31e,3,1,0,disjoint full physical profiles
git:fcedd385f06a45358e5a72e3fee58df429c57825:results/cross_layer_safety_v7_3_dev/profiles/benign_r73_queue_13.csv,2deb3b41854c115a6b6d4f961287f404b59e3f9d380a89307fd6fc637e8d47c4,3,1,0,disjoint full physical profiles
git:9f9f4538c5d973fe64c836cf75548c3083c1687d:results/cross_layer_safety_v7_3_dev/profiles/benign_r73_queue_14.csv,1952bb8154c4dbadc490dadd73bdf581325ff7bc4285278a464ced31a9e9b680,3,1,0,disjoint full physical profiles
git:cdb5b2a03595c6dfc9e075ef0e29a66ccb844c07:results/cross_layer_safety_v7_3_dev/profiles/benign_r73_queue_15.csv,9d2ff447e883bb8eb7a1e6880f6feff6b0467bb69a27ae1ed147ce0815a8acef,3,1,0,disjoint full physical profiles
git:f192995490230ef70fd74c3f4f8dff48dc8149ad:results/cross_layer_safety_v7_3_dev/profiles/benign_r73_queue_16.csv,ec95e47c093673a17565425afccf97d5a5179f2a5d3523605ddb3cba5c640037,3,1,0,disjoint full physical profiles
git:ce2cbc7887cb0bd8f6b354aedd361755d855fa45:results/cross_layer_safety_v7_3_dev/profiles/benign_r73_queue_17.csv,b5941fe2bfb4c84f1e5e644c0ef863b1dad2953c08060b90b15a4e6bb285c979,3,1,0,disjoint full physical profiles
git:5de1a4bf5ac2f68d61f705cf783402e6987fd72e:results/cross_layer_safety_v7_3_dev/profiles/benign_r73_queue_18.csv,80a2689f1003dd2684169cfa9859aaf1f4aa588bb585e2639f81565adeb80791,3,1,0,disjoint full physical profiles
git:8ee7e6ed4deb96e57c4ab6c0fdbc852c40c9ca6a:results/cross_layer_safety_v7_3_dev/profiles/benign_r73_queue_19.csv,d65b38117931096bcc5c5aa9038baddfdd0d2724729c23a1b8838f8504713db2,3,1,0,disjoint full physical profiles
git:d4f34e5bf92d7587c9ddbd839564eec8e10b8ee7:results/cross_layer_safety_v7_3_dev/profiles/benign_r73_queue_20.csv,41ea3a562a54b6b38e7a5fb6b75d61919d99f2cf1eecf95eadd2667150cb63df,3,1,0,disjoint full physical profiles
git:dae8343efc9e346ddee48ee7af430ffc3853e152:results/cross_layer_safety_v7_3_dev/profiles/benign_r73_queue_21.csv,4cec274217433b95b5fa91c7096a1c460349d6020fd810479b9a72991b2afeaf,3,1,0,disjoint full physical profiles
git:d014192cfccb41ca685cdaeaf5c8d9116513ad90:results/cross_layer_safety_v7_3_dev/profiles/benign_r73_queue_22.csv,267569e5ecba4c0df07ef46b94e7dac1c411ab0c545ef10952baa787ed0f6cd9,3,1,0,disjoint full physical profiles
git:53d0a0f7014306a6156260c15a77fec26ee7a843:results/cross_layer_safety_v7_3_dev/profiles/benign_r73_queue_23.csv,607a3120781301a7f87edba726624c5d2591399778ee09346cfd465e78a5d3f1,3,1,0,disjoint full physical profiles
git:560f1000db5c4d25b888ec2171fb900c614b6aee:results/cross_layer_safety_v7_3_dev/profiles/benign_r73_queue_24.csv,5ebe115a51326a0de828cbc6484c04d8610df3793dc0f5db3f77ea551758b57d,3,1,0,disjoint full physical profiles
git:d652f763922d1cbbb599742a15682e46f2a2e159:results/cross_layer_safety_v7_3_dev/profiles/benign_r73_queue_25.csv,55db24ec321e7233dfce8dd4f168abe881afdb0bf8a3655ad209bc6e8237b2f1,3,1,0,disjoint full physical profiles
git:7a71d87384f4fea61edb60cf34063be18fad6b06:results/cross_layer_safety_v7_3_dev/profiles/benign_r73_queue_26.csv,c41a9e65668c7b27170b53296a2883de76ac08a090efc08f4e93100c0e5ee79d,3,1,0,disjoint full physical profiles
git:25e7a8ad864d7a72a83164ac6c31228a26f66321:results/cross_layer_safety_v7_3_dev/profiles/benign_r73_queue_27.csv,d8c07c337749ccd61711fc0740dc85ebc1f308bef7b2a3a7026a7e64cfbc9eb0,3,1,0,disjoint full physical profiles
git:e5d17562ab8dd7da2e338d1747ed65a8fd88e5cc:results/cross_layer_safety_v7_3_dev/profiles/benign_r73_queue_28.csv,3d8c6444b8473e772e1803b1ba3f8b92d25557e979719da8d57962f8f03ba02b,3,1,0,disjoint full physical profiles
git:d506d64740c95436cb89cf64865561ca11c3d0bd:results/cross_layer_safety_v7_3_dev/profiles/benign_r73_queue_29.csv,5c18855524d33bb80763d06b3b991b2c8f9bd345c683ce8ffeb4827b68f1ca19,3,1,0,disjoint full physical profiles
git:dfbcbb34f63a9d650f32c58db074ce9358065d60:results/cross_layer_safety_v7_3_dev/profiles/benign_r73_queue_30.csv,7c048d4c94cb88e609023163c6b75dcd87650dcd50eca06f23eb09c44f92f362,3,1,0,disjoint full physical profiles
git:520522fcae0f2252ac1f274b3cb9211ec1dbed52:results/cross_layer_safety_v7_3_dev/profiles/benign_r73_queue_31.csv,37d9c356ac70ea1629dd7f41e5edef54c864d53b1bbeaab3ff15203fb01ed77b,3,1,0,disjoint full physical profiles
git:6376307a686040c3a877c3c5826e57ab787ffa9d:results/cross_layer_safety_v7_3_dev/profiles/benign_r73_queue_32.csv,304d9b75973c778e2c74ae3d5961540c8fb5dc1c5c833e4160a60456947f477d,3,1,0,disjoint full physical profiles
git:0e5f7921dcfede847eecf2b2e0f0362dfe25587e:results/cross_layer_safety_v7_3_dev/profiles/benign_r73_queue_33.csv,febae0631edf7c4421a8e6989d4d69dd5195958805e2007be965064527770969,3,1,0,disjoint full physical profiles
git:992e717c4a8b117e27bb0a78e991ac1aec9cca97:results/cross_layer_safety_v7_3_dev/profiles/benign_r73_queue_34.csv,883dd853207e92d9bc18c4175d6a9ba5b0089a3b33305f29716e4d36a0c3ca23,3,1,0,disjoint full physical profiles
git:fdd07fec99555b1d1ab3e3b5f1d863fbb9eec511:results/cross_layer_safety_v7_3_dev/profiles/benign_r73_queue_35.csv,786953c5a168a3339a4db0556f062e26fe1a2827be6395a41e93f1f7a367c6e0,3,1,0,disjoint full physical profiles
git:a0e808fa51770594a5adfbe320cbdfb7d90fbbdb:results/cross_layer_safety_v7_3_dev/profiles/benign_r73_queue_36.csv,dcc4fec8e748f2c2824803e8d1fa182d8e1057f1fda1245612e317c07c0daa25,3,1,0,disjoint full physical profiles
git:4453f6fa059b99855160597954e480b6a6c0336f:results/cross_layer_safety_v7_3_dev/profiles/benign_r73_queue_37.csv,f81fd8b901c6b62271e8b4281666135b7252516f9dc8ca65b10a9474a8963275,3,1,0,disjoint full physical profiles
git:2563c8e1cace34fefd1ac9a5bfe092757d6a7cbe:results/cross_layer_safety_v7_3_dev/profiles/benign_r73_queue_38.csv,f0738e6ced0879914fe19dac61be2bc941be122a1c416274394b045808f42d2b,3,1,0,disjoint full physical profiles
git:d7139fb9294b279fd27266fb6cd5ded77b495389:results/cross_layer_safety_v7_3_dev/profiles/benign_r73_queue_39.csv,cd179e86de14662d5b518d52dcb8344f8b1a5131e2b5dd29654a49b039931b83,3,1,0,disjoint full physical profiles
git:790eefdc1eec5eb042d13e79ffd9d4e71879e78e:results/cross_layer_safety_v7_3_dev/profiles/benign_r73_queue_40.csv,1acb2dc1c6082e15f0c22c74d8529bde8688f0bc5a6e55299e8fe4a54b6e2f23,3,1,0,disjoint full physical profiles
git:b2b280b35617805e6bb782a75f01538c87a204db:results/cross_layer_safety_v7_3_dev/profiles/benign_r73_queue_41.csv,72605fd6992181d415e2ed2e55190095ea3587f5fdfda51861a7d1fb1a4259a6,3,1,0,disjoint full physical profiles
git:9d03a41c8d5cfc3375be71868d07936dd500784b:results/cross_layer_safety_v7_3_dev/profiles/benign_r73_queue_42.csv,e5c84793ad66b9d58736270e502facb1c4b2a695db8539787d00e9443b647355,3,1,0,disjoint full physical profiles
git:a4e61aeed8af1ba7d3e25795aacc9852bd4a38ad:results/cross_layer_safety_v7_3_dev/profiles/benign_r73_queue_43.csv,f68c52ba283ac38dbdce7dc1314026cbc9db2d7285fdcb397f10f67cbd7d32be,3,1,0,disjoint full physical profiles
git:78b740a3158a3f26ac429e5ec05dd9e727f9ec26:results/cross_layer_safety_v7_3_dev/profiles/benign_r73_queue_44.csv,06069360f4e2aaaa3b6d9ede5a5afc49803db746da58cb0d7c1ac67e519b02a1,3,1,0,disjoint full physical profiles
git:3d82428a8bd625e465b4cd7adc53906e31b85297:results/cross_layer_safety_v7_3_dev/profiles/benign_r73_urban_00.csv,aea78d367e8ec48f0273ef658316b320d86e9d414d6fa84b1e62b10e50ae044c,3,1,0,disjoint full physical profiles
git:0d8b1de6c37c04fc3e5ebeb42d0fb7d864a96abc:results/cross_layer_safety_v7_3_dev/profiles/benign_r73_urban_01.csv,2ba4623e0e68d937be4a1c49c4ef1b6a85dc3487203fbc35379468930c259932,3,1,0,disjoint full physical profiles
git:834b569232237d30190162c3fe3480d552b69a6d:results/cross_layer_safety_v7_3_dev/profiles/benign_r73_urban_02.csv,ca48284d810d70ec87e16c783605d8f96757ba156d7306a8f3cfb9c0cb0c0814,3,1,0,disjoint full physical profiles
git:5a3708d237f348712ed5e655e293364700747073:results/cross_layer_safety_v7_3_dev/profiles/benign_r73_urban_03.csv,22cebe4f6dd4a2a5891498793df041ed1237b43b81515e66661e20013caeea2b,3,1,0,disjoint full physical profiles
git:922c6d03945ff095c2193dd6ebcb24a39033159e:results/cross_layer_safety_v7_3_dev/profiles/benign_r73_urban_04.csv,0e042bf0aaabafb109bb192626d6c510cd456fed2e705b87ab5cd00ee348bf5f,3,1,0,disjoint full physical profiles
git:d429cc82932b81f90bac4eaecbf774b0eec83fe5:results/cross_layer_safety_v7_3_dev/profiles/benign_r73_urban_05.csv,6af006fe1d34009f3ccf0498e01f87cccaca5cc14e024cea6a22a00f3ab11ef3,3,1,0,disjoint full physical profiles
git:51f5d5751bb2dc93db9712cc20a9fd512e442a77:results/cross_layer_safety_v7_3_dev/profiles/benign_r73_urban_06.csv,6e995c88a121ec5f92839be9b8fb70d2a690d7e760e810ac5bca483b48c1b1a5,3,1,0,disjoint full physical profiles
git:560d7f1c08296fd7545c5ac955d2f6f53039adde:results/cross_layer_safety_v7_3_dev/profiles/benign_r73_urban_07.csv,2b8659a0f765290c4c9c9df53be6bbc7facfcb6618bf3bce872cc4f6050518e4,3,1,0,disjoint full physical profiles
git:2d3d4375b61ea8de82ac902611aff90efa09380e:results/cross_layer_safety_v7_3_dev/profiles/benign_r73_urban_08.csv,3c9f04be694156ef5a516ad351ed5bf48721559d7dd7b49e0d1b310f4e63e674,3,1,0,disjoint full physical profiles
git:81f4dd7350882d876bcb08f69db9a689d9de937e:results/cross_layer_safety_v7_3_dev/profiles/benign_r73_urban_09.csv,6e8ed2b3f1983ce14a6c9bd3de0b2d3c41b7298eeaeb2949ac53949dc1d0ecd9,3,1,0,disjoint full physical profiles
git:685027e27e7e30808e5de63f90a26819160e2e27:results/cross_layer_safety_v7_3_dev/profiles/benign_r73_urban_10.csv,fc8950a0d01ee50a0de7c0191faa5e6b21ea628d720a039c9b5bc1b5439fdb54,3,1,0,disjoint full physical profiles
git:4f1894a902e3b1140ce8a4b830a6224037180e4c:results/cross_layer_safety_v7_3_dev/profiles/benign_r73_urban_11.csv,e28d929872fe060a8a0d2d6c231e0e6bd8dd53193a59cb4706a3f3864db3158f,3,1,0,disjoint full physical profiles
git:39c67eff492bb0df1ff7a2bcc09d43bf1e5fde75:results/cross_layer_safety_v7_3_dev/profiles/benign_r73_urban_12.csv,b5cda62f299b2f89cf3db4e986b082f081bf3be7d62e7676f72cf78af22bf793,3,1,0,disjoint full physical profiles
git:8064a64f70f1f8c5d86664c02c3016d4ec614772:results/cross_layer_safety_v7_3_dev/profiles/benign_r73_urban_13.csv,06b5c436adb49c01b2f240f48e53ccb82879eb31c97d65d3073e2f9ea4910a7e,3,1,0,disjoint full physical profiles
git:f3bc6a91c46960ab039fb9ac2bef4354c3947e78:results/cross_layer_safety_v7_3_dev/profiles/benign_r73_urban_14.csv,5769c176262fdc0d7c7efa0e5ffad03bc3ba1c444d42b06b6431ed5dd3f5d835,3,1,0,disjoint full physical profiles
git:386f583d943a2f7715989d173ad845c5eb62e43c:results/cross_layer_safety_v7_3_dev/profiles/benign_r73_urban_15.csv,41c669372c1c5ae95a66dafbcb3b6f7e59f41ff578796cc2b1a0b4b4e371fd9a,3,1,0,disjoint full physical profiles
git:f1e277b549447d4674f51d22696c74c7d6a3b9c6:results/cross_layer_safety_v7_3_dev/profiles/benign_r73_urban_16.csv,cf61ab40600dce4ae7f1f165e974ee1276f85a04ac4a0315b09b15cb3bfaff02,3,1,0,disjoint full physical profiles
git:f370ac5f9610ff34130464946f2ab0556bdef45e:results/cross_layer_safety_v7_3_dev/profiles/benign_r73_urban_17.csv,74f9de0ab39005a7972e2910d2c66f642f77f4e2a5f0cc0286aa25bb2f342f31,3,1,0,disjoint full physical profiles
git:a8ce9d5cbabd18e8f4d10d0cd4317b56feeaf47e:results/cross_layer_safety_v7_3_dev/profiles/benign_r73_urban_18.csv,ebc18993d6cca3774c685716e4f9f13e35f9afdf672ebaa5bcd4bc9407f75ee8,3,1,0,disjoint full physical profiles
git:39bfc247de1bc441fc3e000cb25f99f567a75937:results/cross_layer_safety_v7_3_dev/profiles/benign_r73_urban_19.csv,947dd54fa48c15b9b726d32b20734b7031c189dcd43de9d38252de366838a1a2,3,1,0,disjoint full physical profiles
git:4f68681531f26015032d71581b674c15c0cb2d2a:results/cross_layer_safety_v7_3_dev/profiles/benign_r73_urban_20.csv,f23d5e2630866201492d0ff1c8c27b66442aa5bb8c34ca9631f1f7142b7cd630,3,1,0,disjoint full physical profiles
git:6ab54a742f8d5dbece5049463225b0afe4632b72:results/cross_layer_safety_v7_3_dev/profiles/benign_r73_urban_21.csv,22a6ab5bae2de58d98e76fc80bca9ecb24303a34c3ec0cc111ae376c8ea4cc9e,3,1,0,disjoint full physical profiles
git:fb4ae981b668363f436cd3dc465ca0afe0ceb018:results/cross_layer_safety_v7_3_dev/profiles/benign_r73_urban_22.csv,9b9afdbe586abcc7a64d437aa6c1d63b7b5aac5ccd8d8e509b53c250543bb357,3,1,0,disjoint full physical profiles
git:7032492625a9a88d0046ff297db3cb0c8ef93a84:results/cross_layer_safety_v7_3_dev/profiles/benign_r73_urban_23.csv,1db712085c5f0223d82ddb3ad0e43cb6b317a59f379599ddfceeafe8e60cda5d,3,1,0,disjoint full physical profiles
git:00f21f00b1832e4ce07a1232a734dc17e7dc80b1:results/cross_layer_safety_v7_3_dev/profiles/benign_r73_urban_24.csv,a1e38173d4da97ca2dd45b569878e73baf2359cde22fa55f30223025d522fbce,3,1,0,disjoint full physical profiles
git:f5a930074b694d94b2dd4ca41f05a6b7fd7e632f:results/cross_layer_safety_v7_3_dev/profiles/benign_r73_urban_25.csv,e428102b6cf0f3190831467cdd42e8e01ce5b098c131349d39f30b4decd24a7d,3,1,0,disjoint full physical profiles
git:57d16a0a7bae6b5068040e027ddeedd363b9d0ea:results/cross_layer_safety_v7_3_dev/profiles/benign_r73_urban_26.csv,e3fe87c5740b6621b5fe098e6bc25829c0a0fd16abb88cb7be7d8865404c4bfc,3,1,0,disjoint full physical profiles
git:cdf9dde93e566f93a25827a0e1c7a27948168d2e:results/cross_layer_safety_v7_3_dev/profiles/benign_r73_urban_27.csv,094c432597f3bc465f4a7c649bcde6181cf81738fc8539b1200f46bf014d7cd7,3,1,0,disjoint full physical profiles
git:99eb405f46875385bf4844234186580ce693fc46:results/cross_layer_safety_v7_3_dev/profiles/benign_r73_urban_28.csv,d4b4a400f9abe4910704cda05fbdc572a1b1b40a479499360d91863057f2bdf8,3,1,0,disjoint full physical profiles
git:ff28e1cecf7f78dbb3faf6d63cb4cfc451aad990:results/cross_layer_safety_v7_3_dev/profiles/benign_r73_urban_29.csv,f323403b4f4e1879a3e5ccc3d08fd4d5b427b61a4d316faafadc4a2fe9d13350,3,1,0,disjoint full physical profiles
git:e183a65ad2df344c9c22c5cd1c53185fd9d9c8f5:results/cross_layer_safety_v7_3_dev/profiles/benign_r73_urban_30.csv,bac002feba72c8183fe29398b27c5b07ecbede74580fdd6618487e70a0e53d39,3,1,0,disjoint full physical profiles
git:55e958d9f390d484c30d0eb610349514f7b15c5b:results/cross_layer_safety_v7_3_dev/profiles/benign_r73_urban_31.csv,8b58c021484eaeab69c68865d39b500a20bd36494fd2f2debbe47d7ccd39eece,3,1,0,disjoint full physical profiles
git:1e06045f3a752b8b9f47fc62db7fca04a97d5d8f:results/cross_layer_safety_v7_3_dev/profiles/benign_r73_urban_32.csv,b6f748da1ce24c6e6798b668fccb4c0d5f0033d5367a878f47a399795c69fd1e,3,1,0,disjoint full physical profiles
git:7ba09e0769348aa653073d315347c091f9166ccd:results/cross_layer_safety_v7_3_dev/profiles/benign_r73_urban_33.csv,1d8b930fc42d936c660736898ba8a94af8eda53f4f685efda5948ca54dc326e9,3,1,0,disjoint full physical profiles
git:b9b4b841486e0dfa0f5dc3b679c41471ec58c38f:results/cross_layer_safety_v7_3_dev/profiles/benign_r73_urban_34.csv,ad8760705eafdded98e7ec12c4eb46baa78fe60ec480cc24ae86c56498652394,3,1,0,disjoint full physical profiles
git:ec5f196f959cd3750c82797ee9f9118a015562e1:results/cross_layer_safety_v7_3_dev/profiles/benign_r73_urban_35.csv,aeb2aec7b116d94e40e67091b661bf35c0043a46a765180ae393b92c174eb646,3,1,0,disjoint full physical profiles
git:4f857a52ec8d70a0acfcd558d20101fc0c5d339f:results/cross_layer_safety_v7_3_dev/profiles/benign_r73_urban_36.csv,b725dfaf08cd3c300d3b4798c3f44f2e279b1acac85e791f885c91e8c2e86113,3,1,0,disjoint full physical profiles
git:23e44f283041c4a9326c206cc52a6cd776d268ff:results/cross_layer_safety_v7_3_dev/profiles/benign_r73_urban_37.csv,82e6df719ebaa568b8fa7ff9eaf54a607333bee6dae0c741cec145bb2c6e82bb,3,1,0,disjoint full physical profiles
git:e4a8023e9da0a5d9390acf387346410954319b48:results/cross_layer_safety_v7_3_dev/profiles/benign_r73_urban_38.csv,95bfe951343756c252c76d96bddb83204b3bf86637c0dd5827e6eee210ffb662,3,1,0,disjoint full physical profiles
git:77c462979d63f643caa305ae1cf299c0b3f591c0:results/cross_layer_safety_v7_3_dev/profiles/benign_r73_urban_39.csv,7d015f85f2402c4df7c3ba4ff871da4a0a26ccc620f61a66a4d9743e63ba1d04,3,1,0,disjoint full physical profiles
git:8900cd132f174a2f1555556b8e6eea30afbda5c5:results/cross_layer_safety_v7_3_dev/profiles/benign_r73_urban_40.csv,4d6735fa07a3ef6d0ce9ffb9e1664a49d3df5a119124fac16f9d281515be37b5,3,1,0,disjoint full physical profiles
git:5d54a7eb62d2ba72ea5ab431f9d4ed890969a49a:results/cross_layer_safety_v7_3_dev/profiles/benign_r73_urban_41.csv,d5e2b3f4443a2b92bb22db241aed6304de0b4ea532fd3c504593fdcd66188528,3,1,0,disjoint full physical profiles
git:a3b59cf787ccf7340e9b97ebe329359862d8927b:results/cross_layer_safety_v7_3_dev/profiles/benign_r73_urban_42.csv,b1ce34564d6e4f85647fd364f378b592abc3864d7f3445763e98afdffdc5ce3e,3,1,0,disjoint full physical profiles
git:b08561039f16d9c1eb357118f8edac6cf0b27d56:results/cross_layer_safety_v7_3_dev/profiles/benign_r73_urban_43.csv,3ef24c828aa3bac0889330a1dbe10278cec99edf48da6d29020072eacba01208,3,1,0,disjoint full physical profiles
git:22f6a2f4e785b70ec76c87eb236c5d55a881eecf:results/cross_layer_safety_v7_3_dev/profiles/benign_r73_urban_44.csv,e0b36df2998da707e5dbb1f27ccb9696ed78cef01de3b852745405679fff12b3,3,1,0,disjoint full physical profiles
git:54083856b2cb01c2477aed64e9a3781f7ba6f351:results/cross_layer_safety_v7_dev/artifact_manifest.csv,80980285632dfd02b78e4f6b37fc7c0c7dd6378b6fb10ed5fe2e2c0841e60bfe,5171,0,0,no full simulation configuration in manifest
git:736b6fa81a30fe97ac8365e092c2bf45b628c40e:results/cross_layer_safety_v7_dev/development_split_manifest.csv,883db228df066b4689cc02c5564596515d8e58e0f07f746358892bd823e2af22,912,0,0,named profile resolved against saved profile objects
git:39324d8a356ccf23bfbee8dffb9b96b01f7490f9:results/cross_layer_safety_v7_dev/profiles/benign_highway_00.csv,1f2047f1c3d9696f79bcb2b7e4773405b80e88b25f1b90858884316f49ebdaee,3,1,0,disjoint full physical profiles
git:824fa92169fbef5840ef66e114c962bc3ab50c84:results/cross_layer_safety_v7_dev/profiles/benign_highway_01.csv,b7f5c092acbd6d140dbb3b74b7be670a7d61893ba744d506a3b481efd467837c,3,1,0,disjoint full physical profiles
git:50ac345ca90acf7cbe3e96cb746d2bc9041cc2b3:results/cross_layer_safety_v7_dev/profiles/benign_highway_02.csv,0927c1e90e8deaa1069d9691754428e4305b7fe2aa97ebcb555cb5e907badf44,3,1,0,disjoint full physical profiles
git:2b24e85978bcbfaea936eb86eb1fef2d32404e69:results/cross_layer_safety_v7_dev/profiles/benign_highway_03.csv,760a182730bad9be3290c8096e196ede67ea829b5a4c43fa8e237866651d6f5f,3,1,0,disjoint full physical profiles
git:770a166bd5b868d08a295a05eb1710307cf117bc:results/cross_layer_safety_v7_dev/profiles/benign_highway_04.csv,85427120ed5e0039e564c9c8c270337e8aa83ed810635c536c3ae856da750c37,3,1,0,disjoint full physical profiles
git:0e820ba8cb1b919d180298f24c91f445c34119c0:results/cross_layer_safety_v7_dev/profiles/benign_highway_05.csv,c664d4d36836bfaff9bbd7d898f170fcdce2ea06d1a9798beecfbb812edeb1fb,3,1,0,disjoint full physical profiles
git:3b1c4c1bd355a13030293d1be47fd6b0dc016aa1:results/cross_layer_safety_v7_dev/profiles/benign_highway_06.csv,94a819913440ba7d1812f87a1511b146e6290436c86a35d08ea9cfb15b991c7a,3,1,0,disjoint full physical profiles
git:bc9a616ac43912468c59e75f3f6f083eced801e2:results/cross_layer_safety_v7_dev/profiles/benign_highway_07.csv,89d27343b4b9d89980e5787d978c217e32d573b21700061a760365632f8be292,3,1,0,disjoint full physical profiles
git:121f3fb2dff7eb0c1cb1c865c6445fe2f548a3dd:results/cross_layer_safety_v7_dev/profiles/benign_highway_08.csv,7ebd92c6c1c9221ab8ef49201844d2a1995fae5e6275cc031ca29b18a5acc57f,3,1,0,disjoint full physical profiles
git:bdeeb9d8a8100f1938e18f3f2d0a9ddc9da8763f:results/cross_layer_safety_v7_dev/profiles/benign_highway_09.csv,0f9978b5fffb7a38d25e548d2f3100f03488bd732c8389764183ecc6ff3e874a,3,1,0,disjoint full physical profiles
git:e4b4e4bc4c95b7591d775a4d8b4107cd14ec4013:results/cross_layer_safety_v7_dev/profiles/benign_highway_10.csv,f6bdb529510bfbf2a1fbb6fdce9d054d41d517193888efff20db11897db9bf2f,3,1,0,disjoint full physical profiles
git:19aa92d49c2157fe5d9afc8b028f1454e2734595:results/cross_layer_safety_v7_dev/profiles/benign_highway_11.csv,b34b6b0442affbc8ab0b3242d51552cc6947f335acf5667d593e605e11a25d90,3,1,0,disjoint full physical profiles
git:b8b9eed8e3fe7853e1970b8560fb2a437022a6d3:results/cross_layer_safety_v7_dev/profiles/benign_highway_12.csv,eca1b6ec85635d6d4b3c2e9891b2350ba53db871e5a3c9e4274fbf98f0f26fe2,3,1,0,disjoint full physical profiles
git:831ccc856438de0dca3a4cc154c697aacdee4696:results/cross_layer_safety_v7_dev/profiles/benign_highway_13.csv,1205bb26ee0e9544076e9e4b65091b62222dd4bf0dca056d14f18b578f965fb0,3,1,0,disjoint full physical profiles
git:4502c9b6f7ae1c6be7e825605fb5ac4f78799935:results/cross_layer_safety_v7_dev/profiles/benign_highway_14.csv,db0f8ca72fcd3cb24ce8cf307529b92244ab0ce7170b27617b4f7d3f8ed09f57,3,1,0,disjoint full physical profiles
git:63a077f18773b76beba090faba0a2fcbe65f25cb:results/cross_layer_safety_v7_dev/profiles/benign_highway_15.csv,85a9c3595cbb11acae9c39cd661dbdc17991d6b46ba4d5f6c6c138371d6a78e9,3,1,0,disjoint full physical profiles
git:e8f6961da76c9a477c18506df169460983dce805:results/cross_layer_safety_v7_dev/profiles/benign_highway_16.csv,d9fa21fb9fb7014fedc9737d3948c51e818887a83e6a3d1c9fcfdbcb07a83654,3,1,0,disjoint full physical profiles
git:8a82d990dde132874578e912024983397efa6be4:results/cross_layer_safety_v7_dev/profiles/benign_highway_17.csv,929a649ab94b477b69c437c6234fbeb463d7d4eb69560bf326789c2e9402787f,3,1,0,disjoint full physical profiles
git:c260fdba5dfd0cb870717e2007dd5ad133735c2d:results/cross_layer_safety_v7_dev/profiles/benign_highway_18.csv,c422720fde0395f59e5713dfb21af36510a7d9879756a3db4e6f56dbe19fc9c1,3,1,0,disjoint full physical profiles
git:c4d35fe5859ed7b00af908c8088e499e607a5d80:results/cross_layer_safety_v7_dev/profiles/benign_highway_19.csv,845f912ebcbe52fcc6cbccfae2044d6cbccb20fc6887fa143a6a0c8ae1f49555,3,1,0,disjoint full physical profiles
git:deb1585ba221b9b1458fb29b1d1de2d4f69fb796:results/cross_layer_safety_v7_dev/profiles/benign_highway_20.csv,fadacfc8169332771e6b4ebce8c84f364b57daa9c2b39cd6c99c17c8328f74ee,3,1,0,disjoint full physical profiles
git:fd993595504568f97122fd7e00c117348bc451c5:results/cross_layer_safety_v7_dev/profiles/benign_highway_21.csv,662554ed7544e95eab124f84dc8449966109bc9265a9ea36399722fa76b77a0d,3,1,0,disjoint full physical profiles
git:7e088df67ff1337defdb8b1de6ae407ad1cc9ba6:results/cross_layer_safety_v7_dev/profiles/benign_highway_22.csv,f2747bd8706a1254c1a74538e5afdfe2e15406a2cdac1a133251dbe791c94e73,3,1,0,disjoint full physical profiles
git:dabb88b559e475096ff2d74f52ce0ea2bad35f40:results/cross_layer_safety_v7_dev/profiles/benign_highway_23.csv,f59fe1956f65452c2c5e6134e40e7526d36bea4e9747e8b0edeca3ef3174ff70,3,1,0,disjoint full physical profiles
git:4ad52ed884f029eb969f8bea710a8372bedd2f9b:results/cross_layer_safety_v7_dev/profiles/benign_highway_24.csv,9d0929ecac6926dc6f295b6cdcaac270d77bc3be015a9b475486682ebc9975e1,3,1,0,disjoint full physical profiles
git:c910f66762e5193a95f00ff6c74ed92e96f5b7c6:results/cross_layer_safety_v7_dev/profiles/benign_highway_25.csv,1c5b1ca65779a4c2b86c6df1bd1759e8ce99a2ee704a0fffa483a326c2e14a77,3,1,0,disjoint full physical profiles
git:ca601e2d486521278dc53624b4cc067e11e7c2ee:results/cross_layer_safety_v7_dev/profiles/benign_highway_26.csv,53bfd9077693d1ddefc2f875f1991c6b071132b9bdc14a7298aa3635c9dbd3a5,3,1,0,disjoint full physical profiles
git:76e2ab5177545f6fe1ae58f9843f16f7bd5241d8:results/cross_layer_safety_v7_dev/profiles/benign_highway_27.csv,84417db100a6d25ea2aed4521fc10c9651dfeb508e1a2035a7bb3e44e0479239,3,1,0,disjoint full physical profiles
git:0e42b7228f0b902c6526d88159cc176c98b7cc6c:results/cross_layer_safety_v7_dev/profiles/benign_highway_28.csv,cd4eee70c0fd5a9b9293b1824f9e639f11e06b9c73e0644433aa003f9f20aebd,3,1,0,disjoint full physical profiles
git:897ba9995fafafc98453ec5c84fd224c7c001981:results/cross_layer_safety_v7_dev/profiles/benign_highway_29.csv,6cf0817e61f15c0f89a13daf76009a4b061a158245517a93bf152c3a0ddc368f,3,1,0,disjoint full physical profiles
git:34b220d9c1b7a02ff9cfc08675b0025f91b891ed:results/cross_layer_safety_v7_dev/profiles/benign_highway_30.csv,5cc823f90ed4e0068a733319dab4404f6c7226b82c3cf5f5ccf980ef889e196e,3,1,0,disjoint full physical profiles
git:28898600b0d52caa809cd3939adfd789d2b3c8ef:results/cross_layer_safety_v7_dev/profiles/benign_highway_31.csv,dcf2fcb66106d5ca57168f5d523f5c63cf984b9568402d4a3faaea9a65975918,3,1,0,disjoint full physical profiles
git:68416a71460e8c0953b06ca76ae05184414869d6:results/cross_layer_safety_v7_dev/profiles/benign_highway_32.csv,6bf46c8a94c1a170a1e2e3506e336af7cb1aff8df4754d624c06cafa32490948,3,1,0,disjoint full physical profiles
git:a670bdb8f54322ad588e25ffa3321157dc8037b9:results/cross_layer_safety_v7_dev/profiles/benign_highway_33.csv,6198d3fe02f9b5f346f626da8309ad85cbe6fc2d3b137a2ab79b613d3cd1da8c,3,1,0,disjoint full physical profiles
git:5e716cd49b1907418da7470d13faf0abe609ab4e:results/cross_layer_safety_v7_dev/profiles/benign_highway_34.csv,7b63ceb24634bc47cd898ab64ea188d7efdef9086abf1cfe5d512cafe79f20a6,3,1,0,disjoint full physical profiles
git:93495b68d6d08748deb4f73eb942a8a2269554dc:results/cross_layer_safety_v7_dev/profiles/benign_highway_35.csv,e2ee544ea503867073427cb3c39bd903bcd1e6759dc0d1ce628affbf4c1634e9,3,1,0,disjoint full physical profiles
git:423acc5f19d58cc4348d1200e4235fc79bd88267:results/cross_layer_safety_v7_dev/profiles/benign_highway_36.csv,e8749366174131d96bbc745c1b29d4b4647a8f7a325d9ebc31696cf4ce52e7b0,3,1,0,disjoint full physical profiles
git:332eb848db3b87796885f724e8960e562f1d74a2:results/cross_layer_safety_v7_dev/profiles/benign_highway_37.csv,fc2c1f6975238a3ad85d52ff6b79c2d64282f380a8d06da9e75ea7169b64b3eb,3,1,0,disjoint full physical profiles
git:232fa8385be630d0e44900aa1a4517c4df6e8991:results/cross_layer_safety_v7_dev/profiles/benign_highway_38.csv,dad0e1eb34b939ccc066b858940a40e087577ed05217f61c48d9e3f004a36ec7,3,1,0,disjoint full physical profiles
git:9eebfd39c1781b3636ac11a8b7a3ac9a0469efc0:results/cross_layer_safety_v7_dev/profiles/benign_highway_39.csv,08162c3101bf3cbbcc63cc43540b2d6cbf9b1590c5fa8f2cd787737c11395e2d,3,1,0,disjoint full physical profiles
git:0385e507a662f9bffb0fda5d500539c2a7e68e65:results/cross_layer_safety_v7_dev/profiles/benign_highway_40.csv,7ea3a85e190b82dbc66ef7515b29348a527f2c3bee3312292a32acd4448ff6ae,3,1,0,disjoint full physical profiles
git:1dcd8d006092b19e85241d3850e5fcb1b2a907af:results/cross_layer_safety_v7_dev/profiles/benign_highway_41.csv,c2381f3b0d053933e33fcf802ae3f880b4cab00d61ec4e1955c207c048e199a1,3,1,0,disjoint full physical profiles
git:db2fb80c6d7862531eca730fd1b12ed779596341:results/cross_layer_safety_v7_dev/profiles/benign_highway_42.csv,d380a91ca05e76787778028b5e4f792565c34fa518fb8f1b4472713cd1dc38a0,3,1,0,disjoint full physical profiles
git:f3452636ab2a7634524bdd82d824cb392939e1d5:results/cross_layer_safety_v7_dev/profiles/benign_highway_43.csv,ff9c35d8eaef2e707f86aafde40f140ee7312cff610393240a54135ea211f693,3,1,0,disjoint full physical profiles
git:3a444525be016ae02c14dc294d89293c1ea26f88:results/cross_layer_safety_v7_dev/profiles/benign_highway_44.csv,1d3d187e79eef19cd6c28499fa4bdc369e6328213cab755da049f3ed8fbe8c88,3,1,0,disjoint full physical profiles
git:a7df7ad935aef383d8d428ad65dabd7c4aa10975:results/cross_layer_safety_v7_dev/profiles/benign_highway_45.csv,3fef428deab7bd5138e8ab66636247c65dc968ba929cd3536e65b07649289421,3,1,0,disjoint full physical profiles
git:74581cca24162fe93d64891e4338521eb50ced6a:results/cross_layer_safety_v7_dev/profiles/benign_highway_46.csv,7ad1f7756ca7877ce6cd9402a5a89e07a425a1b642020500361611111d12db80,3,1,0,disjoint full physical profiles
git:8c8929dd99cc2afba407110e19b049834589ed5a:results/cross_layer_safety_v7_dev/profiles/benign_highway_47.csv,b1ee5db3bc7a46e688561695f91728aed0a8251f380c7110a4f17dbb7a5a3864,3,1,0,disjoint full physical profiles
git:573f394f6fa5af6fdb3f6b9c0ecf955ad8a2176c:results/cross_layer_safety_v7_dev/profiles/benign_hot_idle_00.csv,b46038133a9caabde4e1fd3dba9f5c78c240b1980e01551b18b9db6371ce692e,3,1,0,disjoint full physical profiles
git:fe83c2a0ad84ea67320e84e43ff41645acd62ee2:results/cross_layer_safety_v7_dev/profiles/benign_hot_idle_01.csv,0f11ecb64063356d72a5d304f2703c7a9e3d5ee96a4d8cac369dba7d54cbc3b6,3,1,0,disjoint full physical profiles
git:a847e7f056f2b0eb3b0c472e82269473d396743d:results/cross_layer_safety_v7_dev/profiles/benign_hot_idle_02.csv,51e6bf93831b18ec86e0608a5a25b0915a0dcbc34818aee6a2a0fedce20abee3,3,1,0,disjoint full physical profiles
git:3c4205c68c8fa40bd58e054c3d18421592706210:results/cross_layer_safety_v7_dev/profiles/benign_hot_idle_03.csv,4b0d559c44b953e87fd9327f919a367833b911bdc855c8f0e0bd1f5a73f31d1f,3,1,0,disjoint full physical profiles
git:b3dabf6983ff720a98828501ef0dbd88f58c7156:results/cross_layer_safety_v7_dev/profiles/benign_hot_idle_04.csv,64b3f17b4ebeb8fb27232e516e553e20dc457a343ae9e56991504a8e36d72119,3,1,0,disjoint full physical profiles
git:59c8586e78724edf6c02272738cf830320ebd803:results/cross_layer_safety_v7_dev/profiles/benign_hot_idle_05.csv,57e8e9f897e3276e7128253dae69f37706c65f5692eeece3b0c4e6380c2231a9,3,1,0,disjoint full physical profiles
git:7e77f983aaef11a2748e3bf90b45a4e41325dd70:results/cross_layer_safety_v7_dev/profiles/benign_hot_idle_06.csv,6dfa050916c60aa7a1b608e4119f397874420713dbda91c004c1f4f0246ae933,3,1,0,disjoint full physical profiles
git:e1f299f12a4bd8b8f8fcffa0f6e742333a3807f0:results/cross_layer_safety_v7_dev/profiles/benign_hot_idle_07.csv,c20bc2c8c9c0555128587e08c97e106d2f871d94868fd80497ccd2ed36745b1f,3,1,0,disjoint full physical profiles
git:4130d81bb727551cc3ce0ed512799761cfbdc52e:results/cross_layer_safety_v7_dev/profiles/benign_hot_idle_08.csv,049206fb5a0f6aecc2d5f82908b28c8bbf92eaffff1db3cbdf5c7b34d1506f1f,3,1,0,disjoint full physical profiles
git:db516d1c2e66ad468ca8a7dfe2772de70e68b33c:results/cross_layer_safety_v7_dev/profiles/benign_hot_idle_09.csv,6bc76f9953447e04075e242b298361b11368d9df9a9888b46697033fe7d29e04,3,1,0,disjoint full physical profiles
git:7e223c448679b1da5f62ad711d329ef0a1e8eec7:results/cross_layer_safety_v7_dev/profiles/benign_hot_idle_10.csv,e04c9e91ad7a75da617256e431c27ed478dfd5f8d57852fa3b4ccf79cc9bc54c,3,1,0,disjoint full physical profiles
git:ec24edcb8275f160a1dd207788fd4ca981b44ebb:results/cross_layer_safety_v7_dev/profiles/benign_hot_idle_11.csv,eee256cea4480a399c1452899660651a8f71826f011077836045cc9f5e84c04a,3,1,0,disjoint full physical profiles
git:c9bd09410497c1225097f4b9efc0e179251f1c6c:results/cross_layer_safety_v7_dev/profiles/benign_hot_idle_12.csv,3e8447c320aa21e9e5dbad1b14a9c6e39e9bb1fa8983877e93af350e1cd210f1,3,1,0,disjoint full physical profiles
git:280fd6f42d32227843398b5b1ec86f8a23ded78d:results/cross_layer_safety_v7_dev/profiles/benign_hot_idle_13.csv,8c820aa682919ebc140b23cda1b6f31f4a2ee2c48ec7ae6ac0aad8d9959a407d,3,1,0,disjoint full physical profiles
git:add7167d2ed9f266fc1558a762042f78b209d597:results/cross_layer_safety_v7_dev/profiles/benign_hot_idle_14.csv,0057dc08a96bcf92a87861fad2d1e29b793aecc5778c6968f35632ae65ff87a2,3,1,0,disjoint full physical profiles
git:1daa15932ed1f3f594d7042e58ff3f24ea27e2a4:results/cross_layer_safety_v7_dev/profiles/benign_hot_idle_15.csv,a43808a6e9365bfa0836a0b9b37e146f5554256ddc3473210c53655da7f9aa55,3,1,0,disjoint full physical profiles
git:eaa28b233fe923f3e485be2d5ec69d6445576bc1:results/cross_layer_safety_v7_dev/profiles/benign_hot_idle_16.csv,34d9c91368ae16a1c4ae15464e36eaf3434bbcfea0c35a4afcbbac75f10c9ccc,3,1,0,disjoint full physical profiles
git:02e3412e9ce5afa3b64e75827434de351d48e9c0:results/cross_layer_safety_v7_dev/profiles/benign_hot_idle_17.csv,6a61bdb19ec5c8588976f712f85d43d85fb5667d920b854ce43fcca006a8df30,3,1,0,disjoint full physical profiles
git:c95dc55fb9caaba34f5468cd08f6ef4cbcc5f21a:results/cross_layer_safety_v7_dev/profiles/benign_hot_idle_18.csv,3c67fe25ae4bf8c43359f1eaf7cfbd6247e135b746c3de7c90fdc112fe2ccdcb,3,1,0,disjoint full physical profiles
git:f7390ad86d3cf87f8cb58b9d9d28af9b46859c6d:results/cross_layer_safety_v7_dev/profiles/benign_hot_idle_19.csv,fe350b62e9dcaa3646f60437bb626fd76ede4deb85633d63284d275c3277b0c2,3,1,0,disjoint full physical profiles
git:29c756060686f710e9f9d8e1ff49f7244938d205:results/cross_layer_safety_v7_dev/profiles/benign_hot_idle_20.csv,30f26163be8209c32197c5004997ff9dbac946d3ff44a1148ab4986ea34c02ce,3,1,0,disjoint full physical profiles
git:03920ea8fc49a63d22521a582e39ae5b682581cd:results/cross_layer_safety_v7_dev/profiles/benign_hot_idle_21.csv,9ffc497e50dce6a8d01c09b2f911aed0ccf976b757996ff0d956cc2c415b3551,3,1,0,disjoint full physical profiles
git:4b4cde0733ec673aa88919ab79b23e7edb091956:results/cross_layer_safety_v7_dev/profiles/benign_hot_idle_22.csv,38d6c7eb9360a1911cc691bc99160684ef6e09332d75e9a3bd570268f28444db,3,1,0,disjoint full physical profiles
git:d3ce8c6cace61c5fd6529e48f6e54885a78787f4:results/cross_layer_safety_v7_dev/profiles/benign_hot_idle_23.csv,0bd61f8ae6aec59f294d184149a58d4d24fe06f2be3e19cd29d903be74a63e95,3,1,0,disjoint full physical profiles
git:4004513ade2b650d520c11a92f001e85af1caee1:results/cross_layer_safety_v7_dev/profiles/benign_hot_idle_24.csv,37c813fd518bdf7c0ce71d5614f881534e28ff8256876fa243373d20e9a53025,3,1,0,disjoint full physical profiles
git:5bd7e69309cee02db535ee3bb57c49f61bd79ef8:results/cross_layer_safety_v7_dev/profiles/benign_hot_idle_25.csv,9a9525681a9f95252a6518fdba46ba28cba539d9dbcca8f043854f031d39cc16,3,1,0,disjoint full physical profiles
git:ce3814d06b96ebe83f4a1fa6dcc0c14c0b4c55a2:results/cross_layer_safety_v7_dev/profiles/benign_hot_idle_26.csv,32fdd3e91f814652623cf2d263f18d5945c9358fa81bbca5a747987f1123f8af,3,1,0,disjoint full physical profiles
git:66f9f893408fcd87e7ed67485b0988d35a74f063:results/cross_layer_safety_v7_dev/profiles/benign_hot_idle_27.csv,9609d8e9a68bd8306fbe3c96d5e53b5704a5366b9f505f38ce70f316070f6b85,3,1,0,disjoint full physical profiles
git:70ecb594ee11d382728afa4a63bec561c5e1f652:results/cross_layer_safety_v7_dev/profiles/benign_hot_idle_28.csv,813d903f3f0d6e2db2aac2587147b6ac146f2cf40c8727862282d7088b0bae4e,3,1,0,disjoint full physical profiles
git:24a5fe3f735776b5928d83828fa222b495cf9740:results/cross_layer_safety_v7_dev/profiles/benign_hot_idle_29.csv,9aea4cc2e9440f1f757b7c8f16536c9cf6fe1e7f00c289e6e25df0bbea875a4e,3,1,0,disjoint full physical profiles
git:91219d5d98f8f3bdc34bdea7cf56c1bd848f72cf:results/cross_layer_safety_v7_dev/profiles/benign_hot_idle_30.csv,a0f0edd920c06607cb8b621d8830a7b1024af83101912e00d1db699d0a73e085,3,1,0,disjoint full physical profiles
git:0a10edb53a7a558cfb094366f99726911fbb6cee:results/cross_layer_safety_v7_dev/profiles/benign_hot_idle_31.csv,fa10a07bf95e84e79a466d9e81d8e5b91f519e1284ed7d6ef8a2ac1ae1780feb,3,1,0,disjoint full physical profiles
git:49b2a30ccac9780a6cb4ff771fad73b63f63c36e:results/cross_layer_safety_v7_dev/profiles/benign_hot_idle_32.csv,d75d30c22655f517254c5b62920f198a39c63efd42b33cbd8c3ae9e37e5a3c0c,3,1,0,disjoint full physical profiles
git:c53c26b53aa7482ed007da18d2b58a76113625dc:results/cross_layer_safety_v7_dev/profiles/benign_hot_idle_33.csv,5c3f9812f678fb947265b939a65599347a7d494362d01b78adf9afd6acaae068,3,1,0,disjoint full physical profiles
git:908afc1c943654472ddf1c438b7e1ccb8e36b28b:results/cross_layer_safety_v7_dev/profiles/benign_hot_idle_34.csv,90af3bb1756e8c8473fe5ebcd6935a7e9a888c08af4a661654a20e10e142dd3e,3,1,0,disjoint full physical profiles
git:d0ed05bce8536e5211c1be018b2ecf6e4214c638:results/cross_layer_safety_v7_dev/profiles/benign_hot_idle_35.csv,19e90ed7d8379ca167bc058db6b22041950b10beec8c440398768f5313bb436f,3,1,0,disjoint full physical profiles
git:5389431ad38a99046f8ac7ed1a3c5bea52533ce7:results/cross_layer_safety_v7_dev/profiles/benign_hot_idle_36.csv,0e1bb6c99f12affaface4be334c2c8cc47c4cb8e598cde4fd0a7c11494786a03,3,1,0,disjoint full physical profiles
git:107304cbc557fafbe72b9a6d3aaf934bfc025f3f:results/cross_layer_safety_v7_dev/profiles/benign_hot_idle_37.csv,9e9b2f4ccd3590e6aae2a61577370de319f51cd11e8d4018ccdb00620c708cb8,3,1,0,disjoint full physical profiles
git:4c9bd6426b50ad0131d54569cb4cf8391135fc83:results/cross_layer_safety_v7_dev/profiles/benign_hot_idle_38.csv,5e8d14928eaeeacf0c90e37cd6e52e902fc0c37ee972e384807e126cb3256a1f,3,1,0,disjoint full physical profiles
git:0cc8cd109cd7f63c92e762e839604ebfb9063ae0:results/cross_layer_safety_v7_dev/profiles/benign_hot_idle_39.csv,46fce04c7525051a654f300c1414712cbc0de816fb3e7c9f563422023786a6d7,3,1,0,disjoint full physical profiles
git:280bca675185de7e6f3fa677e33d780faacef859:results/cross_layer_safety_v7_dev/profiles/benign_hot_idle_40.csv,d54273773a2d126aede75f6f09ee8aed92e125ffc332cbc3ed98873985efa3bf,3,1,0,disjoint full physical profiles
git:5808bbf68cb66dc62bab25b0b0fb551c87eb81fe:results/cross_layer_safety_v7_dev/profiles/benign_hot_idle_41.csv,66e806e2cea1733cb2739e6ca61d46a4804eb5e591a6062eb33afdc4be379792,3,1,0,disjoint full physical profiles
git:d1435b6cd2c7e95471e7018fef431157a40278f9:results/cross_layer_safety_v7_dev/profiles/benign_hot_idle_42.csv,9da0f034488f5597aa43210ae9616b9bff5cb678037dbab5c6c08ec9a995c6d2,3,1,0,disjoint full physical profiles
git:3d625b22dadc70352935b1415565a24e4dd6a6b4:results/cross_layer_safety_v7_dev/profiles/benign_hot_idle_43.csv,534e63de87247e3cdd83eb3507b2b001d180ec495d9116821dab08c37de292bd,3,1,0,disjoint full physical profiles
git:a64b5c00b3fc5f97cd9933f7d6ce9de4a4d1104d:results/cross_layer_safety_v7_dev/profiles/benign_hot_idle_44.csv,0342a75d0f43385b661553f61f1c51ee1cc25a28967011e02d04766ae2146c96,3,1,0,disjoint full physical profiles
git:302c297fb7fa71d9b3c6048c126a8412892088d3:results/cross_layer_safety_v7_dev/profiles/benign_hot_idle_45.csv,7b93fa30a735e0836a1fd5d4d8d3e954992c550a57ed9d96d1ee9b8c468a20a1,3,1,0,disjoint full physical profiles
git:135eb3e7c6f04ed91e8a73d73e3708fd264a89b7:results/cross_layer_safety_v7_dev/profiles/benign_hot_idle_46.csv,d9fe1e9ac90c7b184dd646b07d6069ed991cc435a0671cf3bfb0c444de1e6082,3,1,0,disjoint full physical profiles
git:dad196950f95529733edf59ba08eb894793cbe28:results/cross_layer_safety_v7_dev/profiles/benign_hot_idle_47.csv,77c94c415e5fbc14e1c7907938a30e367e2a705210bfbf72ce0c7a64cd3dda84,3,1,0,disjoint full physical profiles
git:2a04bd07638d4d726b7a6ce1afc2e31c6a0dae8d:results/cross_layer_safety_v7_dev/profiles/benign_moderate_00.csv,b25f6bb44037acff383766560704bd8968bb47789b4f682ab5f95a1c607f46dd,3,1,0,disjoint full physical profiles
git:91fcaff1aec228c89bb7159307cbf15d2f80634a:results/cross_layer_safety_v7_dev/profiles/benign_moderate_01.csv,18e04e06fa12d8b8b0934c1c6e757b753289a4f234fbfc575ffdab6780b069ef,3,1,0,disjoint full physical profiles
git:dff51b81e2e0891eecfc1d8f9c0f0552afdf846c:results/cross_layer_safety_v7_dev/profiles/benign_moderate_02.csv,ba4f282d992a54ba22bbab93dabf4dce107d89b87f31f6fe9ce98b15a1fb9467,3,1,0,disjoint full physical profiles
git:732f2517694f844c4e84ac1d1a38f1042651d942:results/cross_layer_safety_v7_dev/profiles/benign_moderate_03.csv,7994a31cea937e157f34d92bfa5144cd5660d99b256b49d96d75cc0dff33c87c,3,1,0,disjoint full physical profiles
git:e1936328c3ce3be4ca7aa220d67fa7c0ac05f102:results/cross_layer_safety_v7_dev/profiles/benign_moderate_04.csv,c987957f57140047fdd989bf617f7ed5f676a3795305afdc933c482b5c7c8f49,3,1,0,disjoint full physical profiles
git:efb032e1da75886163820d8a12e2366dda7d4450:results/cross_layer_safety_v7_dev/profiles/benign_moderate_05.csv,7964ffe12758088c15d0827acc4fe5f2d3258b3acfbe0a0c42c7c1a51bdebd85,3,1,0,disjoint full physical profiles
git:0341682d8c095de03b1e8d8db99340094f481455:results/cross_layer_safety_v7_dev/profiles/benign_moderate_06.csv,875d7bfc1d8ca5a80bcabcd5a475c1956243856858c80bdd56627fde49150c2d,3,1,0,disjoint full physical profiles
git:6c0f35a49f92dc239745295559142cc7f35d8f2d:results/cross_layer_safety_v7_dev/profiles/benign_moderate_07.csv,340b4aa769c488c240dc54ff4e57e8d252d278a54de3fcaa3dcf0e87cdebc8c9,3,1,0,disjoint full physical profiles
git:ac554a04a840594042e2fc0c822724a5624856bb:results/cross_layer_safety_v7_dev/profiles/benign_moderate_08.csv,f325c405f3e7be3cf01fd88ddb14d4ab3ea421a4b725c556d104f63b6522194d,3,1,0,disjoint full physical profiles
git:10bc9c25ffbbfec1d5ff88d23c7d7a965c63656b:results/cross_layer_safety_v7_dev/profiles/benign_moderate_09.csv,e88962b1b4c6a03d375a8e615e7eb1398b27098d25fdfa863134ba8d1e7178a6,3,1,0,disjoint full physical profiles
git:790dbbb6f760d4f9af490e04d6fcbfb888147018:results/cross_layer_safety_v7_dev/profiles/benign_moderate_10.csv,d9bf9c49cb8b7d0cdc435d4ac2794d76cd5cff13139eafbd73c68ff6e2ae1603,3,1,0,disjoint full physical profiles
git:3eac7932cff7c8e5df35bd8763b458ea1a9c8305:results/cross_layer_safety_v7_dev/profiles/benign_moderate_11.csv,2d74c14e59b4221b27242c22dce83f3cf5ff8f6e7eb7fa7b91088d5e4dd4ebfb,3,1,0,disjoint full physical profiles
git:52ae472dd5f9fd4c5492552f0e04e4d510199092:results/cross_layer_safety_v7_dev/profiles/benign_moderate_12.csv,506a4ebe796773e3ffab2a11fcad57ec9b71557ab64c5ccafb66700f51d4a505,3,1,0,disjoint full physical profiles
git:e634427460245135e1d024d3e926351d8ebb299b:results/cross_layer_safety_v7_dev/profiles/benign_moderate_13.csv,6cea9d593949946c07f01587c0b7a5e51ae4243cd197d3878d261669e9707194,3,1,0,disjoint full physical profiles
git:5839d77c2483ae042620a92b977c20acdba4fe61:results/cross_layer_safety_v7_dev/profiles/benign_moderate_14.csv,2782af90aafbcf264f26745f6d6184d3f2ed8a15dfd4c7230607e3ec12f47590,3,1,0,disjoint full physical profiles
git:06e2a0c27f911c7f1b1c5016d2393327b3411950:results/cross_layer_safety_v7_dev/profiles/benign_moderate_15.csv,0b0ac2f3338804df0c694578f7a7f2fadab13934440aa989f9d9db035e5bfe11,3,1,0,disjoint full physical profiles
git:45ee2b9ccd8b4e725c1069a68dee5ce85fbc706f:results/cross_layer_safety_v7_dev/profiles/benign_moderate_16.csv,8400a2432a488b77d3ec6bc2a6c22708332332863d0894dccbc737fd9bb17c1a,3,1,0,disjoint full physical profiles
git:978fd1d309237add85faabb79cd5749ebd831fa5:results/cross_layer_safety_v7_dev/profiles/benign_moderate_17.csv,bb1a41fd3aacc73ddeeb7beba8f11f5e22c03ba3d0eb0ab69f438602494a5d3b,3,1,0,disjoint full physical profiles
git:005bda5a3b207f390119ec2a44263833087f0e4a:results/cross_layer_safety_v7_dev/profiles/benign_moderate_18.csv,58160fea1d21c20d4dd4a19a84bcb694c60c36ba5c4fc69e6d77229f1525d7b6,3,1,0,disjoint full physical profiles
git:d6cd613ee8bab7b9468c6a66b7ad207ba53f108f:results/cross_layer_safety_v7_dev/profiles/benign_moderate_19.csv,f7cd0bbe31a11454ee6d28d17fd360c17407567c9c133cbcbc85f40eacba8a65,3,1,0,disjoint full physical profiles
git:ed8ba69451347498226ca2fd30eac67ff03b4563:results/cross_layer_safety_v7_dev/profiles/benign_moderate_20.csv,b8e422c19b3fb74c7ccf5b94749b361afd5136c4fb9dda66d66fc2f51a20541c,3,1,0,disjoint full physical profiles
git:7e2ce90222790c0cd735913610435b4c424f57ad:results/cross_layer_safety_v7_dev/profiles/benign_moderate_21.csv,a89760a52eeba6fa94800401ac80724d01d129d342e96837e22ed1ae17b59d7c,3,1,0,disjoint full physical profiles
git:7a50cf90e87416a8d3c5c2fe7c235f6657773637:results/cross_layer_safety_v7_dev/profiles/benign_moderate_22.csv,539dbb93b056fe7d91f21bc6bb159399070eb9d441efad0b5e694149c79bfcbc,3,1,0,disjoint full physical profiles
git:9a50e223785089d77da48d46fad535e2d44bbb17:results/cross_layer_safety_v7_dev/profiles/benign_moderate_23.csv,e28ad07001a2b6ecbc90df5639cb61396b6ec42821cedac329022782387fc3e8,3,1,0,disjoint full physical profiles
git:55000f365bee60cd9b8700aa32c3f3f39d650d88:results/cross_layer_safety_v7_dev/profiles/benign_moderate_24.csv,e8df2b9b471165e06f9c577e9369e8bceea5dd9229d21f884ce874e5db6929b3,3,1,0,disjoint full physical profiles
git:cb4033a6ae76d5bae9462ac200c45c424b917ae3:results/cross_layer_safety_v7_dev/profiles/benign_moderate_25.csv,a085d5b5c57963e13bc7f7aa1a897ee03f6edce3a9247d9c2805f65608f6564b,3,1,0,disjoint full physical profiles
git:ddf6d005560f41f03fbfc1e1a7124d515ee54165:results/cross_layer_safety_v7_dev/profiles/benign_moderate_26.csv,4d0aa4e73ae45deee41f318f1006801ca1e3506dc4f7c9b67bba4427f0c05fa0,3,1,0,disjoint full physical profiles
git:3617c012cf5c30c8e1ce5d33e4fba0908ed6640e:results/cross_layer_safety_v7_dev/profiles/benign_moderate_27.csv,7523046f47b41a121376658fa94bd657a55fd34ee3d9fd172441247adc1b3709,3,1,0,disjoint full physical profiles
git:8b3f124ae0b3a740216efe9a8ae34d65477d69e8:results/cross_layer_safety_v7_dev/profiles/benign_moderate_28.csv,4605e1435a31e693d8ac50d23a0e06a569c58c0f05da3709919b59331db22e5e,3,1,0,disjoint full physical profiles
git:400e65f1992c30a88ae7b84f2194b56c7d9f71be:results/cross_layer_safety_v7_dev/profiles/benign_moderate_29.csv,6d49240c9c61d66d999f8f245e9c892d1dd5e8faddb5d9d54b203ecd797e6064,3,1,0,disjoint full physical profiles
git:121e770b2a7a0c4cb68619e9eb7469df92153b28:results/cross_layer_safety_v7_dev/profiles/benign_moderate_30.csv,2dfa72c27a7ae9824b46404cc2ac2a59b4fa4c35198d182b4b3bd0f52b0edc7e,3,1,0,disjoint full physical profiles
git:46fb64f7101f899787cf523603b8dc415e246c86:results/cross_layer_safety_v7_dev/profiles/benign_moderate_31.csv,48d95b05375682dc1c11677bc1f18b0146d9286c5a37da842bf3b331f980a4e0,3,1,0,disjoint full physical profiles
git:8cb05ae846ee129e1595e959d9e07a4fd8e0f0d6:results/cross_layer_safety_v7_dev/profiles/benign_moderate_32.csv,7ac317256ffecd86883aadc5341757e559d14e1d904349e781bd125e798aca68,3,1,0,disjoint full physical profiles
git:9c444c6894a940c0fe11dbe6ec8cba1cc02e27bf:results/cross_layer_safety_v7_dev/profiles/benign_moderate_33.csv,c7ec4962886df62ebad6a07046471d2c6a62ca340253b905ca561a1962d46e70,3,1,0,disjoint full physical profiles
git:b9b5bacded6c4b3cd21f058283e80c35f72bf234:results/cross_layer_safety_v7_dev/profiles/benign_moderate_34.csv,c72788b211cf93e0e72fde11bad0dee44b1cf0a3582af5ec89e11b9778ff2401,3,1,0,disjoint full physical profiles
git:869e19536eaac441f651195140589466e94e68d4:results/cross_layer_safety_v7_dev/profiles/benign_moderate_35.csv,5e05151245ff21060769502acbb5dc19a19064aa91b75e436c5e9f0833c73b0f,3,1,0,disjoint full physical profiles
git:feffd82c4384cf4617a490ebd7f08aeb797522ba:results/cross_layer_safety_v7_dev/profiles/benign_moderate_36.csv,452c163b0bb22dff893a53e29684be071c0232de970e902a6641f58479b9c786,3,1,0,disjoint full physical profiles
git:d73d1385d023adf85e863947602aefc41d9e43d2:results/cross_layer_safety_v7_dev/profiles/benign_moderate_37.csv,9036f74c73ebcfd4f3e0778afb6a0cce6325d1dd4362f40259be3bbf0c396e3b,3,1,0,disjoint full physical profiles
git:36f8f7ad7681d2b3cad5d614f8d634b3027dd276:results/cross_layer_safety_v7_dev/profiles/benign_moderate_38.csv,670d96444f6ac1462aa8ee7920398fb33e0c0a100fe09cfd683cf1cf83645039,3,1,0,disjoint full physical profiles
git:1b8e20ace438f1ebdd44cdfae153ba4776a1302e:results/cross_layer_safety_v7_dev/profiles/benign_moderate_39.csv,f91f5849a66d2c0664458ffa73264b2b938cc13a5e9927049917cf86d7aa2171,3,1,0,disjoint full physical profiles
git:c4dcb68ff04eaf80e04f24ec699e973bd6b38196:results/cross_layer_safety_v7_dev/profiles/benign_moderate_40.csv,f7d2f3e2d4640bdff04fa185dcee28938deeec1d3d5ef9a92ea6176a7a569dc1,3,1,0,disjoint full physical profiles
git:c1bd935cedc2f1293662d42156646615c9f83dc6:results/cross_layer_safety_v7_dev/profiles/benign_moderate_41.csv,935007eb41141718439a510ce57735f5fe6654665b344a79792c4d6afcbb5be5,3,1,0,disjoint full physical profiles
git:874244ab5108b752c0e4e2933a11a669aa0c2200:results/cross_layer_safety_v7_dev/profiles/benign_moderate_42.csv,b92af70b8c71838f379933202d07200fc5f213b3708dc4c210c592507b76cc72,3,1,0,disjoint full physical profiles
git:75f775405dea31dc09766190ac1a6d57c12fe8bb:results/cross_layer_safety_v7_dev/profiles/benign_moderate_43.csv,85125efad0816c8cd64c6616be3bd2cbc3d6980b0e13d950e7ce9b245b3e8223,3,1,0,disjoint full physical profiles
git:42fb660d57be8a121b1c5a6c18e93d6e68113e9b:results/cross_layer_safety_v7_dev/profiles/benign_moderate_44.csv,ae9088e9a271f4bec97eb8714a0a96d00280e21d58cadf60ef6330a0934558c9,3,1,0,disjoint full physical profiles
git:818d905a3a6262d77b6423b577c15dbb7e7c7063:results/cross_layer_safety_v7_dev/profiles/benign_moderate_45.csv,12704e64db5ce30a219cfa001b60ceb63cf025b15fd178b61c39f84366542f4f,3,1,0,disjoint full physical profiles
git:fb82710ae85be5c2e621db5eea3b17869641bd4a:results/cross_layer_safety_v7_dev/profiles/benign_moderate_46.csv,acaf962884ccb8f400262693427039db6c1c1b353e838ed277fc45922110507c,3,1,0,disjoint full physical profiles
git:3732dd3aef3dfd08ce09faeb96efdd00f698376f:results/cross_layer_safety_v7_dev/profiles/benign_moderate_47.csv,31ad71f43c2c472fb5d72e99af44805bd3eae578927933dd0540f9439aadcf33,3,1,0,disjoint full physical profiles
git:f2697dc9dcb4be7776b054ceeca1d00effcc2dd8:results/cross_layer_safety_v7_dev/profiles/benign_urban_00.csv,096d3dcdeec0518247cbe538b38ca7a10e429d389b6d8873cb1334240b277dc9,3,1,0,disjoint full physical profiles
git:feb9be24767a45363a7a56b31ad9a35eb3a6e91d:results/cross_layer_safety_v7_dev/profiles/benign_urban_01.csv,5e5f3c9f796713d8e86efd3fe7c8c2f37a7e09b99392728aadc0ab3ac416b368,3,1,0,disjoint full physical profiles
git:4f76f03fadc997b22277bab1d1eed7ce61ee5643:results/cross_layer_safety_v7_dev/profiles/benign_urban_02.csv,c971d4065c43776624a7a28a4666febb2d339cf5da7e002c75ff07ec95b6428b,3,1,0,disjoint full physical profiles
git:0e018d1022cb2f2f7b1dc5cff73ea228991a7d62:results/cross_layer_safety_v7_dev/profiles/benign_urban_03.csv,b340b2871bea0b558cbb03fd341a029cda41c02e92fcc88c9486cbc996a057fb,3,1,0,disjoint full physical profiles
git:c6acdee4169fb50ee963f5484be6cb45e0f25694:results/cross_layer_safety_v7_dev/profiles/benign_urban_04.csv,2da159e27c9bdb0d90405b156f7d8ecdc001a8ab84eea7d996a9db557a8c410a,3,1,0,disjoint full physical profiles
git:ce3f6b513c807749b55abcbf8b4bd844e5a821d0:results/cross_layer_safety_v7_dev/profiles/benign_urban_05.csv,fe2eee61af55cdf5a016e22daa73906690d92497754065f6aab26bee313417cf,3,1,0,disjoint full physical profiles
git:5b55af8030212ba1cc119c56982d835a4d6ff338:results/cross_layer_safety_v7_dev/profiles/benign_urban_06.csv,cdbff72dbdd8c08eb7ade6b4d0ff67a28a42ba75491c42bb7bd7decc6e7afe74,3,1,0,disjoint full physical profiles
git:495c331ee6005c0479ec279450ede95fe48746ce:results/cross_layer_safety_v7_dev/profiles/benign_urban_07.csv,a79427f908514f15343427a90a59381cd57c87ee136b8208c0fbe0648966f019,3,1,0,disjoint full physical profiles
git:132f8c81ce370eb89e2df0464e631d1d951eb8e1:results/cross_layer_safety_v7_dev/profiles/benign_urban_08.csv,462f4726d22db2725963a48b385a9600295a019a5331c7610580f4058bd636c2,3,1,0,disjoint full physical profiles
git:53c605e536a12dcdf3df5a08b107294e10bd380d:results/cross_layer_safety_v7_dev/profiles/benign_urban_09.csv,fff34dcdf4749b106cc319ef74613f9348aabeb916edc764920ea41f4584724b,3,1,0,disjoint full physical profiles
git:44ded128530644909108c76649263f4f032788c7:results/cross_layer_safety_v7_dev/profiles/benign_urban_10.csv,e7bcfe047316c54ff4484bd56ae28e0e02cad27551a883d4e4ee66df760637ed,3,1,0,disjoint full physical profiles
git:43d6540105e06bf20038807944fb0f80e901f380:results/cross_layer_safety_v7_dev/profiles/benign_urban_11.csv,25c9429a7d87848fe62a45a2d4ad963fcb568eb02a88e108241db40830bc370b,3,1,0,disjoint full physical profiles
git:ba3caf4114510ff6122acd30bb6d14cdc7a4fa35:results/cross_layer_safety_v7_dev/profiles/benign_urban_12.csv,99a3069416897157bb80e5a1f73221a3898b5cf07814ba4c4484e2624c178e3c,3,1,0,disjoint full physical profiles
git:d787883dc315c7844162ed0a46d5f90b83ddaacb:results/cross_layer_safety_v7_dev/profiles/benign_urban_13.csv,351958ca28f6f1c73794cff5d0cedb0ceb55a9208ceab811abfef433a45d8ef0,3,1,0,disjoint full physical profiles
git:282cff6f57299f58767c6aa5bb9e5d902d3d1426:results/cross_layer_safety_v7_dev/profiles/benign_urban_14.csv,ceec48194f34afe95b4c76f50db120b146c0a481b2fce9c7e00e45d3524849b5,3,1,0,disjoint full physical profiles
git:827fb8e5c1e9440209862916564839b187429c61:results/cross_layer_safety_v7_dev/profiles/benign_urban_15.csv,9d4090dde7fcf17ba190684abd663632ac25b7c5628642c9f757d396e45b27a0,3,1,0,disjoint full physical profiles
git:8df68df1baf8dabe44c8681d7f1b989e90d77be4:results/cross_layer_safety_v7_dev/profiles/benign_urban_16.csv,89a376b712304f4dee4c5ed21e3df73f475be0026151d2588c4028c712caf481,3,1,0,disjoint full physical profiles
git:d5bb3866f863bf12eccd368a6851deeb9acaa15d:results/cross_layer_safety_v7_dev/profiles/benign_urban_17.csv,7ac70f244a42175fe18ab534a9bfc186da6bb2ef259f7e0ae4536cfe64cfcb7f,3,1,0,disjoint full physical profiles
git:896f7cdb20a67c2b6e3268bda0bb19ce29e827c2:results/cross_layer_safety_v7_dev/profiles/benign_urban_18.csv,c42f9d0ead475849d6e56f8a6c16e5228b8156b5167732b29816bdaaa71ac6de,3,1,0,disjoint full physical profiles
git:bde5727920e84f7bea87f08dceaf5e991858f531:results/cross_layer_safety_v7_dev/profiles/benign_urban_19.csv,08a9bf8101bd5edd1ef128d93f3f68fc9aa7cd442d2fd9be85f8cac9c5197830,3,1,0,disjoint full physical profiles
git:def2e0a54055d88b853bdfc9cfac66f2c20a960c:results/cross_layer_safety_v7_dev/profiles/benign_urban_20.csv,54a5896106b8ecf1ae542998b18857e7151481bc407618c88acb61fca205de47,3,1,0,disjoint full physical profiles
git:a6eab20fe5ab54b4e4b82a5e3423a9959928a2f1:results/cross_layer_safety_v7_dev/profiles/benign_urban_21.csv,2adf43680fdcbf1155e16f122050bcfdda37e3f40e1c3ec8e74c1d91fde6184b,3,1,0,disjoint full physical profiles
git:c522f57e9b0dc8722eb307d50fc420649bebb18c:results/cross_layer_safety_v7_dev/profiles/benign_urban_22.csv,a593bcd01459c9ef34caacf9a1899c1049bfd90bd18ddfb46cc8190ebf07c989,3,1,0,disjoint full physical profiles
git:ca0da666c0b7e5a22daa7f16c41b8464bb6cad7e:results/cross_layer_safety_v7_dev/profiles/benign_urban_23.csv,44fc3ce1b67d8df55300d3b691c4782fac1fa43c14ffa2f07114d99e393aec5e,3,1,0,disjoint full physical profiles
git:c6210f4733fc183e2ab47192025da03893576a93:results/cross_layer_safety_v7_dev/profiles/benign_urban_24.csv,8f5044c1d04ef27dd7ec3ba1acaca29786818a3b7b8fe4273a6ff5a51be35db6,3,1,0,disjoint full physical profiles
git:b2c953475ef1b03bd6a403eee6788ce036197e41:results/cross_layer_safety_v7_dev/profiles/benign_urban_25.csv,74c27edcc69c8405e8e1dfe2da490f41fde00325fe54636bb8b4f3e113ae9516,3,1,0,disjoint full physical profiles
git:8ec6f5af5c75d46821a47089c6bd5ddc8d65659c:results/cross_layer_safety_v7_dev/profiles/benign_urban_26.csv,d73e26a49b19470366672c3f94d03844e234d76157d38952a634cb97eee55619,3,1,0,disjoint full physical profiles
git:ead83e3431a926b3cb7a58a82e5e7bb35074cb42:results/cross_layer_safety_v7_dev/profiles/benign_urban_27.csv,8a25fd3dfe5c2f9d50005070073a740dd0a241caec77945e61cb139be6474257,3,1,0,disjoint full physical profiles
git:9f61801d4aaba12b6747fadb1f9a15af837bf814:results/cross_layer_safety_v7_dev/profiles/benign_urban_28.csv,d27ee1bac2830dee899d68cf250a9f7b5ad03ce0bb80493200a7819867fb53ac,3,1,0,disjoint full physical profiles
git:e5760699832dcc45048229a164ef552551712e07:results/cross_layer_safety_v7_dev/profiles/benign_urban_29.csv,b0b8c273f848b26844edf2709f56c9cc3d921d9d1ed6ab64ccc0799abbf35cfc,3,1,0,disjoint full physical profiles
git:2b2f65ccc31df0fdd1f82d9ea733f28e7f788e95:results/cross_layer_safety_v7_dev/profiles/benign_urban_30.csv,f238f16c0c5628e1a8f60160b9c66d84c6c9cc66a6a31424561a1468081fa64c,3,1,0,disjoint full physical profiles
git:910812d2afe69fa5e04c9f314cf9770b7c1b78cc:results/cross_layer_safety_v7_dev/profiles/benign_urban_31.csv,86186aefef833eca0f5f16b90ab532bbb9b9bd643bb78ec818e35bc252ebad96,3,1,0,disjoint full physical profiles
git:d3bc38535c230ce3969a835b80196c799a63cd2d:results/cross_layer_safety_v7_dev/profiles/benign_urban_32.csv,6d146816d6f2ede8c8f77df3efd6ffead61102c33509cc7445c68d7af5ca6ca5,3,1,0,disjoint full physical profiles
git:8485cb6044392c52cbbe97f1e22a0d4d7578d09b:results/cross_layer_safety_v7_dev/profiles/benign_urban_33.csv,27855b082cfe65a83b15f1e94870f361f79c31e72f796e41b09a6a2a8273aae5,3,1,0,disjoint full physical profiles
git:c96882892312d3d67dd9e3b278cbe15eabe2bb17:results/cross_layer_safety_v7_dev/profiles/benign_urban_34.csv,8914baa09c33492e202f827df997505883b3504a03ecd288739bac54005cbc5d,3,1,0,disjoint full physical profiles
git:ec67218429b3200a6fd098bc8288b4e772467846:results/cross_layer_safety_v7_dev/profiles/benign_urban_35.csv,d0e2bce7967e4e37c0633099972f218f9a293c99c54f73bae9da1d4c909fa438,3,1,0,disjoint full physical profiles
git:d9bd523a36855e5f3eeed64b480e9a2bf82690c5:results/cross_layer_safety_v7_dev/profiles/benign_urban_36.csv,1b720bae2afc018761a40c86bf6c364a3ffcea29987a5e227dd6ae61151382bd,3,1,0,disjoint full physical profiles
git:3ff8b666dad3d6ae3a231669b9764f1bf61c0662:results/cross_layer_safety_v7_dev/profiles/benign_urban_37.csv,24f204ffd79b5dff8a4dd00ba0b4c2a80d9ee98fa4ab51f7aa807f101558bd80,3,1,0,disjoint full physical profiles
git:22a4ac074c25370fde056c14bc20700fb66b70b0:results/cross_layer_safety_v7_dev/profiles/benign_urban_38.csv,124471af677dd564c38a050ed78bc023b4693858bc2c789e6d8dc90a4efc5979,3,1,0,disjoint full physical profiles
git:d0143ce5fc0646cb768f46daa8065d89fd7ef907:results/cross_layer_safety_v7_dev/profiles/benign_urban_39.csv,1f4d2a887d40600656e2d0529c2a1a83e2bf143cf006c5f0dd0948b9c4d45d2f,3,1,0,disjoint full physical profiles
git:ef3d62fe8829e98602c7468ed6341e4bde0a902a:results/cross_layer_safety_v7_dev/profiles/benign_urban_40.csv,05b156c334c068aa437b860c82efbb692164038f5c77e0ab97e39e573b5bccb0,3,1,0,disjoint full physical profiles
git:7147c68c5472a5fee867f738131c45100fe87a89:results/cross_layer_safety_v7_dev/profiles/benign_urban_41.csv,af197ff9df896e068de286e3d61eb9e5998c5051884b57eb0a8eb3ce5bd263dd,3,1,0,disjoint full physical profiles
git:4cbf76a69b604d67e301a3ac8aabc18d85931b29:results/cross_layer_safety_v7_dev/profiles/benign_urban_42.csv,2b30defa9923461dc694231c32370f80136499bd3520d0849341626f90480471,3,1,0,disjoint full physical profiles
git:d92d47b6f9aa5bd33b9ab9e73fde2ffb055df619:results/cross_layer_safety_v7_dev/profiles/benign_urban_43.csv,6b250902d0fb73f77bfa0d8a761238bf39e979d1ac2f5dba929b01814a01e13b,3,1,0,disjoint full physical profiles
git:62f4fea1ebb35d4c07219ada5e179d7a1779bfa9:results/cross_layer_safety_v7_dev/profiles/benign_urban_44.csv,8fcd53c13c58f69477ae9268881f78de1a64daad1136e81a6149f8cab89d1287,3,1,0,disjoint full physical profiles
git:f62c189a88533d0aabb95a7053fb742487b993f5:results/cross_layer_safety_v7_dev/profiles/benign_urban_45.csv,fd17df0757afb7cc5ea0834c67733d0d40dfcee5f602b0105ce669fab8b66d3c,3,1,0,disjoint full physical profiles
git:3e39926839d0d3b2ff8d8d1d2c4773cf14c09126:results/cross_layer_safety_v7_dev/profiles/benign_urban_46.csv,23fb23af09fc6af6b16a5c91b7b19a81d40f9f121efe2acd81a47b7ed90c0bd2,3,1,0,disjoint full physical profiles
git:598aea1b32ceaa3b1079ed25a580f69dc6d68456:results/cross_layer_safety_v7_dev/profiles/benign_urban_47.csv,2a614c4d6eade4d6df5efc74cabd398bf49e411bd636dc2df3e89b0c604d4d2f,3,1,0,disjoint full physical profiles
git:6c4d0cfe1678485d1db2cbe22686630e8036d933:results/cross_layer_safety_v7_dev/profiles/highway.csv,19782ef61a25d7a94d8bc9fa892ec367da603f01bc438dc1e9d15909b4c068cd,3,1,0,disjoint full physical profiles
git:0837de16708b8d475ab41f120484b930a5e639a4:results/cross_layer_safety_v7_dev/profiles/hot_idle.csv,54d59fc2bdd84bd21a60c7ed58080c85bd3fc0bbe4effcee1074721bf9eab03d,3,1,0,disjoint full physical profiles
git:a98d50b0b1984dd1e9fc83fa34ed9d19f3d000e1:results/cross_layer_safety_v7_dev/profiles/moderate.csv,000b6b5963fd1a2d92bd8e86ad13e8d9837685c669e8124be05fecc9a343afa5,3,1,0,disjoint full physical profiles
git:cb9932405bd0a3cf704fda6ed37905e922b06417:results/cross_layer_safety_v7_dev/profiles/urban.csv,511c4eee3e6dfb2f5dfdda50d282eab4b56f4fdf779818f3d802d0e44dd37818,3,1,0,disjoint full physical profiles
git:4004cfe2ac886e5abbe19bedbc70ebcc081b3680:results/cross_layer_safety_v8_final_holdout/final_holdout_manifest.csv,883efd805752747cabd795452b758aa8b274ea472c317ba52e7c8361bd4a97c8,1500,305,0,disjoint full physical profiles
git:30c5a49aa9462c856ba14ff3f6f85f097390ec5c:results/clo_dsf_current/campaign_manifest.csv,8e15a6253803677dac841f3cf560ce3bc4f9b1741e8f97ad518f8528d2c36376,1200,1200,0,disjoint full physical profiles
git:a2a48a5690bd4d9bfdc547b3f6d6416ccdafc6c3:results/clo_dsf_current/campaign_manifest.csv,d68190161f4216e7cda9780e7cc5447e177b5e2276b8a1861bfdcfc6581cf7c9,1200,1200,0,disjoint full physical profiles
git:1897efaeb901137fa533179fffca09c36876df9b:results/clo_dsf_current/benign_contract_dataset_manifest.csv,0f216bfb71bd081ce40e08534cc012453e4593dc276182b62d602632ba07ba49,1080,1080,0,disjoint full physical profiles
git:ce652de822f5914989b5bff8f1e7d70405b52769:results/clo_dsf_final_unseen/campaign_manifest.csv,93a22e848226fae16db6969aaa15694bc1515a6b0fbb4c528c16d42f8a4aace7,1500,1500,0,disjoint full physical profiles
git:3a77812fb5ecfd2d9b2663820e86879da8867c33:results/clo_dsf_current/configuration_manifest.csv,79b93c6d0da142eadbfe30f7779fd5b3214428eb79884c56ca41a66f5b6c82fe,738,738,0,disjoint full physical profiles
results/cross_layer_safety_v8_final_holdout/paper_tables/per_run_outcomes.csv,f3e809dc76f4d1de320442a91461aa653626f5078c404c46aa1d8621e7e1d904,10500,305,0,disjoint full physical profiles
results/cross_layer_safety_v5/v5_run_manifest.csv,ffcc97a32661007bbe8dca77a6fc2765609bc77e901ec67a7e572e5fb40af716,1833,0,0,no full simulation configuration in manifest
results/clo_dsf_final_unseen/case_summary.csv,176b5498783afede8e9b173c3b35a95772e89d61f238344798d3bc1647bdad66,7740,1500,0,disjoint full physical profiles
results/cross_layer_safety_v6/full_reproduction/v5/v5_run_manifest.csv,c4c2dcb3be539d90b873ba280a1522ab1755b07eac4b7b3781d6587cbeaec1de,1833,0,0,no full simulation configuration in manifest
results/cross_layer_safety_v6/manifests/artifact_manifest.csv,dd266a3cdacc201a484f919a98a86c26aec6728e315ac3698538c63603907f9d,6055,0,0,no full simulation configuration in manifest
results/expanded_runtime_validation/profiles/high_load.csv,26b158dcc2ebc294d92ef27d9e70b71a362755728e9bd041d7f1dbaaf95fd3e3,1,1,0,disjoint full physical profiles
results/expanded_runtime_validation/profiles/warm_ambient.csv,01a20a502099b11cfc252a3fa5df145dd883a88e0b11c26ae6351345d54c1d77,1,1,0,disjoint full physical profiles
results/expanded_runtime_validation/profiles/custom_cycle.csv,d16cfe8f6bad2c43059fd2bb4dd22ce6c0c51e84f8a8c000472b9adb46176389,3,1,0,disjoint full physical profiles
results/cross_layer_safety_v6_1/final_validation/manifests/artifact_manifest.csv,2aadfd8a781c398b56bf4cdb456ef05c3433aab565da3f1556144134054ca6f8,6061,0,0,no full simulation configuration in manifest
results/cross_layer_safety_v6_2/final_validation/manifests/artifact_manifest.csv,2c21d4d0fee0ad6131096a27e09d755c88b569f73bc70d3ba4cf73d5ea60d2c4,6065,0,0,no full simulation configuration in manifest
results/clo_dsf_current/case_summary.csv,bd5d35a08e29eb896353b7d5cb369f00e6ddab4e140129697ac49653be177125,6240,1560,0,disjoint full physical profiles
results/negative_stress_validation/negative_stress_clean_profile_table.csv,d5e1dad0cc3a28861c3140f39fb2a9481dbc76b771c9de3bf07eec551c1e2d87,193,0,0,metadata summary; underlying saved profiles audited separately
results/negative_stress_validation/profiles/profile_duration_steady_600s.csv,51d453d7e476cc0503302b9f9713bdc5d3c902488b0cbbe6e40f264cc0983b52,1,1,0,disjoint full physical profiles
results/negative_stress_validation/profiles/profile_ambient_08_37c.csv,26df235c143e2bb73f30190f5d203dfc83e8f6b94dcc673b7c16d4b88cbe8c08,1,1,0,disjoint full physical profiles
results/negative_stress_validation/profiles/profile_load_07_72pct.csv,561f0c4a57871e942a16fcee0870528fd9dac42ee1f63f28b1e5804449a7e64b,1,1,0,disjoint full physical profiles
results/negative_stress_validation/profiles/profile_load_05_55pct.csv,af76a243a601efb16527ecac4b1a76893b287cdb88c8fac0f29cdd9718175739,1,1,0,disjoint full physical profiles
results/negative_stress_validation/profiles/profile_duration_steady_120s.csv,b951e558d5437e983d5cc2b3d453cc3a2133db0666d6849939838726182cdf23,1,1,0,disjoint full physical profiles
results/negative_stress_validation/profiles/profile_airflow_01_00pct.csv,5bf8fefa779a32b1497721e5186200ac80edd34b6fb337118cca1cb8ae60fa90,1,1,0,disjoint full physical profiles
results/negative_stress_validation/profiles/profile_combined_03_hot_stop_go.csv,651b3a6c97d28d4a319643a0a141f01fb2fb7dd5f9cde5e954ac0ac8fc93be58,8,1,0,disjoint full physical profiles
results/negative_stress_validation/profiles/profile_load_01_15pct.csv,8a5c77b64234e9d6febe8a3e589f6255be633a1611889d48cd8980d0024ee8b7,1,1,0,disjoint full physical profiles
results/negative_stress_validation/profiles/profile_dynamic_speed_08_airflow_transient.csv,7bbc1cb88bb091b8c24b7224053274e08646b381fa9db2cd57a4c890c3a9de80,8,1,0,disjoint full physical profiles
results/negative_stress_validation/profiles/profile_airflow_04_50pct.csv,8fbcf9a5c5961840309b512dd67122fc0f11f96caa746d346901d8df10eb055c,1,1,0,disjoint full physical profiles
results/negative_stress_validation/profiles/profile_load_04_45pct.csv,fde0a7800b23c616738ec5e231ed1d382a6e5afe0f2d9ef7a36473ce10a98930,1,1,0,disjoint full physical profiles
results/negative_stress_validation/profiles/profile_dynamic_load_07_hill_load.csv,dba8f6c80961bee48303b93fa63905dff83d0d88fda66b1d7feca46b92998013,8,1,0,disjoint full physical profiles
results/negative_stress_validation/profiles/profile_ambient_01_minus10c.csv,c4342d6cac6ffeb9c59958ce9406faf7976af293a9479ae170e45fad2883be86,1,1,0,disjoint full physical profiles
results/negative_stress_validation/profiles/profile_dynamic_load_06_short_pulses.csv,68fae97e56946d1f9183f89b71cd8516173a1aacaf5ad9573c9275a29f4db0d8,10,1,0,disjoint full physical profiles
results/negative_stress_validation/profiles/profile_dynamic_load_03_step_down_mild.csv,7658134ced98164d189ea68853fb731d57123fa36620e7acb648caa6d2207409,4,1,0,disjoint full physical profiles
results/negative_stress_validation/profiles/profile_dynamic_load_01_step_up_mild.csv,0a1e7d352b42af82ee8aec7d30b32dedc01d5206298867f74166db46e200caff,4,1,0,disjoint full physical profiles
results/negative_stress_validation/profiles/profile_combined_08_near_boundary_thermal.csv,9fc65a6fa8353c3c6868f87a35ad91061b5964a07045429b667929d3ce85627c,4,1,0,disjoint full physical profiles
results/negative_stress_validation/profiles/profile_speed_02_010kph.csv,e7e49824a6cefa5114067db77b9966c952bd267210069af685583b5be035d761,1,1,0,disjoint full physical profiles
results/negative_stress_validation/profiles/profile_combined_06_long_varying_speed.csv,67d77319c63424ac6511b82061c17d0c91b6ff4b009e92ef731c7f3467dadeb8,12,1,0,disjoint full physical profiles
results/negative_stress_validation/profiles/profile_speed_03_030kph.csv,95b1769e5c305c7e67c309cfee39f0f0e0ce09150ababff4b5a93d39df7b4a72,1,1,0,disjoint full physical profiles
results/negative_stress_validation/profiles/profile_dynamic_speed_02_stop_go_dense.csv,323707cbd91d346ab74e08790efc17f0f31cf7a61f3619390913c80711e6c45f,10,1,0,disjoint full physical profiles
results/negative_stress_validation/profiles/profile_dynamic_speed_06_highway_cycle.csv,b276aef06dea21710109b572caeb673cbfbc61168441c8302ca40d805172cb0a,8,1,0,disjoint full physical profiles
results/negative_stress_validation/profiles/profile_speed_01_000kph.csv,e399c9c6ada448f52a1fb429aa52d2411cabbca427094e3aec1d731086c53f20,1,1,0,disjoint full physical profiles
results/negative_stress_validation/profiles/profile_dynamic_load_05_repeated_pulses.csv,c0d18cca498b9c05052953b1bdeb630013eec9ff6ecc4a9398953ba19de535c0,8,1,0,disjoint full physical profiles
results/negative_stress_validation/profiles/profile_dynamic_speed_05_urban_cycle.csv,51edd69b3974dfd4ddf1b38864871c4d42b51d64055c8e28e3fdc307070d60df,8,1,0,disjoint full physical profiles
results/negative_stress_validation/profiles/profile_dynamic_speed_03_idle_to_highway.csv,6c4f21210b641a8af037122e5606b25e3a4bc7e40e1e6b6c35d226051e79e3be,6,1,0,disjoint full physical profiles
results/negative_stress_validation/profiles/profile_ambient_07_34c.csv,cfe4f9afbd82667de7e6313434a89cc77101666e64fa191e85ea6f024f753a56,1,1,0,disjoint full physical profiles
results/negative_stress_validation/profiles/profile_ambient_09_40c.csv,57537a074017c74f5ab58ee87895624b84d9350f7076b50f1e99a9c2e32b054d,1,1,0,disjoint full physical profiles
results/negative_stress_validation/profiles/profile_load_09_86pct.csv,86483f5b1fb0823148dc9e0d00405e40420485f2b63f9bd26a82905dd60a5971,1,1,0,disjoint full physical profiles
results/negative_stress_validation/profiles/profile_dynamic_speed_04_highway_to_idle.csv,3b0bed4361f604af696a9b04353e3b17486625e8559242d4c27835fc9247a63b,6,1,0,disjoint full physical profiles
results/negative_stress_validation/profiles/profile_dynamic_speed_07_cooldown.csv,3472b0af9b28ddf76c146fb617b414d7735bcf6727795696823be471a21862f2,6,1,0,disjoint full physical profiles
results/negative_stress_validation/profiles/profile_dynamic_load_08_smooth_wave.csv,c54d40969beb6191c9b5904d75a3afc9f82f03b844b55e80e200292f0298c357,12,1,0,disjoint full physical profiles
results/negative_stress_validation/profiles/profile_load_10_92pct.csv,dcab850d9ef282c7b52a93bdec1bf9f9002c69e9e137aa98e13097d653d2d920,1,1,0,disjoint full physical profiles
results/negative_stress_validation/profiles/profile_ambient_03_10c.csv,352f0e9f7d851fb517e1a0a207b5530c74024d74ca42bbf39cb5aaaef7d9df0f,1,1,0,disjoint full physical profiles
results/negative_stress_validation/profiles/profile_load_03_35pct.csv,968c15f70eba9eca904f055c7f5dfaee59a0f1f3b213b8bc998bf0dbaff2a889,1,1,0,disjoint full physical profiles
results/negative_stress_validation/profiles/profile_load_06_65pct.csv,b47b2344575c6fa5b0e8c02941037242d1e8eb70c8ba9abbb7f077fe29c00ca2,1,1,0,disjoint full physical profiles
results/negative_stress_validation/profiles/profile_ambient_04_20c.csv,2336975277a06a250129c0866306028e1048c82642b3814dd8340fc89c66628e,1,1,0,disjoint full physical profiles
results/negative_stress_validation/profiles/profile_duration_steady_300s.csv,cff2d607772b4e03c2ff147573d51a19caf4fabf877eeda6292b9c100717655a,1,1,0,disjoint full physical profiles
results/negative_stress_validation/profiles/profile_ambient_06_30c.csv,875667f732c2d1c4d3018dfa049583c0c0cafac24f9f6f10e84a4e2004166c2a,1,1,0,disjoint full physical profiles
results/negative_stress_validation/profiles/profile_dynamic_speed_01_stop_go_mild.csv,6d34eccc4640608f4644f4252ab48386a5a976639adc29ef2560a42d1d1afdc0,8,1,0,disjoint full physical profiles
results/negative_stress_validation/profiles/profile_speed_04_055kph.csv,4ab91341b4f2828f279eff7b5b6640b3b9b46d94f51132f9200972957da10037,1,1,0,disjoint full physical profiles
results/negative_stress_validation/profiles/profile_load_02_25pct.csv,519c68d727fe7c29bb9e4d52fbb0e81426e41f30a7dce1b634d470f7c113bda6,1,1,0,disjoint full physical profiles
results/negative_stress_validation/profiles/profile_combined_02_hot_low_speed.csv,6ac0cf4401f7a1cf57cfd49839e84785f4f68a37da90878487836c197e0b5036,1,1,0,disjoint full physical profiles
results/negative_stress_validation/profiles/profile_ambient_05_25c.csv,e821b8d1029283ac7f68608a0affd80778a39dad8983fa85ef504b88fdacbc63,1,1,0,disjoint full physical profiles
results/negative_stress_validation/profiles/profile_dynamic_load_02_step_up_strong.csv,9f0f17d47ba85b8b6aa8ede23e2eb32706659934067b4e6d9ee99745a90919c1,4,1,0,disjoint full physical profiles
results/negative_stress_validation/profiles/profile_airflow_02_15pct.csv,3bf5d194d452372038d1d932f129bbdf487c11dc482597b0b1a97749a630b102,1,1,0,disjoint full physical profiles
results/negative_stress_validation/profiles/profile_airflow_05_75pct.csv,84959ed7d4f984b188c6600081f991fcc338e8718cc3e0baa3c57b36f9a092fc,1,1,0,disjoint full physical profiles
results/negative_stress_validation/profiles/profile_airflow_03_30pct.csv,fe05b98e17ce2cdd15a49e2e0ebe359646318e9505c39630a3a18d0354ca834c,1,1,0,disjoint full physical profiles
results/negative_stress_validation/profiles/profile_load_08_80pct.csv,8524649cc799089447bbff4040778b17837f18cd88b457cfc60a84b9d4258d93,1,1,0,disjoint full physical profiles
results/negative_stress_validation/profiles/profile_speed_05_090kph.csv,f1004b5f9da89444ef25993c03f004018e257ecfbf0794e3a23e1fb9b24dc8c5,1,1,0,disjoint full physical profiles
results/negative_stress_validation/profiles/profile_ambient_10_42c.csv,3036764dbc9386c2050099ac8534d56e0872776ff381b0e44b28dd8203f6b5d1,1,1,0,disjoint full physical profiles
results/negative_stress_validation/profiles/profile_ambient_02_0c.csv,cea2f209652b8806358fd9f148cba246cf88783835811001bd34cdfefe714b53,1,1,0,disjoint full physical profiles
results/negative_stress_validation/profiles/profile_combined_05_long_moderate_load.csv,f7affcedebb19389b214283b625a9bf89246577657dbd3afb203fc2dd32f650d,1,1,0,disjoint full physical profiles
results/negative_stress_validation/profiles/profile_dynamic_load_04_step_down_strong.csv,997bae0606f8778e5dc6b3315c3d318a8635110fb52a8a67dbbd331236c23b20,4,1,0,disjoint full physical profiles
results/negative_stress_validation/profiles/profile_combined_01_hot_high_load.csv,289ade82c4e7d677678c323c793f0796309f05600a7a140dcb902853fb3df923,1,1,0,disjoint full physical profiles
results/negative_stress_validation/profiles/profile_combined_04_warm_load_pulses.csv,00a4fd28d9890b3aa33536a6ae25c1254f04236c7f69fb985c0ea34021c386e4,8,1,0,disjoint full physical profiles
results/negative_stress_validation/profiles/profile_combined_07_warm_hill_climb.csv,6a9f44dd19bf21827fbcc9179cf2e1a0ac19dca35a5ffdbf90048eb9b65c9485,8,1,0,disjoint full physical profiles
/tmp/clo-new-final-d040c341/new_manifest.csv,9b7603bd6a68e7c63afc63ad55299f12d007dc8af9f7730ab22f8afd5698f2a4,1500,1500,0,disjoint full physical profiles
/tmp/clo-fast-redundancy/prior_manifest.csv,58a9539ddf79c161f68013a4fe14ab4f5117e0f018f851b48faa0e9d5b435dfc,1400,1400,0,disjoint full physical profiles
/tmp/clo-final-pass/prior_manifest.csv,641150c3cf18bba447d44a4e8847ab57abb1bf7a0905e394a61594396be8bb9b,702,702,0,disjoint full physical profiles
/tmp/clo-slow-pass/prior_manifest.csv,d9d97666a0b81df3d220c35cf8222e489e360b3050c3e4fa4033206427466b5f,900,900,0,disjoint full physical profiles
/tmp/clo-detection/prior_manifest.csv,298e8d127ebc35cdf9b412558ab7f7770f96c1860c0906104354a9440bb73892,774,774,0,disjoint full physical profiles
/tmp/clo-refinement/prior_manifest.csv,a2d157a80ed78c01691e9f8c39c4c17d5b66a5873bae1a32972f92a5368dbc68,774,774,0,disjoint full physical profiles
/tmp/clo-benign-contract/prior_manifest.csv,ee6136d1e9e85eb88b754b43eb78849c4c39b74c99ebf19c07e3472d02f0165c,900,900,0,disjoint full physical profiles
