run_id,origin,model,behavior,magnitude,stuck_polarity,start_ms,duration_ms,group,partition,profile,profile_json,target_updates_json,workload,seed,simulation_duration_ms,sensor_variation,profile_semantic_sha256,configuration_sha256,initially_latent_stuck
current_0000,MEMORY,stuck_bit,transient,0,0,24700,9700,operating_family_0,development-train,current_profile_0000,"[{""ambient_temp_c"": 22.0, ""end_ms"": 18100, ""engine_load"": 0.29669999999999996, ""external_airflow_factor"": 0, ""road_slope_percent"": 0, ""start_ms"": 0, ""vehicle_speed_kph"": 48.989999999999995}, {""ambient_temp_c"": 22.0, ""end_ms"": 49300, ""engine_load"": 0.43, ""external_airflow_factor"": 0, ""road_slope_percent"": 0, ""start_ms"": 18100, ""vehicle_speed_kph"": 71}, {""ambient_temp_c"": 22.0, ""end_ms"": 87100, ""engine_load"": 0.3569, ""external_airflow_factor"": 0, ""road_slope_percent"": 0, ""start_ms"": 49300, ""vehicle_speed_kph"": 58.93}, {""ambient_temp_c"": 22.0, ""end_ms"": 120000, ""engine_load"": 0.4085, ""external_airflow_factor"": 0, ""road_slope_percent"": 0, ""start_ms"": 87100, ""vehicle_speed_kph"": 67.45}]",[],static_target,1201,120000,0:0:6000,0edfb8c251f03d293eaeb1f847e3a6bfcc59e3ffcc978ce3195f6ad3464f1dbe,f3dd0c41089e8233706424fdf9b0458b20983fdabef591c564f4f399d9267570,1
current_0001,MEMORY,stuck_bit,intermittent,0,0,25000,13700,operating_family_0,development-train,current_profile_0001,"[{""ambient_temp_c"": 22.003, ""end_ms"": 18100, ""engine_load"": 0.29681729999999995, ""external_airflow_factor"": 0, ""road_slope_percent"": 0, ""start_ms"": 0, ""vehicle_speed_kph"": 48.989999999999995}, {""ambient_temp_c"": 22.003, ""end_ms"": 49300, ""engine_load"": 0.43017, ""external_airflow_factor"": 0, ""road_slope_percent"": 0, ""start_ms"": 18100, ""vehicle_speed_kph"": 71}, {""ambient_temp_c"": 22.003, ""end_ms"": 87100, ""engine_load"": 0.3570411, ""external_airflow_factor"": 0, ""road_slope_percent"": 0, ""start_ms"": 49300, ""vehicle_speed_kph"": 58.93}, {""ambient_temp_c"": 22.003, ""end_ms"": 120000, ""engine_load"": 0.40866149999999996, ""external_airflow_factor"": 0, ""road_slope_percent"": 0, ""start_ms"": 87100, ""vehicle_speed_kph"": 67.45}]","[[30000, 99], [60000, 92]]",authorized_updates,1202,120000,0:0:6000,3dccd86238bb1e7d0eca1bba65b4176e77bfa4762cc6b36497f7635593511bdb,02fe6995de6af9b564a40da3c01333c3ddb2bca5b3eb234694be91065d3d0fb4,1
current_0002,MEMORY,stuck_bit,permanent,0,0,25300,18500,operating_family_0,development-train,current_profile_0002,"[{""ambient_temp_c"": 22.006, ""end_ms"": 18100, ""engine_load"": 0.2969346, ""external_airflow_factor"": 0, ""road_slope_percent"": 0, ""start_ms"": 0, ""vehicle_speed_kph"": 48.989999999999995}, {""ambient_temp_c"": 22.006, ""end_ms"": 49300, ""engine_load"": 0.43034, ""external_airflow_factor"": 0, ""road_slope_percent"": 0, ""start_ms"": 18100, ""vehicle_speed_kph"": 71}, {""ambient_temp_c"": 22.006, ""end_ms"": 87100, ""engine_load"": 0.3571822, ""external_airflow_factor"": 0, ""road_slope_percent"": 0, ""start_ms"": 49300, ""vehicle_speed_kph"": 58.93}, {""ambient_temp_c"": 22.006, ""end_ms"": 120000, ""engine_load"": 0.408823, ""external_airflow_factor"": 0, ""road_slope_percent"": 0, ""start_ms"": 87100, ""vehicle_speed_kph"": 67.45}]",[],static_target,1203,120000,0:0:6000,cea1d6604c8a6746322396d63ceff175170b3fca2d3995eebea5d8d155630518,f67d6924cb75d190e237e6a32ed6e1f59a0615dc723c5c15c7e0845062e992dc,1
current_0003,MEMORY,stuck_bit,transient,0,1,25600,9700,operating_family_0,development-train,current_profile_0003,"[{""ambient_temp_c"": 22.009, ""end_ms"": 18100, ""engine_load"": 0.2970519, ""external_airflow_factor"": 0, ""road_slope_percent"": 0, ""start_ms"": 0, ""vehicle_speed_kph"": 48.989999999999995}, {""ambient_temp_c"": 22.009, ""end_ms"": 49300, ""engine_load"": 0.43051, ""external_airflow_factor"": 0, ""road_slope_percent"": 0, ""start_ms"": 18100, ""vehicle_speed_kph"": 71}, {""ambient_temp_c"": 22.009, ""end_ms"": 87100, ""engine_load"": 0.3573233, ""external_airflow_factor"": 0, ""road_slope_percent"": 0, ""start_ms"": 49300, ""vehicle_speed_kph"": 58.93}, {""ambient_temp_c"": 22.009, ""end_ms"": 120000, ""engine_load"": 0.4089845, ""external_airflow_factor"": 0, ""road_slope_percent"": 0, ""start_ms"": 87100, ""vehicle_speed_kph"": 67.45}]","[[30000, 99], [60000, 92]]",authorized_updates,1204,120000,0:0:6000,f94c902583fd405a9ce74d4f07b531e5498a342d505a261727e1dabb08cfb86b,3dcc7ed222ef46414ca719a2c33b0f4bb0ef4f20833240cb1b990dff49734536,0
current_0004,MEMORY,stuck_bit,intermittent,0,1,25900,13700,operating_family_0,development-train,current_profile_0004,"[{""ambient_temp_c"": 22.012, ""end_ms"": 18100, ""engine_load"": 0.29716919999999997, ""external_airflow_factor"": 0, ""road_slope_percent"": 0, ""start_ms"": 0, ""vehicle_speed_kph"": 48.989999999999995}, {""ambient_temp_c"": 22.012, ""end_ms"": 49300, ""engine_load"": 0.43068, ""external_airflow_factor"": 0, ""road_slope_percent"": 0, ""start_ms"": 18100, ""vehicle_speed_kph"": 71}, {""ambient_temp_c"": 22.012, ""end_ms"": 87100, ""engine_load"": 0.3574644, ""external_airflow_factor"": 0, ""road_slope_percent"": 0, ""start_ms"": 49300, ""vehicle_speed_kph"": 58.93}, {""ambient_temp_c"": 22.012, ""end_ms"": 120000, ""engine_load"": 0.409146, ""external_airflow_factor"": 0, ""road_slope_percent"": 0, ""start_ms"": 87100, ""vehicle_speed_kph"": 67.45}]",[],static_target,1205,120000,0:0:6000,7e57d97c47773f8e9b3ec9fab84111e6a7fa5c11fbec152e57bfd2a436008462,d12501a6eba17f979a49ccf89c29e87dd32f3969cf7f8ba0fdefc228d4ae63d9,0
current_0005,MEMORY,stuck_bit,permanent,0,1,26200,18500,operating_family_0,development-train,current_profile_0005,"[{""ambient_temp_c"": 22.015, ""end_ms"": 18100, ""engine_load"": 0.2972865, ""external_airflow_factor"": 0, ""road_slope_percent"": 0, ""start_ms"": 0, ""vehicle_speed_kph"": 48.989999999999995}, {""ambient_temp_c"": 22.015, ""end_ms"": 49300, ""engine_load"": 0.43085, ""external_airflow_factor"": 0, ""road_slope_percent"": 0, ""start_ms"": 18100, ""vehicle_speed_kph"": 71}, {""ambient_temp_c"": 22.015, ""end_ms"": 87100, ""engine_load"": 0.35760549999999997, ""external_airflow_factor"": 0, ""road_slope_percent"": 0, ""start_ms"": 49300, ""vehicle_speed_kph"": 58.93}, {""ambient_temp_c"": 22.015, ""end_ms"": 120000, ""engine_load"": 0.4093075, ""external_airflow_factor"": 0, ""road_slope_percent"": 0, ""start_ms"": 87100, ""vehicle_speed_kph"": 67.45}]","[[30000, 99], [60000, 92]]",authorized_updates,1206,120000,0:0:6000,79167e0fca241a854ff2d5fc6e25fe9bf4cbdcf83e1f389fff3ec439d426d9b3,af89ce931f5bdbbf71b44abb13b24c44c15f58bafc3a64c4d249cb15c8c413d5,0
current_0006,MEMORY,stuck_bit,transient,1,0,26500,9700,operating_family_0,development-train,current_profile_0006,"[{""ambient_temp_c"": 22.018, ""end_ms"": 18100, ""engine_load"": 0.2974038, ""external_airflow_factor"": 0, ""road_slope_percent"": 0, ""start_ms"": 0, ""vehicle_speed_kph"": 48.989999999999995}, {""ambient_temp_c"": 22.018, ""end_ms"": 49300, ""engine_load"": 0.43102, ""external_airflow_factor"": 0, ""road_slope_percent"": 0, ""start_ms"": 18100, ""vehicle_speed_kph"": 71}, {""ambient_temp_c"": 22.018, ""end_ms"": 87100, ""engine_load"": 0.35774659999999997, ""external_airflow_factor"": 0, ""road_slope_percent"": 0, ""start_ms"": 49300, ""vehicle_speed_kph"": 58.93}, {""ambient_temp_c"": 22.018, ""end_ms"": 120000, ""engine_load"": 0.40946899999999997, ""external_airflow_factor"": 0, ""road_slope_percent"": 0, ""start_ms"": 87100, ""vehicle_speed_kph"": 67.45}]",[],static_target,1207,120000,0:0:6000,c08070ec2f726cfb6fd161786650144273495adc219e025744176df959f62400,b71189f30fa0d7d97fd4a02c9f7020b2868a95aacb1e2b8a6dc9591e7f02c2f7,1
current_0007,MEMORY,stuck_bit,intermittent,1,0,26800,13700,operating_family_0,development-train,current_profile_0007,"[{""ambient_temp_c"": 22.021, ""end_ms"": 18100, ""engine_load"": 0.2975211, ""external_airflow_factor"": 0, ""road_slope_percent"": 0, ""start_ms"": 0, ""vehicle_speed_kph"": 48.989999999999995}, {""ambient_temp_c"": 22.021, ""end_ms"": 49300, ""engine_load"": 0.43119, ""external_airflow_factor"": 0, ""road_slope_percent"": 0, ""start_ms"": 18100, ""vehicle_speed_kph"": 71}, {""ambient_temp_c"": 22.021, ""end_ms"": 87100, ""engine_load"": 0.3578877, ""external_airflow_factor"": 0, ""road_slope_percent"": 0, ""start_ms"": 49300, ""vehicle_speed_kph"": 58.93}, {""ambient_temp_c"": 22.021, ""end_ms"": 120000, ""engine_load"": 0.4096305, ""external_airflow_factor"": 0, ""road_slope_percent"": 0, ""start_ms"": 87100, ""vehicle_speed_kph"": 67.45}]","[[30000, 99], [60000, 92]]",authorized_updates,1208,120000,0:0:6000,52d4f8168aefc685ca7d084e75e8d72aa0385b69997f34e71a627202d8ab759f,ba415fd0952c197533b5c04c163ba3160e04fbaf5ea03615f6444422721f659e,1
current_0008,MEMORY,stuck_bit,permanent,1,0,24700,18500,operating_family_0,development-train,current_profile_0008,"[{""ambient_temp_c"": 22.024, ""end_ms"": 18100, ""engine_load"": 0.29763839999999997, ""external_airflow_factor"": 0, ""road_slope_percent"": 0, ""start_ms"": 0, ""vehicle_speed_kph"": 48.989999999999995}, {""ambient_temp_c"": 22.024, ""end_ms"": 49300, ""engine_load"": 0.43135999999999997, ""external_airflow_factor"": 0, ""road_slope_percent"": 0, ""start_ms"": 18100, ""vehicle_speed_kph"": 71}, {""ambient_temp_c"": 22.024, ""end_ms"": 87100, ""engine_load"": 0.3580288, ""external_airflow_factor"": 0, ""road_slope_percent"": 0, ""start_ms"": 49300, ""vehicle_speed_kph"": 58.93}, {""ambient_temp_c"": 22.024, ""end_ms"": 120000, ""engine_load"": 0.40979199999999993, ""external_airflow_factor"": 0, ""road_slope_percent"": 0, ""start_ms"": 87100, ""vehicle_speed_kph"": 67.45}]",[],static_target,1209,120000,0:0:6000,c0b63bcdea93a7f84d472af5ff08961399b99ce985dc8925e5396d0bee3405f6,144c569131ff23286989247799f24872fa88b44ce7a7401c5bdc8da091df8b61,1
current_0009,MEMORY,stuck_bit,transient,1,1,25000,9700,operating_family_0,development-train,current_profile_0009,"[{""ambient_temp_c"": 22.027, ""end_ms"": 18100, ""engine_load"": 0.29775569999999996, ""external_airflow_factor"": 0, ""road_slope_percent"": 0, ""start_ms"": 0, ""vehicle_speed_kph"": 48.989999999999995}, {""ambient_temp_c"": 22.027, ""end_ms"": 49300, ""engine_load"": 0.43152999999999997, ""external_airflow_factor"": 0, ""road_slope_percent"": 0, ""start_ms"": 18100, ""vehicle_speed_kph"": 71}, {""ambient_temp_c"": 22.027, ""end_ms"": 87100, ""engine_load"": 0.35816989999999993, ""external_airflow_factor"": 0, ""road_slope_percent"": 0, ""start_ms"": 49300, ""vehicle_speed_kph"": 58.93}, {""ambient_temp_c"": 22.027, ""end_ms"": 120000, ""engine_load"": 0.40995349999999997, ""external_airflow_factor"": 0, ""road_slope_percent"": 0, ""start_ms"": 87100, ""vehicle_speed_kph"": 67.45}]","[[30000, 99], [60000, 92]]",authorized_updates,1210,120000,0:0:6000,be8e172a8624359fb7408f4a980f76fd65f4b9b6cb945e87d52e02b331063393,3e32ddf731b93504287ae89eb0e58e987be22cf374bf63932475ac81b94c5f70,0
current_0010,MEMORY,stuck_bit,intermittent,1,1,25300,13700,operating_family_0,development-train,current_profile_0010,"[{""ambient_temp_c"": 22.03, ""end_ms"": 18100, ""engine_load"": 0.29787299999999994, ""external_airflow_factor"": 0, ""road_slope_percent"": 0, ""start_ms"": 0, ""vehicle_speed_kph"": 48.989999999999995}, {""ambient_temp_c"": 22.03, ""end_ms"": 49300, ""engine_load"": 0.4317, ""external_airflow_factor"": 0, ""road_slope_percent"": 0, ""start_ms"": 18100, ""vehicle_speed_kph"": 71}, {""ambient_temp_c"": 22.03, ""end_ms"": 87100, ""engine_load"": 0.35831099999999994, ""external_airflow_factor"": 0, ""road_slope_percent"": 0, ""start_ms"": 49300, ""vehicle_speed_kph"": 58.93}, {""ambient_temp_c"": 22.03, ""end_ms"": 120000, ""engine_load"": 0.41011499999999995, ""external_airflow_factor"": 0, ""road_slope_percent"": 0, ""start_ms"": 87100, ""vehicle_speed_kph"": 67.45}]",[],static_target,1211,120000,0:0:6000,75cfd339498374310b622c67e319524276469d93ee303538ed6dbad6e3386347,aee63bccada864db1a703234adc03384df9eddf056f2def59061cb5b0b75dd6c,0
current_0011,MEMORY,stuck_bit,permanent,1,1,25600,18500,operating_family_0,development-train,current_profile_0011,"[{""ambient_temp_c"": 22.033, ""end_ms"": 18100, ""engine_load"": 0.2979903, ""external_airflow_factor"": 0, ""road_slope_percent"": 0, ""start_ms"": 0, ""vehicle_speed_kph"": 48.989999999999995}, {""ambient_temp_c"": 22.033, ""end_ms"": 49300, ""engine_load"": 0.43187, ""external_airflow_factor"": 0, ""road_slope_percent"": 0, ""start_ms"": 18100, ""vehicle_speed_kph"": 71}, {""ambient_temp_c"": 22.033, ""end_ms"": 87100, ""engine_load"": 0.35845209999999994, ""external_airflow_factor"": 0, ""road_slope_percent"": 0, ""start_ms"": 49300, ""vehicle_speed_kph"": 58.93}, {""ambient_temp_c"": 22.033, ""end_ms"": 120000, ""engine_load"": 0.41027649999999993, ""external_airflow_factor"": 0, ""road_slope_percent"": 0, ""start_ms"": 87100, ""vehicle_speed_kph"": 67.45}]","[[30000, 99], [60000, 92]]",authorized_updates,1212,120000,0:0:6000,ea3bcbf6da869d7f8159010b8fc1a0f48483dd39f14f8e6f1d3e98a28e339946,9b465a05fe8391c49142bd19675b5d9f200447009d6067daa32fa6b652a3303e,0
current_0012,MEMORY,stuck_bit,transient,2,0,25900,9700,operating_family_0,development-train,current_profile_0012,"[{""ambient_temp_c"": 22.036, ""end_ms"": 18100, ""engine_load"": 0.2981076, ""external_airflow_factor"": 0, ""road_slope_percent"": 0, ""start_ms"": 0, ""vehicle_speed_kph"": 48.989999999999995}, {""ambient_temp_c"": 22.036, ""end_ms"": 49300, ""engine_load"": 0.43204, ""external_airflow_factor"": 0, ""road_slope_percent"": 0, ""start_ms"": 18100, ""vehicle_speed_kph"": 71}, {""ambient_temp_c"": 22.036, ""end_ms"": 87100, ""engine_load"": 0.35859319999999995, ""external_airflow_factor"": 0, ""road_slope_percent"": 0, ""start_ms"": 49300, ""vehicle_speed_kph"": 58.93}, {""ambient_temp_c"": 22.036, ""end_ms"": 120000, ""engine_load"": 0.41043799999999997, ""external_airflow_factor"": 0, ""road_slope_percent"": 0, ""start_ms"": 87100, ""vehicle_speed_kph"": 67.45}]",[],static_target,1213,120000,0:0:6000,c1f576287a82add051fc071676ebc39acf9d4a6a9f6bb6664119bead85cb164b,2954ac3d3bb07c3c2c965b69a73ac9968fa8939324a9e2de9b0c297d709e9c49,0
current_0013,MEMORY,stuck_bit,intermittent,2,0,26200,13700,operating_family_0,development-train,current_profile_0013,"[{""ambient_temp_c"": 22.039, ""end_ms"": 18100, ""engine_load"": 0.29822489999999996, ""external_airflow_factor"": 0, ""road_slope_percent"": 0, ""start_ms"": 0, ""vehicle_speed_kph"": 48.989999999999995}, {""ambient_temp_c"": 22.039, ""end_ms"": 49300, ""engine_load"": 0.43221, ""external_airflow_factor"": 0, ""road_slope_percent"": 0, ""start_ms"": 18100, ""vehicle_speed_kph"": 71}, {""ambient_temp_c"": 22.039, ""end_ms"": 87100, ""engine_load"": 0.35873429999999995, ""external_airflow_factor"": 0, ""road_slope_percent"": 0, ""start_ms"": 49300, ""vehicle_speed_kph"": 58.93}, {""ambient_temp_c"": 22.039, ""end_ms"": 120000, ""engine_load"": 0.41059949999999995, ""external_airflow_factor"": 0, ""road_slope_percent"": 0, ""start_ms"": 87100, ""vehicle_speed_kph"": 67.45}]","[[30000, 99], [60000, 92]]",authorized_updates,1214,120000,0:0:6000,9bf6ef75b5b0ed23d52fcfa1be5617431a0f312ff7fba89cdce16c1473dba1de,d17276f00647a10cc867f725309aa34fd52d1b28ebd6cd86ca560b42ada510b6,0
current_0014,MEMORY,stuck_bit,permanent,2,0,26500,18500,operating_family_0,development-train,current_profile_0014,"[{""ambient_temp_c"": 22.042, ""end_ms"": 18100, ""engine_load"": 0.29834219999999995, ""external_airflow_factor"": 0, ""road_slope_percent"": 0, ""start_ms"": 0, ""vehicle_speed_kph"": 48.989999999999995}, {""ambient_temp_c"": 22.042, ""end_ms"": 49300, ""engine_load"": 0.43238, ""external_airflow_factor"": 0, ""road_slope_percent"": 0, ""start_ms"": 18100, ""vehicle_speed_kph"": 71}, {""ambient_temp_c"": 22.042, ""end_ms"": 87100, ""engine_load"": 0.35887539999999996, ""external_airflow_factor"": 0, ""road_slope_percent"": 0, ""start_ms"": 49300, ""vehicle_speed_kph"": 58.93}, {""ambient_temp_c"": 22.042, ""end_ms"": 120000, ""engine_load"": 0.410761, ""external_airflow_factor"": 0, ""road_slope_percent"": 0, ""start_ms"": 87100, ""vehicle_speed_kph"": 67.45}]",[],static_target,1215,120000,0:0:6000,b832bf6edc73964a2a39bbba5dc30fd25dbebfc415a6297c350800d3fbeb6231,17fd6bf8f316f8fd5b0ec04cbb4ee64a9288061f5d96918d4fbc92fb28ee0b34,0
current_0015,MEMORY,stuck_bit,transient,2,1,26800,9700,operating_family_0,development-train,current_profile_0015,"[{""ambient_temp_c"": 22.045, ""end_ms"": 18100, ""engine_load"": 0.2984595, ""external_airflow_factor"": 0, ""road_slope_percent"": 0, ""start_ms"": 0, ""vehicle_speed_kph"": 48.989999999999995}, {""ambient_temp_c"": 22.045, ""end_ms"": 49300, ""engine_load"": 0.43255, ""external_airflow_factor"": 0, ""road_slope_percent"": 0, ""start_ms"": 18100, ""vehicle_speed_kph"": 71}, {""ambient_temp_c"": 22.045, ""end_ms"": 87100, ""engine_load"": 0.35901649999999996, ""external_airflow_factor"": 0, ""road_slope_percent"": 0, ""start_ms"": 49300, ""vehicle_speed_kph"": 58.93}, {""ambient_temp_c"": 22.045, ""end_ms"": 120000, ""engine_load"": 0.41092249999999997, ""external_airflow_factor"": 0, ""road_slope_percent"": 0, ""start_ms"": 87100, ""vehicle_speed_kph"": 67.45}]","[[30000, 99], [60000, 92]]",authorized_updates,1216,120000,0:0:6000,5b5f8048e388734b13e8b83942eab3274fe7fe95c65bbd0d83558658b39b9589,2d9d551865bba74a5aaf5c454e5876bc2ce49febc98450e4ff18510224aba3c1,1
current_0016,MEMORY,stuck_bit,intermittent,2,1,24700,13700,operating_family_0,development-train,current_profile_0016,"[{""ambient_temp_c"": 22.048, ""end_ms"": 18100, ""engine_load"": 0.2985768, ""external_airflow_factor"": 0, ""road_slope_percent"": 0, ""start_ms"": 0, ""vehicle_speed_kph"": 48.989999999999995}, {""ambient_temp_c"": 22.048, ""end_ms"": 49300, ""engine_load"": 0.43272, ""external_airflow_factor"": 0, ""road_slope_percent"": 0, ""start_ms"": 18100, ""vehicle_speed_kph"": 71}, {""ambient_temp_c"": 22.048, ""end_ms"": 87100, ""engine_load"": 0.35915759999999997, ""external_airflow_factor"": 0, ""road_slope_percent"": 0, ""start_ms"": 49300, ""vehicle_speed_kph"": 58.93}, {""ambient_temp_c"": 22.048, ""end_ms"": 120000, ""engine_load"": 0.41108399999999995, ""external_airflow_factor"": 0, ""road_slope_percent"": 0, ""start_ms"": 87100, ""vehicle_speed_kph"": 67.45}]",[],static_target,1217,120000,0:0:6000,b2fb6099b7dc11e185bf01ef5e74dfaec373fdb1a007e8b94fdabc0c8b0073d4,702a1e54a2fbf2da057be5bc19ac396cbf9409b1fd21ca28a7f959c1c15b3e4d,1
current_0017,MEMORY,stuck_bit,permanent,2,1,25000,18500,operating_family_0,development-train,current_profile_0017,"[{""ambient_temp_c"": 22.051, ""end_ms"": 18100, ""engine_load"": 0.29869409999999996, ""external_airflow_factor"": 0, ""road_slope_percent"": 0, ""start_ms"": 0, ""vehicle_speed_kph"": 48.989999999999995}, {""ambient_temp_c"": 22.051, ""end_ms"": 49300, ""engine_load"": 0.43289, ""external_airflow_factor"": 0, ""road_slope_percent"": 0, ""start_ms"": 18100, ""vehicle_speed_kph"": 71}, {""ambient_temp_c"": 22.051, ""end_ms"": 87100, ""engine_load"": 0.35929869999999997, ""external_airflow_factor"": 0, ""road_slope_percent"": 0, ""start_ms"": 49300, ""vehicle_speed_kph"": 58.93}, {""ambient_temp_c"": 22.051, ""end_ms"": 120000, ""engine_load"": 0.4112455, ""external_airflow_factor"": 0, ""road_slope_percent"": 0, ""start_ms"": 87100, ""vehicle_speed_kph"": 67.45}]","[[30000, 99], [60000, 92]]",authorized_updates,1218,120000,0:0:6000,e1f69a1136b74b9cd3c9bd533a65b5c454d733e90983d94bcd03e48357332401,ca212525d91ce4c0a27639b6f3fb95b27f704376d684ce81f08f8c44f0f2cb92,1
current_0018,MEMORY,stuck_bit,transient,3,0,25300,9700,operating_family_0,development-train,current_profile_0018,"[{""ambient_temp_c"": 22.054, ""end_ms"": 18100, ""engine_load"": 0.2988114, ""external_airflow_factor"": 0, ""road_slope_percent"": 0, ""start_ms"": 0, ""vehicle_speed_kph"": 48.989999999999995}, {""ambient_temp_c"": 22.054, ""end_ms"": 49300, ""engine_load"": 0.43306, ""external_airflow_factor"": 0, ""road_slope_percent"": 0, ""start_ms"": 18100, ""vehicle_speed_kph"": 71}, {""ambient_temp_c"": 22.054, ""end_ms"": 87100, ""engine_load"": 0.3594398, ""external_airflow_factor"": 0, ""road_slope_percent"": 0, ""start_ms"": 49300, ""vehicle_speed_kph"": 58.93}, {""ambient_temp_c"": 22.054, ""end_ms"": 120000, ""engine_load"": 0.41140699999999997, ""external_airflow_factor"": 0, ""road_slope_percent"": 0, ""start_ms"": 87100, ""vehicle_speed_kph"": 67.45}]",[],static_target,1219,120000,0:0:6000,a24de264a5f8ecb52fdd5ab757a192f4c04cd495d1a7fbb2711b3f62e444812c,cd48fa113f9cbe10a7d5c3730d5bd2ef0471dbfeaf0c063929ba18ffb201c281,0
current_0019,MEMORY,stuck_bit,intermittent,3,0,25600,13700,operating_family_0,development-train,current_profile_0019,"[{""ambient_temp_c"": 22.057, ""end_ms"": 18100, ""engine_load"": 0.2989287, ""external_airflow_factor"": 0, ""road_slope_percent"": 0, ""start_ms"": 0, ""vehicle_speed_kph"": 48.989999999999995}, {""ambient_temp_c"": 22.057, ""end_ms"": 49300, ""engine_load"": 0.43323, ""external_airflow_factor"": 0, ""road_slope_percent"": 0, ""start_ms"": 18100, ""vehicle_speed_kph"": 71}, {""ambient_temp_c"": 22.057, ""end_ms"": 87100, ""engine_load"": 0.3595809, ""external_airflow_factor"": 0, ""road_slope_percent"": 0, ""start_ms"": 49300, ""vehicle_speed_kph"": 58.93}, {""ambient_temp_c"": 22.057, ""end_ms"": 120000, ""engine_load"": 0.4115685, ""external_airflow_factor"": 0, ""road_slope_percent"": 0, ""start_ms"": 87100, ""vehicle_speed_kph"": 67.45}]","[[30000, 99], [60000, 92]]",authorized_updates,1220,120000,0:0:6000,4d746d1bef20d9b8ec56a8c0c834df5b6b5f6244c1167cdbfae30ad7a35fb14c,74cb1a57bac458ae9574cd38879c4be2b8a677b2b9c47c510450f57870729776,0
current_0020,MEMORY,stuck_bit,permanent,3,0,25900,18500,operating_family_0,development-train,current_profile_0020,"[{""ambient_temp_c"": 22.06, ""end_ms"": 18100, ""engine_load"": 0.299046, ""external_airflow_factor"": 0, ""road_slope_percent"": 0, ""start_ms"": 0, ""vehicle_speed_kph"": 48.989999999999995}, {""ambient_temp_c"": 22.06, ""end_ms"": 49300, ""engine_load"": 0.4334, ""external_airflow_factor"": 0, ""road_slope_percent"": 0, ""start_ms"": 18100, ""vehicle_speed_kph"": 71}, {""ambient_temp_c"": 22.06, ""end_ms"": 87100, ""engine_load"": 0.359722, ""external_airflow_factor"": 0, ""road_slope_percent"": 0, ""start_ms"": 49300, ""vehicle_speed_kph"": 58.93}, {""ambient_temp_c"": 22.06, ""end_ms"": 120000, ""engine_load"": 0.41173, ""external_airflow_factor"": 0, ""road_slope_percent"": 0, ""start_ms"": 87100, ""vehicle_speed_kph"": 67.45}]",[],static_target,1221,120000,0:0:6000,6ddf13e36e367e79438296a3fc300c173ed13761bc3022dca0885c760af21658,0dfd4d49aa804d156b9d08776928bf5d2f9f7cc766c31c52291cff4471e23c71,0
current_0021,MEMORY,stuck_bit,transient,3,1,26200,9700,operating_family_0,development-train,current_profile_0021,"[{""ambient_temp_c"": 22.063, ""end_ms"": 18100, ""engine_load"": 0.29916329999999997, ""external_airflow_factor"": 0, ""road_slope_percent"": 0, ""start_ms"": 0, ""vehicle_speed_kph"": 48.989999999999995}, {""ambient_temp_c"": 22.063, ""end_ms"": 49300, ""engine_load"": 0.43357, ""external_airflow_factor"": 0, ""road_slope_percent"": 0, ""start_ms"": 18100, ""vehicle_speed_kph"": 71}, {""ambient_temp_c"": 22.063, ""end_ms"": 87100, ""engine_load"": 0.3598631, ""external_airflow_factor"": 0, ""road_slope_percent"": 0, ""start_ms"": 49300, ""vehicle_speed_kph"": 58.93}, {""ambient_temp_c"": 22.063, ""end_ms"": 120000, ""engine_load"": 0.41189149999999997, ""external_airflow_factor"": 0, ""road_slope_percent"": 0, ""start_ms"": 87100, ""vehicle_speed_kph"": 67.45}]","[[30000, 99], [60000, 92]]",authorized_updates,1222,120000,0:0:6000,ded1a241b42cb9e1ce8bc5c20dbf4b67979be07e1250e8b49fa984dea62d8b1e,16a2864edfaa673ee965e99425fb95ba723cb6441ca584644fdb26ce03d3139d,1
current_0022,MEMORY,stuck_bit,intermittent,3,1,26500,13700,operating_family_0,development-train,current_profile_0022,"[{""ambient_temp_c"": 22.066, ""end_ms"": 18100, ""engine_load"": 0.2992806, ""external_airflow_factor"": 0, ""road_slope_percent"": 0, ""start_ms"": 0, ""vehicle_speed_kph"": 48.989999999999995}, {""ambient_temp_c"": 22.066, ""end_ms"": 49300, ""engine_load"": 0.43374, ""external_airflow_factor"": 0, ""road_slope_percent"": 0, ""start_ms"": 18100, ""vehicle_speed_kph"": 71}, {""ambient_temp_c"": 22.066, ""end_ms"": 87100, ""engine_load"": 0.3600042, ""external_airflow_factor"": 0, ""road_slope_percent"": 0, ""start_ms"": 49300, ""vehicle_speed_kph"": 58.93}, {""ambient_temp_c"": 22.066, ""end_ms"": 120000, ""engine_load"": 0.412053, ""external_airflow_factor"": 0, ""road_slope_percent"": 0, ""start_ms"": 87100, ""vehicle_speed_kph"": 67.45}]",[],static_target,1223,120000,0:0:6000,5364609e69859f168e9257d4a99b4fa0402b38590856d2c960598d2ebabd490a,90c040cbd96b5ce009569dfca3877a1fef59d28fc9df766c19af5a5d7c4213fd,1
current_0023,MEMORY,stuck_bit,permanent,3,1,26800,18500,operating_family_0,development-train,current_profile_0023,"[{""ambient_temp_c"": 22.069, ""end_ms"": 18100, ""engine_load"": 0.2993979, ""external_airflow_factor"": 0, ""road_slope_percent"": 0, ""start_ms"": 0, ""vehicle_speed_kph"": 48.989999999999995}, {""ambient_temp_c"": 22.069, ""end_ms"": 49300, ""engine_load"": 0.43391, ""external_airflow_factor"": 0, ""road_slope_percent"": 0, ""start_ms"": 18100, ""vehicle_speed_kph"": 71}, {""ambient_temp_c"": 22.069, ""end_ms"": 87100, ""engine_load"": 0.3601453, ""external_airflow_factor"": 0, ""road_slope_percent"": 0, ""start_ms"": 49300, ""vehicle_speed_kph"": 58.93}, {""ambient_temp_c"": 22.069, ""end_ms"": 120000, ""engine_load"": 0.4122145, ""external_airflow_factor"": 0, ""road_slope_percent"": 0, ""start_ms"": 87100, ""vehicle_speed_kph"": 67.45}]","[[30000, 99], [60000, 92]]",authorized_updates,1224,120000,0:0:6000,e3b5384d3fc5089d7e8ab1a68f6c553969dc73039a99c604f915820bf82159b0,15a8716b5e8a6eed261c8772351e7361632c67597951841c2d568c7fa3222d83,1
current_0024,MEMORY,stuck_bit,transient,4,0,24700,9700,operating_family_0,development-train,current_profile_0024,"[{""ambient_temp_c"": 22.072, ""end_ms"": 18100, ""engine_load"": 0.2995152, ""external_airflow_factor"": 0, ""road_slope_percent"": 0, ""start_ms"": 0, ""vehicle_speed_kph"": 48.989999999999995}, {""ambient_temp_c"": 22.072, ""end_ms"": 49300, ""engine_load"": 0.43408, ""external_airflow_factor"": 0, ""road_slope_percent"": 0, ""start_ms"": 18100, ""vehicle_speed_kph"": 71}, {""ambient_temp_c"": 22.072, ""end_ms"": 87100, ""engine_load"": 0.3602864, ""external_airflow_factor"": 0, ""road_slope_percent"": 0, ""start_ms"": 49300, ""vehicle_speed_kph"": 58.93}, {""ambient_temp_c"": 22.072, ""end_ms"": 120000, ""engine_load"": 0.412376, ""external_airflow_factor"": 0, ""road_slope_percent"": 0, ""start_ms"": 87100, ""vehicle_speed_kph"": 67.45}]",[],static_target,1225,120000,0:0:6000,9300c14196137c22d0ed51d1df9454e960e61d4f569aff39cfa0686d199be806,a24a9aa7f89f0797c710b5e2b0740c94b7bdd29e2efa6f823284df8fd411c464,0
current_0025,MEMORY,stuck_bit,intermittent,4,0,25000,13700,operating_family_0,development-train,current_profile_0025,"[{""ambient_temp_c"": 22.075, ""end_ms"": 18100, ""engine_load"": 0.29963249999999997, ""external_airflow_factor"": 0, ""road_slope_percent"": 0, ""start_ms"": 0, ""vehicle_speed_kph"": 48.989999999999995}, {""ambient_temp_c"": 22.075, ""end_ms"": 49300, ""engine_load"": 0.43424999999999997, ""external_airflow_factor"": 0, ""road_slope_percent"": 0, ""start_ms"": 18100, ""vehicle_speed_kph"": 71}, {""ambient_temp_c"": 22.075, ""end_ms"": 87100, ""engine_load"": 0.36042749999999996, ""external_airflow_factor"": 0, ""road_slope_percent"": 0, ""start_ms"": 49300, ""vehicle_speed_kph"": 58.93}, {""ambient_temp_c"": 22.075, ""end_ms"": 120000, ""engine_load"": 0.41253749999999995, ""external_airflow_factor"": 0, ""road_slope_percent"": 0, ""start_ms"": 87100, ""vehicle_speed_kph"": 67.45}]","[[30000, 99], [60000, 92]]",authorized_updates,1226,120000,0:0:6000,5f5c03803089e28cc2ba439a0444d6e16598cb6a17a233c7a29fd775852a7c5d,d6b417991b31f19dc6d7f9bac784948dcdcccf200a1f46821667f0ace0b57dd2,0
current_0026,MEMORY,stuck_bit,permanent,4,0,25300,18500,operating_family_0,development-train,current_profile_0026,"[{""ambient_temp_c"": 22.078, ""end_ms"": 18100, ""engine_load"": 0.29974979999999996, ""external_airflow_factor"": 0, ""road_slope_percent"": 0, ""start_ms"": 0, ""vehicle_speed_kph"": 48.989999999999995}, {""ambient_temp_c"": 22.078, ""end_ms"": 49300, ""engine_load"": 0.43442, ""external_airflow_factor"": 0, ""road_slope_percent"": 0, ""start_ms"": 18100, ""vehicle_speed_kph"": 71}, {""ambient_temp_c"": 22.078, ""end_ms"": 87100, ""engine_load"": 0.36056859999999996, ""external_airflow_factor"": 0, ""road_slope_percent"": 0, ""start_ms"": 49300, ""vehicle_speed_kph"": 58.93}, {""ambient_temp_c"": 22.078, ""end_ms"": 120000, ""engine_load"": 0.412699, ""external_airflow_factor"": 0, ""road_slope_percent"": 0, ""start_ms"": 87100, ""vehicle_speed_kph"": 67.45}]",[],static_target,1227,120000,0:0:6000,b9694d861cf14c0788c35f18e880c77cabae8c5a19cf330d20f2775fa5ae4027,df852f83673a156b27a2f9f6c14871edb8ed517152b97626ab6ef7eb1c1d252b,0
current_0027,MEMORY,stuck_bit,transient,4,1,25600,9700,operating_family_0,development-train,current_profile_0027,"[{""ambient_temp_c"": 22.081, ""end_ms"": 18100, ""engine_load"": 0.29986709999999994, ""external_airflow_factor"": 0, ""road_slope_percent"": 0, ""start_ms"": 0, ""vehicle_speed_kph"": 48.989999999999995}, {""ambient_temp_c"": 22.081, ""end_ms"": 49300, ""engine_load"": 0.43459, ""external_airflow_factor"": 0, ""road_slope_percent"": 0, ""start_ms"": 18100, ""vehicle_speed_kph"": 71}, {""ambient_temp_c"": 22.081, ""end_ms"": 87100, ""engine_load"": 0.36070969999999997, ""external_airflow_factor"": 0, ""road_slope_percent"": 0, ""start_ms"": 49300, ""vehicle_speed_kph"": 58.93}, {""ambient_temp_c"": 22.081, ""end_ms"": 120000, ""engine_load"": 0.41286049999999996, ""external_airflow_factor"": 0, ""road_slope_percent"": 0, ""start_ms"": 87100, ""vehicle_speed_kph"": 67.45}]","[[30000, 99], [60000, 92]]",authorized_updates,1228,120000,0:0:6000,0fdde5891c78b93bbaf2a1debab573b2be3541d8879c72a91c1aadc1c83eb793,edd9ad87ada94062b156db431834c4bfb4ff2c8268af90612bfafb661ea4157f,1
current_0028,MEMORY,stuck_bit,intermittent,4,1,25900,13700,operating_family_0,development-train,current_profile_0028,"[{""ambient_temp_c"": 22.084, ""end_ms"": 18100, ""engine_load"": 0.2999844, ""external_airflow_factor"": 0, ""road_slope_percent"": 0, ""start_ms"": 0, ""vehicle_speed_kph"": 48.989999999999995}, {""ambient_temp_c"": 22.084, ""end_ms"": 49300, ""engine_load"": 0.43476, ""external_airflow_factor"": 0, ""road_slope_percent"": 0, ""start_ms"": 18100, ""vehicle_speed_kph"": 71}, {""ambient_temp_c"": 22.084, ""end_ms"": 87100, ""engine_load"": 0.36085079999999997, ""external_airflow_factor"": 0, ""road_slope_percent"": 0, ""start_ms"": 49300, ""vehicle_speed_kph"": 58.93}, {""ambient_temp_c"": 22.084, ""end_ms"": 120000, ""engine_load"": 0.41302199999999994, ""external_airflow_factor"": 0, ""road_slope_percent"": 0, ""start_ms"": 87100, ""vehicle_speed_kph"": 67.45}]",[],static_target,1229,120000,0:0:6000,8b0e0378f4a60f2e7d75884c0e600d2842d33a2507dd8dc87da2352b43f3b332,1a5c1faccbb091d7fa7cbc82e3e17a0a39b9e61360123855a12519eb3ccc2baa,1
current_0029,MEMORY,stuck_bit,permanent,4,1,26200,18500,operating_family_0,development-train,current_profile_0029,"[{""ambient_temp_c"": 22.087, ""end_ms"": 18100, ""engine_load"": 0.30010169999999997, ""external_airflow_factor"": 0, ""road_slope_percent"": 0, ""start_ms"": 0, ""vehicle_speed_kph"": 48.989999999999995}, {""ambient_temp_c"": 22.087, ""end_ms"": 49300, ""engine_load"": 0.43493, ""external_airflow_factor"": 0, ""road_slope_percent"": 0, ""start_ms"": 18100, ""vehicle_speed_kph"": 71}, {""ambient_temp_c"": 22.087, ""end_ms"": 87100, ""engine_load"": 0.3609919, ""external_airflow_factor"": 0, ""road_slope_percent"": 0, ""start_ms"": 49300, ""vehicle_speed_kph"": 58.93}, {""ambient_temp_c"": 22.087, ""end_ms"": 120000, ""engine_load"": 0.4131835, ""external_airflow_factor"": 0, ""road_slope_percent"": 0, ""start_ms"": 87100, ""vehicle_speed_kph"": 67.45}]","[[30000, 99], [60000, 92]]",authorized_updates,1230,120000,0:0:6000,a7d6bca934040497c5a1094658883777f3c391594efd0979a3d30b4d519efd36,3157df13976277c755298d9aa478d2f7d435ba68a29fd45b88465d75891a46cd,1
current_0030,MEMORY,bit_flip,transient,0,0,26500,9700,operating_family_0,development-train,current_profile_0030,"[{""ambient_temp_c"": 22.09, ""end_ms"": 18100, ""engine_load"": 0.30021899999999996, ""external_airflow_factor"": 0, ""road_slope_percent"": 0, ""start_ms"": 0, ""vehicle_speed_kph"": 48.989999999999995}, {""ambient_temp_c"": 22.09, ""end_ms"": 49300, ""engine_load"": 0.4351, ""external_airflow_factor"": 0, ""road_slope_percent"": 0, ""start_ms"": 18100, ""vehicle_speed_kph"": 71}, {""ambient_temp_c"": 22.09, ""end_ms"": 87100, ""engine_load"": 0.361133, ""external_airflow_factor"": 0, ""road_slope_percent"": 0, ""start_ms"": 49300, ""vehicle_speed_kph"": 58.93}, {""ambient_temp_c"": 22.09, ""end_ms"": 120000, ""engine_load"": 0.41334499999999996, ""external_airflow_factor"": 0, ""road_slope_percent"": 0, ""start_ms"": 87100, ""vehicle_speed_kph"": 67.45}]",[],static_target,1231,120000,0:0:6000,995f30a818bff26b06c7e21be4957495a60ec63112dc52f1c8c2185ed539c3ce,7e527a3eb84a7d750c7753509daac34678f96695dd80d6ee7b93d363b7668673,0
current_0031,MEMORY,bit_flip,intermittent,0,0,26800,13700,operating_family_0,development-train,current_profile_0031,"[{""ambient_temp_c"": 22.093, ""end_ms"": 18100, ""engine_load"": 0.30033629999999994, ""external_airflow_factor"": 0, ""road_slope_percent"": 0, ""start_ms"": 0, ""vehicle_speed_kph"": 48.989999999999995}, {""ambient_temp_c"": 22.093, ""end_ms"": 49300, ""engine_load"": 0.43527, ""external_airflow_factor"": 0, ""road_slope_percent"": 0, ""start_ms"": 18100, ""vehicle_speed_kph"": 71}, {""ambient_temp_c"": 22.093, ""end_ms"": 87100, ""engine_load"": 0.3612741, ""external_airflow_factor"": 0, ""road_slope_percent"": 0, ""start_ms"": 49300, ""vehicle_speed_kph"": 58.93}, {""ambient_temp_c"": 22.093, ""end_ms"": 120000, ""engine_load"": 0.4135065, ""external_airflow_factor"": 0, ""road_slope_percent"": 0, ""start_ms"": 87100, ""vehicle_speed_kph"": 67.45}]","[[30000, 99], [60000, 92]]",authorized_updates,1232,120000,0:0:6000,56eaf9572ea0ae62526d79fc49f44c9731f8df359d625cda8745aa3cce71c1f8,2782e5a69fb749f7268de9ea50bcf314f17475b0e4209bc3c176014dd55e859a,0
current_0032,MEMORY,bit_flip,permanent,0,0,24700,18500,operating_family_0,development-train,current_profile_0032,"[{""ambient_temp_c"": 22.096, ""end_ms"": 18100, ""engine_load"": 0.3004536, ""external_airflow_factor"": 0, ""road_slope_percent"": 0, ""start_ms"": 0, ""vehicle_speed_kph"": 48.989999999999995}, {""ambient_temp_c"": 22.096, ""end_ms"": 49300, ""engine_load"": 0.43544, ""external_airflow_factor"": 0, ""road_slope_percent"": 0, ""start_ms"": 18100, ""vehicle_speed_kph"": 71}, {""ambient_temp_c"": 22.096, ""end_ms"": 87100, ""engine_load"": 0.3614152, ""external_airflow_factor"": 0, ""road_slope_percent"": 0, ""start_ms"": 49300, ""vehicle_speed_kph"": 58.93}, {""ambient_temp_c"": 22.096, ""end_ms"": 120000, ""engine_load"": 0.413668, ""external_airflow_factor"": 0, ""road_slope_percent"": 0, ""start_ms"": 87100, ""vehicle_speed_kph"": 67.45}]",[],static_target,1233,120000,0:0:6000,bea59732734d9bf50643c832cfd4370d51b447de5417fe888c3acdc96b3502ce,434c4fff38ac4ae598a2b43a80d10be33a6e8767ad925e760fd0571ba3b0f9c0,0
current_0033,MEMORY,bit_flip,transient,1,0,25000,9700,operating_family_0,development-train,current_profile_0033,"[{""ambient_temp_c"": 22.099, ""end_ms"": 18100, ""engine_load"": 0.3005709, ""external_airflow_factor"": 0, ""road_slope_percent"": 0, ""start_ms"": 0, ""vehicle_speed_kph"": 48.989999999999995}, {""ambient_temp_c"": 22.099, ""end_ms"": 49300, ""engine_load"": 0.43561, ""external_airflow_factor"": 0, ""road_slope_percent"": 0, ""start_ms"": 18100, ""vehicle_speed_kph"": 71}, {""ambient_temp_c"": 22.099, ""end_ms"": 87100, ""engine_load"": 0.3615563, ""external_airflow_factor"": 0, ""road_slope_percent"": 0, ""start_ms"": 49300, ""vehicle_speed_kph"": 58.93}, {""ambient_temp_c"": 22.099, ""end_ms"": 120000, ""engine_load"": 0.41382949999999996, ""external_airflow_factor"": 0, ""road_slope_percent"": 0, ""start_ms"": 87100, ""vehicle_speed_kph"": 67.45}]","[[30000, 99], [60000, 92]]",authorized_updates,1234,120000,0:0:6000,a0a3342c5a3271a4e3d992d2cb211e98c83a7e5d82ad8ab7af772ba2998da6aa,2359765ea1f7fb00b6689bcaecb964392862b23a375be6516ea0a1e3a63f1f25,0
current_0034,MEMORY,bit_flip,intermittent,1,0,25300,13700,operating_family_0,development-train,current_profile_0034,"[{""ambient_temp_c"": 22.102, ""end_ms"": 18100, ""engine_load"": 0.30068819999999996, ""external_airflow_factor"": 0, ""road_slope_percent"": 0, ""start_ms"": 0, ""vehicle_speed_kph"": 48.989999999999995}, {""ambient_temp_c"": 22.102, ""end_ms"": 49300, ""engine_load"": 0.43578, ""external_airflow_factor"": 0, ""road_slope_percent"": 0, ""start_ms"": 18100, ""vehicle_speed_kph"": 71}, {""ambient_temp_c"": 22.102, ""end_ms"": 87100, ""engine_load"": 0.3616974, ""external_airflow_factor"": 0, ""road_slope_percent"": 0, ""start_ms"": 49300, ""vehicle_speed_kph"": 58.93}, {""ambient_temp_c"": 22.102, ""end_ms"": 120000, ""engine_load"": 0.413991, ""external_airflow_factor"": 0, ""road_slope_percent"": 0, ""start_ms"": 87100, ""vehicle_speed_kph"": 67.45}]",[],static_target,1235,120000,0:0:6000,971820180f28ee571e3f53ffe33b6909dd487907cf5ef7843ac2eabbf538dcf2,3c5d7827c66ba0db9ab6a35c47a8cd216bb5306e7ba2959effa42270a0f528f5,0
current_0035,MEMORY,bit_flip,permanent,1,0,25600,18500,operating_family_0,development-train,current_profile_0035,"[{""ambient_temp_c"": 22.105, ""end_ms"": 18100, ""engine_load"": 0.3008055, ""external_airflow_factor"": 0, ""road_slope_percent"": 0, ""start_ms"": 0, ""vehicle_speed_kph"": 48.989999999999995}, {""ambient_temp_c"": 22.105, ""end_ms"": 49300, ""engine_load"": 0.43595, ""external_airflow_factor"": 0, ""road_slope_percent"": 0, ""start_ms"": 18100, ""vehicle_speed_kph"": 71}, {""ambient_temp_c"": 22.105, ""end_ms"": 87100, ""engine_load"": 0.3618385, ""external_airflow_factor"": 0, ""road_slope_percent"": 0, ""start_ms"": 49300, ""vehicle_speed_kph"": 58.93}, {""ambient_temp_c"": 22.105, ""end_ms"": 120000, ""engine_load"": 0.4141525, ""external_airflow_factor"": 0, ""road_slope_percent"": 0, ""start_ms"": 87100, ""vehicle_speed_kph"": 67.45}]","[[30000, 99], [60000, 92]]",authorized_updates,1236,120000,0:0:6000,54b6b7491f8ad384655e664e06e3aef88baa643d79c569619b8bccc5f695a4eb,fe905263dfd636bb498587ed46fd4d76f6ec0a5d8ec14b055e9803cc8f5ca3f0,0
current_0036,SENSOR_CONTROL,sensor_bias,transient,-1.2,0,25900,9700,operating_family_0,development-train,current_profile_0036,"[{""ambient_temp_c"": 22.108, ""end_ms"": 18100, ""engine_load"": 0.3009228, ""external_airflow_factor"": 0, ""road_slope_percent"": 0, ""start_ms"": 0, ""vehicle_speed_kph"": 48.989999999999995}, {""ambient_temp_c"": 22.108, ""end_ms"": 49300, ""engine_load"": 0.43612, ""external_airflow_factor"": 0, ""road_slope_percent"": 0, ""start_ms"": 18100, ""vehicle_speed_kph"": 71}, {""ambient_temp_c"": 22.108, ""end_ms"": 87100, ""engine_load"": 0.3619796, ""external_airflow_factor"": 0, ""road_slope_percent"": 0, ""start_ms"": 49300, ""vehicle_speed_kph"": 58.93}, {""ambient_temp_c"": 22.108, ""end_ms"": 120000, ""engine_load"": 0.414314, ""external_airflow_factor"": 0, ""road_slope_percent"": 0, ""start_ms"": 87100, ""vehicle_speed_kph"": 67.45}]",[],static_target,1237,120000,0:0:6000,e863c3ae2cec6dae9152dbfef21ac5c6dc3ddc408eb5f0ccf5458595c7eb2ac2,cfa3ca4de076e5407effbd74bd5cbaef8b044fd4cef57b3a46afd56462439f2b,0
current_0037,SENSOR_CONTROL,sensor_bias,transient,1.2,0,26200,13700,operating_family_0,development-train,current_profile_0037,"[{""ambient_temp_c"": 22.111, ""end_ms"": 18100, ""engine_load"": 0.3010401, ""external_airflow_factor"": 0, ""road_slope_percent"": 0, ""start_ms"": 0, ""vehicle_speed_kph"": 48.989999999999995}, {""ambient_temp_c"": 22.111, ""end_ms"": 49300, ""engine_load"": 0.43629, ""external_airflow_factor"": 0, ""road_slope_percent"": 0, ""start_ms"": 18100, ""vehicle_speed_kph"": 71}, {""ambient_temp_c"": 22.111, ""end_ms"": 87100, ""engine_load"": 0.3621207, ""external_airflow_factor"": 0, ""road_slope_percent"": 0, ""start_ms"": 49300, ""vehicle_speed_kph"": 58.93}, {""ambient_temp_c"": 22.111, ""end_ms"": 120000, ""engine_load"": 0.4144755, ""external_airflow_factor"": 0, ""road_slope_percent"": 0, ""start_ms"": 87100, ""vehicle_speed_kph"": 67.45}]","[[30000, 99], [60000, 92]]",authorized_updates,1238,120000,0:0:6000,babbc3cdd5b543624a9419db30da0542ccf4576f60058fb395b1fa1b99507778,50e870cda495b9950eb19e9a159842e79c09a72e9266bb32aa6c5a54db5aafc2,0
current_0038,SENSOR_CONTROL,sensor_bias,transient,4.6,0,26500,18500,operating_family_0,development-train,current_profile_0038,"[{""ambient_temp_c"": 22.114, ""end_ms"": 18100, ""engine_load"": 0.30115739999999996, ""external_airflow_factor"": 0, ""road_slope_percent"": 0, ""start_ms"": 0, ""vehicle_speed_kph"": 48.989999999999995}, {""ambient_temp_c"": 22.114, ""end_ms"": 49300, ""engine_load"": 0.43646, ""external_airflow_factor"": 0, ""road_slope_percent"": 0, ""start_ms"": 18100, ""vehicle_speed_kph"": 71}, {""ambient_temp_c"": 22.114, ""end_ms"": 87100, ""engine_load"": 0.36226179999999997, ""external_airflow_factor"": 0, ""road_slope_percent"": 0, ""start_ms"": 49300, ""vehicle_speed_kph"": 58.93}, {""ambient_temp_c"": 22.114, ""end_ms"": 120000, ""engine_load"": 0.414637, ""external_airflow_factor"": 0, ""road_slope_percent"": 0, ""start_ms"": 87100, ""vehicle_speed_kph"": 67.45}]",[],static_target,1239,120000,0:0:6000,e466395facb3f3ebcfdeacb8f41e9b8f1b6167efd8d49b7699a7bf720d1f2ee6,85c403c57dde9bd010c192cb56eceaa8383e501beeab895ece5125b1cb519553,0
current_0039,SENSOR_CONTROL,sensor_bias,transient,8.9,0,26800,9700,operating_family_0,development-train,current_profile_0039,"[{""ambient_temp_c"": 22.117, ""end_ms"": 18100, ""engine_load"": 0.3012747, ""external_airflow_factor"": 0, ""road_slope_percent"": 0, ""start_ms"": 0, ""vehicle_speed_kph"": 48.989999999999995}, {""ambient_temp_c"": 22.117, ""end_ms"": 49300, ""engine_load"": 0.43663, ""external_airflow_factor"": 0, ""road_slope_percent"": 0, ""start_ms"": 18100, ""vehicle_speed_kph"": 71}, {""ambient_temp_c"": 22.117, ""end_ms"": 87100, ""engine_load"": 0.3624029, ""external_airflow_factor"": 0, ""road_slope_percent"": 0, ""start_ms"": 49300, ""vehicle_speed_kph"": 58.93}, {""ambient_temp_c"": 22.117, ""end_ms"": 120000, ""engine_load"": 0.4147985, ""external_airflow_factor"": 0, ""road_slope_percent"": 0, ""start_ms"": 87100, ""vehicle_speed_kph"": 67.45}]","[[30000, 99], [60000, 92]]",authorized_updates,1240,120000,0:0:6000,5fbc8dc6a12a7d3519fbe21fccbf17baac608b49b52af5d17b111cbafa0095d5,7b0c35932c2ca385cffa98acd467e97a272f1e1790bcda65846a9ce68d0fc12b,0
current_0040,SENSOR_CONTROL,sensor_bias,intermittent,-1.2,0,24700,13700,operating_family_0,development-train,current_profile_0040,"[{""ambient_temp_c"": 22.12, ""end_ms"": 18100, ""engine_load"": 0.30139199999999994, ""external_airflow_factor"": 0, ""road_slope_percent"": 0, ""start_ms"": 0, ""vehicle_speed_kph"": 48.989999999999995}, {""ambient_temp_c"": 22.12, ""end_ms"": 49300, ""engine_load"": 0.43679999999999997, ""external_airflow_factor"": 0, ""road_slope_percent"": 0, ""start_ms"": 18100, ""vehicle_speed_kph"": 71}, {""ambient_temp_c"": 22.12, ""end_ms"": 87100, ""engine_load"": 0.362544, ""external_airflow_factor"": 0, ""road_slope_percent"": 0, ""start_ms"": 49300, ""vehicle_speed_kph"": 58.93}, {""ambient_temp_c"": 22.12, ""end_ms"": 120000, ""engine_load"": 0.41495999999999994, ""external_airflow_factor"": 0, ""road_slope_percent"": 0, ""start_ms"": 87100, ""vehicle_speed_kph"": 67.45}]",[],static_target,1241,120000,0:0:6000,ed8eaa8f861c9eceae4d4ff2672a0b1133cbdda0dcb4063b93defd22cc45cbc8,b014c4ca898cb21dc7f7866feea9bfbbe6990e39c93f46112fbafcfc23cc08bc,0
current_0041,SENSOR_CONTROL,sensor_bias,intermittent,1.2,0,25000,18500,operating_family_0,development-train,current_profile_0041,"[{""ambient_temp_c"": 22.123, ""end_ms"": 18100, ""engine_load"": 0.3015093, ""external_airflow_factor"": 0, ""road_slope_percent"": 0, ""start_ms"": 0, ""vehicle_speed_kph"": 48.989999999999995}, {""ambient_temp_c"": 22.123, ""end_ms"": 49300, ""engine_load"": 0.43696999999999997, ""external_airflow_factor"": 0, ""road_slope_percent"": 0, ""start_ms"": 18100, ""vehicle_speed_kph"": 71}, {""ambient_temp_c"": 22.123, ""end_ms"": 87100, ""engine_load"": 0.3626851, ""external_airflow_factor"": 0, ""road_slope_percent"": 0, ""start_ms"": 49300, ""vehicle_speed_kph"": 58.93}, {""ambient_temp_c"": 22.123, ""end_ms"": 120000, ""engine_load"": 0.4151215, ""external_airflow_factor"": 0, ""road_slope_percent"": 0, ""start_ms"": 87100, ""vehicle_speed_kph"": 67.45}]","[[30000, 99], [60000, 92]]",authorized_updates,1242,120000,0:0:6000,a230cfbb63255d0611c41fd36006b3cfcaecb03e0ef0b9470ef9829601c21a1f,3e938b781ca3ced450771e2f688b90687adb9c7d6f54f0b1092654b59b7a3ea3,0
current_0042,SENSOR_CONTROL,sensor_bias,intermittent,4.6,0,25300,9700,operating_family_0,development-train,current_profile_0042,"[{""ambient_temp_c"": 22.126, ""end_ms"": 18100, ""engine_load"": 0.30162659999999997, ""external_airflow_factor"": 0, ""road_slope_percent"": 0, ""start_ms"": 0, ""vehicle_speed_kph"": 48.989999999999995}, {""ambient_temp_c"": 22.126, ""end_ms"": 49300, ""engine_load"": 0.43714, ""external_airflow_factor"": 0, ""road_slope_percent"": 0, ""start_ms"": 18100, ""vehicle_speed_kph"": 71}, {""ambient_temp_c"": 22.126, ""end_ms"": 87100, ""engine_load"": 0.3628262, ""external_airflow_factor"": 0, ""road_slope_percent"": 0, ""start_ms"": 49300, ""vehicle_speed_kph"": 58.93}, {""ambient_temp_c"": 22.126, ""end_ms"": 120000, ""engine_load"": 0.41528299999999996, ""external_airflow_factor"": 0, ""road_slope_percent"": 0, ""start_ms"": 87100, ""vehicle_speed_kph"": 67.45}]",[],static_target,1243,120000,0:0:6000,727c52084321359a0a22a139e716c520502eee576c7dfdd3a39a8dbc0b2b7da6,082681a1ef37106ec33b6b982cb3c6a7eae78e88b509327065b5ca155053a03e,0
current_0043,SENSOR_CONTROL,sensor_bias,intermittent,8.9,0,25600,13700,operating_family_0,development-train,current_profile_0043,"[{""ambient_temp_c"": 22.129, ""end_ms"": 18100, ""engine_load"": 0.30174389999999995, ""external_airflow_factor"": 0, ""road_slope_percent"": 0, ""start_ms"": 0, ""vehicle_speed_kph"": 48.989999999999995}, {""ambient_temp_c"": 22.129, ""end_ms"": 49300, ""engine_load"": 0.43731, ""external_airflow_factor"": 0, ""road_slope_percent"": 0, ""start_ms"": 18100, ""vehicle_speed_kph"": 71}, {""ambient_temp_c"": 22.129, ""end_ms"": 87100, ""engine_load"": 0.36296729999999994, ""external_airflow_factor"": 0, ""road_slope_percent"": 0, ""start_ms"": 49300, ""vehicle_speed_kph"": 58.93}, {""ambient_temp_c"": 22.129, ""end_ms"": 120000, ""engine_load"": 0.41544449999999994, ""external_airflow_factor"": 0, ""road_slope_percent"": 0, ""start_ms"": 87100, ""vehicle_speed_kph"": 67.45}]","[[30000, 99], [60000, 92]]",authorized_updates,1244,120000,0:0:6000,6b6db75d33500b2cf8c09995908b5514a49ec14d094fa9608278e2de2d58da4f,ff71738d87b947e4fbb8984e8e142374aa336ad3acb1bbed6295c8525e23f2e8,0
current_0044,SENSOR_CONTROL,sensor_bias,permanent,-1.2,0,25900,18500,operating_family_0,development-train,current_profile_0044,"[{""ambient_temp_c"": 22.132, ""end_ms"": 18100, ""engine_load"": 0.30186119999999994, ""external_airflow_factor"": 0, ""road_slope_percent"": 0, ""start_ms"": 0, ""vehicle_speed_kph"": 48.989999999999995}, {""ambient_temp_c"": 22.132, ""end_ms"": 49300, ""engine_load"": 0.43748, ""external_airflow_factor"": 0, ""road_slope_percent"": 0, ""start_ms"": 18100, ""vehicle_speed_kph"": 71}, {""ambient_temp_c"": 22.132, ""end_ms"": 87100, ""engine_load"": 0.36310839999999994, ""external_airflow_factor"": 0, ""road_slope_percent"": 0, ""start_ms"": 49300, ""vehicle_speed_kph"": 58.93}, {""ambient_temp_c"": 22.132, ""end_ms"": 120000, ""engine_load"": 0.415606, ""external_airflow_factor"": 0, ""road_slope_percent"": 0, ""start_ms"": 87100, ""vehicle_speed_kph"": 67.45}]",[],static_target,1245,120000,0:0:6000,dd564e22979e80244c7e97d1b25af0da2417bc53dac58ec9a08fd42d1a7f6d6f,b273e50c98e147a12e4aa5a51ef471ee401e3672c1832d6f3db6e1d65ae0ec21,0
current_0045,SENSOR_CONTROL,sensor_bias,permanent,1.2,0,26200,9700,operating_family_0,development-train,current_profile_0045,"[{""ambient_temp_c"": 22.135, ""end_ms"": 18100, ""engine_load"": 0.3019785, ""external_airflow_factor"": 0, ""road_slope_percent"": 0, ""start_ms"": 0, ""vehicle_speed_kph"": 48.989999999999995}, {""ambient_temp_c"": 22.135, ""end_ms"": 49300, ""engine_load"": 0.43765, ""external_airflow_factor"": 0, ""road_slope_percent"": 0, ""start_ms"": 18100, ""vehicle_speed_kph"": 71}, {""ambient_temp_c"": 22.135, ""end_ms"": 87100, ""engine_load"": 0.36324949999999995, ""external_airflow_factor"": 0, ""road_slope_percent"": 0, ""start_ms"": 49300, ""vehicle_speed_kph"": 58.93}, {""ambient_temp_c"": 22.135, ""end_ms"": 120000, ""engine_load"": 0.41576749999999996, ""external_airflow_factor"": 0, ""road_slope_percent"": 0, ""start_ms"": 87100, ""vehicle_speed_kph"": 67.45}]","[[30000, 99], [60000, 92]]",authorized_updates,1246,120000,0:0:6000,fdbdc2b673c1e44916cf0f5453166a3a7168a735956e4c19ea16f8752a128a61,43867aefed047817178036176e09a2494856bc3b81f0c1a2c9b370da3f7576c8,0
current_0046,SENSOR_CONTROL,sensor_bias,permanent,4.6,0,26500,13700,operating_family_0,development-train,current_profile_0046,"[{""ambient_temp_c"": 22.138, ""end_ms"": 18100, ""engine_load"": 0.30209579999999997, ""external_airflow_factor"": 0, ""road_slope_percent"": 0, ""start_ms"": 0, ""vehicle_speed_kph"": 48.989999999999995}, {""ambient_temp_c"": 22.138, ""end_ms"": 49300, ""engine_load"": 0.43782, ""external_airflow_factor"": 0, ""road_slope_percent"": 0, ""start_ms"": 18100, ""vehicle_speed_kph"": 71}, {""ambient_temp_c"": 22.138, ""end_ms"": 87100, ""engine_load"": 0.36339059999999995, ""external_airflow_factor"": 0, ""road_slope_percent"": 0, ""start_ms"": 49300, ""vehicle_speed_kph"": 58.93}, {""ambient_temp_c"": 22.138, ""end_ms"": 120000, ""engine_load"": 0.415929, ""external_airflow_factor"": 0, ""road_slope_percent"": 0, ""start_ms"": 87100, ""vehicle_speed_kph"": 67.45}]",[],static_target,1247,120000,0:0:6000,2e1c53518853be2f9ffd4fd288758edd2099e58d727eadc858f60765e7b2dd43,2f6a4e4d5584d09074af6cef5d29679aab11e5611dcaa0d090234be860179af2,0
current_0047,SENSOR_CONTROL,sensor_bias,permanent,8.9,0,26800,18500,operating_family_0,development-train,current_profile_0047,"[{""ambient_temp_c"": 22.141, ""end_ms"": 18100, ""engine_load"": 0.30221309999999996, ""external_airflow_factor"": 0, ""road_slope_percent"": 0, ""start_ms"": 0, ""vehicle_speed_kph"": 48.989999999999995}, {""ambient_temp_c"": 22.141, ""end_ms"": 49300, ""engine_load"": 0.43799, ""external_airflow_factor"": 0, ""road_slope_percent"": 0, ""start_ms"": 18100, ""vehicle_speed_kph"": 71}, {""ambient_temp_c"": 22.141, ""end_ms"": 87100, ""engine_load"": 0.36353169999999996, ""external_airflow_factor"": 0, ""road_slope_percent"": 0, ""start_ms"": 49300, ""vehicle_speed_kph"": 58.93}, {""ambient_temp_c"": 22.141, ""end_ms"": 120000, ""engine_load"": 0.4160905, ""external_airflow_factor"": 0, ""road_slope_percent"": 0, ""start_ms"": 87100, ""vehicle_speed_kph"": 67.45}]","[[30000, 99], [60000, 92]]",authorized_updates,1248,120000,0:0:6000,3d34a8213abd946b1837b5301f53cee5e694d9552ebc26653e907cfec72d09b3,410f2af7f89a63b61775b3682c2558cab2b6465e7316626769d84d7ca1196a71,0
current_0048,SENSOR_CONTROL,sensor_interface_intermittent,transient,0.5,0,24700,9700,operating_family_0,development-train,current_profile_0048,"[{""ambient_temp_c"": 22.144, ""end_ms"": 18100, ""engine_load"": 0.3023304, ""external_airflow_factor"": 0, ""road_slope_percent"": 0, ""start_ms"": 0, ""vehicle_speed_kph"": 48.989999999999995}, {""ambient_temp_c"": 22.144, ""end_ms"": 49300, ""engine_load"": 0.43816, ""external_airflow_factor"": 0, ""road_slope_percent"": 0, ""start_ms"": 18100, ""vehicle_speed_kph"": 71}, {""ambient_temp_c"": 22.144, ""end_ms"": 87100, ""engine_load"": 0.36367279999999996, ""external_airflow_factor"": 0, ""road_slope_percent"": 0, ""start_ms"": 49300, ""vehicle_speed_kph"": 58.93}, {""ambient_temp_c"": 22.144, ""end_ms"": 120000, ""engine_load"": 0.41625199999999996, ""external_airflow_factor"": 0, ""road_slope_percent"": 0, ""start_ms"": 87100, ""vehicle_speed_kph"": 67.45}]",[],static_target,1249,120000,0:0:6000,2a68fdb4bcc3345fe9d4357f4eede9b06037740207f366ba936dced56713ab99,0a1abc24964fb82419507427e302f34e3a4553e1ec2f60283da087887831cb5a,0
current_0049,SENSOR_CONTROL,sensor_interface_intermittent,transient,1.5,0,25000,13700,operating_family_0,development-train,current_profile_0049,"[{""ambient_temp_c"": 22.147, ""end_ms"": 18100, ""engine_load"": 0.3024477, ""external_airflow_factor"": 0, ""road_slope_percent"": 0, ""start_ms"": 0, ""vehicle_speed_kph"": 48.989999999999995}, {""ambient_temp_c"": 22.147, ""end_ms"": 49300, ""engine_load"": 0.43833, ""external_airflow_factor"": 0, ""road_slope_percent"": 0, ""start_ms"": 18100, ""vehicle_speed_kph"": 71}, {""ambient_temp_c"": 22.147, ""end_ms"": 87100, ""engine_load"": 0.36381389999999997, ""external_airflow_factor"": 0, ""road_slope_percent"": 0, ""start_ms"": 49300, ""vehicle_speed_kph"": 58.93}, {""ambient_temp_c"": 22.147, ""end_ms"": 120000, ""engine_load"": 0.4164135, ""external_airflow_factor"": 0, ""road_slope_percent"": 0, ""start_ms"": 87100, ""vehicle_speed_kph"": 67.45}]","[[30000, 99], [60000, 92]]",authorized_updates,1250,120000,0:0:6000,c6914dc2f5458089c985c231365e35008ab8582264917281db26e79e14ffc401,f394c36df5ec37fb2b611356366f37cee1cb8880f908b3ad437c0db4e6441a83,0
current_0050,SENSOR_CONTROL,sensor_interface_intermittent,transient,4.1,0,25300,18500,operating_family_0,development-train,current_profile_0050,"[{""ambient_temp_c"": 22.15, ""end_ms"": 18100, ""engine_load"": 0.302565, ""external_airflow_factor"": 0, ""road_slope_percent"": 0, ""start_ms"": 0, ""vehicle_speed_kph"": 48.989999999999995}, {""ambient_temp_c"": 22.15, ""end_ms"": 49300, ""engine_load"": 0.4385, ""external_airflow_factor"": 0, ""road_slope_percent"": 0, ""start_ms"": 18100, ""vehicle_speed_kph"": 71}, {""ambient_temp_c"": 22.15, ""end_ms"": 87100, ""engine_load"": 0.363955, ""external_airflow_factor"": 0, ""road_slope_percent"": 0, ""start_ms"": 49300, ""vehicle_speed_kph"": 58.93}, {""ambient_temp_c"": 22.15, ""end_ms"": 120000, ""engine_load"": 0.416575, ""external_airflow_factor"": 0, ""road_slope_percent"": 0, ""start_ms"": 87100, ""vehicle_speed_kph"": 67.45}]",[],static_target,1251,120000,0:0:6000,e3bca5700b8db829bd59cf0aae20c2083afef9e5ea912cfa89b0a98af2482bdf,3bc80083c8bd343037a6da53103c30b994cc1626e7e6d967221876fe379b072d,0
current_0051,SENSOR_CONTROL,sensor_interface_intermittent,transient,8.1,0,25600,9700,operating_family_0,development-train,current_profile_0051,"[{""ambient_temp_c"": 22.153, ""end_ms"": 18100, ""engine_load"": 0.30268229999999996, ""external_airflow_factor"": 0, ""road_slope_percent"": 0, ""start_ms"": 0, ""vehicle_speed_kph"": 48.989999999999995}, {""ambient_temp_c"": 22.153, ""end_ms"": 49300, ""engine_load"": 0.43867, ""external_airflow_factor"": 0, ""road_slope_percent"": 0, ""start_ms"": 18100, ""vehicle_speed_kph"": 71}, {""ambient_temp_c"": 22.153, ""end_ms"": 87100, ""engine_load"": 0.3640961, ""external_airflow_factor"": 0, ""road_slope_percent"": 0, ""start_ms"": 49300, ""vehicle_speed_kph"": 58.93}, {""ambient_temp_c"": 22.153, ""end_ms"": 120000, ""engine_load"": 0.4167365, ""external_airflow_factor"": 0, ""road_slope_percent"": 0, ""start_ms"": 87100, ""vehicle_speed_kph"": 67.45}]","[[30000, 99], [60000, 92]]",authorized_updates,1252,120000,0:0:6000,784620d09155e1bd8093da0ff3eaca379fff029f09d42c08b7cd898d02babe79,9fb3dd0963675fe044fa1858b6e113bc11e77dca6293b972c6d0e4f3591af590,0
current_0052,SENSOR_CONTROL,sensor_interface_intermittent,intermittent,0.5,0,25900,13700,operating_family_0,development-train,current_profile_0052,"[{""ambient_temp_c"": 22.156, ""end_ms"": 18100, ""engine_load"": 0.3027996, ""external_airflow_factor"": 0, ""road_slope_percent"": 0, ""start_ms"": 0, ""vehicle_speed_kph"": 48.989999999999995}, {""ambient_temp_c"": 22.156, ""end_ms"": 49300, ""engine_load"": 0.43884, ""external_airflow_factor"": 0, ""road_slope_percent"": 0, ""start_ms"": 18100, ""vehicle_speed_kph"": 71}, {""ambient_temp_c"": 22.156, ""end_ms"": 87100, ""engine_load"": 0.3642372, ""external_airflow_factor"": 0, ""road_slope_percent"": 0, ""start_ms"": 49300, ""vehicle_speed_kph"": 58.93}, {""ambient_temp_c"": 22.156, ""end_ms"": 120000, ""engine_load"": 0.416898, ""external_airflow_factor"": 0, ""road_slope_percent"": 0, ""start_ms"": 87100, ""vehicle_speed_kph"": 67.45}]",[],static_target,1253,120000,0:0:6000,7913db8bc0607e0571193ef1777c782e014a797c6a7eea8c9565679e111191b8,0c39c07cd0ad0dfb5b4df69cd48664accbb50044f5d41bcd39bf787182c1aa38,0
current_0053,SENSOR_CONTROL,sensor_interface_intermittent,intermittent,1.5,0,26200,18500,operating_family_0,development-train,current_profile_0053,"[{""ambient_temp_c"": 22.159, ""end_ms"": 18100, ""engine_load"": 0.3029169, ""external_airflow_factor"": 0, ""road_slope_percent"": 0, ""start_ms"": 0, ""vehicle_speed_kph"": 48.989999999999995}, {""ambient_temp_c"": 22.159, ""end_ms"": 49300, ""engine_load"": 0.43901, ""external_airflow_factor"": 0, ""road_slope_percent"": 0, ""start_ms"": 18100, ""vehicle_speed_kph"": 71}, {""ambient_temp_c"": 22.159, ""end_ms"": 87100, ""engine_load"": 0.3643783, ""external_airflow_factor"": 0, ""road_slope_percent"": 0, ""start_ms"": 49300, ""vehicle_speed_kph"": 58.93}, {""ambient_temp_c"": 22.159, ""end_ms"": 120000, ""engine_load"": 0.41705949999999997, ""external_airflow_factor"": 0, ""road_slope_percent"": 0, ""start_ms"": 87100, ""vehicle_speed_kph"": 67.45}]","[[30000, 99], [60000, 92]]",authorized_updates,1254,120000,0:0:6000,c5fc93836b0878ab0693c40f65e034a757222aed596b7b8856f301c91f18e4ca,e7a4ad531dda17ef56f2a9568f833a9d6fac9dbd751b6ce7cd63370ab7b5832f,0
current_0054,SENSOR_CONTROL,sensor_interface_intermittent,intermittent,4.1,0,26500,9700,operating_family_0,development-train,current_profile_0054,"[{""ambient_temp_c"": 22.162, ""end_ms"": 18100, ""engine_load"": 0.3030342, ""external_airflow_factor"": 0, ""road_slope_percent"": 0, ""start_ms"": 0, ""vehicle_speed_kph"": 48.989999999999995}, {""ambient_temp_c"": 22.162, ""end_ms"": 49300, ""engine_load"": 0.43918, ""external_airflow_factor"": 0, ""road_slope_percent"": 0, ""start_ms"": 18100, ""vehicle_speed_kph"": 71}, {""ambient_temp_c"": 22.162, ""end_ms"": 87100, ""engine_load"": 0.3645194, ""external_airflow_factor"": 0, ""road_slope_percent"": 0, ""start_ms"": 49300, ""vehicle_speed_kph"": 58.93}, {""ambient_temp_c"": 22.162, ""end_ms"": 120000, ""engine_load"": 0.417221, ""external_airflow_factor"": 0, ""road_slope_percent"": 0, ""start_ms"": 87100, ""vehicle_speed_kph"": 67.45}]",[],static_target,1255,120000,0:0:6000,e91f5499c9a75951d5815ed69b607eb4fd7eb8aa18ac9768a6797ebedb861e2a,bf790b6e4e5a317871940c69d8eb646bf43765e4f086b1128fe24e8e6d44b7e7,0
current_0055,SENSOR_CONTROL,sensor_interface_intermittent,intermittent,8.1,0,26800,13700,operating_family_0,development-train,current_profile_0055,"[{""ambient_temp_c"": 22.165, ""end_ms"": 18100, ""engine_load"": 0.30315149999999996, ""external_airflow_factor"": 0, ""road_slope_percent"": 0, ""start_ms"": 0, ""vehicle_speed_kph"": 48.989999999999995}, {""ambient_temp_c"": 22.165, ""end_ms"": 49300, ""engine_load"": 0.43935, ""external_airflow_factor"": 0, ""road_slope_percent"": 0, ""start_ms"": 18100, ""vehicle_speed_kph"": 71}, {""ambient_temp_c"": 22.165, ""end_ms"": 87100, ""engine_load"": 0.3646605, ""external_airflow_factor"": 0, ""road_slope_percent"": 0, ""start_ms"": 49300, ""vehicle_speed_kph"": 58.93}, {""ambient_temp_c"": 22.165, ""end_ms"": 120000, ""engine_load"": 0.4173825, ""external_airflow_factor"": 0, ""road_slope_percent"": 0, ""start_ms"": 87100, ""vehicle_speed_kph"": 67.45}]","[[30000, 99], [60000, 92]]",authorized_updates,1256,120000,0:0:6000,246a2e7ce2960d03acd25b9e5a19a128d85d42216243d15074270af42566c42b,a4eaa3a8bef7d29ddfa9efffc654e01f0116c73409398af06c693b49693c3087,0
current_0056,SENSOR_CONTROL,sensor_interface_intermittent,permanent,0.5,0,24700,18500,operating_family_0,development-train,current_profile_0056,"[{""ambient_temp_c"": 22.168, ""end_ms"": 18100, ""engine_load"": 0.3032688, ""external_airflow_factor"": 0, ""road_slope_percent"": 0, ""start_ms"": 0, ""vehicle_speed_kph"": 48.989999999999995}, {""ambient_temp_c"": 22.168, ""end_ms"": 49300, ""engine_load"": 0.43952, ""external_airflow_factor"": 0, ""road_slope_percent"": 0, ""start_ms"": 18100, ""vehicle_speed_kph"": 71}, {""ambient_temp_c"": 22.168, ""end_ms"": 87100, ""engine_load"": 0.3648016, ""external_airflow_factor"": 0, ""road_slope_percent"": 0, ""start_ms"": 49300, ""vehicle_speed_kph"": 58.93}, {""ambient_temp_c"": 22.168, ""end_ms"": 120000, ""engine_load"": 0.417544, ""external_airflow_factor"": 0, ""road_slope_percent"": 0, ""start_ms"": 87100, ""vehicle_speed_kph"": 67.45}]",[],static_target,1257,120000,0:0:6000,98e74119c547cd946ebdb249b1e2fb960eb66f71470a9c1f6569f045d9dfe711,46db0c337375be2a7a7b69940953eaf34c09aec6083b10393c4b2db4205e06c1,0
current_0057,SENSOR_CONTROL,sensor_interface_intermittent,permanent,1.5,0,25000,9700,operating_family_0,development-train,current_profile_0057,"[{""ambient_temp_c"": 22.171, ""end_ms"": 18100, ""engine_load"": 0.30338609999999994, ""external_airflow_factor"": 0, ""road_slope_percent"": 0, ""start_ms"": 0, ""vehicle_speed_kph"": 48.989999999999995}, {""ambient_temp_c"": 22.171, ""end_ms"": 49300, ""engine_load"": 0.43968999999999997, ""external_airflow_factor"": 0, ""road_slope_percent"": 0, ""start_ms"": 18100, ""vehicle_speed_kph"": 71}, {""ambient_temp_c"": 22.171, ""end_ms"": 87100, ""engine_load"": 0.36494269999999995, ""external_airflow_factor"": 0, ""road_slope_percent"": 0, ""start_ms"": 49300, ""vehicle_speed_kph"": 58.93}, {""ambient_temp_c"": 22.171, ""end_ms"": 120000, ""engine_load"": 0.41770549999999995, ""external_airflow_factor"": 0, ""road_slope_percent"": 0, ""start_ms"": 87100, ""vehicle_speed_kph"": 67.45}]","[[30000, 99], [60000, 92]]",authorized_updates,1258,120000,0:0:6000,ec7c8941fd02a2ee32fed769f3e2e8a4ec1a05148db58fb2b6621f9dfb0021a6,64102d0dd510538f1c603ac53bcd2f2fbf630bf02abf32cc3dd96ba4c2fbf31a,0
current_0058,SENSOR_CONTROL,sensor_interface_intermittent,permanent,4.1,0,25300,13700,operating_family_0,development-train,current_profile_0058,"[{""ambient_temp_c"": 22.174, ""end_ms"": 18100, ""engine_load"": 0.3035034, ""external_airflow_factor"": 0, ""road_slope_percent"": 0, ""start_ms"": 0, ""vehicle_speed_kph"": 48.989999999999995}, {""ambient_temp_c"": 22.174, ""end_ms"": 49300, ""engine_load"": 0.43986, ""external_airflow_factor"": 0, ""road_slope_percent"": 0, ""start_ms"": 18100, ""vehicle_speed_kph"": 71}, {""ambient_temp_c"": 22.174, ""end_ms"": 87100, ""engine_load"": 0.36508379999999996, ""external_airflow_factor"": 0, ""road_slope_percent"": 0, ""start_ms"": 49300, ""vehicle_speed_kph"": 58.93}, {""ambient_temp_c"": 22.174, ""end_ms"": 120000, ""engine_load"": 0.41786699999999993, ""external_airflow_factor"": 0, ""road_slope_percent"": 0, ""start_ms"": 87100, ""vehicle_speed_kph"": 67.45}]",[],static_target,1259,120000,0:0:6000,29cc7b2897d4ff81ec7c2bd799cb9c020f0b5f3b83f2cd4b745d5de6209e0ad4,fa314b82557d6a37de84cb32eaa4faa4c1d480d6141fe1ad707bce8ad554efbf,0
current_0059,SENSOR_CONTROL,sensor_interface_intermittent,permanent,8.1,0,25600,18500,operating_family_0,development-train,current_profile_0059,"[{""ambient_temp_c"": 22.177, ""end_ms"": 18100, ""engine_load"": 0.30362069999999997, ""external_airflow_factor"": 0, ""road_slope_percent"": 0, ""start_ms"": 0, ""vehicle_speed_kph"": 48.989999999999995}, {""ambient_temp_c"": 22.177, ""end_ms"": 49300, ""engine_load"": 0.44003, ""external_airflow_factor"": 0, ""road_slope_percent"": 0, ""start_ms"": 18100, ""vehicle_speed_kph"": 71}, {""ambient_temp_c"": 22.177, ""end_ms"": 87100, ""engine_load"": 0.36522489999999996, ""external_airflow_factor"": 0, ""road_slope_percent"": 0, ""start_ms"": 49300, ""vehicle_speed_kph"": 58.93}, {""ambient_temp_c"": 22.177, ""end_ms"": 120000, ""engine_load"": 0.41802849999999997, ""external_airflow_factor"": 0, ""road_slope_percent"": 0, ""start_ms"": 87100, ""vehicle_speed_kph"": 67.45}]","[[30000, 99], [60000, 92]]",authorized_updates,1260,120000,0:0:6000,fa11c8ac966de1b0474b58c2c940a9e08dcaa66b56ec3fed9fe13c741d92e7cb,8f14f8cedf40f82fe623a3a5b52d0dbe489a556b0cf2184cf546879faa9babe7,0
current_0060,COMMUNICATION,delayed_update,transient,100,0,25900,9700,operating_family_0,development-train,current_profile_0060,"[{""ambient_temp_c"": 22.18, ""end_ms"": 18100, ""engine_load"": 0.30373799999999995, ""external_airflow_factor"": 0, ""road_slope_percent"": 0, ""start_ms"": 0, ""vehicle_speed_kph"": 48.989999999999995}, {""ambient_temp_c"": 22.18, ""end_ms"": 49300, ""engine_load"": 0.4402, ""external_airflow_factor"": 0, ""road_slope_percent"": 0, ""start_ms"": 18100, ""vehicle_speed_kph"": 71}, {""ambient_temp_c"": 22.18, ""end_ms"": 87100, ""engine_load"": 0.36536599999999997, ""external_airflow_factor"": 0, ""road_slope_percent"": 0, ""start_ms"": 49300, ""vehicle_speed_kph"": 58.93}, {""ambient_temp_c"": 22.18, ""end_ms"": 120000, ""engine_load"": 0.41818999999999995, ""external_airflow_factor"": 0, ""road_slope_percent"": 0, ""start_ms"": 87100, ""vehicle_speed_kph"": 67.45}]",[],static_target,1261,120000,0:0:6000,27086286f8f5cd85c3d3b589c8fac10454b4112c8915da27f78dfeb8826583fd,7124dc4d000bf44ad17dd7c24034179964bef7a7f1aef3ecb39fafcc5ab54d65,0
current_0061,COMMUNICATION,delayed_update,transient,200,0,26200,13700,operating_family_0,development-train,current_profile_0061,"[{""ambient_temp_c"": 22.183, ""end_ms"": 18100, ""engine_load"": 0.30385529999999994, ""external_airflow_factor"": 0, ""road_slope_percent"": 0, ""start_ms"": 0, ""vehicle_speed_kph"": 48.989999999999995}, {""ambient_temp_c"": 22.183, ""end_ms"": 49300, ""engine_load"": 0.44037, ""external_airflow_factor"": 0, ""road_slope_percent"": 0, ""start_ms"": 18100, ""vehicle_speed_kph"": 71}, {""ambient_temp_c"": 22.183, ""end_ms"": 87100, ""engine_load"": 0.3655071, ""external_airflow_factor"": 0, ""road_slope_percent"": 0, ""start_ms"": 49300, ""vehicle_speed_kph"": 58.93}, {""ambient_temp_c"": 22.183, ""end_ms"": 120000, ""engine_load"": 0.4183515, ""external_airflow_factor"": 0, ""road_slope_percent"": 0, ""start_ms"": 87100, ""vehicle_speed_kph"": 67.45}]","[[30000, 99], [60000, 92]]",authorized_updates,1262,120000,0:0:6000,1d75f8922a0cf74d9fe73a2716751b85ceadc158af43322bfad7ab6a8729c748,687925b007b6e1ef007d5d8dd6cbc3af54726f757fb525761ce76837d5674f09,0
current_0062,COMMUNICATION,delayed_update,transient,500,0,26500,18500,operating_family_0,development-train,current_profile_0062,"[{""ambient_temp_c"": 22.186, ""end_ms"": 18100, ""engine_load"": 0.3039726, ""external_airflow_factor"": 0, ""road_slope_percent"": 0, ""start_ms"": 0, ""vehicle_speed_kph"": 48.989999999999995}, {""ambient_temp_c"": 22.186, ""end_ms"": 49300, ""engine_load"": 0.44054, ""external_airflow_factor"": 0, ""road_slope_percent"": 0, ""start_ms"": 18100, ""vehicle_speed_kph"": 71}, {""ambient_temp_c"": 22.186, ""end_ms"": 87100, ""engine_load"": 0.3656482, ""external_airflow_factor"": 0, ""road_slope_percent"": 0, ""start_ms"": 49300, ""vehicle_speed_kph"": 58.93}, {""ambient_temp_c"": 22.186, ""end_ms"": 120000, ""engine_load"": 0.41851299999999997, ""external_airflow_factor"": 0, ""road_slope_percent"": 0, ""start_ms"": 87100, ""vehicle_speed_kph"": 67.45}]",[],static_target,1263,120000,0:0:6000,0ba6bc9913ddbdb9f5c36f63fd562a9ca76ead5ac3148d8fa291cab3c3d317d6,8e55f6d25d248f731da7796ad145589e959db8158564c00bff406aed33aaace5,0
current_0063,COMMUNICATION,delayed_update,intermittent,100,0,26800,9700,operating_family_0,development-train,current_profile_0063,"[{""ambient_temp_c"": 22.189, ""end_ms"": 18100, ""engine_load"": 0.30408989999999997, ""external_airflow_factor"": 0, ""road_slope_percent"": 0, ""start_ms"": 0, ""vehicle_speed_kph"": 48.989999999999995}, {""ambient_temp_c"": 22.189, ""end_ms"": 49300, ""engine_load"": 0.44071, ""external_airflow_factor"": 0, ""road_slope_percent"": 0, ""start_ms"": 18100, ""vehicle_speed_kph"": 71}, {""ambient_temp_c"": 22.189, ""end_ms"": 87100, ""engine_load"": 0.3657893, ""external_airflow_factor"": 0, ""road_slope_percent"": 0, ""start_ms"": 49300, ""vehicle_speed_kph"": 58.93}, {""ambient_temp_c"": 22.189, ""end_ms"": 120000, ""engine_load"": 0.41867449999999995, ""external_airflow_factor"": 0, ""road_slope_percent"": 0, ""start_ms"": 87100, ""vehicle_speed_kph"": 67.45}]","[[30000, 99], [60000, 92]]",authorized_updates,1264,120000,0:0:6000,bd3fd0d0680b1b9ef0dac6f59eaf9966560f3419942c0d71da2a7b2c2bd6f105,47c215e0718d0cec62fac27f348170594b4034aa0d8b97791665e83ccf944793,0
current_0064,COMMUNICATION,delayed_update,intermittent,200,0,24700,13700,operating_family_0,development-train,current_profile_0064,"[{""ambient_temp_c"": 22.192, ""end_ms"": 18100, ""engine_load"": 0.30420719999999996, ""external_airflow_factor"": 0, ""road_slope_percent"": 0, ""start_ms"": 0, ""vehicle_speed_kph"": 48.989999999999995}, {""ambient_temp_c"": 22.192, ""end_ms"": 49300, ""engine_load"": 0.44088, ""external_airflow_factor"": 0, ""road_slope_percent"": 0, ""start_ms"": 18100, ""vehicle_speed_kph"": 71}, {""ambient_temp_c"": 22.192, ""end_ms"": 87100, ""engine_load"": 0.3659304, ""external_airflow_factor"": 0, ""road_slope_percent"": 0, ""start_ms"": 49300, ""vehicle_speed_kph"": 58.93}, {""ambient_temp_c"": 22.192, ""end_ms"": 120000, ""engine_load"": 0.418836, ""external_airflow_factor"": 0, ""road_slope_percent"": 0, ""start_ms"": 87100, ""vehicle_speed_kph"": 67.45}]",[],static_target,1265,120000,0:0:6000,fcaf549f7af9c1c95c85363bba2ddc931e2e904a45f8ba7523719500b9fcbf73,af4a87b5e3dfef73cbca6f7f8333dce6be0a63ba7f350bf3ab19ceaeef9578f6,0
current_0065,COMMUNICATION,delayed_update,intermittent,500,0,25000,18500,operating_family_0,development-train,current_profile_0065,"[{""ambient_temp_c"": 22.195, ""end_ms"": 18100, ""engine_load"": 0.3043245, ""external_airflow_factor"": 0, ""road_slope_percent"": 0, ""start_ms"": 0, ""vehicle_speed_kph"": 48.989999999999995}, {""ambient_temp_c"": 22.195, ""end_ms"": 49300, ""engine_load"": 0.44105, ""external_airflow_factor"": 0, ""road_slope_percent"": 0, ""start_ms"": 18100, ""vehicle_speed_kph"": 71}, {""ambient_temp_c"": 22.195, ""end_ms"": 87100, ""engine_load"": 0.3660715, ""external_airflow_factor"": 0, ""road_slope_percent"": 0, ""start_ms"": 49300, ""vehicle_speed_kph"": 58.93}, {""ambient_temp_c"": 22.195, ""end_ms"": 120000, ""engine_load"": 0.41899749999999997, ""external_airflow_factor"": 0, ""road_slope_percent"": 0, ""start_ms"": 87100, ""vehicle_speed_kph"": 67.45}]","[[30000, 99], [60000, 92]]",authorized_updates,1266,120000,0:0:6000,99243e2f40bf00601fcb81e928c01b85d8903cf5c6c5c32e1355c4e045cd4129,5a48566ad705135ef4e4c39b9ad2f8eb10d24df4d26b71af6baa4950d4312508,0
current_0066,COMMUNICATION,delayed_update,permanent,100,0,25300,9700,operating_family_0,development-train,current_profile_0066,"[{""ambient_temp_c"": 22.198, ""end_ms"": 18100, ""engine_load"": 0.3044418, ""external_airflow_factor"": 0, ""road_slope_percent"": 0, ""start_ms"": 0, ""vehicle_speed_kph"": 48.989999999999995}, {""ambient_temp_c"": 22.198, ""end_ms"": 49300, ""engine_load"": 0.44122, ""external_airflow_factor"": 0, ""road_slope_percent"": 0, ""start_ms"": 18100, ""vehicle_speed_kph"": 71}, {""ambient_temp_c"": 22.198, ""end_ms"": 87100, ""engine_load"": 0.3662126, ""external_airflow_factor"": 0, ""road_slope_percent"": 0, ""start_ms"": 49300, ""vehicle_speed_kph"": 58.93}, {""ambient_temp_c"": 22.198, ""end_ms"": 120000, ""engine_load"": 0.419159, ""external_airflow_factor"": 0, ""road_slope_percent"": 0, ""start_ms"": 87100, ""vehicle_speed_kph"": 67.45}]",[],static_target,1267,120000,0:0:6000,02c461c79cb092eaff9c32aa491577ceb2834da3a4deb7e51974cfa40520740a,2a7686aec5df6b3f7999788d692ed87a98c867228f22ff23f3aaecd89db69aa3,0
current_0067,COMMUNICATION,delayed_update,permanent,200,0,25600,13700,operating_family_0,development-train,current_profile_0067,"[{""ambient_temp_c"": 22.201, ""end_ms"": 18100, ""engine_load"": 0.30455909999999997, ""external_airflow_factor"": 0, ""road_slope_percent"": 0, ""start_ms"": 0, ""vehicle_speed_kph"": 48.989999999999995}, {""ambient_temp_c"": 22.201, ""end_ms"": 49300, ""engine_load"": 0.44139, ""external_airflow_factor"": 0, ""road_slope_percent"": 0, ""start_ms"": 18100, ""vehicle_speed_kph"": 71}, {""ambient_temp_c"": 22.201, ""end_ms"": 87100, ""engine_load"": 0.3663537, ""external_airflow_factor"": 0, ""road_slope_percent"": 0, ""start_ms"": 49300, ""vehicle_speed_kph"": 58.93}, {""ambient_temp_c"": 22.201, ""end_ms"": 120000, ""engine_load"": 0.4193205, ""external_airflow_factor"": 0, ""road_slope_percent"": 0, ""start_ms"": 87100, ""vehicle_speed_kph"": 67.45}]","[[30000, 99], [60000, 92]]",authorized_updates,1268,120000,0:0:6000,6345d812e66de8bda6bb1bb5a89cd20552e15fa3a3f8b542f5024ac9ae8674bf,4d760a4c127a7047d8da1ac8798cf234b6be620e1c4b4c7829536e3dd22716c7,0
current_0068,COMMUNICATION,delayed_update,permanent,500,0,25900,18500,operating_family_0,development-train,current_profile_0068,"[{""ambient_temp_c"": 22.204, ""end_ms"": 18100, ""engine_load"": 0.30467639999999996, ""external_airflow_factor"": 0, ""road_slope_percent"": 0, ""start_ms"": 0, ""vehicle_speed_kph"": 48.989999999999995}, {""ambient_temp_c"": 22.204, ""end_ms"": 49300, ""engine_load"": 0.44156, ""external_airflow_factor"": 0, ""road_slope_percent"": 0, ""start_ms"": 18100, ""vehicle_speed_kph"": 71}, {""ambient_temp_c"": 22.204, ""end_ms"": 87100, ""engine_load"": 0.3664948, ""external_airflow_factor"": 0, ""road_slope_percent"": 0, ""start_ms"": 49300, ""vehicle_speed_kph"": 58.93}, {""ambient_temp_c"": 22.204, ""end_ms"": 120000, ""engine_load"": 0.41948199999999997, ""external_airflow_factor"": 0, ""road_slope_percent"": 0, ""start_ms"": 87100, ""vehicle_speed_kph"": 67.45}]",[],static_target,1269,120000,0:0:6000,33a629b93fa72a027f30aa5c49d5ce1e9a891dd9373dc0b3b56138691fcacb0b,68daff3f26c2c8211339a58176f9a01638e36336d0797775ef15ddeabb2f5f8a,0
current_0069,COMMUNICATION,dropped_update,transient,1,0,26200,9700,operating_family_0,development-train,current_profile_0069,"[{""ambient_temp_c"": 22.207, ""end_ms"": 18100, ""engine_load"": 0.3047937, ""external_airflow_factor"": 0, ""road_slope_percent"": 0, ""start_ms"": 0, ""vehicle_speed_kph"": 48.989999999999995}, {""ambient_temp_c"": 22.207, ""end_ms"": 49300, ""engine_load"": 0.44173, ""external_airflow_factor"": 0, ""road_slope_percent"": 0, ""start_ms"": 18100, ""vehicle_speed_kph"": 71}, {""ambient_temp_c"": 22.207, ""end_ms"": 87100, ""engine_load"": 0.3666359, ""external_airflow_factor"": 0, ""road_slope_percent"": 0, ""start_ms"": 49300, ""vehicle_speed_kph"": 58.93}, {""ambient_temp_c"": 22.207, ""end_ms"": 120000, ""engine_load"": 0.4196435, ""external_airflow_factor"": 0, ""road_slope_percent"": 0, ""start_ms"": 87100, ""vehicle_speed_kph"": 67.45}]","[[30000, 99], [60000, 92]]",authorized_updates,1270,120000,0:0:6000,7c0de97221cd1bbbed51b2a618098e9e5df69a6376e45040a9b5433ba18536d7,01949121460b6f3f414e57025a301327f777dfdf7b9e6cff6a52a09f4684cfe4,0
current_0070,COMMUNICATION,dropped_update,transient,3,0,26500,13700,operating_family_0,development-train,current_profile_0070,"[{""ambient_temp_c"": 22.21, ""end_ms"": 18100, ""engine_load"": 0.304911, ""external_airflow_factor"": 0, ""road_slope_percent"": 0, ""start_ms"": 0, ""vehicle_speed_kph"": 48.989999999999995}, {""ambient_temp_c"": 22.21, ""end_ms"": 49300, ""engine_load"": 0.4419, ""external_airflow_factor"": 0, ""road_slope_percent"": 0, ""start_ms"": 18100, ""vehicle_speed_kph"": 71}, {""ambient_temp_c"": 22.21, ""end_ms"": 87100, ""engine_load"": 0.366777, ""external_airflow_factor"": 0, ""road_slope_percent"": 0, ""start_ms"": 49300, ""vehicle_speed_kph"": 58.93}, {""ambient_temp_c"": 22.21, ""end_ms"": 120000, ""engine_load"": 0.419805, ""external_airflow_factor"": 0, ""road_slope_percent"": 0, ""start_ms"": 87100, ""vehicle_speed_kph"": 67.45}]",[],static_target,1271,120000,0:0:6000,927488b2a45e3ed2f603e7a75871d78531c8d6d1692d1124a94921b8e6b897d3,5fb262c8be0bbaff3e9c5919e2ed04c180ea6213fd6119190acddbdd3ebc0609,0
current_0071,COMMUNICATION,dropped_update,transient,7,0,26800,18500,operating_family_0,development-train,current_profile_0071,"[{""ambient_temp_c"": 22.213, ""end_ms"": 18100, ""engine_load"": 0.3050283, ""external_airflow_factor"": 0, ""road_slope_percent"": 0, ""start_ms"": 0, ""vehicle_speed_kph"": 48.989999999999995}, {""ambient_temp_c"": 22.213, ""end_ms"": 49300, ""engine_load"": 0.44207, ""external_airflow_factor"": 0, ""road_slope_percent"": 0, ""start_ms"": 18100, ""vehicle_speed_kph"": 71}, {""ambient_temp_c"": 22.213, ""end_ms"": 87100, ""engine_load"": 0.3669181, ""external_airflow_factor"": 0, ""road_slope_percent"": 0, ""start_ms"": 49300, ""vehicle_speed_kph"": 58.93}, {""ambient_temp_c"": 22.213, ""end_ms"": 120000, ""engine_load"": 0.4199665, ""external_airflow_factor"": 0, ""road_slope_percent"": 0, ""start_ms"": 87100, ""vehicle_speed_kph"": 67.45}]","[[30000, 99], [60000, 92]]",authorized_updates,1272,120000,0:0:6000,cee33285dcf46fd2092a9f8bcb605a9ea8e130aa88ca17afee049a3b9d89bf27,b75f25918d45e2f6adba8fd63772c10e53700c2846aefc4a817df1308f9c3b73,0
current_0072,COMMUNICATION,dropped_update,intermittent,1,0,24700,9700,operating_family_0,development-train,current_profile_0072,"[{""ambient_temp_c"": 22.216, ""end_ms"": 18100, ""engine_load"": 0.30514559999999996, ""external_airflow_factor"": 0, ""road_slope_percent"": 0, ""start_ms"": 0, ""vehicle_speed_kph"": 48.989999999999995}, {""ambient_temp_c"": 22.216, ""end_ms"": 49300, ""engine_load"": 0.44223999999999997, ""external_airflow_factor"": 0, ""road_slope_percent"": 0, ""start_ms"": 18100, ""vehicle_speed_kph"": 71}, {""ambient_temp_c"": 22.216, ""end_ms"": 87100, ""engine_load"": 0.3670592, ""external_airflow_factor"": 0, ""road_slope_percent"": 0, ""start_ms"": 49300, ""vehicle_speed_kph"": 58.93}, {""ambient_temp_c"": 22.216, ""end_ms"": 120000, ""engine_load"": 0.42012799999999995, ""external_airflow_factor"": 0, ""road_slope_percent"": 0, ""start_ms"": 87100, ""vehicle_speed_kph"": 67.45}]",[],static_target,1273,120000,0:0:6000,d50c4c0dc41896bb583e8b2520d49f9b5b0bf638b30694c76b20a62c3aea5486,7e6d0cb5e0844ef1d21914e827cdca694c9294d1cab7c126f543c081c7349efe,0
current_0073,COMMUNICATION,dropped_update,intermittent,3,0,25000,13700,operating_family_0,development-train,current_profile_0073,"[{""ambient_temp_c"": 22.219, ""end_ms"": 18100, ""engine_load"": 0.30526289999999995, ""external_airflow_factor"": 0, ""road_slope_percent"": 0, ""start_ms"": 0, ""vehicle_speed_kph"": 48.989999999999995}, {""ambient_temp_c"": 22.219, ""end_ms"": 49300, ""engine_load"": 0.44240999999999997, ""external_airflow_factor"": 0, ""road_slope_percent"": 0, ""start_ms"": 18100, ""vehicle_speed_kph"": 71}, {""ambient_temp_c"": 22.219, ""end_ms"": 87100, ""engine_load"": 0.3672003, ""external_airflow_factor"": 0, ""road_slope_percent"": 0, ""start_ms"": 49300, ""vehicle_speed_kph"": 58.93}, {""ambient_temp_c"": 22.219, ""end_ms"": 120000, ""engine_load"": 0.4202894999999999, ""external_airflow_factor"": 0, ""road_slope_percent"": 0, ""start_ms"": 87100, ""vehicle_speed_kph"": 67.45}]","[[30000, 99], [60000, 92]]",authorized_updates,1274,120000,0:0:6000,c6514d1889649c6f29e7af41579b15500cb65f2b66e606180d011ef4d5800e6f,52356a1442363dac47d1932bfd01b3b907803f74d391f3b91163ad0d1d27d653,0
current_0074,COMMUNICATION,dropped_update,intermittent,7,0,25300,18500,operating_family_0,development-train,current_profile_0074,"[{""ambient_temp_c"": 22.222, ""end_ms"": 18100, ""engine_load"": 0.30538019999999994, ""external_airflow_factor"": 0, ""road_slope_percent"": 0, ""start_ms"": 0, ""vehicle_speed_kph"": 48.989999999999995}, {""ambient_temp_c"": 22.222, ""end_ms"": 49300, ""engine_load"": 0.44258, ""external_airflow_factor"": 0, ""road_slope_percent"": 0, ""start_ms"": 18100, ""vehicle_speed_kph"": 71}, {""ambient_temp_c"": 22.222, ""end_ms"": 87100, ""engine_load"": 0.3673414, ""external_airflow_factor"": 0, ""road_slope_percent"": 0, ""start_ms"": 49300, ""vehicle_speed_kph"": 58.93}, {""ambient_temp_c"": 22.222, ""end_ms"": 120000, ""engine_load"": 0.42045099999999996, ""external_airflow_factor"": 0, ""road_slope_percent"": 0, ""start_ms"": 87100, ""vehicle_speed_kph"": 67.45}]",[],static_target,1275,120000,0:0:6000,65b93c4659b7df0ebf4eaa1730cba3275db15b6f2a0da0fe80daa6afd207bb53,255e956e905385e889bd3386b89e427f76286931b2bbcfd9daa646832ae80a04,0
current_0075,COMMUNICATION,dropped_update,permanent,1,0,25600,9700,operating_family_0,development-train,current_profile_0075,"[{""ambient_temp_c"": 22.225, ""end_ms"": 18100, ""engine_load"": 0.3054975, ""external_airflow_factor"": 0, ""road_slope_percent"": 0, ""start_ms"": 0, ""vehicle_speed_kph"": 48.989999999999995}, {""ambient_temp_c"": 22.225, ""end_ms"": 49300, ""engine_load"": 0.44275, ""external_airflow_factor"": 0, ""road_slope_percent"": 0, ""start_ms"": 18100, ""vehicle_speed_kph"": 71}, {""ambient_temp_c"": 22.225, ""end_ms"": 87100, ""engine_load"": 0.3674825, ""external_airflow_factor"": 0, ""road_slope_percent"": 0, ""start_ms"": 49300, ""vehicle_speed_kph"": 58.93}, {""ambient_temp_c"": 22.225, ""end_ms"": 120000, ""engine_load"": 0.42061249999999994, ""external_airflow_factor"": 0, ""road_slope_percent"": 0, ""start_ms"": 87100, ""vehicle_speed_kph"": 67.45}]","[[30000, 99], [60000, 92]]",authorized_updates,1276,120000,0:0:6000,2265835485be9a70f9765430154bc278410d2bd50b62db8699680f3dda30a120,599d33890d935fd81f1dcd5c6d3e50d2c284e7d4b2bc351637ae0b45532d4679,0
current_0076,COMMUNICATION,dropped_update,permanent,3,0,25900,13700,operating_family_0,development-train,current_profile_0076,"[{""ambient_temp_c"": 22.228, ""end_ms"": 18100, ""engine_load"": 0.30561479999999996, ""external_airflow_factor"": 0, ""road_slope_percent"": 0, ""start_ms"": 0, ""vehicle_speed_kph"": 48.989999999999995}, {""ambient_temp_c"": 22.228, ""end_ms"": 49300, ""engine_load"": 0.44292, ""external_airflow_factor"": 0, ""road_slope_percent"": 0, ""start_ms"": 18100, ""vehicle_speed_kph"": 71}, {""ambient_temp_c"": 22.228, ""end_ms"": 87100, ""engine_load"": 0.36762359999999994, ""external_airflow_factor"": 0, ""road_slope_percent"": 0, ""start_ms"": 49300, ""vehicle_speed_kph"": 58.93}, {""ambient_temp_c"": 22.228, ""end_ms"": 120000, ""engine_load"": 0.420774, ""external_airflow_factor"": 0, ""road_slope_percent"": 0, ""start_ms"": 87100, ""vehicle_speed_kph"": 67.45}]",[],static_target,1277,120000,0:0:6000,39b6f917d7042335eb7ba030f0404695bfa9d66fb124a682e82f4a6f364088dc,e7f89a7693eded01d390e9252ce6af0c15e72a5a1fa4fdaa4e50203138f22f65,0
current_0077,COMMUNICATION,dropped_update,permanent,7,0,26200,18500,operating_family_0,development-train,current_profile_0077,"[{""ambient_temp_c"": 22.231, ""end_ms"": 18100, ""engine_load"": 0.30573209999999995, ""external_airflow_factor"": 0, ""road_slope_percent"": 0, ""start_ms"": 0, ""vehicle_speed_kph"": 48.989999999999995}, {""ambient_temp_c"": 22.231, ""end_ms"": 49300, ""engine_load"": 0.44309, ""external_airflow_factor"": 0, ""road_slope_percent"": 0, ""start_ms"": 18100, ""vehicle_speed_kph"": 71}, {""ambient_temp_c"": 22.231, ""end_ms"": 87100, ""engine_load"": 0.36776469999999994, ""external_airflow_factor"": 0, ""road_slope_percent"": 0, ""start_ms"": 49300, ""vehicle_speed_kph"": 58.93}, {""ambient_temp_c"": 22.231, ""end_ms"": 120000, ""engine_load"": 0.42093549999999996, ""external_airflow_factor"": 0, ""road_slope_percent"": 0, ""start_ms"": 87100, ""vehicle_speed_kph"": 67.45}]","[[30000, 99], [60000, 92]]",authorized_updates,1278,120000,0:0:6000,36df3282b8ddddfdfec077575c2febfca82b26bee1ed72341a5737f05ad3844e,3ad48e28ef8781369ae053bd6be7786261091d4d3e4055e231a6c4845e158f51,0
current_0078,COMMUNICATION,replayed_sample,transient,100,0,26500,9700,operating_family_0,development-train,current_profile_0078,"[{""ambient_temp_c"": 22.234, ""end_ms"": 18100, ""engine_load"": 0.3058494, ""external_airflow_factor"": 0, ""road_slope_percent"": 0, ""start_ms"": 0, ""vehicle_speed_kph"": 48.989999999999995}, {""ambient_temp_c"": 22.234, ""end_ms"": 49300, ""engine_load"": 0.44326, ""external_airflow_factor"": 0, ""road_slope_percent"": 0, ""start_ms"": 18100, ""vehicle_speed_kph"": 71}, {""ambient_temp_c"": 22.234, ""end_ms"": 87100, ""engine_load"": 0.36790579999999995, ""external_airflow_factor"": 0, ""road_slope_percent"": 0, ""start_ms"": 49300, ""vehicle_speed_kph"": 58.93}, {""ambient_temp_c"": 22.234, ""end_ms"": 120000, ""engine_load"": 0.42109699999999994, ""external_airflow_factor"": 0, ""road_slope_percent"": 0, ""start_ms"": 87100, ""vehicle_speed_kph"": 67.45}]",[],static_target,1279,120000,0:0:6000,30b1bb2d1caf9fc3736fb835312f74f32a5cd3ee71063fbed7a9caa5d6c63860,c528735ea871db8f75f2c0e7610e1184f601370b7f5ea2a4cf2590d0936fba02,0
current_0079,COMMUNICATION,replayed_sample,transient,300,0,26800,13700,operating_family_0,development-train,current_profile_0079,"[{""ambient_temp_c"": 22.237, ""end_ms"": 18100, ""engine_load"": 0.3059667, ""external_airflow_factor"": 0, ""road_slope_percent"": 0, ""start_ms"": 0, ""vehicle_speed_kph"": 48.989999999999995}, {""ambient_temp_c"": 22.237, ""end_ms"": 49300, ""engine_load"": 0.44343, ""external_airflow_factor"": 0, ""road_slope_percent"": 0, ""start_ms"": 18100, ""vehicle_speed_kph"": 71}, {""ambient_temp_c"": 22.237, ""end_ms"": 87100, ""engine_load"": 0.36804689999999995, ""external_airflow_factor"": 0, ""road_slope_percent"": 0, ""start_ms"": 49300, ""vehicle_speed_kph"": 58.93}, {""ambient_temp_c"": 22.237, ""end_ms"": 120000, ""engine_load"": 0.4212585, ""external_airflow_factor"": 0, ""road_slope_percent"": 0, ""start_ms"": 87100, ""vehicle_speed_kph"": 67.45}]","[[30000, 99], [60000, 92]]",authorized_updates,1280,120000,0:0:6000,9cbfe93202ddaee05992e5143eaf53039b15321338cdfba66afc881eb44f6264,61bccc3c21ca8e53e02dbf6f2b209f7bd504842a25cdc42b9b8f1de803d9fc61,0
current_0080,COMMUNICATION,replayed_sample,transient,1300,0,24700,18500,operating_family_0,development-train,current_profile_0080,"[{""ambient_temp_c"": 22.24, ""end_ms"": 18100, ""engine_load"": 0.30608399999999997, ""external_airflow_factor"": 0, ""road_slope_percent"": 0, ""start_ms"": 0, ""vehicle_speed_kph"": 48.989999999999995}, {""ambient_temp_c"": 22.24, ""end_ms"": 49300, ""engine_load"": 0.4436, ""external_airflow_factor"": 0, ""road_slope_percent"": 0, ""start_ms"": 18100, ""vehicle_speed_kph"": 71}, {""ambient_temp_c"": 22.24, ""end_ms"": 87100, ""engine_load"": 0.36818799999999996, ""external_airflow_factor"": 0, ""road_slope_percent"": 0, ""start_ms"": 49300, ""vehicle_speed_kph"": 58.93}, {""ambient_temp_c"": 22.24, ""end_ms"": 120000, ""engine_load"": 0.42141999999999996, ""external_airflow_factor"": 0, ""road_slope_percent"": 0, ""start_ms"": 87100, ""vehicle_speed_kph"": 67.45}]",[],static_target,1281,120000,0:0:6000,806d26886d604d612f0b86526458b513f73bec7a8ca979585ecd12b33b95506c,ddb9d86e4626edf17924d3409bf18b87da4375a9df274813063cb627adc0f8b1,0
current_0081,COMMUNICATION,replayed_sample,intermittent,100,0,25000,9700,operating_family_0,development-train,current_profile_0081,"[{""ambient_temp_c"": 22.243, ""end_ms"": 18100, ""engine_load"": 0.30620129999999995, ""external_airflow_factor"": 0, ""road_slope_percent"": 0, ""start_ms"": 0, ""vehicle_speed_kph"": 48.989999999999995}, {""ambient_temp_c"": 22.243, ""end_ms"": 49300, ""engine_load"": 0.44377, ""external_airflow_factor"": 0, ""road_slope_percent"": 0, ""start_ms"": 18100, ""vehicle_speed_kph"": 71}, {""ambient_temp_c"": 22.243, ""end_ms"": 87100, ""engine_load"": 0.36832909999999996, ""external_airflow_factor"": 0, ""road_slope_percent"": 0, ""start_ms"": 49300, ""vehicle_speed_kph"": 58.93}, {""ambient_temp_c"": 22.243, ""end_ms"": 120000, ""engine_load"": 0.4215815, ""external_airflow_factor"": 0, ""road_slope_percent"": 0, ""start_ms"": 87100, ""vehicle_speed_kph"": 67.45}]","[[30000, 99], [60000, 92]]",authorized_updates,1282,120000,0:0:6000,30a53dccb883191f93c855554597994df94c40efad0a739ab79fff64c4d8f644,f0d99015792de7b8eb1a9da75d99bcd7c74135f05969f73495257960cc50866f,0
current_0082,COMMUNICATION,replayed_sample,intermittent,300,0,25300,13700,operating_family_0,development-train,current_profile_0082,"[{""ambient_temp_c"": 22.246, ""end_ms"": 18100, ""engine_load"": 0.3063186, ""external_airflow_factor"": 0, ""road_slope_percent"": 0, ""start_ms"": 0, ""vehicle_speed_kph"": 48.989999999999995}, {""ambient_temp_c"": 22.246, ""end_ms"": 49300, ""engine_load"": 0.44394, ""external_airflow_factor"": 0, ""road_slope_percent"": 0, ""start_ms"": 18100, ""vehicle_speed_kph"": 71}, {""ambient_temp_c"": 22.246, ""end_ms"": 87100, ""engine_load"": 0.36847019999999997, ""external_airflow_factor"": 0, ""road_slope_percent"": 0, ""start_ms"": 49300, ""vehicle_speed_kph"": 58.93}, {""ambient_temp_c"": 22.246, ""end_ms"": 120000, ""engine_load"": 0.421743, ""external_airflow_factor"": 0, ""road_slope_percent"": 0, ""start_ms"": 87100, ""vehicle_speed_kph"": 67.45}]",[],static_target,1283,120000,0:0:6000,9201a650df465cf407580dd1388c30df8a50988c5dae153f00e54167a4f40ac9,69d65021d37cda3bed3cd99954098a435c03398646c29be3ac0f1cdb14ed18f9,0
current_0083,COMMUNICATION,replayed_sample,intermittent,1300,0,25600,18500,operating_family_0,development-train,current_profile_0083,"[{""ambient_temp_c"": 22.249, ""end_ms"": 18100, ""engine_load"": 0.3064359, ""external_airflow_factor"": 0, ""road_slope_percent"": 0, ""start_ms"": 0, ""vehicle_speed_kph"": 48.989999999999995}, {""ambient_temp_c"": 22.249, ""end_ms"": 49300, ""engine_load"": 0.44411, ""external_airflow_factor"": 0, ""road_slope_percent"": 0, ""start_ms"": 18100, ""vehicle_speed_kph"": 71}, {""ambient_temp_c"": 22.249, ""end_ms"": 87100, ""engine_load"": 0.3686113, ""external_airflow_factor"": 0, ""road_slope_percent"": 0, ""start_ms"": 49300, ""vehicle_speed_kph"": 58.93}, {""ambient_temp_c"": 22.249, ""end_ms"": 120000, ""engine_load"": 0.42190449999999996, ""external_airflow_factor"": 0, ""road_slope_percent"": 0, ""start_ms"": 87100, ""vehicle_speed_kph"": 67.45}]","[[30000, 99], [60000, 92]]",authorized_updates,1284,120000,0:0:6000,0c5e38504b09cffa4a5470831ba442308696d337f93d0cdfced92a6863932428,b096226f534da5670838656ff52f1838b29663ebb25fa3e91b937b0632e49d79,0
current_0084,COMMUNICATION,replayed_sample,permanent,100,0,25900,9700,operating_family_0,development-train,current_profile_0084,"[{""ambient_temp_c"": 22.252, ""end_ms"": 18100, ""engine_load"": 0.30655319999999997, ""external_airflow_factor"": 0, ""road_slope_percent"": 0, ""start_ms"": 0, ""vehicle_speed_kph"": 48.989999999999995}, {""ambient_temp_c"": 22.252, ""end_ms"": 49300, ""engine_load"": 0.44428, ""external_airflow_factor"": 0, ""road_slope_percent"": 0, ""start_ms"": 18100, ""vehicle_speed_kph"": 71}, {""ambient_temp_c"": 22.252, ""end_ms"": 87100, ""engine_load"": 0.3687524, ""external_airflow_factor"": 0, ""road_slope_percent"": 0, ""start_ms"": 49300, ""vehicle_speed_kph"": 58.93}, {""ambient_temp_c"": 22.252, ""end_ms"": 120000, ""engine_load"": 0.422066, ""external_airflow_factor"": 0, ""road_slope_percent"": 0, ""start_ms"": 87100, ""vehicle_speed_kph"": 67.45}]",[],static_target,1285,120000,0:0:6000,3120b41c75eb656b24f6549d53db3c1036c6971fd8e66572236c3bf576aa42b2,ab1c22e8627024aed91446ead6a26a17fc8b524792be75f7ad738d3a12dcde4e,0
current_0085,COMMUNICATION,replayed_sample,permanent,300,0,26200,13700,operating_family_0,development-train,current_profile_0085,"[{""ambient_temp_c"": 22.255, ""end_ms"": 18100, ""engine_load"": 0.30667049999999996, ""external_airflow_factor"": 0, ""road_slope_percent"": 0, ""start_ms"": 0, ""vehicle_speed_kph"": 48.989999999999995}, {""ambient_temp_c"": 22.255, ""end_ms"": 49300, ""engine_load"": 0.44445, ""external_airflow_factor"": 0, ""road_slope_percent"": 0, ""start_ms"": 18100, ""vehicle_speed_kph"": 71}, {""ambient_temp_c"": 22.255, ""end_ms"": 87100, ""engine_load"": 0.3688935, ""external_airflow_factor"": 0, ""road_slope_percent"": 0, ""start_ms"": 49300, ""vehicle_speed_kph"": 58.93}, {""ambient_temp_c"": 22.255, ""end_ms"": 120000, ""engine_load"": 0.4222275, ""external_airflow_factor"": 0, ""road_slope_percent"": 0, ""start_ms"": 87100, ""vehicle_speed_kph"": 67.45}]","[[30000, 99], [60000, 92]]",authorized_updates,1286,120000,0:0:6000,392fc5f3b3a79375a6ff1617e558b102c12a3f766ee83ede68701be1b86e3b45,4a27be15f51733ab2667469b4c9d75ba730bb794587fbed888ee566e0d266aca,0
current_0086,COMMUNICATION,replayed_sample,permanent,1300,0,26500,18500,operating_family_0,development-train,current_profile_0086,"[{""ambient_temp_c"": 22.258, ""end_ms"": 18100, ""engine_load"": 0.3067878, ""external_airflow_factor"": 0, ""road_slope_percent"": 0, ""start_ms"": 0, ""vehicle_speed_kph"": 48.989999999999995}, {""ambient_temp_c"": 22.258, ""end_ms"": 49300, ""engine_load"": 0.44462, ""external_airflow_factor"": 0, ""road_slope_percent"": 0, ""start_ms"": 18100, ""vehicle_speed_kph"": 71}, {""ambient_temp_c"": 22.258, ""end_ms"": 87100, ""engine_load"": 0.3690346, ""external_airflow_factor"": 0, ""road_slope_percent"": 0, ""start_ms"": 49300, ""vehicle_speed_kph"": 58.93}, {""ambient_temp_c"": 22.258, ""end_ms"": 120000, ""engine_load"": 0.422389, ""external_airflow_factor"": 0, ""road_slope_percent"": 0, ""start_ms"": 87100, ""vehicle_speed_kph"": 67.45}]",[],static_target,1287,120000,0:0:6000,44a203dc1fab1f9ddd60b728ccf4e96fce389049edffd51e43821e0a3c094dcb,62ecb89119e73e73a3c079fc51baa750b09fc4caba213a59be12efe97849268f,0
current_0087,ACTUATOR,pump_degraded,transient,0.968,0,26800,9700,operating_family_0,development-train,current_profile_0087,"[{""ambient_temp_c"": 22.261, ""end_ms"": 18100, ""engine_load"": 0.3069051, ""external_airflow_factor"": 0, ""road_slope_percent"": 0, ""start_ms"": 0, ""vehicle_speed_kph"": 48.989999999999995}, {""ambient_temp_c"": 22.261, ""end_ms"": 49300, ""engine_load"": 0.44479, ""external_airflow_factor"": 0, ""road_slope_percent"": 0, ""start_ms"": 18100, ""vehicle_speed_kph"": 71}, {""ambient_temp_c"": 22.261, ""end_ms"": 87100, ""engine_load"": 0.3691757, ""external_airflow_factor"": 0, ""road_slope_percent"": 0, ""start_ms"": 49300, ""vehicle_speed_kph"": 58.93}, {""ambient_temp_c"": 22.261, ""end_ms"": 120000, ""engine_load"": 0.4225505, ""external_airflow_factor"": 0, ""road_slope_percent"": 0, ""start_ms"": 87100, ""vehicle_speed_kph"": 67.45}]","[[30000, 99], [60000, 92]]",authorized_updates,1288,120000,0:0:6000,716b0fbdfd7a939fd3877f9839fbeab6ec2ede47c7e6c7d551a564c04a0f23fd,c1af9dbeb7ffb62d41e25f2177f4baf8454891288f1e566a1865b17f5de1c8ea,0
current_0088,ACTUATOR,pump_degraded,transient,0.69,0,24700,13700,operating_family_0,development-train,current_profile_0088,"[{""ambient_temp_c"": 22.264, ""end_ms"": 18100, ""engine_load"": 0.3070224, ""external_airflow_factor"": 0, ""road_slope_percent"": 0, ""start_ms"": 0, ""vehicle_speed_kph"": 48.989999999999995}, {""ambient_temp_c"": 22.264, ""end_ms"": 49300, ""engine_load"": 0.44496, ""external_airflow_factor"": 0, ""road_slope_percent"": 0, ""start_ms"": 18100, ""vehicle_speed_kph"": 71}, {""ambient_temp_c"": 22.264, ""end_ms"": 87100, ""engine_load"": 0.3693168, ""external_airflow_factor"": 0, ""road_slope_percent"": 0, ""start_ms"": 49300, ""vehicle_speed_kph"": 58.93}, {""ambient_temp_c"": 22.264, ""end_ms"": 120000, ""engine_load"": 0.422712, ""external_airflow_factor"": 0, ""road_slope_percent"": 0, ""start_ms"": 87100, ""vehicle_speed_kph"": 67.45}]",[],static_target,1289,120000,0:0:6000,bde2c4d7742830f7fba650b364790b7210b6f77754985d694c1f6429f78c1b99,e4ea3d2dc0dee6a544a942df7dd1190b8e14ef6a5367d5572c8531d46e4ddc01,0
current_0089,ACTUATOR,pump_degraded,intermittent,0.968,0,25000,18500,operating_family_0,development-train,current_profile_0089,"[{""ambient_temp_c"": 22.267, ""end_ms"": 18100, ""engine_load"": 0.30713969999999996, ""external_airflow_factor"": 0, ""road_slope_percent"": 0, ""start_ms"": 0, ""vehicle_speed_kph"": 48.989999999999995}, {""ambient_temp_c"": 22.267, ""end_ms"": 49300, ""engine_load"": 0.44512999999999997, ""external_airflow_factor"": 0, ""road_slope_percent"": 0, ""start_ms"": 18100, ""vehicle_speed_kph"": 71}, {""ambient_temp_c"": 22.267, ""end_ms"": 87100, ""engine_load"": 0.36945789999999995, ""external_airflow_factor"": 0, ""road_slope_percent"": 0, ""start_ms"": 49300, ""vehicle_speed_kph"": 58.93}, {""ambient_temp_c"": 22.267, ""end_ms"": 120000, ""engine_load"": 0.42287349999999996, ""external_airflow_factor"": 0, ""road_slope_percent"": 0, ""start_ms"": 87100, ""vehicle_speed_kph"": 67.45}]","[[30000, 99], [60000, 92]]",authorized_updates,1290,120000,0:0:6000,22db3bb45b77375ffd6a223d6a7a0ae3c284987f26e7ccc6a9fb66b026de8b3f,1957f22107c77273657e82e703723346bb2ccfb54af0d5e43084f249742e14e3,0
current_0090,ACTUATOR,pump_degraded,intermittent,0.69,0,25300,9700,operating_family_0,development-train,current_profile_0090,"[{""ambient_temp_c"": 22.27, ""end_ms"": 18100, ""engine_load"": 0.30725699999999995, ""external_airflow_factor"": 0, ""road_slope_percent"": 0, ""start_ms"": 0, ""vehicle_speed_kph"": 48.989999999999995}, {""ambient_temp_c"": 22.27, ""end_ms"": 49300, ""engine_load"": 0.4453, ""external_airflow_factor"": 0, ""road_slope_percent"": 0, ""start_ms"": 18100, ""vehicle_speed_kph"": 71}, {""ambient_temp_c"": 22.27, ""end_ms"": 87100, ""engine_load"": 0.36959899999999996, ""external_airflow_factor"": 0, ""road_slope_percent"": 0, ""start_ms"": 49300, ""vehicle_speed_kph"": 58.93}, {""ambient_temp_c"": 22.27, ""end_ms"": 120000, ""engine_load"": 0.42303499999999994, ""external_airflow_factor"": 0, ""road_slope_percent"": 0, ""start_ms"": 87100, ""vehicle_speed_kph"": 67.45}]",[],static_target,1291,120000,0:0:6000,47472cd03ce130384f2f558972434829c268c89bf2b6b44bedc1384ade35c0b7,e983bf242cbb184fea04d77b91ac2bc98d0435a1f695e04c61f58fe4b507ff9d,0
current_0091,ACTUATOR,pump_degraded,permanent,0.968,0,25600,13700,operating_family_0,development-train,current_profile_0091,"[{""ambient_temp_c"": 22.273, ""end_ms"": 18100, ""engine_load"": 0.30737429999999993, ""external_airflow_factor"": 0, ""road_slope_percent"": 0, ""start_ms"": 0, ""vehicle_speed_kph"": 48.989999999999995}, {""ambient_temp_c"": 22.273, ""end_ms"": 49300, ""engine_load"": 0.44547, ""external_airflow_factor"": 0, ""road_slope_percent"": 0, ""start_ms"": 18100, ""vehicle_speed_kph"": 71}, {""ambient_temp_c"": 22.273, ""end_ms"": 87100, ""engine_load"": 0.36974009999999996, ""external_airflow_factor"": 0, ""road_slope_percent"": 0, ""start_ms"": 49300, ""vehicle_speed_kph"": 58.93}, {""ambient_temp_c"": 22.273, ""end_ms"": 120000, ""engine_load"": 0.4231965, ""external_airflow_factor"": 0, ""road_slope_percent"": 0, ""start_ms"": 87100, ""vehicle_speed_kph"": 67.45}]","[[30000, 99], [60000, 92]]",authorized_updates,1292,120000,0:0:6000,b729939fa1fd6c00cf443ea68c538022860bac8ffca7b8c33828ff5f783113c6,9798177f27558cd1661bdaffeab7adff5e08815143c80ff745bdd211a6c1fcfb,0
current_0092,ACTUATOR,pump_degraded,permanent,0.69,0,25900,18500,operating_family_0,development-train,current_profile_0092,"[{""ambient_temp_c"": 22.276, ""end_ms"": 18100, ""engine_load"": 0.3074916, ""external_airflow_factor"": 0, ""road_slope_percent"": 0, ""start_ms"": 0, ""vehicle_speed_kph"": 48.989999999999995}, {""ambient_temp_c"": 22.276, ""end_ms"": 49300, ""engine_load"": 0.44564, ""external_airflow_factor"": 0, ""road_slope_percent"": 0, ""start_ms"": 18100, ""vehicle_speed_kph"": 71}, {""ambient_temp_c"": 22.276, ""end_ms"": 87100, ""engine_load"": 0.36988119999999997, ""external_airflow_factor"": 0, ""road_slope_percent"": 0, ""start_ms"": 49300, ""vehicle_speed_kph"": 58.93}, {""ambient_temp_c"": 22.276, ""end_ms"": 120000, ""engine_load"": 0.42335799999999996, ""external_airflow_factor"": 0, ""road_slope_percent"": 0, ""start_ms"": 87100, ""vehicle_speed_kph"": 67.45}]",[],static_target,1293,120000,0:0:6000,35094cc723d31dca52f60ecadf3fd38eaa790568536c5a5ed666251eaeab883c,3573e17b8fd535df6b12549ee8c9895679a321e55d0560761c148b7986e77894,0
current_0093,ACTUATOR,fan_stuck_off,transient,0,0,26200,9700,operating_family_0,development-train,current_profile_0093,"[{""ambient_temp_c"": 22.279, ""end_ms"": 18100, ""engine_load"": 0.30760889999999996, ""external_airflow_factor"": 0, ""road_slope_percent"": 0, ""start_ms"": 0, ""vehicle_speed_kph"": 48.989999999999995}, {""ambient_temp_c"": 22.279, ""end_ms"": 49300, ""engine_load"": 0.44581, ""external_airflow_factor"": 0, ""road_slope_percent"": 0, ""start_ms"": 18100, ""vehicle_speed_kph"": 71}, {""ambient_temp_c"": 22.279, ""end_ms"": 87100, ""engine_load"": 0.37002229999999997, ""external_airflow_factor"": 0, ""road_slope_percent"": 0, ""start_ms"": 49300, ""vehicle_speed_kph"": 58.93}, {""ambient_temp_c"": 22.279, ""end_ms"": 120000, ""engine_load"": 0.42351949999999994, ""external_airflow_factor"": 0, ""road_slope_percent"": 0, ""start_ms"": 87100, ""vehicle_speed_kph"": 67.45}]","[[30000, 99], [60000, 92]]",authorized_updates,1294,120000,0:0:6000,7123509dc0da98996dd09c5ab5b42b9082f3155796ca35633f1d37c1a39d4ad3,38757d86d7cc120b5e02b68fd7534e27f69570822a3d179c9d312a6a1f73b56e,0
current_0094,ACTUATOR,fan_stuck_off,transient,0,0,26500,13700,operating_family_0,development-train,current_profile_0094,"[{""ambient_temp_c"": 22.282, ""end_ms"": 18100, ""engine_load"": 0.30772619999999995, ""external_airflow_factor"": 0, ""road_slope_percent"": 0, ""start_ms"": 0, ""vehicle_speed_kph"": 48.989999999999995}, {""ambient_temp_c"": 22.282, ""end_ms"": 49300, ""engine_load"": 0.44598, ""external_airflow_factor"": 0, ""road_slope_percent"": 0, ""start_ms"": 18100, ""vehicle_speed_kph"": 71}, {""ambient_temp_c"": 22.282, ""end_ms"": 87100, ""engine_load"": 0.3701634, ""external_airflow_factor"": 0, ""road_slope_percent"": 0, ""start_ms"": 49300, ""vehicle_speed_kph"": 58.93}, {""ambient_temp_c"": 22.282, ""end_ms"": 120000, ""engine_load"": 0.423681, ""external_airflow_factor"": 0, ""road_slope_percent"": 0, ""start_ms"": 87100, ""vehicle_speed_kph"": 67.45}]",[],static_target,1295,120000,0:0:6000,fb7e233f3c6d5bc3c63c7b23648b79bf654cb6af8fb9a2c09e1525ec9b8cfa07,c1be125a2eb1584a6eaeb91566feda490f5f7a9779a587c6ac3979e08656b2a6,0
current_0095,ACTUATOR,fan_stuck_off,intermittent,0,0,26800,18500,operating_family_0,development-train,current_profile_0095,"[{""ambient_temp_c"": 22.285, ""end_ms"": 18100, ""engine_load"": 0.3078435, ""external_airflow_factor"": 0, ""road_slope_percent"": 0, ""start_ms"": 0, ""vehicle_speed_kph"": 48.989999999999995}, {""ambient_temp_c"": 22.285, ""end_ms"": 49300, ""engine_load"": 0.44615, ""external_airflow_factor"": 0, ""road_slope_percent"": 0, ""start_ms"": 18100, ""vehicle_speed_kph"": 71}, {""ambient_temp_c"": 22.285, ""end_ms"": 87100, ""engine_load"": 0.3703045, ""external_airflow_factor"": 0, ""road_slope_percent"": 0, ""start_ms"": 49300, ""vehicle_speed_kph"": 58.93}, {""ambient_temp_c"": 22.285, ""end_ms"": 120000, ""engine_load"": 0.42384249999999996, ""external_airflow_factor"": 0, ""road_slope_percent"": 0, ""start_ms"": 87100, ""vehicle_speed_kph"": 67.45}]","[[30000, 99], [60000, 92]]",authorized_updates,1296,120000,0:0:6000,bd54d49e2f70370348e982e9a770a99e8b46e7b6f73f4391189237ab8323be97,641245c8d60bd5b2cc8d2a669e5a999284a0e6a357c649ff554e83c2670cfdc5,0
current_0096,ACTUATOR,fan_stuck_off,intermittent,0,0,24700,9700,operating_family_0,development-train,current_profile_0096,"[{""ambient_temp_c"": 22.288, ""end_ms"": 18100, ""engine_load"": 0.3079608, ""external_airflow_factor"": 0, ""road_slope_percent"": 0, ""start_ms"": 0, ""vehicle_speed_kph"": 48.989999999999995}, {""ambient_temp_c"": 22.288, ""end_ms"": 49300, ""engine_load"": 0.44632, ""external_airflow_factor"": 0, ""road_slope_percent"": 0, ""start_ms"": 18100, ""vehicle_speed_kph"": 71}, {""ambient_temp_c"": 22.288, ""end_ms"": 87100, ""engine_load"": 0.3704456, ""external_airflow_factor"": 0, ""road_slope_percent"": 0, ""start_ms"": 49300, ""vehicle_speed_kph"": 58.93}, {""ambient_temp_c"": 22.288, ""end_ms"": 120000, ""engine_load"": 0.424004, ""external_airflow_factor"": 0, ""road_slope_percent"": 0, ""start_ms"": 87100, ""vehicle_speed_kph"": 67.45}]",[],static_target,1297,120000,0:0:6000,603e5d7ff0961b9d095a6d4cf29c1a0a6745bdf2fc4960cf394b4524abff7309,93a28f851ed7cd8a66c775d085c7f6002037f9fca9b4230e81ee6fbd14fa6cef,0
current_0097,ACTUATOR,fan_stuck_off,permanent,0,0,25000,13700,operating_family_0,development-train,current_profile_0097,"[{""ambient_temp_c"": 22.291, ""end_ms"": 18100, ""engine_load"": 0.30807809999999997, ""external_airflow_factor"": 0, ""road_slope_percent"": 0, ""start_ms"": 0, ""vehicle_speed_kph"": 48.989999999999995}, {""ambient_temp_c"": 22.291, ""end_ms"": 49300, ""engine_load"": 0.44649, ""external_airflow_factor"": 0, ""road_slope_percent"": 0, ""start_ms"": 18100, ""vehicle_speed_kph"": 71}, {""ambient_temp_c"": 22.291, ""end_ms"": 87100, ""engine_load"": 0.3705867, ""external_airflow_factor"": 0, ""road_slope_percent"": 0, ""start_ms"": 49300, ""vehicle_speed_kph"": 58.93}, {""ambient_temp_c"": 22.291, ""end_ms"": 120000, ""engine_load"": 0.4241655, ""external_airflow_factor"": 0, ""road_slope_percent"": 0, ""start_ms"": 87100, ""vehicle_speed_kph"": 67.45}]","[[30000, 99], [60000, 92]]",authorized_updates,1298,120000,0:0:6000,8ca6d43b9708d5072fed5f5eeb32fc065bc59343653932684e773a360f67179e,a5c53cde7d95cc4da4a6e1ae57238292b6996a15f4cf32377d7ecd09ee688657,0
current_0098,ACTUATOR,fan_stuck_off,permanent,0,0,25300,18500,operating_family_0,development-train,current_profile_0098,"[{""ambient_temp_c"": 22.294, ""end_ms"": 18100, ""engine_load"": 0.30819539999999995, ""external_airflow_factor"": 0, ""road_slope_percent"": 0, ""start_ms"": 0, ""vehicle_speed_kph"": 48.989999999999995}, {""ambient_temp_c"": 22.294, ""end_ms"": 49300, ""engine_load"": 0.44666, ""external_airflow_factor"": 0, ""road_slope_percent"": 0, ""start_ms"": 18100, ""vehicle_speed_kph"": 71}, {""ambient_temp_c"": 22.294, ""end_ms"": 87100, ""engine_load"": 0.3707278, ""external_airflow_factor"": 0, ""road_slope_percent"": 0, ""start_ms"": 49300, ""vehicle_speed_kph"": 58.93}, {""ambient_temp_c"": 22.294, ""end_ms"": 120000, ""engine_load"": 0.42432699999999995, ""external_airflow_factor"": 0, ""road_slope_percent"": 0, ""start_ms"": 87100, ""vehicle_speed_kph"": 67.45}]",[],static_target,1299,120000,0:0:6000,4baf58c878725ebc52f7a0488a931a32fdcc85d250c62b67d6ab8abbd02a1198,73108dcbf7f55bed4181f43c0d231c16239fb19a13764f79cca26b5a998834bc,0
current_0099,TIMING,deadline_miss,transient,0,0,25600,100,operating_family_0,development-train,current_profile_0099,"[{""ambient_temp_c"": 22.297, ""end_ms"": 18100, ""engine_load"": 0.3083127, ""external_airflow_factor"": 0, ""road_slope_percent"": 0, ""start_ms"": 0, ""vehicle_speed_kph"": 48.989999999999995}, {""ambient_temp_c"": 22.297, ""end_ms"": 49300, ""engine_load"": 0.44683, ""external_airflow_factor"": 0, ""road_slope_percent"": 0, ""start_ms"": 18100, ""vehicle_speed_kph"": 71}, {""ambient_temp_c"": 22.297, ""end_ms"": 87100, ""engine_load"": 0.3708689, ""external_airflow_factor"": 0, ""road_slope_percent"": 0, ""start_ms"": 49300, ""vehicle_speed_kph"": 58.93}, {""ambient_temp_c"": 22.297, ""end_ms"": 120000, ""engine_load"": 0.4244885, ""external_airflow_factor"": 0, ""road_slope_percent"": 0, ""start_ms"": 87100, ""vehicle_speed_kph"": 67.45}]","[[30000, 99], [60000, 92]]",authorized_updates,1300,120000,0:0:6000,1205bffefc2f39a73eda18bf17d75f561d56b16fe38eded803ca57db48112e6f,887e3e70ee1857bb5655e502b0af4909e64e2673f9836e4636f493fcf65b32c9,0
current_0100,TIMING,deadline_miss,intermittent,0,0,25900,13700,operating_family_0,development-train,current_profile_0100,"[{""ambient_temp_c"": 22.3, ""end_ms"": 18100, ""engine_load"": 0.30843, ""external_airflow_factor"": 0, ""road_slope_percent"": 0, ""start_ms"": 0, ""vehicle_speed_kph"": 48.989999999999995}, {""ambient_temp_c"": 22.3, ""end_ms"": 49300, ""engine_load"": 0.447, ""external_airflow_factor"": 0, ""road_slope_percent"": 0, ""start_ms"": 18100, ""vehicle_speed_kph"": 71}, {""ambient_temp_c"": 22.3, ""end_ms"": 87100, ""engine_load"": 0.37101, ""external_airflow_factor"": 0, ""road_slope_percent"": 0, ""start_ms"": 49300, ""vehicle_speed_kph"": 58.93}, {""ambient_temp_c"": 22.3, ""end_ms"": 120000, ""engine_load"": 0.42464999999999997, ""external_airflow_factor"": 0, ""road_slope_percent"": 0, ""start_ms"": 87100, ""vehicle_speed_kph"": 67.45}]",[],static_target,1301,120000,0:0:6000,97ff4053cf2e467857597011d43fe2577cee58949c33380aa596b42828ce863e,7abad1560acf808c7d98568eec33a8873294be6b51e8e59de5cafced47bc2682,0
current_0101,TIMING,deadline_miss,permanent,0,0,26200,18500,operating_family_0,development-train,current_profile_0101,"[{""ambient_temp_c"": 22.303, ""end_ms"": 18100, ""engine_load"": 0.30854729999999997, ""external_airflow_factor"": 0, ""road_slope_percent"": 0, ""start_ms"": 0, ""vehicle_speed_kph"": 48.989999999999995}, {""ambient_temp_c"": 22.303, ""end_ms"": 49300, ""engine_load"": 0.44717, ""external_airflow_factor"": 0, ""road_slope_percent"": 0, ""start_ms"": 18100, ""vehicle_speed_kph"": 71}, {""ambient_temp_c"": 22.303, ""end_ms"": 87100, ""engine_load"": 0.3711511, ""external_airflow_factor"": 0, ""road_slope_percent"": 0, ""start_ms"": 49300, ""vehicle_speed_kph"": 58.93}, {""ambient_temp_c"": 22.303, ""end_ms"": 120000, ""engine_load"": 0.4248115, ""external_airflow_factor"": 0, ""road_slope_percent"": 0, ""start_ms"": 87100, ""vehicle_speed_kph"": 67.45}]","[[30000, 99], [60000, 92]]",authorized_updates,1302,120000,0:0:6000,2387945538740e26669e8ead21a5c56f7ce840ea61a06226adc59c9fc3884c7f,3895b203a348c8d138e1d7ca8fa8dc8fd11115a51d036ab95cf80ceb4189042d,0
current_0102,TIMING,task_delay,transient,500,0,26500,9700,operating_family_0,development-train,current_profile_0102,"[{""ambient_temp_c"": 22.306, ""end_ms"": 18100, ""engine_load"": 0.3086646, ""external_airflow_factor"": 0, ""road_slope_percent"": 0, ""start_ms"": 0, ""vehicle_speed_kph"": 48.989999999999995}, {""ambient_temp_c"": 22.306, ""end_ms"": 49300, ""engine_load"": 0.44734, ""external_airflow_factor"": 0, ""road_slope_percent"": 0, ""start_ms"": 18100, ""vehicle_speed_kph"": 71}, {""ambient_temp_c"": 22.306, ""end_ms"": 87100, ""engine_load"": 0.3712922, ""external_airflow_factor"": 0, ""road_slope_percent"": 0, ""start_ms"": 49300, ""vehicle_speed_kph"": 58.93}, {""ambient_temp_c"": 22.306, ""end_ms"": 120000, ""engine_load"": 0.424973, ""external_airflow_factor"": 0, ""road_slope_percent"": 0, ""start_ms"": 87100, ""vehicle_speed_kph"": 67.45}]",[],static_target,1303,120000,0:0:6000,6bfa379835d1ad2d0b5e30df5d1877a268df45096f37f22e1d51a7f9fdf673a1,d80dc01e5040136d89aab572897367c54a96a09d6083cbc875fb9b31efdfa3a6,0
current_0103,TIMING,task_delay,intermittent,500,0,26800,13700,operating_family_0,development-train,current_profile_0103,"[{""ambient_temp_c"": 22.309, ""end_ms"": 18100, ""engine_load"": 0.3087819, ""external_airflow_factor"": 0, ""road_slope_percent"": 0, ""start_ms"": 0, ""vehicle_speed_kph"": 48.989999999999995}, {""ambient_temp_c"": 22.309, ""end_ms"": 49300, ""engine_load"": 0.44751, ""external_airflow_factor"": 0, ""road_slope_percent"": 0, ""start_ms"": 18100, ""vehicle_speed_kph"": 71}, {""ambient_temp_c"": 22.309, ""end_ms"": 87100, ""engine_load"": 0.3714333, ""external_airflow_factor"": 0, ""road_slope_percent"": 0, ""start_ms"": 49300, ""vehicle_speed_kph"": 58.93}, {""ambient_temp_c"": 22.309, ""end_ms"": 120000, ""engine_load"": 0.42513449999999997, ""external_airflow_factor"": 0, ""road_slope_percent"": 0, ""start_ms"": 87100, ""vehicle_speed_kph"": 67.45}]","[[30000, 99], [60000, 92]]",authorized_updates,1304,120000,0:0:6000,1a7c5419ff1a362690bc6f6326a83320473f45e44b64157c5728ee048c7e7474,c284a3908d1b32193ece033527061004ee64aff55271d5afe28b023e8baf322e,0
current_0104,TIMING,task_delay,permanent,500,0,24700,18500,operating_family_0,development-train,current_profile_0104,"[{""ambient_temp_c"": 22.312, ""end_ms"": 18100, ""engine_load"": 0.30889919999999993, ""external_airflow_factor"": 0, ""road_slope_percent"": 0, ""start_ms"": 0, ""vehicle_speed_kph"": 48.989999999999995}, {""ambient_temp_c"": 22.312, ""end_ms"": 49300, ""engine_load"": 0.44767999999999997, ""external_airflow_factor"": 0, ""road_slope_percent"": 0, ""start_ms"": 18100, ""vehicle_speed_kph"": 71}, {""ambient_temp_c"": 22.312, ""end_ms"": 87100, ""engine_load"": 0.37157439999999997, ""external_airflow_factor"": 0, ""road_slope_percent"": 0, ""start_ms"": 49300, ""vehicle_speed_kph"": 58.93}, {""ambient_temp_c"": 22.312, ""end_ms"": 120000, ""engine_load"": 0.42529599999999995, ""external_airflow_factor"": 0, ""road_slope_percent"": 0, ""start_ms"": 87100, ""vehicle_speed_kph"": 67.45}]",[],static_target,1305,120000,0:0:6000,d42df42b6d5c6d3fc481007450778d558932d1188d717cc9965f19fa02cc5f97,ca8d953a71deb01359a2d5b12e7a7bc75595234d47363216137e328fae66908a,0
current_0105,NORMAL,baseline,none,0,0,120100,9700,operating_family_0,development-train,current_profile_0105,"[{""ambient_temp_c"": 22.315, ""end_ms"": 18100, ""engine_load"": 0.30901649999999997, ""external_airflow_factor"": 0, ""road_slope_percent"": 0, ""start_ms"": 0, ""vehicle_speed_kph"": 48.989999999999995}, {""ambient_temp_c"": 22.315, ""end_ms"": 49300, ""engine_load"": 0.44784999999999997, ""external_airflow_factor"": 0, ""road_slope_percent"": 0, ""start_ms"": 18100, ""vehicle_speed_kph"": 71}, {""ambient_temp_c"": 22.315, ""end_ms"": 87100, ""engine_load"": 0.3717155, ""external_airflow_factor"": 0, ""road_slope_percent"": 0, ""start_ms"": 49300, ""vehicle_speed_kph"": 58.93}, {""ambient_temp_c"": 22.315, ""end_ms"": 120000, ""engine_load"": 0.42545749999999993, ""external_airflow_factor"": 0, ""road_slope_percent"": 0, ""start_ms"": 87100, ""vehicle_speed_kph"": 67.45}]","[[30000, 99], [60000, 92]]",authorized_updates,1306,120000,0:0:6000,bc059369a1056ece290c404fcd49a8e16c45b4ade1790a3c0d9a6f53490b7a53,25080c94de7ea3c42e7d298edc3bf17aabf4e61f3f167e5d073bff7c1f160924,0
current_0106,NORMAL,baseline,none,0,0,120100,13700,operating_family_0,development-train,current_profile_0106,"[{""ambient_temp_c"": 22.318, ""end_ms"": 18100, ""engine_load"": 0.30913379999999996, ""external_airflow_factor"": 0, ""road_slope_percent"": 0, ""start_ms"": 0, ""vehicle_speed_kph"": 48.989999999999995}, {""ambient_temp_c"": 22.318, ""end_ms"": 49300, ""engine_load"": 0.44802, ""external_airflow_factor"": 0, ""road_slope_percent"": 0, ""start_ms"": 18100, ""vehicle_speed_kph"": 71}, {""ambient_temp_c"": 22.318, ""end_ms"": 87100, ""engine_load"": 0.3718566, ""external_airflow_factor"": 0, ""road_slope_percent"": 0, ""start_ms"": 49300, ""vehicle_speed_kph"": 58.93}, {""ambient_temp_c"": 22.318, ""end_ms"": 120000, ""engine_load"": 0.42561899999999997, ""external_airflow_factor"": 0, ""road_slope_percent"": 0, ""start_ms"": 87100, ""vehicle_speed_kph"": 67.45}]",[],static_target,1307,120000,0:0:6000,04e2293cbede8f036bcdc77d1f7c0d2fc3e4d3515bb3642d795de1bade5b4af3,0848430de64975e9c7502e4549a1cca00f4808ae9319e149ed7174d4e2a3276e,0
current_0107,NORMAL,baseline,none,0,0,120100,18500,operating_family_0,development-train,current_profile_0107,"[{""ambient_temp_c"": 22.321, ""end_ms"": 18100, ""engine_load"": 0.30925109999999995, ""external_airflow_factor"": 0, ""road_slope_percent"": 0, ""start_ms"": 0, ""vehicle_speed_kph"": 48.989999999999995}, {""ambient_temp_c"": 22.321, ""end_ms"": 49300, ""engine_load"": 0.44819, ""external_airflow_factor"": 0, ""road_slope_percent"": 0, ""start_ms"": 18100, ""vehicle_speed_kph"": 71}, {""ambient_temp_c"": 22.321, ""end_ms"": 87100, ""engine_load"": 0.3719977, ""external_airflow_factor"": 0, ""road_slope_percent"": 0, ""start_ms"": 49300, ""vehicle_speed_kph"": 58.93}, {""ambient_temp_c"": 22.321, ""end_ms"": 120000, ""engine_load"": 0.42578049999999995, ""external_airflow_factor"": 0, ""road_slope_percent"": 0, ""start_ms"": 87100, ""vehicle_speed_kph"": 67.45}]","[[30000, 99], [60000, 92]]",authorized_updates,1308,120000,0:0:6000,34f1235303f7ca7c062f8a0c4149321d30297503217c11ee2eb4b2c3fbdd71b5,e589a461f83a8f6b62fffa1edc290ffade2813a3de9becac107e7c9e1b790f7d,0
current_0108,NORMAL,baseline,none,0,0,120100,9700,operating_family_0,development-train,current_profile_0108,"[{""ambient_temp_c"": 22.324, ""end_ms"": 18100, ""engine_load"": 0.3093684, ""external_airflow_factor"": 0, ""road_slope_percent"": 0, ""start_ms"": 0, ""vehicle_speed_kph"": 48.989999999999995}, {""ambient_temp_c"": 22.324, ""end_ms"": 49300, ""engine_load"": 0.44836, ""external_airflow_factor"": 0, ""road_slope_percent"": 0, ""start_ms"": 18100, ""vehicle_speed_kph"": 71}, {""ambient_temp_c"": 22.324, ""end_ms"": 87100, ""engine_load"": 0.3721388, ""external_airflow_factor"": 0, ""road_slope_percent"": 0, ""start_ms"": 49300, ""vehicle_speed_kph"": 58.93}, {""ambient_temp_c"": 22.324, ""end_ms"": 120000, ""engine_load"": 0.425942, ""external_airflow_factor"": 0, ""road_slope_percent"": 0, ""start_ms"": 87100, ""vehicle_speed_kph"": 67.45}]",[],static_target,1309,120000,0.02:0:6000,5c9528f8bfa755cd559ca4797b932f46c0c7823631f8c64568728b4cf8f0acc3,10be5e0e2ee0364fca83ea4d0661a2ff9c617df56169c180bc84e5586d961e39,0
current_0109,NORMAL,baseline,none,0,0,120100,13700,operating_family_0,development-train,current_profile_0109,"[{""ambient_temp_c"": 22.327, ""end_ms"": 18100, ""engine_load"": 0.3094857, ""external_airflow_factor"": 0, ""road_slope_percent"": 0, ""start_ms"": 0, ""vehicle_speed_kph"": 48.989999999999995}, {""ambient_temp_c"": 22.327, ""end_ms"": 49300, ""engine_load"": 0.44853, ""external_airflow_factor"": 0, ""road_slope_percent"": 0, ""start_ms"": 18100, ""vehicle_speed_kph"": 71}, {""ambient_temp_c"": 22.327, ""end_ms"": 87100, ""engine_load"": 0.37227989999999994, ""external_airflow_factor"": 0, ""road_slope_percent"": 0, ""start_ms"": 49300, ""vehicle_speed_kph"": 58.93}, {""ambient_temp_c"": 22.327, ""end_ms"": 120000, ""engine_load"": 0.42610349999999997, ""external_airflow_factor"": 0, ""road_slope_percent"": 0, ""start_ms"": 87100, ""vehicle_speed_kph"": 67.45}]","[[30000, 99], [60000, 92]]",authorized_updates,1310,120000,0.02:0:6000,43d9fbe9ddfc1a9b5e3a6ebc9a9076fb67c02a9050790a0c9ef6d4fdfc358dde,16d97a6b56a25d41b39878bb13a96f94eef0830aa77751e6204c0d7715b75e0c,0
current_0110,NORMAL,baseline,none,0,0,120100,18500,operating_family_0,development-train,current_profile_0110,"[{""ambient_temp_c"": 22.33, ""end_ms"": 18100, ""engine_load"": 0.30960299999999996, ""external_airflow_factor"": 0, ""road_slope_percent"": 0, ""start_ms"": 0, ""vehicle_speed_kph"": 48.989999999999995}, {""ambient_temp_c"": 22.33, ""end_ms"": 49300, ""engine_load"": 0.4487, ""external_airflow_factor"": 0, ""road_slope_percent"": 0, ""start_ms"": 18100, ""vehicle_speed_kph"": 71}, {""ambient_temp_c"": 22.33, ""end_ms"": 87100, ""engine_load"": 0.37242099999999995, ""external_airflow_factor"": 0, ""road_slope_percent"": 0, ""start_ms"": 49300, ""vehicle_speed_kph"": 58.93}, {""ambient_temp_c"": 22.33, ""end_ms"": 120000, ""engine_load"": 0.42626499999999995, ""external_airflow_factor"": 0, ""road_slope_percent"": 0, ""start_ms"": 87100, ""vehicle_speed_kph"": 67.45}]",[],static_target,1311,120000,0.02:0:6000,956171d37eccf3c70457475aebce8d0268f3723f80453e74a7f6a83cd6d63e99,1cdd05f4d7ac935653ea58a84b8998bf19e7c1ed56c4d292c80b266a1f983112,0
current_0111,NORMAL,baseline,none,0,0,120100,9700,operating_family_0,development-train,current_profile_0111,"[{""ambient_temp_c"": 22.333, ""end_ms"": 18100, ""engine_load"": 0.30972029999999995, ""external_airflow_factor"": 0, ""road_slope_percent"": 0, ""start_ms"": 0, ""vehicle_speed_kph"": 48.989999999999995}, {""ambient_temp_c"": 22.333, ""end_ms"": 49300, ""engine_load"": 0.44887, ""external_airflow_factor"": 0, ""road_slope_percent"": 0, ""start_ms"": 18100, ""vehicle_speed_kph"": 71}, {""ambient_temp_c"": 22.333, ""end_ms"": 87100, ""engine_load"": 0.37256209999999995, ""external_airflow_factor"": 0, ""road_slope_percent"": 0, ""start_ms"": 49300, ""vehicle_speed_kph"": 58.93}, {""ambient_temp_c"": 22.333, ""end_ms"": 120000, ""engine_load"": 0.4264265, ""external_airflow_factor"": 0, ""road_slope_percent"": 0, ""start_ms"": 87100, ""vehicle_speed_kph"": 67.45}]","[[30000, 99], [60000, 92]]",authorized_updates,1312,120000,0.05:0:6000,5a689c48a5afe1423023ea39ebe122bae01d752d1efbbe1ae4bbd481060c5077,6c3f838ea2fbfae1461c89b7e6e3a9cbad837021b5da25633b31b41afdded681,0
current_0112,NORMAL,baseline,none,0,0,120100,13700,operating_family_0,development-train,current_profile_0112,"[{""ambient_temp_c"": 22.336, ""end_ms"": 18100, ""engine_load"": 0.3098376, ""external_airflow_factor"": 0, ""road_slope_percent"": 0, ""start_ms"": 0, ""vehicle_speed_kph"": 48.989999999999995}, {""ambient_temp_c"": 22.336, ""end_ms"": 49300, ""engine_load"": 0.44904, ""external_airflow_factor"": 0, ""road_slope_percent"": 0, ""start_ms"": 18100, ""vehicle_speed_kph"": 71}, {""ambient_temp_c"": 22.336, ""end_ms"": 87100, ""engine_load"": 0.37270319999999996, ""external_airflow_factor"": 0, ""road_slope_percent"": 0, ""start_ms"": 49300, ""vehicle_speed_kph"": 58.93}, {""ambient_temp_c"": 22.336, ""end_ms"": 120000, ""engine_load"": 0.42658799999999997, ""external_airflow_factor"": 0, ""road_slope_percent"": 0, ""start_ms"": 87100, ""vehicle_speed_kph"": 67.45}]",[],static_target,1313,120000,0.05:0:6000,481ec0a0aee4b49659d018b98b61ac81470d4fd05ab264454e8a7f60aebe8789,b7271f07e6f281f0cc50f1afb19417cc156d18fbddb35ace19d6550e074ffdd9,0
current_0113,NORMAL,baseline,none,0,0,120100,18500,operating_family_0,development-train,current_profile_0113,"[{""ambient_temp_c"": 22.339, ""end_ms"": 18100, ""engine_load"": 0.3099549, ""external_airflow_factor"": 0, ""road_slope_percent"": 0, ""start_ms"": 0, ""vehicle_speed_kph"": 48.989999999999995}, {""ambient_temp_c"": 22.339, ""end_ms"": 49300, ""engine_load"": 0.44921, ""external_airflow_factor"": 0, ""road_slope_percent"": 0, ""start_ms"": 18100, ""vehicle_speed_kph"": 71}, {""ambient_temp_c"": 22.339, ""end_ms"": 87100, ""engine_load"": 0.37284429999999996, ""external_airflow_factor"": 0, ""road_slope_percent"": 0, ""start_ms"": 49300, ""vehicle_speed_kph"": 58.93}, {""ambient_temp_c"": 22.339, ""end_ms"": 120000, ""engine_load"": 0.4267495, ""external_airflow_factor"": 0, ""road_slope_percent"": 0, ""start_ms"": 87100, ""vehicle_speed_kph"": 67.45}]","[[30000, 99], [60000, 92]]",authorized_updates,1314,120000,0.05:0:6000,0a309855f6a1975b6543af0ac51d9ff0a4adac0319b88d0016807723595b9566,db04ab48999249c0f161c9d5fe0b5411d10c9fd9fb7fbc0feee90544daebddb1,0
current_0114,NORMAL,baseline,none,0,0,120100,9700,operating_family_0,development-train,current_profile_0114,"[{""ambient_temp_c"": 22.342, ""end_ms"": 18100, ""engine_load"": 0.31007219999999996, ""external_airflow_factor"": 0, ""road_slope_percent"": 0, ""start_ms"": 0, ""vehicle_speed_kph"": 48.989999999999995}, {""ambient_temp_c"": 22.342, ""end_ms"": 49300, ""engine_load"": 0.44938, ""external_airflow_factor"": 0, ""road_slope_percent"": 0, ""start_ms"": 18100, ""vehicle_speed_kph"": 71}, {""ambient_temp_c"": 22.342, ""end_ms"": 87100, ""engine_load"": 0.37298539999999997, ""external_airflow_factor"": 0, ""road_slope_percent"": 0, ""start_ms"": 49300, ""vehicle_speed_kph"": 58.93}, {""ambient_temp_c"": 22.342, ""end_ms"": 120000, ""engine_load"": 0.426911, ""external_airflow_factor"": 0, ""road_slope_percent"": 0, ""start_ms"": 87100, ""vehicle_speed_kph"": 67.45}]",[],static_target,1315,120000,0.10:0:6000,eca81baf32abb464faf136622f45beec730aae852455ac137173711e13fcbeac,3565ec4c08a9c92f9d55f54e9bb4dd35da3443f6c2bdc7ca17d4a64e78071b08,0
current_0115,NORMAL,baseline,none,0,0,120100,13700,operating_family_0,development-train,current_profile_0115,"[{""ambient_temp_c"": 22.345, ""end_ms"": 18100, ""engine_load"": 0.3101895, ""external_airflow_factor"": 0, ""road_slope_percent"": 0, ""start_ms"": 0, ""vehicle_speed_kph"": 48.989999999999995}, {""ambient_temp_c"": 22.345, ""end_ms"": 49300, ""engine_load"": 0.44955, ""external_airflow_factor"": 0, ""road_slope_percent"": 0, ""start_ms"": 18100, ""vehicle_speed_kph"": 71}, {""ambient_temp_c"": 22.345, ""end_ms"": 87100, ""engine_load"": 0.37312649999999997, ""external_airflow_factor"": 0, ""road_slope_percent"": 0, ""start_ms"": 49300, ""vehicle_speed_kph"": 58.93}, {""ambient_temp_c"": 22.345, ""end_ms"": 120000, ""engine_load"": 0.42707249999999997, ""external_airflow_factor"": 0, ""road_slope_percent"": 0, ""start_ms"": 87100, ""vehicle_speed_kph"": 67.45}]","[[30000, 99], [60000, 92]]",authorized_updates,1316,120000,0.10:0:6000,78d89b0c78ff15163e3769ba658f67c60beceec19a24cb295adfc6b351ceed7e,e40871194aebb27ef8a5f8c7dd9bbe871fc5e10d90e071a1392c966f83759a05,0
current_0116,NORMAL,baseline,none,0,0,120100,18500,operating_family_0,development-train,current_profile_0116,"[{""ambient_temp_c"": 22.348, ""end_ms"": 18100, ""engine_load"": 0.3103068, ""external_airflow_factor"": 0, ""road_slope_percent"": 0, ""start_ms"": 0, ""vehicle_speed_kph"": 48.989999999999995}, {""ambient_temp_c"": 22.348, ""end_ms"": 49300, ""engine_load"": 0.44972, ""external_airflow_factor"": 0, ""road_slope_percent"": 0, ""start_ms"": 18100, ""vehicle_speed_kph"": 71}, {""ambient_temp_c"": 22.348, ""end_ms"": 87100, ""engine_load"": 0.3732676, ""external_airflow_factor"": 0, ""road_slope_percent"": 0, ""start_ms"": 49300, ""vehicle_speed_kph"": 58.93}, {""ambient_temp_c"": 22.348, ""end_ms"": 120000, ""engine_load"": 0.427234, ""external_airflow_factor"": 0, ""road_slope_percent"": 0, ""start_ms"": 87100, ""vehicle_speed_kph"": 67.45}]",[],static_target,1317,120000,0.10:0:6000,ac2b7113368d8ddeafecdf13b98387b1e32d19280b03801ebf4b8740a186f371,eb121817b99bc35245c25d8130304d3d21355fd7083ad580e925dadabfad3cec,0
current_0117,NORMAL,baseline,none,0,0,120100,9700,operating_family_0,development-train,current_profile_0117,"[{""ambient_temp_c"": 22.351, ""end_ms"": 18100, ""engine_load"": 0.3104241, ""external_airflow_factor"": 0, ""road_slope_percent"": 0, ""start_ms"": 0, ""vehicle_speed_kph"": 48.989999999999995}, {""ambient_temp_c"": 22.351, ""end_ms"": 49300, ""engine_load"": 0.44989, ""external_airflow_factor"": 0, ""road_slope_percent"": 0, ""start_ms"": 18100, ""vehicle_speed_kph"": 71}, {""ambient_temp_c"": 22.351, ""end_ms"": 87100, ""engine_load"": 0.3734087, ""external_airflow_factor"": 0, ""road_slope_percent"": 0, ""start_ms"": 49300, ""vehicle_speed_kph"": 58.93}, {""ambient_temp_c"": 22.351, ""end_ms"": 120000, ""engine_load"": 0.4273955, ""external_airflow_factor"": 0, ""road_slope_percent"": 0, ""start_ms"": 87100, ""vehicle_speed_kph"": 67.45}]","[[30000, 99], [60000, 92]]",authorized_updates,1318,120000,0.02:0.6:12000,252064f731341ceae554d12248acc5a8a2143174b18984cc145621927b0a9db8,40fa7e2643e4ab294024d5de1691bf0dc21a93b135fb72ba0af998c62b001d2c,0
current_0118,NORMAL,baseline,none,0,0,120100,13700,operating_family_0,development-train,current_profile_0118,"[{""ambient_temp_c"": 22.354, ""end_ms"": 18100, ""engine_load"": 0.31054139999999997, ""external_airflow_factor"": 0, ""road_slope_percent"": 0, ""start_ms"": 0, ""vehicle_speed_kph"": 48.989999999999995}, {""ambient_temp_c"": 22.354, ""end_ms"": 49300, ""engine_load"": 0.45006, ""external_airflow_factor"": 0, ""road_slope_percent"": 0, ""start_ms"": 18100, ""vehicle_speed_kph"": 71}, {""ambient_temp_c"": 22.354, ""end_ms"": 87100, ""engine_load"": 0.3735498, ""external_airflow_factor"": 0, ""road_slope_percent"": 0, ""start_ms"": 49300, ""vehicle_speed_kph"": 58.93}, {""ambient_temp_c"": 22.354, ""end_ms"": 120000, ""engine_load"": 0.427557, ""external_airflow_factor"": 0, ""road_slope_percent"": 0, ""start_ms"": 87100, ""vehicle_speed_kph"": 67.45}]",[],static_target,1319,120000,0.02:0.6:12000,9a128f9e13bf2f509c0dc96584fe9836d0dfcdb4e25503ff6cb543346fea196c,28d55a692371c7958ae289ced4d16b702c4fbd520be1ea5a239c0bbbd48c544d,0
current_0119,NORMAL,baseline,none,0,0,120100,18500,operating_family_0,development-train,current_profile_0119,"[{""ambient_temp_c"": 22.357, ""end_ms"": 18100, ""engine_load"": 0.3106587, ""external_airflow_factor"": 0, ""road_slope_percent"": 0, ""start_ms"": 0, ""vehicle_speed_kph"": 48.989999999999995}, {""ambient_temp_c"": 22.357, ""end_ms"": 49300, ""engine_load"": 0.45023, ""external_airflow_factor"": 0, ""road_slope_percent"": 0, ""start_ms"": 18100, ""vehicle_speed_kph"": 71}, {""ambient_temp_c"": 22.357, ""end_ms"": 87100, ""engine_load"": 0.3736909, ""external_airflow_factor"": 0, ""road_slope_percent"": 0, ""start_ms"": 49300, ""vehicle_speed_kph"": 58.93}, {""ambient_temp_c"": 22.357, ""end_ms"": 120000, ""engine_load"": 0.4277185, ""external_airflow_factor"": 0, ""road_slope_percent"": 0, ""start_ms"": 87100, ""vehicle_speed_kph"": 67.45}]","[[30000, 99], [60000, 92]]",authorized_updates,1320,120000,0.02:0.6:12000,db377eea3f920d54e0078d614865989af079892d87104b3e732129f14099045a,d3583606662bbd20b626371b8853a5e9ff1638d12cfc1956a40fd5b4e030158b,0
current_0120,NORMAL,baseline,none,0,0,120100,9700,operating_family_0,development-train,current_profile_0120,"[{""ambient_temp_c"": 22.36, ""end_ms"": 18100, ""engine_load"": 0.310776, ""external_airflow_factor"": 0, ""road_slope_percent"": 0, ""start_ms"": 0, ""vehicle_speed_kph"": 48.989999999999995}, {""ambient_temp_c"": 22.36, ""end_ms"": 49300, ""engine_load"": 0.4504, ""external_airflow_factor"": 0, ""road_slope_percent"": 0, ""start_ms"": 18100, ""vehicle_speed_kph"": 71}, {""ambient_temp_c"": 22.36, ""end_ms"": 87100, ""engine_load"": 0.373832, ""external_airflow_factor"": 0, ""road_slope_percent"": 0, ""start_ms"": 49300, ""vehicle_speed_kph"": 58.93}, {""ambient_temp_c"": 22.36, ""end_ms"": 120000, ""engine_load"": 0.42788, ""external_airflow_factor"": 0, ""road_slope_percent"": 0, ""start_ms"": 87100, ""vehicle_speed_kph"": 67.45}]",[],static_target,1321,120000,0.05:1.2:18000,18ecdfc9bbb400b0435752141c2e52bb87757ebf7c0ced6b40ce1f71e1e99f18,1aa3c9d2854b91e2b8676af2cc48a1faf3ca2df9062c9ddcae13a47e7eb21313,0
current_0121,NORMAL,baseline,none,0,0,120100,13700,operating_family_0,development-train,current_profile_0121,"[{""ambient_temp_c"": 22.363, ""end_ms"": 18100, ""engine_load"": 0.31089329999999993, ""external_airflow_factor"": 0, ""road_slope_percent"": 0, ""start_ms"": 0, ""vehicle_speed_kph"": 48.989999999999995}, {""ambient_temp_c"": 22.363, ""end_ms"": 49300, ""engine_load"": 0.45056999999999997, ""external_airflow_factor"": 0, ""road_slope_percent"": 0, ""start_ms"": 18100, ""vehicle_speed_kph"": 71}, {""ambient_temp_c"": 22.363, ""end_ms"": 87100, ""engine_load"": 0.37397309999999995, ""external_airflow_factor"": 0, ""road_slope_percent"": 0, ""start_ms"": 49300, ""vehicle_speed_kph"": 58.93}, {""ambient_temp_c"": 22.363, ""end_ms"": 120000, ""engine_load"": 0.42804149999999996, ""external_airflow_factor"": 0, ""road_slope_percent"": 0, ""start_ms"": 87100, ""vehicle_speed_kph"": 67.45}]","[[30000, 99], [60000, 92]]",authorized_updates,1322,120000,0.05:1.2:18000,a29b8f4fa6131157849991a394bafba728c92006d4d36520cf31daf1293e1f32,e6c4b13ed2f88063a3b440460b3ccdece20247f351793e7decb45f9338e59f0f,0
current_0122,NORMAL,baseline,none,0,0,120100,18500,operating_family_0,development-train,current_profile_0122,"[{""ambient_temp_c"": 22.366, ""end_ms"": 18100, ""engine_load"": 0.31101059999999997, ""external_airflow_factor"": 0, ""road_slope_percent"": 0, ""start_ms"": 0, ""vehicle_speed_kph"": 48.989999999999995}, {""ambient_temp_c"": 22.366, ""end_ms"": 49300, ""engine_load"": 0.45074, ""external_airflow_factor"": 0, ""road_slope_percent"": 0, ""start_ms"": 18100, ""vehicle_speed_kph"": 71}, {""ambient_temp_c"": 22.366, ""end_ms"": 87100, ""engine_load"": 0.37411419999999995, ""external_airflow_factor"": 0, ""road_slope_percent"": 0, ""start_ms"": 49300, ""vehicle_speed_kph"": 58.93}, {""ambient_temp_c"": 22.366, ""end_ms"": 120000, ""engine_load"": 0.42820299999999994, ""external_airflow_factor"": 0, ""road_slope_percent"": 0, ""start_ms"": 87100, ""vehicle_speed_kph"": 67.45}]",[],static_target,1323,120000,0.05:1.2:18000,bf227a503a3110547968874c0203a5af88a3bf13e7fca3b8451e47b4731f5092,ba9c5f21b7b4e3fcacaba5fcb81df59ccfca9d7018ffb2ac80b6525851bd30d1,0
current_0123,MEMORY,stuck_bit,transient,0,0,24700,9700,operating_family_1,development-train,current_profile_0123,"[{""ambient_temp_c"": 29.0, ""end_ms"": 18100, ""engine_load"": 0.40709999999999996, ""external_airflow_factor"": 0, ""road_slope_percent"": 0, ""start_ms"": 0, ""vehicle_speed_kph"": 24.839999999999996}, {""ambient_temp_c"": 29.0, ""end_ms"": 49300, ""engine_load"": 0.59, ""external_airflow_factor"": 0, ""road_slope_percent"": 0, ""start_ms"": 18100, ""vehicle_speed_kph"": 36}, {""ambient_temp_c"": 29.0, ""end_ms"": 87100, ""engine_load"": 0.48969999999999997, ""external_airflow_factor"": 0, ""road_slope_percent"": 0, ""start_ms"": 49300, ""vehicle_speed_kph"": 29.88}, {""ambient_temp_c"": 29.0, ""end_ms"": 120000, ""engine_load"": 0.5605, ""external_airflow_factor"": 0, ""road_slope_percent"": 0, ""start_ms"": 87100, ""vehicle_speed_kph"": 34.199999999999996}]","[[30000, 99], [60000, 92]]",authorized_updates,1338,120000,0:0:6000,ccd7bd4234a4175b37760ffb2c3e6c82968eafc9fea7752f32f5e5e9a222604e,db4f3841253e2b059c4ddec96dd30389294e6f1f89995f4fa9274e7fd1eb1e40,1
current_0124,MEMORY,stuck_bit,intermittent,0,0,25000,13700,operating_family_1,development-train,current_profile_0124,"[{""ambient_temp_c"": 29.003, ""end_ms"": 18100, ""engine_load"": 0.40721729999999995, ""external_airflow_factor"": 0, ""road_slope_percent"": 0, ""start_ms"": 0, ""vehicle_speed_kph"": 24.839999999999996}, {""ambient_temp_c"": 29.003, ""end_ms"": 49300, ""engine_load"": 0.59017, ""external_airflow_factor"": 0, ""road_slope_percent"": 0, ""start_ms"": 18100, ""vehicle_speed_kph"": 36}, {""ambient_temp_c"": 29.003, ""end_ms"": 87100, ""engine_load"": 0.4898411, ""external_airflow_factor"": 0, ""road_slope_percent"": 0, ""start_ms"": 49300, ""vehicle_speed_kph"": 29.88}, {""ambient_temp_c"": 29.003, ""end_ms"": 120000, ""engine_load"": 0.5606614999999999, ""external_airflow_factor"": 0, ""road_slope_percent"": 0, ""start_ms"": 87100, ""vehicle_speed_kph"": 34.199999999999996}]",[],static_target,1339,120000,0:0:6000,67fb9629be285794943155421b4f398d009d1236266a355138feb8d5025f945d,88dc741a272d1374494a6d085418544d8c8cf42235d84cf817b1993d2f540382,1
current_0125,MEMORY,stuck_bit,permanent,0,0,25300,18500,operating_family_1,development-train,current_profile_0125,"[{""ambient_temp_c"": 29.006, ""end_ms"": 18100, ""engine_load"": 0.40733459999999994, ""external_airflow_factor"": 0, ""road_slope_percent"": 0, ""start_ms"": 0, ""vehicle_speed_kph"": 24.839999999999996}, {""ambient_temp_c"": 29.006, ""end_ms"": 49300, ""engine_load"": 0.59034, ""external_airflow_factor"": 0, ""road_slope_percent"": 0, ""start_ms"": 18100, ""vehicle_speed_kph"": 36}, {""ambient_temp_c"": 29.006, ""end_ms"": 87100, ""engine_load"": 0.4899822, ""external_airflow_factor"": 0, ""road_slope_percent"": 0, ""start_ms"": 49300, ""vehicle_speed_kph"": 29.88}, {""ambient_temp_c"": 29.006, ""end_ms"": 120000, ""engine_load"": 0.560823, ""external_airflow_factor"": 0, ""road_slope_percent"": 0, ""start_ms"": 87100, ""vehicle_speed_kph"": 34.199999999999996}]","[[30000, 99], [60000, 92]]",authorized_updates,1340,120000,0:0:6000,df8b67d82a74a673953970256eb717a7a2bde5e6344fbb749371c218691a5e68,30d1d0dbe730a9a877140a030baf213db165147bbdb013e56b1217348954c012,1
current_0126,MEMORY,stuck_bit,transient,0,1,25600,9700,operating_family_1,development-train,current_profile_0126,"[{""ambient_temp_c"": 29.009, ""end_ms"": 18100, ""engine_load"": 0.4074519, ""external_airflow_factor"": 0, ""road_slope_percent"": 0, ""start_ms"": 0, ""vehicle_speed_kph"": 24.839999999999996}, {""ambient_temp_c"": 29.009, ""end_ms"": 49300, ""engine_load"": 0.59051, ""external_airflow_factor"": 0, ""road_slope_percent"": 0, ""start_ms"": 18100, ""vehicle_speed_kph"": 36}, {""ambient_temp_c"": 29.009, ""end_ms"": 87100, ""engine_load"": 0.4901233, ""external_airflow_factor"": 0, ""road_slope_percent"": 0, ""start_ms"": 49300, ""vehicle_speed_kph"": 29.88}, {""ambient_temp_c"": 29.009, ""end_ms"": 120000, ""engine_load"": 0.5609845, ""external_airflow_factor"": 0, ""road_slope_percent"": 0, ""start_ms"": 87100, ""vehicle_speed_kph"": 34.199999999999996}]",[],static_target,1341,120000,0:0:6000,a348eb4421d4bd0f00dd941855bdb2451a37528b683b304aef17a1b581660408,a00c2d318189dc70fe288dd65d5c5574df411c27b683e11c4cb1f974d23f23fa,0
current_0127,MEMORY,stuck_bit,intermittent,0,1,25900,13700,operating_family_1,development-train,current_profile_0127,"[{""ambient_temp_c"": 29.012, ""end_ms"": 18100, ""engine_load"": 0.40756919999999996, ""external_airflow_factor"": 0, ""road_slope_percent"": 0, ""start_ms"": 0, ""vehicle_speed_kph"": 24.839999999999996}, {""ambient_temp_c"": 29.012, ""end_ms"": 49300, ""engine_load"": 0.59068, ""external_airflow_factor"": 0, ""road_slope_percent"": 0, ""start_ms"": 18100, ""vehicle_speed_kph"": 36}, {""ambient_temp_c"": 29.012, ""end_ms"": 87100, ""engine_load"": 0.4902644, ""external_airflow_factor"": 0, ""road_slope_percent"": 0, ""start_ms"": 49300, ""vehicle_speed_kph"": 29.88}, {""ambient_temp_c"": 29.012, ""end_ms"": 120000, ""engine_load"": 0.5611459999999999, ""external_airflow_factor"": 0, ""road_slope_percent"": 0, ""start_ms"": 87100, ""vehicle_speed_kph"": 34.199999999999996}]","[[30000, 99], [60000, 92]]",authorized_updates,1342,120000,0:0:6000,3ffddcab7488b1be371832058431f4a454a871e1bd066b026945fd63476fc04a,c0e82946f45a695973cf17474572e9872d658e5e48ac2db3e487f31a90ef0b8d,0
current_0128,MEMORY,stuck_bit,permanent,0,1,26200,18500,operating_family_1,development-train,current_profile_0128,"[{""ambient_temp_c"": 29.015, ""end_ms"": 18100, ""engine_load"": 0.40768649999999995, ""external_airflow_factor"": 0, ""road_slope_percent"": 0, ""start_ms"": 0, ""vehicle_speed_kph"": 24.839999999999996}, {""ambient_temp_c"": 29.015, ""end_ms"": 49300, ""engine_load"": 0.59085, ""external_airflow_factor"": 0, ""road_slope_percent"": 0, ""start_ms"": 18100, ""vehicle_speed_kph"": 36}, {""ambient_temp_c"": 29.015, ""end_ms"": 87100, ""engine_load"": 0.49040549999999994, ""external_airflow_factor"": 0, ""road_slope_percent"": 0, ""start_ms"": 49300, ""vehicle_speed_kph"": 29.88}, {""ambient_temp_c"": 29.015, ""end_ms"": 120000, ""engine_load"": 0.5613075, ""external_airflow_factor"": 0, ""road_slope_percent"": 0, ""start_ms"": 87100, ""vehicle_speed_kph"": 34.199999999999996}]",[],static_target,1343,120000,0:0:6000,4b6fddfddf9dc17aa01e8b80bb06250b1183671a4bc3772c1718dce507ea8398,95408b55949a84cb36efd5a6054a6baf08ed0d9d8c1e97e0743a117305563c06,0
current_0129,MEMORY,stuck_bit,transient,1,0,26500,9700,operating_family_1,development-train,current_profile_0129,"[{""ambient_temp_c"": 29.018, ""end_ms"": 18100, ""engine_load"": 0.40780379999999994, ""external_airflow_factor"": 0, ""road_slope_percent"": 0, ""start_ms"": 0, ""vehicle_speed_kph"": 24.839999999999996}, {""ambient_temp_c"": 29.018, ""end_ms"": 49300, ""engine_load"": 0.59102, ""external_airflow_factor"": 0, ""road_slope_percent"": 0, ""start_ms"": 18100, ""vehicle_speed_kph"": 36}, {""ambient_temp_c"": 29.018, ""end_ms"": 87100, ""engine_load"": 0.49054659999999994, ""external_airflow_factor"": 0, ""road_slope_percent"": 0, ""start_ms"": 49300, ""vehicle_speed_kph"": 29.88}, {""ambient_temp_c"": 29.018, ""end_ms"": 120000, ""engine_load"": 0.561469, ""external_airflow_factor"": 0, ""road_slope_percent"": 0, ""start_ms"": 87100, ""vehicle_speed_kph"": 34.199999999999996}]","[[30000, 99], [60000, 92]]",authorized_updates,1344,120000,0:0:6000,4539007e7f4fcfbd863d07943e624cbe824b5d024d85856960578e3f0536eced,afa945efe0ed261b232f293bc9dfd6e791e47e8a840485d1bd503fe9264ca6a5,1
current_0130,MEMORY,stuck_bit,intermittent,1,0,26800,13700,operating_family_1,development-train,current_profile_0130,"[{""ambient_temp_c"": 29.021, ""end_ms"": 18100, ""engine_load"": 0.4079211, ""external_airflow_factor"": 0, ""road_slope_percent"": 0, ""start_ms"": 0, ""vehicle_speed_kph"": 24.839999999999996}, {""ambient_temp_c"": 29.021, ""end_ms"": 49300, ""engine_load"": 0.59119, ""external_airflow_factor"": 0, ""road_slope_percent"": 0, ""start_ms"": 18100, ""vehicle_speed_kph"": 36}, {""ambient_temp_c"": 29.021, ""end_ms"": 87100, ""engine_load"": 0.49068769999999995, ""external_airflow_factor"": 0, ""road_slope_percent"": 0, ""start_ms"": 49300, ""vehicle_speed_kph"": 29.88}, {""ambient_temp_c"": 29.021, ""end_ms"": 120000, ""engine_load"": 0.5616304999999999, ""external_airflow_factor"": 0, ""road_slope_percent"": 0, ""start_ms"": 87100, ""vehicle_speed_kph"": 34.199999999999996}]",[],static_target,1345,120000,0:0:6000,1a6fa2c6c7ab1e1b6c7318f221e9c59b95d391e0e23a1f28ecdfe12a98410481,8390cc808b8b9235da8b70a5c5a05913c751154535c2daea6553f10cdf9f2bca,1
current_0131,MEMORY,stuck_bit,permanent,1,0,24700,18500,operating_family_1,development-train,current_profile_0131,"[{""ambient_temp_c"": 29.024, ""end_ms"": 18100, ""engine_load"": 0.40803839999999997, ""external_airflow_factor"": 0, ""road_slope_percent"": 0, ""start_ms"": 0, ""vehicle_speed_kph"": 24.839999999999996}, {""ambient_temp_c"": 29.024, ""end_ms"": 49300, ""engine_load"": 0.59136, ""external_airflow_factor"": 0, ""road_slope_percent"": 0, ""start_ms"": 18100, ""vehicle_speed_kph"": 36}, {""ambient_temp_c"": 29.024, ""end_ms"": 87100, ""engine_load"": 0.49082879999999995, ""external_airflow_factor"": 0, ""road_slope_percent"": 0, ""start_ms"": 49300, ""vehicle_speed_kph"": 29.88}, {""ambient_temp_c"": 29.024, ""end_ms"": 120000, ""engine_load"": 0.561792, ""external_airflow_factor"": 0, ""road_slope_percent"": 0, ""start_ms"": 87100, ""vehicle_speed_kph"": 34.199999999999996}]","[[30000, 99], [60000, 92]]",authorized_updates,1346,120000,0:0:6000,b660c7d04ebbc0c292054197283b460f9534ba1f89e4f058e2c350f315d90d15,1c0ad718e4ba272c25b26f72d2c2ad0e2be5ed86cac9a4f89c4f9153c32edb4c,1
current_0132,MEMORY,stuck_bit,transient,1,1,25000,9700,operating_family_1,development-train,current_profile_0132,"[{""ambient_temp_c"": 29.027, ""end_ms"": 18100, ""engine_load"": 0.40815569999999995, ""external_airflow_factor"": 0, ""road_slope_percent"": 0, ""start_ms"": 0, ""vehicle_speed_kph"": 24.839999999999996}, {""ambient_temp_c"": 29.027, ""end_ms"": 49300, ""engine_load"": 0.59153, ""external_airflow_factor"": 0, ""road_slope_percent"": 0, ""start_ms"": 18100, ""vehicle_speed_kph"": 36}, {""ambient_temp_c"": 29.027, ""end_ms"": 87100, ""engine_load"": 0.49096989999999996, ""external_airflow_factor"": 0, ""road_slope_percent"": 0, ""start_ms"": 49300, ""vehicle_speed_kph"": 29.88}, {""ambient_temp_c"": 29.027, ""end_ms"": 120000, ""engine_load"": 0.5619535, ""external_airflow_factor"": 0, ""road_slope_percent"": 0, ""start_ms"": 87100, ""vehicle_speed_kph"": 34.199999999999996}]",[],static_target,1347,120000,0:0:6000,70c985d89f2f38812117332636a1a00c47cf8ae31bbfccdf98de179c4cda4dc3,b9a099f48cde52a033ed18bfc59fa1674675df0afc457f74bc51f845071bc548,0
current_0133,MEMORY,stuck_bit,intermittent,1,1,25300,13700,operating_family_1,development-train,current_profile_0133,"[{""ambient_temp_c"": 29.03, ""end_ms"": 18100, ""engine_load"": 0.408273, ""external_airflow_factor"": 0, ""road_slope_percent"": 0, ""start_ms"": 0, ""vehicle_speed_kph"": 24.839999999999996}, {""ambient_temp_c"": 29.03, ""end_ms"": 49300, ""engine_load"": 0.5917, ""external_airflow_factor"": 0, ""road_slope_percent"": 0, ""start_ms"": 18100, ""vehicle_speed_kph"": 36}, {""ambient_temp_c"": 29.03, ""end_ms"": 87100, ""engine_load"": 0.49111099999999996, ""external_airflow_factor"": 0, ""road_slope_percent"": 0, ""start_ms"": 49300, ""vehicle_speed_kph"": 29.88}, {""ambient_temp_c"": 29.03, ""end_ms"": 120000, ""engine_load"": 0.562115, ""external_airflow_factor"": 0, ""road_slope_percent"": 0, ""start_ms"": 87100, ""vehicle_speed_kph"": 34.199999999999996}]","[[30000, 99], [60000, 92]]",authorized_updates,1348,120000,0:0:6000,4821df2738a433f6c69b65cda1ec760fdafe677e56016384a28b6362b8653e7b,aeb0226fee668759a39a4fd8484bfc98cdf8d9ee18538cad4c74e139a4cf55a7,0
current_0134,MEMORY,stuck_bit,permanent,1,1,25600,18500,operating_family_1,development-train,current_profile_0134,"[{""ambient_temp_c"": 29.033, ""end_ms"": 18100, ""engine_load"": 0.4083903, ""external_airflow_factor"": 0, ""road_slope_percent"": 0, ""start_ms"": 0, ""vehicle_speed_kph"": 24.839999999999996}, {""ambient_temp_c"": 29.033, ""end_ms"": 49300, ""engine_load"": 0.59187, ""external_airflow_factor"": 0, ""road_slope_percent"": 0, ""start_ms"": 18100, ""vehicle_speed_kph"": 36}, {""ambient_temp_c"": 29.033, ""end_ms"": 87100, ""engine_load"": 0.49125209999999997, ""external_airflow_factor"": 0, ""road_slope_percent"": 0, ""start_ms"": 49300, ""vehicle_speed_kph"": 29.88}, {""ambient_temp_c"": 29.033, ""end_ms"": 120000, ""engine_load"": 0.5622765, ""external_airflow_factor"": 0, ""road_slope_percent"": 0, ""start_ms"": 87100, ""vehicle_speed_kph"": 34.199999999999996}]",[],static_target,1349,120000,0:0:6000,a8956e39b928626cf5becc63604df1fdd81aae6f4584edf79666d407fe21bfe5,614b05436e513a4e8b0a59669fa38004d06023a9afe3f7991ab2979ecdf54f78,0
current_0135,MEMORY,stuck_bit,transient,2,0,25900,9700,operating_family_1,development-train,current_profile_0135,"[{""ambient_temp_c"": 29.036, ""end_ms"": 18100, ""engine_load"": 0.40850759999999997, ""external_airflow_factor"": 0, ""road_slope_percent"": 0, ""start_ms"": 0, ""vehicle_speed_kph"": 24.839999999999996}, {""ambient_temp_c"": 29.036, ""end_ms"": 49300, ""engine_load"": 0.59204, ""external_airflow_factor"": 0, ""road_slope_percent"": 0, ""start_ms"": 18100, ""vehicle_speed_kph"": 36}, {""ambient_temp_c"": 29.036, ""end_ms"": 87100, ""engine_load"": 0.4913932, ""external_airflow_factor"": 0, ""road_slope_percent"": 0, ""start_ms"": 49300, ""vehicle_speed_kph"": 29.88}, {""ambient_temp_c"": 29.036, ""end_ms"": 120000, ""engine_load"": 0.562438, ""external_airflow_factor"": 0, ""road_slope_percent"": 0, ""start_ms"": 87100, ""vehicle_speed_kph"": 34.199999999999996}]","[[30000, 99], [60000, 92]]",authorized_updates,1350,120000,0:0:6000,0c7ceecf0f818ba47fdc3293c4e6825991e27f202c59cfa8dd1c6af3b9182695,be3a50bf3c5ed13d2cd4bfdf9ac5ece441e8b0aae37650a905d6b979f1189755,0
current_0136,MEMORY,stuck_bit,intermittent,2,0,26200,13700,operating_family_1,development-train,current_profile_0136,"[{""ambient_temp_c"": 29.039, ""end_ms"": 18100, ""engine_load"": 0.40862489999999996, ""external_airflow_factor"": 0, ""road_slope_percent"": 0, ""start_ms"": 0, ""vehicle_speed_kph"": 24.839999999999996}, {""ambient_temp_c"": 29.039, ""end_ms"": 49300, ""engine_load"": 0.59221, ""external_airflow_factor"": 0, ""road_slope_percent"": 0, ""start_ms"": 18100, ""vehicle_speed_kph"": 36}, {""ambient_temp_c"": 29.039, ""end_ms"": 87100, ""engine_load"": 0.4915343, ""external_airflow_factor"": 0, ""road_slope_percent"": 0, ""start_ms"": 49300, ""vehicle_speed_kph"": 29.88}, {""ambient_temp_c"": 29.039, ""end_ms"": 120000, ""engine_load"": 0.5625995, ""external_airflow_factor"": 0, ""road_slope_percent"": 0, ""start_ms"": 87100, ""vehicle_speed_kph"": 34.199999999999996}]",[],static_target,1351,120000,0:0:6000,37d9d348474aec5ee5b1f7298db8583648dd9937dc8174daec19da54df0eb176,2ae151a4c1a1a33015ad3a54611d26175476ef5b3d7a35741d392376f006d6c7,0
current_0137,MEMORY,stuck_bit,permanent,2,0,26500,18500,operating_family_1,development-train,current_profile_0137,"[{""ambient_temp_c"": 29.042, ""end_ms"": 18100, ""engine_load"": 0.4087422, ""external_airflow_factor"": 0, ""road_slope_percent"": 0, ""start_ms"": 0, ""vehicle_speed_kph"": 24.839999999999996}, {""ambient_temp_c"": 29.042, ""end_ms"": 49300, ""engine_load"": 0.59238, ""external_airflow_factor"": 0, ""road_slope_percent"": 0, ""start_ms"": 18100, ""vehicle_speed_kph"": 36}, {""ambient_temp_c"": 29.042, ""end_ms"": 87100, ""engine_load"": 0.4916754, ""external_airflow_factor"": 0, ""road_slope_percent"": 0, ""start_ms"": 49300, ""vehicle_speed_kph"": 29.88}, {""ambient_temp_c"": 29.042, ""end_ms"": 120000, ""engine_load"": 0.562761, ""external_airflow_factor"": 0, ""road_slope_percent"": 0, ""start_ms"": 87100, ""vehicle_speed_kph"": 34.199999999999996}]","[[30000, 99], [60000, 92]]",authorized_updates,1352,120000,0:0:6000,f2bb7a84d33883249f187f577f2826720d36eef3ffb860aa4a6941ed1482ef57,7f4001466a7c7677bc8fb1031a4021f015bbf280561cbc64c68d797ddaabf4e0,0
current_0138,MEMORY,stuck_bit,transient,2,1,26800,9700,operating_family_1,development-train,current_profile_0138,"[{""ambient_temp_c"": 29.045, ""end_ms"": 18100, ""engine_load"": 0.4088595, ""external_airflow_factor"": 0, ""road_slope_percent"": 0, ""start_ms"": 0, ""vehicle_speed_kph"": 24.839999999999996}, {""ambient_temp_c"": 29.045, ""end_ms"": 49300, ""engine_load"": 0.59255, ""external_airflow_factor"": 0, ""road_slope_percent"": 0, ""start_ms"": 18100, ""vehicle_speed_kph"": 36}, {""ambient_temp_c"": 29.045, ""end_ms"": 87100, ""engine_load"": 0.4918165, ""external_airflow_factor"": 0, ""road_slope_percent"": 0, ""start_ms"": 49300, ""vehicle_speed_kph"": 29.88}, {""ambient_temp_c"": 29.045, ""end_ms"": 120000, ""engine_load"": 0.5629225, ""external_airflow_factor"": 0, ""road_slope_percent"": 0, ""start_ms"": 87100, ""vehicle_speed_kph"": 34.199999999999996}]",[],static_target,1353,120000,0:0:6000,bc967e0bb267c7a66837af39d70eab19296f5aabe323c384c10a745b97949e4c,24ff6353ff45196439f4695c8331899061209e044a7578beaa233bebbaabd5e9,1
current_0139,MEMORY,stuck_bit,intermittent,2,1,24700,13700,operating_family_1,development-train,current_profile_0139,"[{""ambient_temp_c"": 29.048, ""end_ms"": 18100, ""engine_load"": 0.4089767999999999, ""external_airflow_factor"": 0, ""road_slope_percent"": 0, ""start_ms"": 0, ""vehicle_speed_kph"": 24.839999999999996}, {""ambient_temp_c"": 29.048, ""end_ms"": 49300, ""engine_load"": 0.5927199999999999, ""external_airflow_factor"": 0, ""road_slope_percent"": 0, ""start_ms"": 18100, ""vehicle_speed_kph"": 36}, {""ambient_temp_c"": 29.048, ""end_ms"": 87100, ""engine_load"": 0.4919575999999999, ""external_airflow_factor"": 0, ""road_slope_percent"": 0, ""start_ms"": 49300, ""vehicle_speed_kph"": 29.88}, {""ambient_temp_c"": 29.048, ""end_ms"": 120000, ""engine_load"": 0.5630839999999999, ""external_airflow_factor"": 0, ""road_slope_percent"": 0, ""start_ms"": 87100, ""vehicle_speed_kph"": 34.199999999999996}]","[[30000, 99], [60000, 92]]",authorized_updates,1354,120000,0:0:6000,2b7bc4f70d4692a7f87cceaa3263a1588eadd86a92c61e2c5a75600e98b7683e,e6c8645921e698aef81a00f131d9156e82d0d906c47bcbe848da32d9cdcd6062,1
current_0140,MEMORY,stuck_bit,permanent,2,1,25000,18500,operating_family_1,development-train,current_profile_0140,"[{""ambient_temp_c"": 29.051, ""end_ms"": 18100, ""engine_load"": 0.4090940999999999, ""external_airflow_factor"": 0, ""road_slope_percent"": 0, ""start_ms"": 0, ""vehicle_speed_kph"": 24.839999999999996}, {""ambient_temp_c"": 29.051, ""end_ms"": 49300, ""engine_load"": 0.5928899999999999, ""external_airflow_factor"": 0, ""road_slope_percent"": 0, ""start_ms"": 18100, ""vehicle_speed_kph"": 36}, {""ambient_temp_c"": 29.051, ""end_ms"": 87100, ""engine_load"": 0.4920986999999999, ""external_airflow_factor"": 0, ""road_slope_percent"": 0, ""start_ms"": 49300, ""vehicle_speed_kph"": 29.88}, {""ambient_temp_c"": 29.051, ""end_ms"": 120000, ""engine_load"": 0.5632454999999998, ""external_airflow_factor"": 0, ""road_slope_percent"": 0, ""start_ms"": 87100, ""vehicle_speed_kph"": 34.199999999999996}]",[],static_target,1355,120000,0:0:6000,f6815f42d61f9d8ed013029294cbcc9faafe3b3888aa088dc76bccd7cf95a287,0518b279484d2f7a44a9b42ff1b7b788c7ec2ed3b8abd18bfad820adb281d2b5,1
current_0141,MEMORY,stuck_bit,transient,3,0,25300,9700,operating_family_1,development-train,current_profile_0141,"[{""ambient_temp_c"": 29.054, ""end_ms"": 18100, ""engine_load"": 0.4092113999999999, ""external_airflow_factor"": 0, ""road_slope_percent"": 0, ""start_ms"": 0, ""vehicle_speed_kph"": 24.839999999999996}, {""ambient_temp_c"": 29.054, ""end_ms"": 49300, ""engine_load"": 0.5930599999999999, ""external_airflow_factor"": 0, ""road_slope_percent"": 0, ""start_ms"": 18100, ""vehicle_speed_kph"": 36}, {""ambient_temp_c"": 29.054, ""end_ms"": 87100, ""engine_load"": 0.4922397999999999, ""external_airflow_factor"": 0, ""road_slope_percent"": 0, ""start_ms"": 49300, ""vehicle_speed_kph"": 29.88}, {""ambient_temp_c"": 29.054, ""end_ms"": 120000, ""engine_load"": 0.5634069999999999, ""external_airflow_factor"": 0, ""road_slope_percent"": 0, ""start_ms"": 87100, ""vehicle_speed_kph"": 34.199999999999996}]","[[30000, 99], [60000, 92]]",authorized_updates,1356,120000,0:0:6000,02133bd047eef109bf57cab8a6d251fe3d688d20ed927ff80fdebd983c7c201e,255f3df68bb8a691b61e21bff5248759bee1b43911c31a116e972e126b747927,0
current_0142,MEMORY,stuck_bit,intermittent,3,0,25600,13700,operating_family_1,development-train,current_profile_0142,"[{""ambient_temp_c"": 29.057, ""end_ms"": 18100, ""engine_load"": 0.40932869999999993, ""external_airflow_factor"": 0, ""road_slope_percent"": 0, ""start_ms"": 0, ""vehicle_speed_kph"": 24.839999999999996}, {""ambient_temp_c"": 29.057, ""end_ms"": 49300, ""engine_load"": 0.5932299999999999, ""external_airflow_factor"": 0, ""road_slope_percent"": 0, ""start_ms"": 18100, ""vehicle_speed_kph"": 36}, {""ambient_temp_c"": 29.057, ""end_ms"": 87100, ""engine_load"": 0.4923808999999999, ""external_airflow_factor"": 0, ""road_slope_percent"": 0, ""start_ms"": 49300, ""vehicle_speed_kph"": 29.88}, {""ambient_temp_c"": 29.057, ""end_ms"": 120000, ""engine_load"": 0.5635684999999999, ""external_airflow_factor"": 0, ""road_slope_percent"": 0, ""start_ms"": 87100, ""vehicle_speed_kph"": 34.199999999999996}]",[],static_target,1357,120000,0:0:6000,846d5fb62a56869e293b68bbca82a9096bc1f8fdc829539af2eb427a2fab4832,1edf64ac2697c47e0ca451fd95476933b36f6e16030678070b39c49f9c0c4c45,0
current_0143,MEMORY,stuck_bit,permanent,3,0,25900,18500,operating_family_1,development-train,current_profile_0143,"[{""ambient_temp_c"": 29.06, ""end_ms"": 18100, ""engine_load"": 0.4094459999999999, ""external_airflow_factor"": 0, ""road_slope_percent"": 0, ""start_ms"": 0, ""vehicle_speed_kph"": 24.839999999999996}, {""ambient_temp_c"": 29.06, ""end_ms"": 49300, ""engine_load"": 0.5933999999999999, ""external_airflow_factor"": 0, ""road_slope_percent"": 0, ""start_ms"": 18100, ""vehicle_speed_kph"": 36}, {""ambient_temp_c"": 29.06, ""end_ms"": 87100, ""engine_load"": 0.4925219999999999, ""external_airflow_factor"": 0, ""road_slope_percent"": 0, ""start_ms"": 49300, ""vehicle_speed_kph"": 29.88}, {""ambient_temp_c"": 29.06, ""end_ms"": 120000, ""engine_load"": 0.56373, ""external_airflow_factor"": 0, ""road_slope_percent"": 0, ""start_ms"": 87100, ""vehicle_speed_kph"": 34.199999999999996}]","[[30000, 99], [60000, 92]]",authorized_updates,1358,120000,0:0:6000,f338b54344c3a3dbb4bfc86dcc1f9d4f94ad649970d92eac3661ff7121cee39b,9acf8d48a963c52b64b2df0181387d7ee42de77a8bf8f136c3756d7569b1aa91,0
current_0144,MEMORY,stuck_bit,transient,3,1,26200,9700,operating_family_1,development-train,current_profile_0144,"[{""ambient_temp_c"": 29.063, ""end_ms"": 18100, ""engine_load"": 0.4095632999999999, ""external_airflow_factor"": 0, ""road_slope_percent"": 0, ""start_ms"": 0, ""vehicle_speed_kph"": 24.839999999999996}, {""ambient_temp_c"": 29.063, ""end_ms"": 49300, ""engine_load"": 0.5935699999999999, ""external_airflow_factor"": 0, ""road_slope_percent"": 0, ""start_ms"": 18100, ""vehicle_speed_kph"": 36}, {""ambient_temp_c"": 29.063, ""end_ms"": 87100, ""engine_load"": 0.4926630999999999, ""external_airflow_factor"": 0, ""road_slope_percent"": 0, ""start_ms"": 49300, ""vehicle_speed_kph"": 29.88}, {""ambient_temp_c"": 29.063, ""end_ms"": 120000, ""engine_load"": 0.5638914999999999, ""external_airflow_factor"": 0, ""road_slope_percent"": 0, ""start_ms"": 87100, ""vehicle_speed_kph"": 34.199999999999996}]",[],static_target,1359,120000,0:0:6000,3d0563b3636fb73d638c9168be060d65aed71a187402e4f15d1e1a4a5c478de7,48d317bd36f2c0a761b0732cfc3be0e95d4d019ac645e3c5fcce0c72749742e9,1
current_0145,MEMORY,stuck_bit,intermittent,3,1,26500,13700,operating_family_1,development-train,current_profile_0145,"[{""ambient_temp_c"": 29.066, ""end_ms"": 18100, ""engine_load"": 0.40968059999999995, ""external_airflow_factor"": 0, ""road_slope_percent"": 0, ""start_ms"": 0, ""vehicle_speed_kph"": 24.839999999999996}, {""ambient_temp_c"": 29.066, ""end_ms"": 49300, ""engine_load"": 0.5937399999999999, ""external_airflow_factor"": 0, ""road_slope_percent"": 0, ""start_ms"": 18100, ""vehicle_speed_kph"": 36}, {""ambient_temp_c"": 29.066, ""end_ms"": 87100, ""engine_load"": 0.4928041999999999, ""external_airflow_factor"": 0, ""road_slope_percent"": 0, ""start_ms"": 49300, ""vehicle_speed_kph"": 29.88}, {""ambient_temp_c"": 29.066, ""end_ms"": 120000, ""engine_load"": 0.5640529999999999, ""external_airflow_factor"": 0, ""road_slope_percent"": 0, ""start_ms"": 87100, ""vehicle_speed_kph"": 34.199999999999996}]","[[30000, 99], [60000, 92]]",authorized_updates,1360,120000,0:0:6000,0081c599ba30cb82bcc3a4a9b73dcb5c482c0978c54798450693d7040f1f2c3e,4ad1aeb1969714c3cad73cc066421992c9526ad6218f1f41a7dffd0baea4ac68,1
current_0146,MEMORY,stuck_bit,permanent,3,1,26800,18500,operating_family_1,development-train,current_profile_0146,"[{""ambient_temp_c"": 29.069, ""end_ms"": 18100, ""engine_load"": 0.40979789999999994, ""external_airflow_factor"": 0, ""road_slope_percent"": 0, ""start_ms"": 0, ""vehicle_speed_kph"": 24.839999999999996}, {""ambient_temp_c"": 29.069, ""end_ms"": 49300, ""engine_load"": 0.5939099999999999, ""external_airflow_factor"": 0, ""road_slope_percent"": 0, ""start_ms"": 18100, ""vehicle_speed_kph"": 36}, {""ambient_temp_c"": 29.069, ""end_ms"": 87100, ""engine_load"": 0.4929452999999999, ""external_airflow_factor"": 0, ""road_slope_percent"": 0, ""start_ms"": 49300, ""vehicle_speed_kph"": 29.88}, {""ambient_temp_c"": 29.069, ""end_ms"": 120000, ""engine_load"": 0.5642145, ""external_airflow_factor"": 0, ""road_slope_percent"": 0, ""start_ms"": 87100, ""vehicle_speed_kph"": 34.199999999999996}]",[],static_target,1361,120000,0:0:6000,e62e8b8bcfeed119242582e08eb8de6dad562d775c1a9dd299f0ad417636f242,5970fc7449df29626a7fe0dcfc072bb0de69e3ee9d40e6659f6af07c83b086b6,1
current_0147,MEMORY,stuck_bit,transient,4,0,24700,9700,operating_family_1,development-train,current_profile_0147,"[{""ambient_temp_c"": 29.072, ""end_ms"": 18100, ""engine_load"": 0.4099151999999999, ""external_airflow_factor"": 0, ""road_slope_percent"": 0, ""start_ms"": 0, ""vehicle_speed_kph"": 24.839999999999996}, {""ambient_temp_c"": 29.072, ""end_ms"": 49300, ""engine_load"": 0.5940799999999999, ""external_airflow_factor"": 0, ""road_slope_percent"": 0, ""start_ms"": 18100, ""vehicle_speed_kph"": 36}, {""ambient_temp_c"": 29.072, ""end_ms"": 87100, ""engine_load"": 0.4930863999999999, ""external_airflow_factor"": 0, ""road_slope_percent"": 0, ""start_ms"": 49300, ""vehicle_speed_kph"": 29.88}, {""ambient_temp_c"": 29.072, ""end_ms"": 120000, ""engine_load"": 0.5643759999999999, ""external_airflow_factor"": 0, ""road_slope_percent"": 0, ""start_ms"": 87100, ""vehicle_speed_kph"": 34.199999999999996}]","[[30000, 99], [60000, 92]]",authorized_updates,1362,120000,0:0:6000,8307a2d9aa4c89e992c75d7d99ee9875def4f1d5ae78b55669c53ec63e61461b,0bc28bd4b213c69fd27c14262c6cc1a3506a46a6a68b40b2fa916c2446db0b97,0
current_0148,MEMORY,stuck_bit,intermittent,4,0,25000,13700,operating_family_1,development-train,current_profile_0148,"[{""ambient_temp_c"": 29.075, ""end_ms"": 18100, ""engine_load"": 0.4100324999999999, ""external_airflow_factor"": 0, ""road_slope_percent"": 0, ""start_ms"": 0, ""vehicle_speed_kph"": 24.839999999999996}, {""ambient_temp_c"": 29.075, ""end_ms"": 49300, ""engine_load"": 0.59425, ""external_airflow_factor"": 0, ""road_slope_percent"": 0, ""start_ms"": 18100, ""vehicle_speed_kph"": 36}, {""ambient_temp_c"": 29.075, ""end_ms"": 87100, ""engine_load"": 0.49322749999999993, ""external_airflow_factor"": 0, ""road_slope_percent"": 0, ""start_ms"": 49300, ""vehicle_speed_kph"": 29.88}, {""ambient_temp_c"": 29.075, ""end_ms"": 120000, ""engine_load"": 0.5645374999999999, ""external_airflow_factor"": 0, ""road_slope_percent"": 0, ""start_ms"": 87100, ""vehicle_speed_kph"": 34.199999999999996}]",[],static_target,1363,120000,0:0:6000,cc5199f60b54db4cec0735f29d82b3c77437c8adf4baeb9216b58cf8da8ab76e,93fed9f469b935039f17b02c0175834de0a3fef27a8bd2ccec19ab052c73f9ef,0
current_0149,MEMORY,stuck_bit,permanent,4,0,25300,18500,operating_family_1,development-train,current_profile_0149,"[{""ambient_temp_c"": 29.078, ""end_ms"": 18100, ""engine_load"": 0.41014979999999995, ""external_airflow_factor"": 0, ""road_slope_percent"": 0, ""start_ms"": 0, ""vehicle_speed_kph"": 24.839999999999996}, {""ambient_temp_c"": 29.078, ""end_ms"": 49300, ""engine_load"": 0.59442, ""external_airflow_factor"": 0, ""road_slope_percent"": 0, ""start_ms"": 18100, ""vehicle_speed_kph"": 36}, {""ambient_temp_c"": 29.078, ""end_ms"": 87100, ""engine_load"": 0.49336859999999993, ""external_airflow_factor"": 0, ""road_slope_percent"": 0, ""start_ms"": 49300, ""vehicle_speed_kph"": 29.88}, {""ambient_temp_c"": 29.078, ""end_ms"": 120000, ""engine_load"": 0.564699, ""external_airflow_factor"": 0, ""road_slope_percent"": 0, ""start_ms"": 87100, ""vehicle_speed_kph"": 34.199999999999996}]","[[30000, 99], [60000, 92]]",authorized_updates,1364,120000,0:0:6000,6c46b1e5c7310f8c7ad27a08b4bf8126957b82c9cca910172a9ee72c4dfe75e5,0b5744040e49145796ca0eb574d506bcf6bba5fd17c4a94031ec984017db81e3,0
current_0150,MEMORY,stuck_bit,transient,4,1,25600,9700,operating_family_1,development-train,current_profile_0150,"[{""ambient_temp_c"": 29.081, ""end_ms"": 18100, ""engine_load"": 0.41026709999999994, ""external_airflow_factor"": 0, ""road_slope_percent"": 0, ""start_ms"": 0, ""vehicle_speed_kph"": 24.839999999999996}, {""ambient_temp_c"": 29.081, ""end_ms"": 49300, ""engine_load"": 0.59459, ""external_airflow_factor"": 0, ""road_slope_percent"": 0, ""start_ms"": 18100, ""vehicle_speed_kph"": 36}, {""ambient_temp_c"": 29.081, ""end_ms"": 87100, ""engine_load"": 0.49350969999999994, ""external_airflow_factor"": 0, ""road_slope_percent"": 0, ""start_ms"": 49300, ""vehicle_speed_kph"": 29.88}, {""ambient_temp_c"": 29.081, ""end_ms"": 120000, ""engine_load"": 0.5648604999999999, ""external_airflow_factor"": 0, ""road_slope_percent"": 0, ""start_ms"": 87100, ""vehicle_speed_kph"": 34.199999999999996}]",[],static_target,1365,120000,0:0:6000,899342e0ff45f381c17d83190a0f8b1d36e4396e2b682d3fc8c7f6b19542112d,cfb5440cb516733115af8e75e741ed3ff842141a23ae13e0f85b37ae73a7db9b,1
current_0151,MEMORY,stuck_bit,intermittent,4,1,25900,13700,operating_family_1,development-train,current_profile_0151,"[{""ambient_temp_c"": 29.084, ""end_ms"": 18100, ""engine_load"": 0.4103843999999999, ""external_airflow_factor"": 0, ""road_slope_percent"": 0, ""start_ms"": 0, ""vehicle_speed_kph"": 24.839999999999996}, {""ambient_temp_c"": 29.084, ""end_ms"": 49300, ""engine_load"": 0.59476, ""external_airflow_factor"": 0, ""road_slope_percent"": 0, ""start_ms"": 18100, ""vehicle_speed_kph"": 36}, {""ambient_temp_c"": 29.084, ""end_ms"": 87100, ""engine_load"": 0.49365079999999995, ""external_airflow_factor"": 0, ""road_slope_percent"": 0, ""start_ms"": 49300, ""vehicle_speed_kph"": 29.88}, {""ambient_temp_c"": 29.084, ""end_ms"": 120000, ""engine_load"": 0.5650219999999999, ""external_airflow_factor"": 0, ""road_slope_percent"": 0, ""start_ms"": 87100, ""vehicle_speed_kph"": 34.199999999999996}]","[[30000, 99], [60000, 92]]",authorized_updates,1366,120000,0:0:6000,7b17a4ed360d0e6f44736e6a5e7b15280a0a37253181cf2841b5844deaea3ec8,108eac4a5dfd1eebec0801ac34b2f33f9e901bf4fb2b56e6f3096450f5d88fa4,1
current_0152,MEMORY,stuck_bit,permanent,4,1,26200,18500,operating_family_1,development-train,current_profile_0152,"[{""ambient_temp_c"": 29.087, ""end_ms"": 18100, ""engine_load"": 0.4105016999999999, ""external_airflow_factor"": 0, ""road_slope_percent"": 0, ""start_ms"": 0, ""vehicle_speed_kph"": 24.839999999999996}, {""ambient_temp_c"": 29.087, ""end_ms"": 49300, ""engine_load"": 0.59493, ""external_airflow_factor"": 0, ""road_slope_percent"": 0, ""start_ms"": 18100, ""vehicle_speed_kph"": 36}, {""ambient_temp_c"": 29.087, ""end_ms"": 87100, ""engine_load"": 0.49379189999999995, ""external_airflow_factor"": 0, ""road_slope_percent"": 0, ""start_ms"": 49300, ""vehicle_speed_kph"": 29.88}, {""ambient_temp_c"": 29.087, ""end_ms"": 120000, ""engine_load"": 0.5651835, ""external_airflow_factor"": 0, ""road_slope_percent"": 0, ""start_ms"": 87100, ""vehicle_speed_kph"": 34.199999999999996}]",[],static_target,1367,120000,0:0:6000,d39c277fb761eaa1421b7d6178ea6563d56c4a0c874624d414caa48472ec0059,fb5a7a196c1d9fa856852f8df0b5c9b5c49a6bbaf9f923da4d5af926a1cd1978,1
current_0153,MEMORY,bit_flip,transient,0,0,26500,9700,operating_family_1,development-train,current_profile_0153,"[{""ambient_temp_c"": 29.09, ""end_ms"": 18100, ""engine_load"": 0.41061899999999996, ""external_airflow_factor"": 0, ""road_slope_percent"": 0, ""start_ms"": 0, ""vehicle_speed_kph"": 24.839999999999996}, {""ambient_temp_c"": 29.09, ""end_ms"": 49300, ""engine_load"": 0.5951, ""external_airflow_factor"": 0, ""road_slope_percent"": 0, ""start_ms"": 18100, ""vehicle_speed_kph"": 36}, {""ambient_temp_c"": 29.09, ""end_ms"": 87100, ""engine_load"": 0.49393299999999996, ""external_airflow_factor"": 0, ""road_slope_percent"": 0, ""start_ms"": 49300, ""vehicle_speed_kph"": 29.88}, {""ambient_temp_c"": 29.09, ""end_ms"": 120000, ""engine_load"": 0.565345, ""external_airflow_factor"": 0, ""road_slope_percent"": 0, ""start_ms"": 87100, ""vehicle_speed_kph"": 34.199999999999996}]","[[30000, 99], [60000, 92]]",authorized_updates,1368,120000,0:0:6000,3d433e816b04e3b914bfc9373b4b4eb795bfcf6cd798704cd4275ec81c7724e0,4b22414f609883557a0bde0038c972a30f406999a28fe218f9f5207c680131de,0
current_0154,MEMORY,bit_flip,intermittent,0,0,26800,13700,operating_family_1,development-train,current_profile_0154,"[{""ambient_temp_c"": 29.093, ""end_ms"": 18100, ""engine_load"": 0.41073629999999994, ""external_airflow_factor"": 0, ""road_slope_percent"": 0, ""start_ms"": 0, ""vehicle_speed_kph"": 24.839999999999996}, {""ambient_temp_c"": 29.093, ""end_ms"": 49300, ""engine_load"": 0.59527, ""external_airflow_factor"": 0, ""road_slope_percent"": 0, ""start_ms"": 18100, ""vehicle_speed_kph"": 36}, {""ambient_temp_c"": 29.093, ""end_ms"": 87100, ""engine_load"": 0.49407409999999996, ""external_airflow_factor"": 0, ""road_slope_percent"": 0, ""start_ms"": 49300, ""vehicle_speed_kph"": 29.88}, {""ambient_temp_c"": 29.093, ""end_ms"": 120000, ""engine_load"": 0.5655064999999999, ""external_airflow_factor"": 0, ""road_slope_percent"": 0, ""start_ms"": 87100, ""vehicle_speed_kph"": 34.199999999999996}]",[],static_target,1369,120000,0:0:6000,72e39d3d4aedf2a0e99ae0b8365810960281033f9bafbb92c33411aea9ef873d,faffe39cd2dec9d44f7fbde3ea7362d5563c077a801ece767b8ad635a62b1eba,0
current_0155,MEMORY,bit_flip,permanent,0,0,24700,18500,operating_family_1,development-train,current_profile_0155,"[{""ambient_temp_c"": 29.096, ""end_ms"": 18100, ""engine_load"": 0.41085359999999993, ""external_airflow_factor"": 0, ""road_slope_percent"": 0, ""start_ms"": 0, ""vehicle_speed_kph"": 24.839999999999996}, {""ambient_temp_c"": 29.096, ""end_ms"": 49300, ""engine_load"": 0.59544, ""external_airflow_factor"": 0, ""road_slope_percent"": 0, ""start_ms"": 18100, ""vehicle_speed_kph"": 36}, {""ambient_temp_c"": 29.096, ""end_ms"": 87100, ""engine_load"": 0.49421519999999997, ""external_airflow_factor"": 0, ""road_slope_percent"": 0, ""start_ms"": 49300, ""vehicle_speed_kph"": 29.88}, {""ambient_temp_c"": 29.096, ""end_ms"": 120000, ""engine_load"": 0.565668, ""external_airflow_factor"": 0, ""road_slope_percent"": 0, ""start_ms"": 87100, ""vehicle_speed_kph"": 34.199999999999996}]","[[30000, 99], [60000, 92]]",authorized_updates,1370,120000,0:0:6000,2398b1061211063783c2daeb3f61c2a555de815f59bb53f2718b2296170b81f9,a0548b8e4de32b404a8e46fc8bfc36ef0a0c36d1c5af936bec48d5d9b2e7a82c,0
current_0156,MEMORY,bit_flip,transient,1,0,25000,9700,operating_family_1,development-train,current_profile_0156,"[{""ambient_temp_c"": 29.099, ""end_ms"": 18100, ""engine_load"": 0.4109709, ""external_airflow_factor"": 0, ""road_slope_percent"": 0, ""start_ms"": 0, ""vehicle_speed_kph"": 24.839999999999996}, {""ambient_temp_c"": 29.099, ""end_ms"": 49300, ""engine_load"": 0.59561, ""external_airflow_factor"": 0, ""road_slope_percent"": 0, ""start_ms"": 18100, ""vehicle_speed_kph"": 36}, {""ambient_temp_c"": 29.099, ""end_ms"": 87100, ""engine_load"": 0.49435629999999997, ""external_airflow_factor"": 0, ""road_slope_percent"": 0, ""start_ms"": 49300, ""vehicle_speed_kph"": 29.88}, {""ambient_temp_c"": 29.099, ""end_ms"": 120000, ""engine_load"": 0.5658295, ""external_airflow_factor"": 0, ""road_slope_percent"": 0, ""start_ms"": 87100, ""vehicle_speed_kph"": 34.199999999999996}]",[],static_target,1371,120000,0:0:6000,10c6bfde06665d5ed9a5683c76886ab6be58973f03c2c6017ab68d6fa6b4ac4a,8ef3ee37c505a18239f99b0eefc175c671e24829e9b8ece2e657ea8e097104c8,0
current_0157,MEMORY,bit_flip,intermittent,1,0,25300,13700,operating_family_1,development-train,current_profile_0157,"[{""ambient_temp_c"": 29.102, ""end_ms"": 18100, ""engine_load"": 0.41108819999999996, ""external_airflow_factor"": 0, ""road_slope_percent"": 0, ""start_ms"": 0, ""vehicle_speed_kph"": 24.839999999999996}, {""ambient_temp_c"": 29.102, ""end_ms"": 49300, ""engine_load"": 0.59578, ""external_airflow_factor"": 0, ""road_slope_percent"": 0, ""start_ms"": 18100, ""vehicle_speed_kph"": 36}, {""ambient_temp_c"": 29.102, ""end_ms"": 87100, ""engine_load"": 0.4944974, ""external_airflow_factor"": 0, ""road_slope_percent"": 0, ""start_ms"": 49300, ""vehicle_speed_kph"": 29.88}, {""ambient_temp_c"": 29.102, ""end_ms"": 120000, ""engine_load"": 0.5659909999999999, ""external_airflow_factor"": 0, ""road_slope_percent"": 0, ""start_ms"": 87100, ""vehicle_speed_kph"": 34.199999999999996}]","[[30000, 99], [60000, 92]]",authorized_updates,1372,120000,0:0:6000,ae648d93aee55f161a90006345e4d91509af5d9cbf988ded741b37d9522332ac,109599f11f0bef54e708ed4b27c1af917e316fd4a6e870bb578530958dfcb662,0
current_0158,MEMORY,bit_flip,permanent,1,0,25600,18500,operating_family_1,development-train,current_profile_0158,"[{""ambient_temp_c"": 29.105, ""end_ms"": 18100, ""engine_load"": 0.41120549999999995, ""external_airflow_factor"": 0, ""road_slope_percent"": 0, ""start_ms"": 0, ""vehicle_speed_kph"": 24.839999999999996}, {""ambient_temp_c"": 29.105, ""end_ms"": 49300, ""engine_load"": 0.59595, ""external_airflow_factor"": 0, ""road_slope_percent"": 0, ""start_ms"": 18100, ""vehicle_speed_kph"": 36}, {""ambient_temp_c"": 29.105, ""end_ms"": 87100, ""engine_load"": 0.4946385, ""external_airflow_factor"": 0, ""road_slope_percent"": 0, ""start_ms"": 49300, ""vehicle_speed_kph"": 29.88}, {""ambient_temp_c"": 29.105, ""end_ms"": 120000, ""engine_load"": 0.5661525, ""external_airflow_factor"": 0, ""road_slope_percent"": 0, ""start_ms"": 87100, ""vehicle_speed_kph"": 34.199999999999996}]",[],static_target,1373,120000,0:0:6000,e03038fcf0232c60809148916ddb6e8274e1383c78197313831b26166e1350a8,da690e69b1b12f4756062834d3afaf41e61540125b1fcf20186e25deeeb5c1aa,0
current_0159,SENSOR_CONTROL,sensor_bias,transient,-1.2,0,25900,9700,operating_family_1,development-train,current_profile_0159,"[{""ambient_temp_c"": 29.108, ""end_ms"": 18100, ""engine_load"": 0.41132279999999993, ""external_airflow_factor"": 0, ""road_slope_percent"": 0, ""start_ms"": 0, ""vehicle_speed_kph"": 24.839999999999996}, {""ambient_temp_c"": 29.108, ""end_ms"": 49300, ""engine_load"": 0.59612, ""external_airflow_factor"": 0, ""road_slope_percent"": 0, ""start_ms"": 18100, ""vehicle_speed_kph"": 36}, {""ambient_temp_c"": 29.108, ""end_ms"": 87100, ""engine_load"": 0.4947796, ""external_airflow_factor"": 0, ""road_slope_percent"": 0, ""start_ms"": 49300, ""vehicle_speed_kph"": 29.88}, {""ambient_temp_c"": 29.108, ""end_ms"": 120000, ""engine_load"": 0.566314, ""external_airflow_factor"": 0, ""road_slope_percent"": 0, ""start_ms"": 87100, ""vehicle_speed_kph"": 34.199999999999996}]","[[30000, 99], [60000, 92]]",authorized_updates,1374,120000,0:0:6000,f08e09c2d030a8febe86c90536f70319c40b1f925f6cb55e6b9435cba09f2123,e0a846f9925a7a2525edafc720633095bf6da81e0d465467bbca365ab6429a59,0
current_0160,SENSOR_CONTROL,sensor_bias,transient,1.2,0,26200,13700,operating_family_1,development-train,current_profile_0160,"[{""ambient_temp_c"": 29.111, ""end_ms"": 18100, ""engine_load"": 0.4114401, ""external_airflow_factor"": 0, ""road_slope_percent"": 0, ""start_ms"": 0, ""vehicle_speed_kph"": 24.839999999999996}, {""ambient_temp_c"": 29.111, ""end_ms"": 49300, ""engine_load"": 0.59629, ""external_airflow_factor"": 0, ""road_slope_percent"": 0, ""start_ms"": 18100, ""vehicle_speed_kph"": 36}, {""ambient_temp_c"": 29.111, ""end_ms"": 87100, ""engine_load"": 0.4949207, ""external_airflow_factor"": 0, ""road_slope_percent"": 0, ""start_ms"": 49300, ""vehicle_speed_kph"": 29.88}, {""ambient_temp_c"": 29.111, ""end_ms"": 120000, ""engine_load"": 0.5664754999999999, ""external_airflow_factor"": 0, ""road_slope_percent"": 0, ""start_ms"": 87100, ""vehicle_speed_kph"": 34.199999999999996}]",[],static_target,1375,120000,0:0:6000,ee47b9b06ff00b221f8459a3959b9ec35cbd279cca94b53e5f271569d61f2799,426c9f2129f0fbd6abd5807181245c3e401217fdf093942b5449802e8ddba883,0
current_0161,SENSOR_CONTROL,sensor_bias,transient,4.6,0,26500,18500,operating_family_1,development-train,current_profile_0161,"[{""ambient_temp_c"": 29.114, ""end_ms"": 18100, ""engine_load"": 0.41155739999999996, ""external_airflow_factor"": 0, ""road_slope_percent"": 0, ""start_ms"": 0, ""vehicle_speed_kph"": 24.839999999999996}, {""ambient_temp_c"": 29.114, ""end_ms"": 49300, ""engine_load"": 0.59646, ""external_airflow_factor"": 0, ""road_slope_percent"": 0, ""start_ms"": 18100, ""vehicle_speed_kph"": 36}, {""ambient_temp_c"": 29.114, ""end_ms"": 87100, ""engine_load"": 0.49506179999999994, ""external_airflow_factor"": 0, ""road_slope_percent"": 0, ""start_ms"": 49300, ""vehicle_speed_kph"": 29.88}, {""ambient_temp_c"": 29.114, ""end_ms"": 120000, ""engine_load"": 0.566637, ""external_airflow_factor"": 0, ""road_slope_percent"": 0, ""start_ms"": 87100, ""vehicle_speed_kph"": 34.199999999999996}]","[[30000, 99], [60000, 92]]",authorized_updates,1376,120000,0:0:6000,16913457737adaa9b436f264520bc331eaa36d630940e44c74f6cb7ddc2d39d9,3777c3abd070671fd9bddcf9d3d45ecef7bb04869ae3db0449c094fdbff7773a,0
current_0162,SENSOR_CONTROL,sensor_bias,transient,8.9,0,26800,9700,operating_family_1,development-train,current_profile_0162,"[{""ambient_temp_c"": 29.117, ""end_ms"": 18100, ""engine_load"": 0.41167469999999995, ""external_airflow_factor"": 0, ""road_slope_percent"": 0, ""start_ms"": 0, ""vehicle_speed_kph"": 24.839999999999996}, {""ambient_temp_c"": 29.117, ""end_ms"": 49300, ""engine_load"": 0.59663, ""external_airflow_factor"": 0, ""road_slope_percent"": 0, ""start_ms"": 18100, ""vehicle_speed_kph"": 36}, {""ambient_temp_c"": 29.117, ""end_ms"": 87100, ""engine_load"": 0.49520289999999995, ""external_airflow_factor"": 0, ""road_slope_percent"": 0, ""start_ms"": 49300, ""vehicle_speed_kph"": 29.88}, {""ambient_temp_c"": 29.117, ""end_ms"": 120000, ""engine_load"": 0.5667985, ""external_airflow_factor"": 0, ""road_slope_percent"": 0, ""start_ms"": 87100, ""vehicle_speed_kph"": 34.199999999999996}]",[],static_target,1377,120000,0:0:6000,7ff846661301a0eea3a3c062474c65e69d3eb80f09e1238121bc412df9a61afe,413c792beee0ba8f5699f81b528ac77410f87da9bebaa3504beaca80a28ff5cf,0
current_0163,SENSOR_CONTROL,sensor_bias,intermittent,-1.2,0,24700,13700,operating_family_1,development-train,current_profile_0163,"[{""ambient_temp_c"": 29.12, ""end_ms"": 18100, ""engine_load"": 0.411792, ""external_airflow_factor"": 0, ""road_slope_percent"": 0, ""start_ms"": 0, ""vehicle_speed_kph"": 24.839999999999996}, {""ambient_temp_c"": 29.12, ""end_ms"": 49300, ""engine_load"": 0.5968, ""external_airflow_factor"": 0, ""road_slope_percent"": 0, ""start_ms"": 18100, ""vehicle_speed_kph"": 36}, {""ambient_temp_c"": 29.12, ""end_ms"": 87100, ""engine_load"": 0.49534399999999995, ""external_airflow_factor"": 0, ""road_slope_percent"": 0, ""start_ms"": 49300, ""vehicle_speed_kph"": 29.88}, {""ambient_temp_c"": 29.12, ""end_ms"": 120000, ""engine_load"": 0.56696, ""external_airflow_factor"": 0, ""road_slope_percent"": 0, ""start_ms"": 87100, ""vehicle_speed_kph"": 34.199999999999996}]","[[30000, 99], [60000, 92]]",authorized_updates,1378,120000,0:0:6000,1489550afc091e89906a01f10ae8ad8cc05f688857957d44a6a4b26230c44abb,9e488cd06017b90f0f0bb74309a5f6e11c3c223f6e5d236bba7d4319dda425fa,0
current_0164,SENSOR_CONTROL,sensor_bias,intermittent,1.2,0,25000,18500,operating_family_1,development-train,current_profile_0164,"[{""ambient_temp_c"": 29.123, ""end_ms"": 18100, ""engine_load"": 0.4119093, ""external_airflow_factor"": 0, ""road_slope_percent"": 0, ""start_ms"": 0, ""vehicle_speed_kph"": 24.839999999999996}, {""ambient_temp_c"": 29.123, ""end_ms"": 49300, ""engine_load"": 0.59697, ""external_airflow_factor"": 0, ""road_slope_percent"": 0, ""start_ms"": 18100, ""vehicle_speed_kph"": 36}, {""ambient_temp_c"": 29.123, ""end_ms"": 87100, ""engine_load"": 0.49548509999999996, ""external_airflow_factor"": 0, ""road_slope_percent"": 0, ""start_ms"": 49300, ""vehicle_speed_kph"": 29.88}, {""ambient_temp_c"": 29.123, ""end_ms"": 120000, ""engine_load"": 0.5671215, ""external_airflow_factor"": 0, ""road_slope_percent"": 0, ""start_ms"": 87100, ""vehicle_speed_kph"": 34.199999999999996}]",[],static_target,1379,120000,0:0:6000,04263b88e267b80f0ae1551d7fb7011b8bb890730890bd861301a8dadbfce753,55ca04aba35cf8bdc47942ee770953e693e8c603683f841c117db098ecec41b6,0
current_0165,SENSOR_CONTROL,sensor_bias,intermittent,4.6,0,25300,9700,operating_family_1,development-train,current_profile_0165,"[{""ambient_temp_c"": 29.126, ""end_ms"": 18100, ""engine_load"": 0.41202659999999997, ""external_airflow_factor"": 0, ""road_slope_percent"": 0, ""start_ms"": 0, ""vehicle_speed_kph"": 24.839999999999996}, {""ambient_temp_c"": 29.126, ""end_ms"": 49300, ""engine_load"": 0.59714, ""external_airflow_factor"": 0, ""road_slope_percent"": 0, ""start_ms"": 18100, ""vehicle_speed_kph"": 36}, {""ambient_temp_c"": 29.126, ""end_ms"": 87100, ""engine_load"": 0.49562619999999996, ""external_airflow_factor"": 0, ""road_slope_percent"": 0, ""start_ms"": 49300, ""vehicle_speed_kph"": 29.88}, {""ambient_temp_c"": 29.126, ""end_ms"": 120000, ""engine_load"": 0.567283, ""external_airflow_factor"": 0, ""road_slope_percent"": 0, ""start_ms"": 87100, ""vehicle_speed_kph"": 34.199999999999996}]","[[30000, 99], [60000, 92]]",authorized_updates,1380,120000,0:0:6000,e8831d2efcdd8a7daf06e229caf96590bef7cae0a62677107b2d51582f92e47c,c59fad14c548baf2b0552c4bfbb9d202c8ff3b1543a17708d52755874cc7e6f4,0
current_0166,SENSOR_CONTROL,sensor_bias,intermittent,8.9,0,25600,13700,operating_family_1,development-train,current_profile_0166,"[{""ambient_temp_c"": 29.129, ""end_ms"": 18100, ""engine_load"": 0.41214389999999995, ""external_airflow_factor"": 0, ""road_slope_percent"": 0, ""start_ms"": 0, ""vehicle_speed_kph"": 24.839999999999996}, {""ambient_temp_c"": 29.129, ""end_ms"": 49300, ""engine_load"": 0.59731, ""external_airflow_factor"": 0, ""road_slope_percent"": 0, ""start_ms"": 18100, ""vehicle_speed_kph"": 36}, {""ambient_temp_c"": 29.129, ""end_ms"": 87100, ""engine_load"": 0.49576729999999997, ""external_airflow_factor"": 0, ""road_slope_percent"": 0, ""start_ms"": 49300, ""vehicle_speed_kph"": 29.88}, {""ambient_temp_c"": 29.129, ""end_ms"": 120000, ""engine_load"": 0.5674445, ""external_airflow_factor"": 0, ""road_slope_percent"": 0, ""start_ms"": 87100, ""vehicle_speed_kph"": 34.199999999999996}]",[],static_target,1381,120000,0:0:6000,d741024545773a629caa1b95f0d75768ab159f6748b315758c51e4559e175b11,5dce053c84dfd4d5a14dd5fe2c08f9b05c8dddd8288bd838b0508c0376b23b4c,0
current_0167,SENSOR_CONTROL,sensor_bias,permanent,-1.2,0,25900,18500,operating_family_1,development-train,current_profile_0167,"[{""ambient_temp_c"": 29.132, ""end_ms"": 18100, ""engine_load"": 0.4122612, ""external_airflow_factor"": 0, ""road_slope_percent"": 0, ""start_ms"": 0, ""vehicle_speed_kph"": 24.839999999999996}, {""ambient_temp_c"": 29.132, ""end_ms"": 49300, ""engine_load"": 0.59748, ""external_airflow_factor"": 0, ""road_slope_percent"": 0, ""start_ms"": 18100, ""vehicle_speed_kph"": 36}, {""ambient_temp_c"": 29.132, ""end_ms"": 87100, ""engine_load"": 0.49590839999999997, ""external_airflow_factor"": 0, ""road_slope_percent"": 0, ""start_ms"": 49300, ""vehicle_speed_kph"": 29.88}, {""ambient_temp_c"": 29.132, ""end_ms"": 120000, ""engine_load"": 0.5676059999999999, ""external_airflow_factor"": 0, ""road_slope_percent"": 0, ""start_ms"": 87100, ""vehicle_speed_kph"": 34.199999999999996}]","[[30000, 99], [60000, 92]]",authorized_updates,1382,120000,0:0:6000,319c4f0c913a8b2422053bea4a27e9e99da900040f2c4b3378b712ef6fcc814a,b27b100db8c3528eb6b90dc8bc4380473282a2aa51b1d08aa8ea459da1dcd6df,0
current_0168,SENSOR_CONTROL,sensor_bias,permanent,1.2,0,26200,9700,operating_family_1,development-train,current_profile_0168,"[{""ambient_temp_c"": 29.135, ""end_ms"": 18100, ""engine_load"": 0.4123785, ""external_airflow_factor"": 0, ""road_slope_percent"": 0, ""start_ms"": 0, ""vehicle_speed_kph"": 24.839999999999996}, {""ambient_temp_c"": 29.135, ""end_ms"": 49300, ""engine_load"": 0.59765, ""external_airflow_factor"": 0, ""road_slope_percent"": 0, ""start_ms"": 18100, ""vehicle_speed_kph"": 36}, {""ambient_temp_c"": 29.135, ""end_ms"": 87100, ""engine_load"": 0.4960495, ""external_airflow_factor"": 0, ""road_slope_percent"": 0, ""start_ms"": 49300, ""vehicle_speed_kph"": 29.88}, {""ambient_temp_c"": 29.135, ""end_ms"": 120000, ""engine_load"": 0.5677675, ""external_airflow_factor"": 0, ""road_slope_percent"": 0, ""start_ms"": 87100, ""vehicle_speed_kph"": 34.199999999999996}]",[],static_target,1383,120000,0:0:6000,a25812d7f7e5b6e8e43bef921e390b580aef42ff8217f460685b8988374d6db7,665c3a6b2e827527563bd7a32beddd29acbc3368e61a32a5849afa1bd0bc3525,0
current_0169,SENSOR_CONTROL,sensor_bias,permanent,4.6,0,26500,13700,operating_family_1,development-train,current_profile_0169,"[{""ambient_temp_c"": 29.138, ""end_ms"": 18100, ""engine_load"": 0.41249579999999997, ""external_airflow_factor"": 0, ""road_slope_percent"": 0, ""start_ms"": 0, ""vehicle_speed_kph"": 24.839999999999996}, {""ambient_temp_c"": 29.138, ""end_ms"": 49300, ""engine_load"": 0.59782, ""external_airflow_factor"": 0, ""road_slope_percent"": 0, ""start_ms"": 18100, ""vehicle_speed_kph"": 36}, {""ambient_temp_c"": 29.138, ""end_ms"": 87100, ""engine_load"": 0.4961906, ""external_airflow_factor"": 0, ""road_slope_percent"": 0, ""start_ms"": 49300, ""vehicle_speed_kph"": 29.88}, {""ambient_temp_c"": 29.138, ""end_ms"": 120000, ""engine_load"": 0.567929, ""external_airflow_factor"": 0, ""road_slope_percent"": 0, ""start_ms"": 87100, ""vehicle_speed_kph"": 34.199999999999996}]","[[30000, 99], [60000, 92]]",authorized_updates,1384,120000,0:0:6000,d3f6218e9fb0ce3aa423878f5b7cc7b93d4293fb2260deb2bbbe33538c321e2d,eeed79006ccbe8008bd3f7a2966c1c9658f76fc1930aac57c76c91a9b9dcfc0e,0
current_0170,SENSOR_CONTROL,sensor_bias,permanent,8.9,0,26800,18500,operating_family_1,development-train,current_profile_0170,"[{""ambient_temp_c"": 29.141, ""end_ms"": 18100, ""engine_load"": 0.4126131, ""external_airflow_factor"": 0, ""road_slope_percent"": 0, ""start_ms"": 0, ""vehicle_speed_kph"": 24.839999999999996}, {""ambient_temp_c"": 29.141, ""end_ms"": 49300, ""engine_load"": 0.59799, ""external_airflow_factor"": 0, ""road_slope_percent"": 0, ""start_ms"": 18100, ""vehicle_speed_kph"": 36}, {""ambient_temp_c"": 29.141, ""end_ms"": 87100, ""engine_load"": 0.4963317, ""external_airflow_factor"": 0, ""road_slope_percent"": 0, ""start_ms"": 49300, ""vehicle_speed_kph"": 29.88}, {""ambient_temp_c"": 29.141, ""end_ms"": 120000, ""engine_load"": 0.5680904999999999, ""external_airflow_factor"": 0, ""road_slope_percent"": 0, ""start_ms"": 87100, ""vehicle_speed_kph"": 34.199999999999996}]",[],static_target,1385,120000,0:0:6000,f41c094219d8219e279099fab11613806cabcc5d67429c3574f99d7d333876a3,02d78c2c0db1b018ff3f2e4ac5ee67680c39e3322f647ee35855703a80df95a5,0
current_0171,SENSOR_CONTROL,sensor_interface_intermittent,transient,0.5,0,24700,9700,operating_family_1,development-train,current_profile_0171,"[{""ambient_temp_c"": 29.144, ""end_ms"": 18100, ""engine_load"": 0.4127304, ""external_airflow_factor"": 0, ""road_slope_percent"": 0, ""start_ms"": 0, ""vehicle_speed_kph"": 24.839999999999996}, {""ambient_temp_c"": 29.144, ""end_ms"": 49300, ""engine_load"": 0.59816, ""external_airflow_factor"": 0, ""road_slope_percent"": 0, ""start_ms"": 18100, ""vehicle_speed_kph"": 36}, {""ambient_temp_c"": 29.144, ""end_ms"": 87100, ""engine_load"": 0.4964728, ""external_airflow_factor"": 0, ""road_slope_percent"": 0, ""start_ms"": 49300, ""vehicle_speed_kph"": 29.88}, {""ambient_temp_c"": 29.144, ""end_ms"": 120000, ""engine_load"": 0.568252, ""external_airflow_factor"": 0, ""road_slope_percent"": 0, ""start_ms"": 87100, ""vehicle_speed_kph"": 34.199999999999996}]","[[30000, 99], [60000, 92]]",authorized_updates,1386,120000,0:0:6000,ae6f03a8286884722b2b2ec13f71b0fa763bdd45a86ce54795fd57df535a9b8a,700f752eb50f8fd3fc5f8369bad8fbb30493bd7352ede5b2a5a622fbaea29283,0
current_0172,SENSOR_CONTROL,sensor_interface_intermittent,transient,1.5,0,25000,13700,operating_family_1,development-train,current_profile_0172,"[{""ambient_temp_c"": 29.147, ""end_ms"": 18100, ""engine_load"": 0.41284769999999993, ""external_airflow_factor"": 0, ""road_slope_percent"": 0, ""start_ms"": 0, ""vehicle_speed_kph"": 24.839999999999996}, {""ambient_temp_c"": 29.147, ""end_ms"": 49300, ""engine_load"": 0.5983299999999999, ""external_airflow_factor"": 0, ""road_slope_percent"": 0, ""start_ms"": 18100, ""vehicle_speed_kph"": 36}, {""ambient_temp_c"": 29.147, ""end_ms"": 87100, ""engine_load"": 0.4966138999999999, ""external_airflow_factor"": 0, ""road_slope_percent"": 0, ""start_ms"": 49300, ""vehicle_speed_kph"": 29.88}, {""ambient_temp_c"": 29.147, ""end_ms"": 120000, ""engine_load"": 0.5684134999999999, ""external_airflow_factor"": 0, ""road_slope_percent"": 0, ""start_ms"": 87100, ""vehicle_speed_kph"": 34.199999999999996}]",[],static_target,1387,120000,0:0:6000,d3cd52d99ed64d0bb9bd896b4a8d0857e1639f81be4bbe61da9f56d549382049,a9d66b24caab942352be7f507a0b1d9093598e9dc3a4d5f739940fb6008c7dab,0
current_0173,SENSOR_CONTROL,sensor_interface_intermittent,transient,4.1,0,25300,18500,operating_family_1,development-train,current_profile_0173,"[{""ambient_temp_c"": 29.15, ""end_ms"": 18100, ""engine_load"": 0.4129649999999999, ""external_airflow_factor"": 0, ""road_slope_percent"": 0, ""start_ms"": 0, ""vehicle_speed_kph"": 24.839999999999996}, {""ambient_temp_c"": 29.15, ""end_ms"": 49300, ""engine_load"": 0.5984999999999999, ""external_airflow_factor"": 0, ""road_slope_percent"": 0, ""start_ms"": 18100, ""vehicle_speed_kph"": 36}, {""ambient_temp_c"": 29.15, ""end_ms"": 87100, ""engine_load"": 0.4967549999999999, ""external_airflow_factor"": 0, ""road_slope_percent"": 0, ""start_ms"": 49300, ""vehicle_speed_kph"": 29.88}, {""ambient_temp_c"": 29.15, ""end_ms"": 120000, ""engine_load"": 0.5685749999999999, ""external_airflow_factor"": 0, ""road_slope_percent"": 0, ""start_ms"": 87100, ""vehicle_speed_kph"": 34.199999999999996}]","[[30000, 99], [60000, 92]]",authorized_updates,1388,120000,0:0:6000,e0f8cf033d38e87ae1defb8865ce886fa0a879eeff5d3f4cab9b56ab72e82ac7,ae12ff430ab2fc942fb4d2e3f5855171111ead69342297931a5ed36a5b117a80,0
current_0174,SENSOR_CONTROL,sensor_interface_intermittent,transient,8.1,0,25600,9700,operating_family_1,development-train,current_profile_0174,"[{""ambient_temp_c"": 29.153, ""end_ms"": 18100, ""engine_load"": 0.4130822999999999, ""external_airflow_factor"": 0, ""road_slope_percent"": 0, ""start_ms"": 0, ""vehicle_speed_kph"": 24.839999999999996}, {""ambient_temp_c"": 29.153, ""end_ms"": 49300, ""engine_load"": 0.5986699999999999, ""external_airflow_factor"": 0, ""road_slope_percent"": 0, ""start_ms"": 18100, ""vehicle_speed_kph"": 36}, {""ambient_temp_c"": 29.153, ""end_ms"": 87100, ""engine_load"": 0.4968960999999999, ""external_airflow_factor"": 0, ""road_slope_percent"": 0, ""start_ms"": 49300, ""vehicle_speed_kph"": 29.88}, {""ambient_temp_c"": 29.153, ""end_ms"": 120000, ""engine_load"": 0.5687364999999999, ""external_airflow_factor"": 0, ""road_slope_percent"": 0, ""start_ms"": 87100, ""vehicle_speed_kph"": 34.199999999999996}]",[],static_target,1389,120000,0:0:6000,c56298f362c6a7773d3916860783dfd96a56c5a776c61ba06cb8a43c4a8d4773,d4658c5d39c79f3d325c33272d8cfbc262a4d30ef3c59bb24b7959ec9e32e0b7,0
current_0175,SENSOR_CONTROL,sensor_interface_intermittent,intermittent,0.5,0,25900,13700,operating_family_1,development-train,current_profile_0175,"[{""ambient_temp_c"": 29.156, ""end_ms"": 18100, ""engine_load"": 0.41319959999999994, ""external_airflow_factor"": 0, ""road_slope_percent"": 0, ""start_ms"": 0, ""vehicle_speed_kph"": 24.839999999999996}, {""ambient_temp_c"": 29.156, ""end_ms"": 49300, ""engine_load"": 0.5988399999999999, ""external_airflow_factor"": 0, ""road_slope_percent"": 0, ""start_ms"": 18100, ""vehicle_speed_kph"": 36}, {""ambient_temp_c"": 29.156, ""end_ms"": 87100, ""engine_load"": 0.4970371999999999, ""external_airflow_factor"": 0, ""road_slope_percent"": 0, ""start_ms"": 49300, ""vehicle_speed_kph"": 29.88}, {""ambient_temp_c"": 29.156, ""end_ms"": 120000, ""engine_load"": 0.5688979999999999, ""external_airflow_factor"": 0, ""road_slope_percent"": 0, ""start_ms"": 87100, ""vehicle_speed_kph"": 34.199999999999996}]","[[30000, 99], [60000, 92]]",authorized_updates,1390,120000,0:0:6000,ca8581499e2afec395534d5ee2c22e8f2ae6116f9d522ee28b75494e731a36ab,fbc79b6baa5a4eeb4c253539e1807453876884c0b4072cd98fe70c86e205a12a,0
current_0176,SENSOR_CONTROL,sensor_interface_intermittent,intermittent,1.5,0,26200,18500,operating_family_1,development-train,current_profile_0176,"[{""ambient_temp_c"": 29.159, ""end_ms"": 18100, ""engine_load"": 0.41331689999999993, ""external_airflow_factor"": 0, ""road_slope_percent"": 0, ""start_ms"": 0, ""vehicle_speed_kph"": 24.839999999999996}, {""ambient_temp_c"": 29.159, ""end_ms"": 49300, ""engine_load"": 0.5990099999999999, ""external_airflow_factor"": 0, ""road_slope_percent"": 0, ""start_ms"": 18100, ""vehicle_speed_kph"": 36}, {""ambient_temp_c"": 29.159, ""end_ms"": 87100, ""engine_load"": 0.4971782999999999, ""external_airflow_factor"": 0, ""road_slope_percent"": 0, ""start_ms"": 49300, ""vehicle_speed_kph"": 29.88}, {""ambient_temp_c"": 29.159, ""end_ms"": 120000, ""engine_load"": 0.5690594999999999, ""external_airflow_factor"": 0, ""road_slope_percent"": 0, ""start_ms"": 87100, ""vehicle_speed_kph"": 34.199999999999996}]",[],static_target,1391,120000,0:0:6000,985ac863b67c82106880f1fb931a7bc0dbe1747e06aa30ac3d71de23cce84b8c,903dec6aa59ad094a3a194f6829f24fdc1fdc52b47617b3a070aed17c5eb1b97,0
current_0177,SENSOR_CONTROL,sensor_interface_intermittent,intermittent,4.1,0,26500,9700,operating_family_1,development-train,current_profile_0177,"[{""ambient_temp_c"": 29.162, ""end_ms"": 18100, ""engine_load"": 0.4134341999999999, ""external_airflow_factor"": 0, ""road_slope_percent"": 0, ""start_ms"": 0, ""vehicle_speed_kph"": 24.839999999999996}, {""ambient_temp_c"": 29.162, ""end_ms"": 49300, ""engine_load"": 0.5991799999999999, ""external_airflow_factor"": 0, ""road_slope_percent"": 0, ""start_ms"": 18100, ""vehicle_speed_kph"": 36}, {""ambient_temp_c"": 29.162, ""end_ms"": 87100, ""engine_load"": 0.4973193999999999, ""external_airflow_factor"": 0, ""road_slope_percent"": 0, ""start_ms"": 49300, ""vehicle_speed_kph"": 29.88}, {""ambient_temp_c"": 29.162, ""end_ms"": 120000, ""engine_load"": 0.5692209999999999, ""external_airflow_factor"": 0, ""road_slope_percent"": 0, ""start_ms"": 87100, ""vehicle_speed_kph"": 34.199999999999996}]","[[30000, 99], [60000, 92]]",authorized_updates,1392,120000,0:0:6000,c854f74f597e67f644d51f784b440cbef9f24371834604c10409fdb2acd8467a,4fcf46044e4dcee186fc2c2e823d4c172abfca7cc53a14fff2eca3c77d8c8143,0
current_0178,SENSOR_CONTROL,sensor_interface_intermittent,intermittent,8.1,0,26800,13700,operating_family_1,development-train,current_profile_0178,"[{""ambient_temp_c"": 29.165, ""end_ms"": 18100, ""engine_load"": 0.4135514999999999, ""external_airflow_factor"": 0, ""road_slope_percent"": 0, ""start_ms"": 0, ""vehicle_speed_kph"": 24.839999999999996}, {""ambient_temp_c"": 29.165, ""end_ms"": 49300, ""engine_load"": 0.5993499999999999, ""external_airflow_factor"": 0, ""road_slope_percent"": 0, ""start_ms"": 18100, ""vehicle_speed_kph"": 36}, {""ambient_temp_c"": 29.165, ""end_ms"": 87100, ""engine_load"": 0.4974604999999999, ""external_airflow_factor"": 0, ""road_slope_percent"": 0, ""start_ms"": 49300, ""vehicle_speed_kph"": 29.88}, {""ambient_temp_c"": 29.165, ""end_ms"": 120000, ""engine_load"": 0.5693824999999999, ""external_airflow_factor"": 0, ""road_slope_percent"": 0, ""start_ms"": 87100, ""vehicle_speed_kph"": 34.199999999999996}]",[],static_target,1393,120000,0:0:6000,6b1965480a0ab31856109be9b7a3c5cdba318139295b06f191b5ec59e78abd8d,d79f96cbf5a224c81555287e5c07e95c60f5c1e181905986d314455ed5638140,0
current_0179,SENSOR_CONTROL,sensor_interface_intermittent,permanent,0.5,0,24700,18500,operating_family_1,development-train,current_profile_0179,"[{""ambient_temp_c"": 29.168, ""end_ms"": 18100, ""engine_load"": 0.41366879999999995, ""external_airflow_factor"": 0, ""road_slope_percent"": 0, ""start_ms"": 0, ""vehicle_speed_kph"": 24.839999999999996}, {""ambient_temp_c"": 29.168, ""end_ms"": 49300, ""engine_load"": 0.5995199999999999, ""external_airflow_factor"": 0, ""road_slope_percent"": 0, ""start_ms"": 18100, ""vehicle_speed_kph"": 36}, {""ambient_temp_c"": 29.168, ""end_ms"": 87100, ""engine_load"": 0.4976015999999999, ""external_airflow_factor"": 0, ""road_slope_percent"": 0, ""start_ms"": 49300, ""vehicle_speed_kph"": 29.88}, {""ambient_temp_c"": 29.168, ""end_ms"": 120000, ""engine_load"": 0.5695439999999999, ""external_airflow_factor"": 0, ""road_slope_percent"": 0, ""start_ms"": 87100, ""vehicle_speed_kph"": 34.199999999999996}]","[[30000, 99], [60000, 92]]",authorized_updates,1394,120000,0:0:6000,4367a86cde1cd84a30cfd99a2b0782f148c010ca0da39baafe2539128ff961fe,90bd31dbb5b757e3a2b0c39cbce2cda391012f58ca58f0274c3f33c03175fcd7,0
current_0180,SENSOR_CONTROL,sensor_interface_intermittent,permanent,1.5,0,25000,9700,operating_family_1,development-train,current_profile_0180,"[{""ambient_temp_c"": 29.171, ""end_ms"": 18100, ""engine_load"": 0.41378609999999993, ""external_airflow_factor"": 0, ""road_slope_percent"": 0, ""start_ms"": 0, ""vehicle_speed_kph"": 24.839999999999996}, {""ambient_temp_c"": 29.171, ""end_ms"": 49300, ""engine_load"": 0.59969, ""external_airflow_factor"": 0, ""road_slope_percent"": 0, ""start_ms"": 18100, ""vehicle_speed_kph"": 36}, {""ambient_temp_c"": 29.171, ""end_ms"": 87100, ""engine_load"": 0.4977426999999999, ""external_airflow_factor"": 0, ""road_slope_percent"": 0, ""start_ms"": 49300, ""vehicle_speed_kph"": 29.88}, {""ambient_temp_c"": 29.171, ""end_ms"": 120000, ""engine_load"": 0.5697055, ""external_airflow_factor"": 0, ""road_slope_percent"": 0, ""start_ms"": 87100, ""vehicle_speed_kph"": 34.199999999999996}]",[],static_target,1395,120000,0:0:6000,2e3ea97f9ba138a9e8a754dd4de7952df68dae5fe30e8b8d7ef168d3d8d87d66,f7448342df64ee77d1e77b449fe31bf3f0ea1147a19734ed0bf52d589c013553,0
current_0181,SENSOR_CONTROL,sensor_interface_intermittent,permanent,4.1,0,25300,13700,operating_family_1,development-train,current_profile_0181,"[{""ambient_temp_c"": 29.174, ""end_ms"": 18100, ""engine_load"": 0.4139033999999999, ""external_airflow_factor"": 0, ""road_slope_percent"": 0, ""start_ms"": 0, ""vehicle_speed_kph"": 24.839999999999996}, {""ambient_temp_c"": 29.174, ""end_ms"": 49300, ""engine_load"": 0.59986, ""external_airflow_factor"": 0, ""road_slope_percent"": 0, ""start_ms"": 18100, ""vehicle_speed_kph"": 36}, {""ambient_temp_c"": 29.174, ""end_ms"": 87100, ""engine_load"": 0.49788379999999993, ""external_airflow_factor"": 0, ""road_slope_percent"": 0, ""start_ms"": 49300, ""vehicle_speed_kph"": 29.88}, {""ambient_temp_c"": 29.174, ""end_ms"": 120000, ""engine_load"": 0.5698669999999999, ""external_airflow_factor"": 0, ""road_slope_percent"": 0, ""start_ms"": 87100, ""vehicle_speed_kph"": 34.199999999999996}]","[[30000, 99], [60000, 92]]",authorized_updates,1396,120000,0:0:6000,cb630fe7927b03123e28749b04d6484c84d19570e4cd43d721a2166bacabfded,2cbaf92c41c3f79d3f784b4999474f1d707319da97ba6f10add4b805392f1fd5,0
current_0182,SENSOR_CONTROL,sensor_interface_intermittent,permanent,8.1,0,25600,18500,operating_family_1,development-train,current_profile_0182,"[{""ambient_temp_c"": 29.177, ""end_ms"": 18100, ""engine_load"": 0.4140206999999999, ""external_airflow_factor"": 0, ""road_slope_percent"": 0, ""start_ms"": 0, ""vehicle_speed_kph"": 24.839999999999996}, {""ambient_temp_c"": 29.177, ""end_ms"": 49300, ""engine_load"": 0.60003, ""external_airflow_factor"": 0, ""road_slope_percent"": 0, ""start_ms"": 18100, ""vehicle_speed_kph"": 36}, {""ambient_temp_c"": 29.177, ""end_ms"": 87100, ""engine_load"": 0.49802489999999994, ""external_airflow_factor"": 0, ""road_slope_percent"": 0, ""start_ms"": 49300, ""vehicle_speed_kph"": 29.88}, {""ambient_temp_c"": 29.177, ""end_ms"": 120000, ""engine_load"": 0.5700284999999999, ""external_airflow_factor"": 0, ""road_slope_percent"": 0, ""start_ms"": 87100, ""vehicle_speed_kph"": 34.199999999999996}]",[],static_target,1397,120000,0:0:6000,c3b2546700035206412933f3a9dbcaa0cc809b6c11b5987470f5dad1c5c0c9c7,b6f233747189ff456bba3f8fc309632d8ff32fd4fa0c8094ef7978bc1e38bb89,0
current_0183,COMMUNICATION,delayed_update,transient,100,0,25900,9700,operating_family_1,development-train,current_profile_0183,"[{""ambient_temp_c"": 29.18, ""end_ms"": 18100, ""engine_load"": 0.41413799999999995, ""external_airflow_factor"": 0, ""road_slope_percent"": 0, ""start_ms"": 0, ""vehicle_speed_kph"": 24.839999999999996}, {""ambient_temp_c"": 29.18, ""end_ms"": 49300, ""engine_load"": 0.6002, ""external_airflow_factor"": 0, ""road_slope_percent"": 0, ""start_ms"": 18100, ""vehicle_speed_kph"": 36}, {""ambient_temp_c"": 29.18, ""end_ms"": 87100, ""engine_load"": 0.49816599999999994, ""external_airflow_factor"": 0, ""road_slope_percent"": 0, ""start_ms"": 49300, ""vehicle_speed_kph"": 29.88}, {""ambient_temp_c"": 29.18, ""end_ms"": 120000, ""engine_load"": 0.57019, ""external_airflow_factor"": 0, ""road_slope_percent"": 0, ""start_ms"": 87100, ""vehicle_speed_kph"": 34.199999999999996}]","[[30000, 99], [60000, 92]]",authorized_updates,1398,120000,0:0:6000,73ee4741f07f15b281762b01af1b67cf3ddfa2262fef7b36904d49f904f0a843,242fe0075ff329fae1177145b75dff917ff3e9eff9fa475fa8b69df57495535f,0
current_0184,COMMUNICATION,delayed_update,transient,200,0,26200,13700,operating_family_1,development-train,current_profile_0184,"[{""ambient_temp_c"": 29.183, ""end_ms"": 18100, ""engine_load"": 0.41425529999999994, ""external_airflow_factor"": 0, ""road_slope_percent"": 0, ""start_ms"": 0, ""vehicle_speed_kph"": 24.839999999999996}, {""ambient_temp_c"": 29.183, ""end_ms"": 49300, ""engine_load"": 0.60037, ""external_airflow_factor"": 0, ""road_slope_percent"": 0, ""start_ms"": 18100, ""vehicle_speed_kph"": 36}, {""ambient_temp_c"": 29.183, ""end_ms"": 87100, ""engine_load"": 0.49830709999999995, ""external_airflow_factor"": 0, ""road_slope_percent"": 0, ""start_ms"": 49300, ""vehicle_speed_kph"": 29.88}, {""ambient_temp_c"": 29.183, ""end_ms"": 120000, ""engine_load"": 0.5703514999999999, ""external_airflow_factor"": 0, ""road_slope_percent"": 0, ""start_ms"": 87100, ""vehicle_speed_kph"": 34.199999999999996}]",[],static_target,1399,120000,0:0:6000,c5dd882b6c657372dfb6d2a162906bab7ae7ad57313d1f749639fa1a72d34da4,12278a2466c47654d1ef3d147b0754f4270b7d731dfe723114f7047e6c53b7c1,0
current_0185,COMMUNICATION,delayed_update,transient,500,0,26500,18500,operating_family_1,development-train,current_profile_0185,"[{""ambient_temp_c"": 29.186, ""end_ms"": 18100, ""engine_load"": 0.4143725999999999, ""external_airflow_factor"": 0, ""road_slope_percent"": 0, ""start_ms"": 0, ""vehicle_speed_kph"": 24.839999999999996}, {""ambient_temp_c"": 29.186, ""end_ms"": 49300, ""engine_load"": 0.60054, ""external_airflow_factor"": 0, ""road_slope_percent"": 0, ""start_ms"": 18100, ""vehicle_speed_kph"": 36}, {""ambient_temp_c"": 29.186, ""end_ms"": 87100, ""engine_load"": 0.49844819999999995, ""external_airflow_factor"": 0, ""road_slope_percent"": 0, ""start_ms"": 49300, ""vehicle_speed_kph"": 29.88}, {""ambient_temp_c"": 29.186, ""end_ms"": 120000, ""engine_load"": 0.5705129999999999, ""external_airflow_factor"": 0, ""road_slope_percent"": 0, ""start_ms"": 87100, ""vehicle_speed_kph"": 34.199999999999996}]","[[30000, 99], [60000, 92]]",authorized_updates,1400,120000,0:0:6000,0dc1015e9962df5506f780ffa53d6a88298a5500c0dec2b940d9f1015239ac60,58a6ca2948e0b5e788652742c60f6f4129eb49e53042702807755bd12bdf6ecc,0
current_0186,COMMUNICATION,delayed_update,intermittent,100,0,26800,9700,operating_family_1,development-train,current_profile_0186,"[{""ambient_temp_c"": 29.189, ""end_ms"": 18100, ""engine_load"": 0.41448989999999997, ""external_airflow_factor"": 0, ""road_slope_percent"": 0, ""start_ms"": 0, ""vehicle_speed_kph"": 24.839999999999996}, {""ambient_temp_c"": 29.189, ""end_ms"": 49300, ""engine_load"": 0.60071, ""external_airflow_factor"": 0, ""road_slope_percent"": 0, ""start_ms"": 18100, ""vehicle_speed_kph"": 36}, {""ambient_temp_c"": 29.189, ""end_ms"": 87100, ""engine_load"": 0.49858929999999996, ""external_airflow_factor"": 0, ""road_slope_percent"": 0, ""start_ms"": 49300, ""vehicle_speed_kph"": 29.88}, {""ambient_temp_c"": 29.189, ""end_ms"": 120000, ""engine_load"": 0.5706745, ""external_airflow_factor"": 0, ""road_slope_percent"": 0, ""start_ms"": 87100, ""vehicle_speed_kph"": 34.199999999999996}]",[],static_target,1401,120000,0:0:6000,0f46201ebcaa41a73a8e3ecee4f56004c2263f85e06b7a04e235873825f1dec2,6d41eed1f24cf4012e468cffbd9a975dd0b638b2469a911059ec501b65e8dbef,0
current_0187,COMMUNICATION,delayed_update,intermittent,200,0,24700,13700,operating_family_1,development-train,current_profile_0187,"[{""ambient_temp_c"": 29.192, ""end_ms"": 18100, ""engine_load"": 0.41460719999999995, ""external_airflow_factor"": 0, ""road_slope_percent"": 0, ""start_ms"": 0, ""vehicle_speed_kph"": 24.839999999999996}, {""ambient_temp_c"": 29.192, ""end_ms"": 49300, ""engine_load"": 0.60088, ""external_airflow_factor"": 0, ""road_slope_percent"": 0, ""start_ms"": 18100, ""vehicle_speed_kph"": 36}, {""ambient_temp_c"": 29.192, ""end_ms"": 87100, ""engine_load"": 0.49873039999999996, ""external_airflow_factor"": 0, ""road_slope_percent"": 0, ""start_ms"": 49300, ""vehicle_speed_kph"": 29.88}, {""ambient_temp_c"": 29.192, ""end_ms"": 120000, ""engine_load"": 0.5708359999999999, ""external_airflow_factor"": 0, ""road_slope_percent"": 0, ""start_ms"": 87100, ""vehicle_speed_kph"": 34.199999999999996}]","[[30000, 99], [60000, 92]]",authorized_updates,1402,120000,0:0:6000,1f7c8b0d28914b8621b88c5475a2570881ce357bc014fbad9780cfaa5309001f,dceba76903c6317f0b75fe344c272a4ff74ce37f660bca50c99c4e8717a9e563,0
current_0188,COMMUNICATION,delayed_update,intermittent,500,0,25000,18500,operating_family_1,development-train,current_profile_0188,"[{""ambient_temp_c"": 29.195, ""end_ms"": 18100, ""engine_load"": 0.41472449999999994, ""external_airflow_factor"": 0, ""road_slope_percent"": 0, ""start_ms"": 0, ""vehicle_speed_kph"": 24.839999999999996}, {""ambient_temp_c"": 29.195, ""end_ms"": 49300, ""engine_load"": 0.60105, ""external_airflow_factor"": 0, ""road_slope_percent"": 0, ""start_ms"": 18100, ""vehicle_speed_kph"": 36}, {""ambient_temp_c"": 29.195, ""end_ms"": 87100, ""engine_load"": 0.49887149999999997, ""external_airflow_factor"": 0, ""road_slope_percent"": 0, ""start_ms"": 49300, ""vehicle_speed_kph"": 29.88}, {""ambient_temp_c"": 29.195, ""end_ms"": 120000, ""engine_load"": 0.5709974999999999, ""external_airflow_factor"": 0, ""road_slope_percent"": 0, ""start_ms"": 87100, ""vehicle_speed_kph"": 34.199999999999996}]",[],static_target,1403,120000,0:0:6000,a3e9673df96132c48d8c228cfcc2d55286ecb1b393a4257198994210de05c1fe,d48fa88fcc97e122a65b1c1f20baba981e4875d18509d1fa5ec8bafa48c76cb1,0
current_0189,COMMUNICATION,delayed_update,permanent,100,0,25300,9700,operating_family_1,development-train,current_profile_0189,"[{""ambient_temp_c"": 29.198, ""end_ms"": 18100, ""engine_load"": 0.4148417999999999, ""external_airflow_factor"": 0, ""road_slope_percent"": 0, ""start_ms"": 0, ""vehicle_speed_kph"": 24.839999999999996}, {""ambient_temp_c"": 29.198, ""end_ms"": 49300, ""engine_load"": 0.60122, ""external_airflow_factor"": 0, ""road_slope_percent"": 0, ""start_ms"": 18100, ""vehicle_speed_kph"": 36}, {""ambient_temp_c"": 29.198, ""end_ms"": 87100, ""engine_load"": 0.4990126, ""external_airflow_factor"": 0, ""road_slope_percent"": 0, ""start_ms"": 49300, ""vehicle_speed_kph"": 29.88}, {""ambient_temp_c"": 29.198, ""end_ms"": 120000, ""engine_load"": 0.571159, ""external_airflow_factor"": 0, ""road_slope_percent"": 0, ""start_ms"": 87100, ""vehicle_speed_kph"": 34.199999999999996}]","[[30000, 99], [60000, 92]]",authorized_updates,1404,120000,0:0:6000,e17c99d4a9fef62e629f786b7b2258af243281f2d64241ace06d0832425871be,f58768804c6a7e97684f12c3785630acaa601f8888a37c43ce9b706f9a08bab8,0
current_0190,COMMUNICATION,delayed_update,permanent,200,0,25600,13700,operating_family_1,development-train,current_profile_0190,"[{""ambient_temp_c"": 29.201, ""end_ms"": 18100, ""engine_load"": 0.41495909999999997, ""external_airflow_factor"": 0, ""road_slope_percent"": 0, ""start_ms"": 0, ""vehicle_speed_kph"": 24.839999999999996}, {""ambient_temp_c"": 29.201, ""end_ms"": 49300, ""engine_load"": 0.60139, ""external_airflow_factor"": 0, ""road_slope_percent"": 0, ""start_ms"": 18100, ""vehicle_speed_kph"": 36}, {""ambient_temp_c"": 29.201, ""end_ms"": 87100, ""engine_load"": 0.4991537, ""external_airflow_factor"": 0, ""road_slope_percent"": 0, ""start_ms"": 49300, ""vehicle_speed_kph"": 29.88}, {""ambient_temp_c"": 29.201, ""end_ms"": 120000, ""engine_load"": 0.5713205, ""external_airflow_factor"": 0, ""road_slope_percent"": 0, ""start_ms"": 87100, ""vehicle_speed_kph"": 34.199999999999996}]",[],static_target,1405,120000,0:0:6000,dfc8af2c16606c45a06829739ca2e184ca1854d40537de15ee7b938ed50cc6e1,3afb8267366089c6c44e376253fed1e49d5b26236c026ac4b112a3f2248f86a5,0
current_0191,COMMUNICATION,delayed_update,permanent,500,0,25900,18500,operating_family_1,development-train,current_profile_0191,"[{""ambient_temp_c"": 29.204, ""end_ms"": 18100, ""engine_load"": 0.41507639999999996, ""external_airflow_factor"": 0, ""road_slope_percent"": 0, ""start_ms"": 0, ""vehicle_speed_kph"": 24.839999999999996}, {""ambient_temp_c"": 29.204, ""end_ms"": 49300, ""engine_load"": 0.60156, ""external_airflow_factor"": 0, ""road_slope_percent"": 0, ""start_ms"": 18100, ""vehicle_speed_kph"": 36}, {""ambient_temp_c"": 29.204, ""end_ms"": 87100, ""engine_load"": 0.4992948, ""external_airflow_factor"": 0, ""road_slope_percent"": 0, ""start_ms"": 49300, ""vehicle_speed_kph"": 29.88}, {""ambient_temp_c"": 29.204, ""end_ms"": 120000, ""engine_load"": 0.5714819999999999, ""external_airflow_factor"": 0, ""road_slope_percent"": 0, ""start_ms"": 87100, ""vehicle_speed_kph"": 34.199999999999996}]","[[30000, 99], [60000, 92]]",authorized_updates,1406,120000,0:0:6000,f5a87b554cb51630e28dd9384cc24472dea011356ddf617bc902f44d9c6c72d3,fb62e0ca565b4d14bc41da78ac36f6fdc4d67c0c25c1eb9b8183db5667801604,0
current_0192,COMMUNICATION,dropped_update,transient,1,0,26200,9700,operating_family_1,development-train,current_profile_0192,"[{""ambient_temp_c"": 29.207, ""end_ms"": 18100, ""engine_load"": 0.41519369999999994, ""external_airflow_factor"": 0, ""road_slope_percent"": 0, ""start_ms"": 0, ""vehicle_speed_kph"": 24.839999999999996}, {""ambient_temp_c"": 29.207, ""end_ms"": 49300, ""engine_load"": 0.60173, ""external_airflow_factor"": 0, ""road_slope_percent"": 0, ""start_ms"": 18100, ""vehicle_speed_kph"": 36}, {""ambient_temp_c"": 29.207, ""end_ms"": 87100, ""engine_load"": 0.4994359, ""external_airflow_factor"": 0, ""road_slope_percent"": 0, ""start_ms"": 49300, ""vehicle_speed_kph"": 29.88}, {""ambient_temp_c"": 29.207, ""end_ms"": 120000, ""engine_load"": 0.5716435, ""external_airflow_factor"": 0, ""road_slope_percent"": 0, ""start_ms"": 87100, ""vehicle_speed_kph"": 34.199999999999996}]",[],static_target,1407,120000,0:0:6000,973b2bc46b9a36104e484fab842a1111176d8cd9cfcb4b17671540a894a51b65,508950a2bdc9da640c5eb3c60282adf26fb0fbc8a9dcbc61c5b2f7012d2731b5,0
current_0193,COMMUNICATION,dropped_update,transient,3,0,26500,13700,operating_family_1,development-train,current_profile_0193,"[{""ambient_temp_c"": 29.21, ""end_ms"": 18100, ""engine_load"": 0.415311, ""external_airflow_factor"": 0, ""road_slope_percent"": 0, ""start_ms"": 0, ""vehicle_speed_kph"": 24.839999999999996}, {""ambient_temp_c"": 29.21, ""end_ms"": 49300, ""engine_load"": 0.6019, ""external_airflow_factor"": 0, ""road_slope_percent"": 0, ""start_ms"": 18100, ""vehicle_speed_kph"": 36}, {""ambient_temp_c"": 29.21, ""end_ms"": 87100, ""engine_load"": 0.499577, ""external_airflow_factor"": 0, ""road_slope_percent"": 0, ""start_ms"": 49300, ""vehicle_speed_kph"": 29.88}, {""ambient_temp_c"": 29.21, ""end_ms"": 120000, ""engine_load"": 0.571805, ""external_airflow_factor"": 0, ""road_slope_percent"": 0, ""start_ms"": 87100, ""vehicle_speed_kph"": 34.199999999999996}]","[[30000, 99], [60000, 92]]",authorized_updates,1408,120000,0:0:6000,f5bf455ad84806e106f6a40e50d379179c54a1f40663e826047eab919c1a2936,2b6732862e62138a3947baf6c48f86abe827245dee03ad99e262cd74da51db3e,0
current_0194,COMMUNICATION,dropped_update,transient,7,0,26800,18500,operating_family_1,development-train,current_profile_0194,"[{""ambient_temp_c"": 29.213, ""end_ms"": 18100, ""engine_load"": 0.4154283, ""external_airflow_factor"": 0, ""road_slope_percent"": 0, ""start_ms"": 0, ""vehicle_speed_kph"": 24.839999999999996}, {""ambient_temp_c"": 29.213, ""end_ms"": 49300, ""engine_load"": 0.60207, ""external_airflow_factor"": 0, ""road_slope_percent"": 0, ""start_ms"": 18100, ""vehicle_speed_kph"": 36}, {""ambient_temp_c"": 29.213, ""end_ms"": 87100, ""engine_load"": 0.4997181, ""external_airflow_factor"": 0, ""road_slope_percent"": 0, ""start_ms"": 49300, ""vehicle_speed_kph"": 29.88}, {""ambient_temp_c"": 29.213, ""end_ms"": 120000, ""engine_load"": 0.5719664999999999, ""external_airflow_factor"": 0, ""road_slope_percent"": 0, ""start_ms"": 87100, ""vehicle_speed_kph"": 34.199999999999996}]",[],static_target,1409,120000,0:0:6000,baac514f65191a7d638e03deecc2945ddead701d6e87a25b7173cd3c24321511,b5a73626b9eb674cff486b1d952ede6747ca8d45411097528cf81b19de1c0cab,0
current_0195,COMMUNICATION,dropped_update,intermittent,1,0,24700,9700,operating_family_1,development-train,current_profile_0195,"[{""ambient_temp_c"": 29.216, ""end_ms"": 18100, ""engine_load"": 0.41554559999999996, ""external_airflow_factor"": 0, ""road_slope_percent"": 0, ""start_ms"": 0, ""vehicle_speed_kph"": 24.839999999999996}, {""ambient_temp_c"": 29.216, ""end_ms"": 49300, ""engine_load"": 0.60224, ""external_airflow_factor"": 0, ""road_slope_percent"": 0, ""start_ms"": 18100, ""vehicle_speed_kph"": 36}, {""ambient_temp_c"": 29.216, ""end_ms"": 87100, ""engine_load"": 0.49985919999999995, ""external_airflow_factor"": 0, ""road_slope_percent"": 0, ""start_ms"": 49300, ""vehicle_speed_kph"": 29.88}, {""ambient_temp_c"": 29.216, ""end_ms"": 120000, ""engine_load"": 0.572128, ""external_airflow_factor"": 0, ""road_slope_percent"": 0, ""start_ms"": 87100, ""vehicle_speed_kph"": 34.199999999999996}]","[[30000, 99], [60000, 92]]",authorized_updates,1410,120000,0:0:6000,dca7f37d04c0f577d771ed688c47dde0294803cdccfa4b26dce88fbb200d50e2,9c862ee1e5917379718ad526ce283b7613de1b4d76dd9cf15cffe1ddd8f4a65a,0
current_0196,COMMUNICATION,dropped_update,intermittent,3,0,25000,13700,operating_family_1,development-train,current_profile_0196,"[{""ambient_temp_c"": 29.219, ""end_ms"": 18100, ""engine_load"": 0.41566289999999995, ""external_airflow_factor"": 0, ""road_slope_percent"": 0, ""start_ms"": 0, ""vehicle_speed_kph"": 24.839999999999996}, {""ambient_temp_c"": 29.219, ""end_ms"": 49300, ""engine_load"": 0.60241, ""external_airflow_factor"": 0, ""road_slope_percent"": 0, ""start_ms"": 18100, ""vehicle_speed_kph"": 36}, {""ambient_temp_c"": 29.219, ""end_ms"": 87100, ""engine_load"": 0.5000003, ""external_airflow_factor"": 0, ""road_slope_percent"": 0, ""start_ms"": 49300, ""vehicle_speed_kph"": 29.88}, {""ambient_temp_c"": 29.219, ""end_ms"": 120000, ""engine_load"": 0.5722895, ""external_airflow_factor"": 0, ""road_slope_percent"": 0, ""start_ms"": 87100, ""vehicle_speed_kph"": 34.199999999999996}]",[],static_target,1411,120000,0:0:6000,3d382fce585e48ccba007b2ceab91b140df58bb396085f8d2597cc411de7c2ab,37de0f8811ea103be41b15498bbb3b3bd3df8936ddf9d774accfeb5e1ff4453a,0
current_0197,COMMUNICATION,dropped_update,intermittent,7,0,25300,18500,operating_family_1,development-train,current_profile_0197,"[{""ambient_temp_c"": 29.222, ""end_ms"": 18100, ""engine_load"": 0.4157802, ""external_airflow_factor"": 0, ""road_slope_percent"": 0, ""start_ms"": 0, ""vehicle_speed_kph"": 24.839999999999996}, {""ambient_temp_c"": 29.222, ""end_ms"": 49300, ""engine_load"": 0.60258, ""external_airflow_factor"": 0, ""road_slope_percent"": 0, ""start_ms"": 18100, ""vehicle_speed_kph"": 36}, {""ambient_temp_c"": 29.222, ""end_ms"": 87100, ""engine_load"": 0.5001414, ""external_airflow_factor"": 0, ""road_slope_percent"": 0, ""start_ms"": 49300, ""vehicle_speed_kph"": 29.88}, {""ambient_temp_c"": 29.222, ""end_ms"": 120000, ""engine_load"": 0.5724509999999999, ""external_airflow_factor"": 0, ""road_slope_percent"": 0, ""start_ms"": 87100, ""vehicle_speed_kph"": 34.199999999999996}]","[[30000, 99], [60000, 92]]",authorized_updates,1412,120000,0:0:6000,2b6233d22bd883ac6593f246e43ef315a6aa919d666a7343a9a7ef9e96252dad,99baf7eeec070b5de07a5f8c2b0f3d0869eb5da3bd6d0a59a298787f2111dfa8,0
current_0198,COMMUNICATION,dropped_update,permanent,1,0,25600,9700,operating_family_1,development-train,current_profile_0198,"[{""ambient_temp_c"": 29.225, ""end_ms"": 18100, ""engine_load"": 0.4158975, ""external_airflow_factor"": 0, ""road_slope_percent"": 0, ""start_ms"": 0, ""vehicle_speed_kph"": 24.839999999999996}, {""ambient_temp_c"": 29.225, ""end_ms"": 49300, ""engine_load"": 0.60275, ""external_airflow_factor"": 0, ""road_slope_percent"": 0, ""start_ms"": 18100, ""vehicle_speed_kph"": 36}, {""ambient_temp_c"": 29.225, ""end_ms"": 87100, ""engine_load"": 0.5002825, ""external_airflow_factor"": 0, ""road_slope_percent"": 0, ""start_ms"": 49300, ""vehicle_speed_kph"": 29.88}, {""ambient_temp_c"": 29.225, ""end_ms"": 120000, ""engine_load"": 0.5726125, ""external_airflow_factor"": 0, ""road_slope_percent"": 0, ""start_ms"": 87100, ""vehicle_speed_kph"": 34.199999999999996}]",[],static_target,1413,120000,0:0:6000,655c38e6b9cc81ec480a3a777796faeea09615e34e9b666412d0bcf568a85eaa,4e8a20a926c4d68e151bf0d3a72c14619bd81106ad9b3cd55551046810ff88c5,0
current_0199,COMMUNICATION,dropped_update,permanent,3,0,25900,13700,operating_family_1,development-train,current_profile_0199,"[{""ambient_temp_c"": 29.228, ""end_ms"": 18100, ""engine_load"": 0.41601479999999996, ""external_airflow_factor"": 0, ""road_slope_percent"": 0, ""start_ms"": 0, ""vehicle_speed_kph"": 24.839999999999996}, {""ambient_temp_c"": 29.228, ""end_ms"": 49300, ""engine_load"": 0.60292, ""external_airflow_factor"": 0, ""road_slope_percent"": 0, ""start_ms"": 18100, ""vehicle_speed_kph"": 36}, {""ambient_temp_c"": 29.228, ""end_ms"": 87100, ""engine_load"": 0.5004236, ""external_airflow_factor"": 0, ""road_slope_percent"": 0, ""start_ms"": 49300, ""vehicle_speed_kph"": 29.88}, {""ambient_temp_c"": 29.228, ""end_ms"": 120000, ""engine_load"": 0.572774, ""external_airflow_factor"": 0, ""road_slope_percent"": 0, ""start_ms"": 87100, ""vehicle_speed_kph"": 34.199999999999996}]","[[30000, 99], [60000, 92]]",authorized_updates,1414,120000,0:0:6000,978967fec5d726905c3ccb351eba5b0d59504a2e290a99a3148fded6e32e3aea,4150df9a5e36c8ce43a0dab0780131f30c4d51b3bcde5a38fc38bdcf3997b16f,0
current_0200,COMMUNICATION,dropped_update,permanent,7,0,26200,18500,operating_family_1,development-train,current_profile_0200,"[{""ambient_temp_c"": 29.231, ""end_ms"": 18100, ""engine_load"": 0.4161321, ""external_airflow_factor"": 0, ""road_slope_percent"": 0, ""start_ms"": 0, ""vehicle_speed_kph"": 24.839999999999996}, {""ambient_temp_c"": 29.231, ""end_ms"": 49300, ""engine_load"": 0.60309, ""external_airflow_factor"": 0, ""road_slope_percent"": 0, ""start_ms"": 18100, ""vehicle_speed_kph"": 36}, {""ambient_temp_c"": 29.231, ""end_ms"": 87100, ""engine_load"": 0.5005647, ""external_airflow_factor"": 0, ""road_slope_percent"": 0, ""start_ms"": 49300, ""vehicle_speed_kph"": 29.88}, {""ambient_temp_c"": 29.231, ""end_ms"": 120000, ""engine_load"": 0.5729355, ""external_airflow_factor"": 0, ""road_slope_percent"": 0, ""start_ms"": 87100, ""vehicle_speed_kph"": 34.199999999999996}]",[],static_target,1415,120000,0:0:6000,8552e34f3be28c9a3ad44e4146fd5a12ef111720abd25d74168720e7b9aeee64,8363b15d07e277faba7db99fa081ac326feed41adfbf5e8ab05a5090ae961457,0
current_0201,COMMUNICATION,replayed_sample,transient,100,0,26500,9700,operating_family_1,development-train,current_profile_0201,"[{""ambient_temp_c"": 29.234, ""end_ms"": 18100, ""engine_load"": 0.4162494, ""external_airflow_factor"": 0, ""road_slope_percent"": 0, ""start_ms"": 0, ""vehicle_speed_kph"": 24.839999999999996}, {""ambient_temp_c"": 29.234, ""end_ms"": 49300, ""engine_load"": 0.60326, ""external_airflow_factor"": 0, ""road_slope_percent"": 0, ""start_ms"": 18100, ""vehicle_speed_kph"": 36}, {""ambient_temp_c"": 29.234, ""end_ms"": 87100, ""engine_load"": 0.5007058, ""external_airflow_factor"": 0, ""road_slope_percent"": 0, ""start_ms"": 49300, ""vehicle_speed_kph"": 29.88}, {""ambient_temp_c"": 29.234, ""end_ms"": 120000, ""engine_load"": 0.573097, ""external_airflow_factor"": 0, ""road_slope_percent"": 0, ""start_ms"": 87100, ""vehicle_speed_kph"": 34.199999999999996}]","[[30000, 99], [60000, 92]]",authorized_updates,1416,120000,0:0:6000,ba14343dfb0ae874713fa5d6571930f871512f679b4239eb93ac8594ce57f34f,200ed7cdffd4790d9d6f7df75e011148954cefa5b94a16718e6afff055730612,0
current_0202,COMMUNICATION,replayed_sample,transient,300,0,26800,13700,operating_family_1,development-train,current_profile_0202,"[{""ambient_temp_c"": 29.237, ""end_ms"": 18100, ""engine_load"": 0.4163667, ""external_airflow_factor"": 0, ""road_slope_percent"": 0, ""start_ms"": 0, ""vehicle_speed_kph"": 24.839999999999996}, {""ambient_temp_c"": 29.237, ""end_ms"": 49300, ""engine_load"": 0.60343, ""external_airflow_factor"": 0, ""road_slope_percent"": 0, ""start_ms"": 18100, ""vehicle_speed_kph"": 36}, {""ambient_temp_c"": 29.237, ""end_ms"": 87100, ""engine_load"": 0.5008469, ""external_airflow_factor"": 0, ""road_slope_percent"": 0, ""start_ms"": 49300, ""vehicle_speed_kph"": 29.88}, {""ambient_temp_c"": 29.237, ""end_ms"": 120000, ""engine_load"": 0.5732585, ""external_airflow_factor"": 0, ""road_slope_percent"": 0, ""start_ms"": 87100, ""vehicle_speed_kph"": 34.199999999999996}]",[],static_target,1417,120000,0:0:6000,9d0f772fd74b65acfdfcc511e4cf36a600668a81af5d30f3d03a7933ec06130a,2c941f5dbf44c66f7ce40d09f42144fafa7ebd79cacae3e561f2f9e50dc73c16,0
current_0203,COMMUNICATION,replayed_sample,transient,1300,0,24700,18500,operating_family_1,development-train,current_profile_0203,"[{""ambient_temp_c"": 29.24, ""end_ms"": 18100, ""engine_load"": 0.4164839999999999, ""external_airflow_factor"": 0, ""road_slope_percent"": 0, ""start_ms"": 0, ""vehicle_speed_kph"": 24.839999999999996}, {""ambient_temp_c"": 29.24, ""end_ms"": 49300, ""engine_load"": 0.6035999999999999, ""external_airflow_factor"": 0, ""road_slope_percent"": 0, ""start_ms"": 18100, ""vehicle_speed_kph"": 36}, {""ambient_temp_c"": 29.24, ""end_ms"": 87100, ""engine_load"": 0.5009879999999999, ""external_airflow_factor"": 0, ""road_slope_percent"": 0, ""start_ms"": 49300, ""vehicle_speed_kph"": 29.88}, {""ambient_temp_c"": 29.24, ""end_ms"": 120000, ""engine_load"": 0.5734199999999999, ""external_airflow_factor"": 0, ""road_slope_percent"": 0, ""start_ms"": 87100, ""vehicle_speed_kph"": 34.199999999999996}]","[[30000, 99], [60000, 92]]",authorized_updates,1418,120000,0:0:6000,5837b62ca2cc2e9d08e4cd3b4c14a475067bf0729f9940bde9ef1780a01c2214,0d2a02b3e634fd5520e57e411b41b97fa0391847fc9007589e47d19328682bd6,0
current_0204,COMMUNICATION,replayed_sample,intermittent,100,0,25000,9700,operating_family_1,development-train,current_profile_0204,"[{""ambient_temp_c"": 29.243, ""end_ms"": 18100, ""engine_load"": 0.4166012999999999, ""external_airflow_factor"": 0, ""road_slope_percent"": 0, ""start_ms"": 0, ""vehicle_speed_kph"": 24.839999999999996}, {""ambient_temp_c"": 29.243, ""end_ms"": 49300, ""engine_load"": 0.6037699999999999, ""external_airflow_factor"": 0, ""road_slope_percent"": 0, ""start_ms"": 18100, ""vehicle_speed_kph"": 36}, {""ambient_temp_c"": 29.243, ""end_ms"": 87100, ""engine_load"": 0.5011290999999999, ""external_airflow_factor"": 0, ""road_slope_percent"": 0, ""start_ms"": 49300, ""vehicle_speed_kph"": 29.88}, {""ambient_temp_c"": 29.243, ""end_ms"": 120000, ""engine_load"": 0.5735814999999999, ""external_airflow_factor"": 0, ""road_slope_percent"": 0, ""start_ms"": 87100, ""vehicle_speed_kph"": 34.199999999999996}]",[],static_target,1419,120000,0:0:6000,e6cd760d2f433d06bf8ae04841fbab9fa2ccb1054132bcbced828927ddfe2b42,138779b55f6cd8f1c3ea09042ab4b39c9fe69b5ac26ef16a1bb24950d964d0db,0
current_0205,COMMUNICATION,replayed_sample,intermittent,300,0,25300,13700,operating_family_1,development-train,current_profile_0205,"[{""ambient_temp_c"": 29.246, ""end_ms"": 18100, ""engine_load"": 0.41671859999999994, ""external_airflow_factor"": 0, ""road_slope_percent"": 0, ""start_ms"": 0, ""vehicle_speed_kph"": 24.839999999999996}, {""ambient_temp_c"": 29.246, ""end_ms"": 49300, ""engine_load"": 0.6039399999999999, ""external_airflow_factor"": 0, ""road_slope_percent"": 0, ""start_ms"": 18100, ""vehicle_speed_kph"": 36}, {""ambient_temp_c"": 29.246, ""end_ms"": 87100, ""engine_load"": 0.5012701999999999, ""external_airflow_factor"": 0, ""road_slope_percent"": 0, ""start_ms"": 49300, ""vehicle_speed_kph"": 29.88}, {""ambient_temp_c"": 29.246, ""end_ms"": 120000, ""engine_load"": 0.5737429999999999, ""external_airflow_factor"": 0, ""road_slope_percent"": 0, ""start_ms"": 87100, ""vehicle_speed_kph"": 34.199999999999996}]","[[30000, 99], [60000, 92]]",authorized_updates,1420,120000,0:0:6000,f9dfff4a48a51172cde1f002cecd35efac20b04d4433f83fab6436bc68d17cd8,9180257bb71c6741c6f874423a202ac204814949ec5114d98fde34d739f7eab5,0
current_0206,COMMUNICATION,replayed_sample,intermittent,1300,0,25600,18500,operating_family_1,development-train,current_profile_0206,"[{""ambient_temp_c"": 29.249, ""end_ms"": 18100, ""engine_load"": 0.4168358999999999, ""external_airflow_factor"": 0, ""road_slope_percent"": 0, ""start_ms"": 0, ""vehicle_speed_kph"": 24.839999999999996}, {""ambient_temp_c"": 29.249, ""end_ms"": 49300, ""engine_load"": 0.6041099999999999, ""external_airflow_factor"": 0, ""road_slope_percent"": 0, ""start_ms"": 18100, ""vehicle_speed_kph"": 36}, {""ambient_temp_c"": 29.249, ""end_ms"": 87100, ""engine_load"": 0.5014112999999999, ""external_airflow_factor"": 0, ""road_slope_percent"": 0, ""start_ms"": 49300, ""vehicle_speed_kph"": 29.88}, {""ambient_temp_c"": 29.249, ""end_ms"": 120000, ""engine_load"": 0.5739044999999999, ""external_airflow_factor"": 0, ""road_slope_percent"": 0, ""start_ms"": 87100, ""vehicle_speed_kph"": 34.199999999999996}]",[],static_target,1421,120000,0:0:6000,cb015a533c70ea4031f6abe7b685b76725c57efa9abc1d0a0f86292b76076242,51f5cb171445971b58db3db8f413b15a86f4ce637daba45bebfc00d4294363d1,0
current_0207,COMMUNICATION,replayed_sample,permanent,100,0,25900,9700,operating_family_1,development-train,current_profile_0207,"[{""ambient_temp_c"": 29.252, ""end_ms"": 18100, ""engine_load"": 0.4169531999999999, ""external_airflow_factor"": 0, ""road_slope_percent"": 0, ""start_ms"": 0, ""vehicle_speed_kph"": 24.839999999999996}, {""ambient_temp_c"": 29.252, ""end_ms"": 49300, ""engine_load"": 0.6042799999999999, ""external_airflow_factor"": 0, ""road_slope_percent"": 0, ""start_ms"": 18100, ""vehicle_speed_kph"": 36}, {""ambient_temp_c"": 29.252, ""end_ms"": 87100, ""engine_load"": 0.5015523999999999, ""external_airflow_factor"": 0, ""road_slope_percent"": 0, ""start_ms"": 49300, ""vehicle_speed_kph"": 29.88}, {""ambient_temp_c"": 29.252, ""end_ms"": 120000, ""engine_load"": 0.5740659999999999, ""external_airflow_factor"": 0, ""road_slope_percent"": 0, ""start_ms"": 87100, ""vehicle_speed_kph"": 34.199999999999996}]","[[30000, 99], [60000, 92]]",authorized_updates,1422,120000,0:0:6000,48b5c333a71ad8384d35119c5dfad8f05d15c925711beb4d327c4dc36094b36f,99ead8d10407a3833866fdcf714835373e27a8b27381c722ac9bfec612f9da6c,0
current_0208,COMMUNICATION,replayed_sample,permanent,300,0,26200,13700,operating_family_1,development-train,current_profile_0208,"[{""ambient_temp_c"": 29.255, ""end_ms"": 18100, ""engine_load"": 0.4170704999999999, ""external_airflow_factor"": 0, ""road_slope_percent"": 0, ""start_ms"": 0, ""vehicle_speed_kph"": 24.839999999999996}, {""ambient_temp_c"": 29.255, ""end_ms"": 49300, ""engine_load"": 0.6044499999999999, ""external_airflow_factor"": 0, ""road_slope_percent"": 0, ""start_ms"": 18100, ""vehicle_speed_kph"": 36}, {""ambient_temp_c"": 29.255, ""end_ms"": 87100, ""engine_load"": 0.5016934999999999, ""external_airflow_factor"": 0, ""road_slope_percent"": 0, ""start_ms"": 49300, ""vehicle_speed_kph"": 29.88}, {""ambient_temp_c"": 29.255, ""end_ms"": 120000, ""engine_load"": 0.5742274999999999, ""external_airflow_factor"": 0, ""road_slope_percent"": 0, ""start_ms"": 87100, ""vehicle_speed_kph"": 34.199999999999996}]",[],static_target,1423,120000,0:0:6000,898828ea8061522ac90d222cab68c3864c845242b969d62bdd6cc79d69734a3a,c8b1af6fa366b7dac13ed50cedb724a66fbd9234d665f2e8a5043d13cec0fe5b,0
current_0209,COMMUNICATION,replayed_sample,permanent,1300,0,26500,18500,operating_family_1,development-train,current_profile_0209,"[{""ambient_temp_c"": 29.258, ""end_ms"": 18100, ""engine_load"": 0.41718779999999994, ""external_airflow_factor"": 0, ""road_slope_percent"": 0, ""start_ms"": 0, ""vehicle_speed_kph"": 24.839999999999996}, {""ambient_temp_c"": 29.258, ""end_ms"": 49300, ""engine_load"": 0.6046199999999999, ""external_airflow_factor"": 0, ""road_slope_percent"": 0, ""start_ms"": 18100, ""vehicle_speed_kph"": 36}, {""ambient_temp_c"": 29.258, ""end_ms"": 87100, ""engine_load"": 0.5018345999999999, ""external_airflow_factor"": 0, ""road_slope_percent"": 0, ""start_ms"": 49300, ""vehicle_speed_kph"": 29.88}, {""ambient_temp_c"": 29.258, ""end_ms"": 120000, ""engine_load"": 0.5743889999999999, ""external_airflow_factor"": 0, ""road_slope_percent"": 0, ""start_ms"": 87100, ""vehicle_speed_kph"": 34.199999999999996}]","[[30000, 99], [60000, 92]]",authorized_updates,1424,120000,0:0:6000,e55471e7fc0b925ec4b5c03b184d072599e219eb697ccc3ff249bcdaa77b569d,b4487c0776cda69ef34881223bc3063ffc8b06e28844541f4a6ed02663480774,0
current_0210,ACTUATOR,pump_degraded,transient,0.968,0,26800,9700,operating_family_1,development-train,current_profile_0210,"[{""ambient_temp_c"": 29.261, ""end_ms"": 18100, ""engine_load"": 0.41730509999999993, ""external_airflow_factor"": 0, ""road_slope_percent"": 0, ""start_ms"": 0, ""vehicle_speed_kph"": 24.839999999999996}, {""ambient_temp_c"": 29.261, ""end_ms"": 49300, ""engine_load"": 0.6047899999999999, ""external_airflow_factor"": 0, ""road_slope_percent"": 0, ""start_ms"": 18100, ""vehicle_speed_kph"": 36}, {""ambient_temp_c"": 29.261, ""end_ms"": 87100, ""engine_load"": 0.5019756999999999, ""external_airflow_factor"": 0, ""road_slope_percent"": 0, ""start_ms"": 49300, ""vehicle_speed_kph"": 29.88}, {""ambient_temp_c"": 29.261, ""end_ms"": 120000, ""engine_load"": 0.5745505, ""external_airflow_factor"": 0, ""road_slope_percent"": 0, ""start_ms"": 87100, ""vehicle_speed_kph"": 34.199999999999996}]",[],static_target,1425,120000,0:0:6000,2f8f8dcd1bad4858f85e46f4582f4e8a030cb98bf703d77bff14ee4f9e2a8fc4,ee79956573ec27afe3c26fec9e93ddf349d36be0f2d1b9cc274a9277f1b24af5,0
current_0211,ACTUATOR,pump_degraded,transient,0.69,0,24700,13700,operating_family_1,development-train,current_profile_0211,"[{""ambient_temp_c"": 29.264, ""end_ms"": 18100, ""engine_load"": 0.4174223999999999, ""external_airflow_factor"": 0, ""road_slope_percent"": 0, ""start_ms"": 0, ""vehicle_speed_kph"": 24.839999999999996}, {""ambient_temp_c"": 29.264, ""end_ms"": 49300, ""engine_load"": 0.6049599999999999, ""external_airflow_factor"": 0, ""road_slope_percent"": 0, ""start_ms"": 18100, ""vehicle_speed_kph"": 36}, {""ambient_temp_c"": 29.264, ""end_ms"": 87100, ""engine_load"": 0.5021167999999999, ""external_airflow_factor"": 0, ""road_slope_percent"": 0, ""start_ms"": 49300, ""vehicle_speed_kph"": 29.88}, {""ambient_temp_c"": 29.264, ""end_ms"": 120000, ""engine_load"": 0.5747119999999999, ""external_airflow_factor"": 0, ""road_slope_percent"": 0, ""start_ms"": 87100, ""vehicle_speed_kph"": 34.199999999999996}]","[[30000, 99], [60000, 92]]",authorized_updates,1426,120000,0:0:6000,9781cf784a610cce8173c8acfcb25cbef14bfbed716e8e9f62a41f6349af77d0,6152d8e307ae62988c449b1c0d1d79fd62c4c4e916b8426eb9fd92ae5a5b3880,0
current_0212,ACTUATOR,pump_degraded,intermittent,0.968,0,25000,18500,operating_family_1,development-train,current_profile_0212,"[{""ambient_temp_c"": 29.267, ""end_ms"": 18100, ""engine_load"": 0.4175396999999999, ""external_airflow_factor"": 0, ""road_slope_percent"": 0, ""start_ms"": 0, ""vehicle_speed_kph"": 24.839999999999996}, {""ambient_temp_c"": 29.267, ""end_ms"": 49300, ""engine_load"": 0.60513, ""external_airflow_factor"": 0, ""road_slope_percent"": 0, ""start_ms"": 18100, ""vehicle_speed_kph"": 36}, {""ambient_temp_c"": 29.267, ""end_ms"": 87100, ""engine_load"": 0.5022578999999999, ""external_airflow_factor"": 0, ""road_slope_percent"": 0, ""start_ms"": 49300, ""vehicle_speed_kph"": 29.88}, {""ambient_temp_c"": 29.267, ""end_ms"": 120000, ""engine_load"": 0.5748734999999999, ""external_airflow_factor"": 0, ""road_slope_percent"": 0, ""start_ms"": 87100, ""vehicle_speed_kph"": 34.199999999999996}]",[],static_target,1427,120000,0:0:6000,19bc0fcfbdd514d376cd1247ad2db2a38c2edef6ce5aa06d46a8106c060833b9,60c90e0ad8e2d185a970c7f2e74eb855d90365fa7af2127023bd19494e7e15ba,0
current_0213,ACTUATOR,pump_degraded,intermittent,0.69,0,25300,9700,operating_family_1,development-train,current_profile_0213,"[{""ambient_temp_c"": 29.27, ""end_ms"": 18100, ""engine_load"": 0.41765699999999994, ""external_airflow_factor"": 0, ""road_slope_percent"": 0, ""start_ms"": 0, ""vehicle_speed_kph"": 24.839999999999996}, {""ambient_temp_c"": 29.27, ""end_ms"": 49300, ""engine_load"": 0.6053, ""external_airflow_factor"": 0, ""road_slope_percent"": 0, ""start_ms"": 18100, ""vehicle_speed_kph"": 36}, {""ambient_temp_c"": 29.27, ""end_ms"": 87100, ""engine_load"": 0.5023989999999999, ""external_airflow_factor"": 0, ""road_slope_percent"": 0, ""start_ms"": 49300, ""vehicle_speed_kph"": 29.88}, {""ambient_temp_c"": 29.27, ""end_ms"": 120000, ""engine_load"": 0.575035, ""external_airflow_factor"": 0, ""road_slope_percent"": 0, ""start_ms"": 87100, ""vehicle_speed_kph"": 34.199999999999996}]","[[30000, 99], [60000, 92]]",authorized_updates,1428,120000,0:0:6000,103c7e9a0fa4c7e8a7da7a093486d07fc2df00aa0f4da8836152a3a9df22f913,610198a63f532fd2683bddc4de382f94abac16cede49b714da52853841efd1bf,0
current_0214,ACTUATOR,pump_degraded,permanent,0.968,0,25600,13700,operating_family_1,development-train,current_profile_0214,"[{""ambient_temp_c"": 29.273, ""end_ms"": 18100, ""engine_load"": 0.41777429999999993, ""external_airflow_factor"": 0, ""road_slope_percent"": 0, ""start_ms"": 0, ""vehicle_speed_kph"": 24.839999999999996}, {""ambient_temp_c"": 29.273, ""end_ms"": 49300, ""engine_load"": 0.60547, ""external_airflow_factor"": 0, ""road_slope_percent"": 0, ""start_ms"": 18100, ""vehicle_speed_kph"": 36}, {""ambient_temp_c"": 29.273, ""end_ms"": 87100, ""engine_load"": 0.5025400999999999, ""external_airflow_factor"": 0, ""road_slope_percent"": 0, ""start_ms"": 49300, ""vehicle_speed_kph"": 29.88}, {""ambient_temp_c"": 29.273, ""end_ms"": 120000, ""engine_load"": 0.5751964999999999, ""external_airflow_factor"": 0, ""road_slope_percent"": 0, ""start_ms"": 87100, ""vehicle_speed_kph"": 34.199999999999996}]",[],static_target,1429,120000,0:0:6000,99bad4e1e84ebf2eb9a67d8fab6bb72b0481f8c7bab292cfa5d31ad98d9fbc77,a13ff1437c38d65faba4eebba751e1a3682230ce4c8aa535688fbe8aa8ad41d7,0
current_0215,ACTUATOR,pump_degraded,permanent,0.69,0,25900,18500,operating_family_1,development-train,current_profile_0215,"[{""ambient_temp_c"": 29.276, ""end_ms"": 18100, ""engine_load"": 0.4178915999999999, ""external_airflow_factor"": 0, ""road_slope_percent"": 0, ""start_ms"": 0, ""vehicle_speed_kph"": 24.839999999999996}, {""ambient_temp_c"": 29.276, ""end_ms"": 49300, ""engine_load"": 0.60564, ""external_airflow_factor"": 0, ""road_slope_percent"": 0, ""start_ms"": 18100, ""vehicle_speed_kph"": 36}, {""ambient_temp_c"": 29.276, ""end_ms"": 87100, ""engine_load"": 0.5026811999999999, ""external_airflow_factor"": 0, ""road_slope_percent"": 0, ""start_ms"": 49300, ""vehicle_speed_kph"": 29.88}, {""ambient_temp_c"": 29.276, ""end_ms"": 120000, ""engine_load"": 0.5753579999999999, ""external_airflow_factor"": 0, ""road_slope_percent"": 0, ""start_ms"": 87100, ""vehicle_speed_kph"": 34.199999999999996}]","[[30000, 99], [60000, 92]]",authorized_updates,1430,120000,0:0:6000,0c520b5697b3664fdf3cc2ce92cc1b0e7b8d422d9d0225080c29742dc9d33520,a6134b133178a69b0413200706aca624b51466d5f97d6eaccfb06cdf6728e539,0
current_0216,ACTUATOR,fan_stuck_off,transient,0,0,26200,9700,operating_family_1,development-train,current_profile_0216,"[{""ambient_temp_c"": 29.279, ""end_ms"": 18100, ""engine_load"": 0.41800889999999996, ""external_airflow_factor"": 0, ""road_slope_percent"": 0, ""start_ms"": 0, ""vehicle_speed_kph"": 24.839999999999996}, {""ambient_temp_c"": 29.279, ""end_ms"": 49300, ""engine_load"": 0.60581, ""external_airflow_factor"": 0, ""road_slope_percent"": 0, ""start_ms"": 18100, ""vehicle_speed_kph"": 36}, {""ambient_temp_c"": 29.279, ""end_ms"": 87100, ""engine_load"": 0.5028222999999999, ""external_airflow_factor"": 0, ""road_slope_percent"": 0, ""start_ms"": 49300, ""vehicle_speed_kph"": 29.88}, {""ambient_temp_c"": 29.279, ""end_ms"": 120000, ""engine_load"": 0.5755195, ""external_airflow_factor"": 0, ""road_slope_percent"": 0, ""start_ms"": 87100, ""vehicle_speed_kph"": 34.199999999999996}]",[],static_target,1431,120000,0:0:6000,3c36f9b5b5a572870991648d9282ff2f27e088f86e8eaf60f05061506cbe1680,ac7cfa1b96429c5def1be2020016818831978a376634aa7b2d7e8361fed562ea,0
current_0217,ACTUATOR,fan_stuck_off,transient,0,0,26500,13700,operating_family_1,development-train,current_profile_0217,"[{""ambient_temp_c"": 29.282, ""end_ms"": 18100, ""engine_load"": 0.41812619999999995, ""external_airflow_factor"": 0, ""road_slope_percent"": 0, ""start_ms"": 0, ""vehicle_speed_kph"": 24.839999999999996}, {""ambient_temp_c"": 29.282, ""end_ms"": 49300, ""engine_load"": 0.60598, ""external_airflow_factor"": 0, ""road_slope_percent"": 0, ""start_ms"": 18100, ""vehicle_speed_kph"": 36}, {""ambient_temp_c"": 29.282, ""end_ms"": 87100, ""engine_load"": 0.5029634, ""external_airflow_factor"": 0, ""road_slope_percent"": 0, ""start_ms"": 49300, ""vehicle_speed_kph"": 29.88}, {""ambient_temp_c"": 29.282, ""end_ms"": 120000, ""engine_load"": 0.5756809999999999, ""external_airflow_factor"": 0, ""road_slope_percent"": 0, ""start_ms"": 87100, ""vehicle_speed_kph"": 34.199999999999996}]","[[30000, 99], [60000, 92]]",authorized_updates,1432,120000,0:0:6000,d46d8e1ec6e892e89ab493b73df1e0b55d348ac40dde2413c530c13719135657,a1d21b7714a4c5664a89905a1bbc5b66bb803b0008a5a351c221becbd0fc5483,0
current_0218,ACTUATOR,fan_stuck_off,intermittent,0,0,26800,18500,operating_family_1,development-train,current_profile_0218,"[{""ambient_temp_c"": 29.285, ""end_ms"": 18100, ""engine_load"": 0.41824349999999993, ""external_airflow_factor"": 0, ""road_slope_percent"": 0, ""start_ms"": 0, ""vehicle_speed_kph"": 24.839999999999996}, {""ambient_temp_c"": 29.285, ""end_ms"": 49300, ""engine_load"": 0.60615, ""external_airflow_factor"": 0, ""road_slope_percent"": 0, ""start_ms"": 18100, ""vehicle_speed_kph"": 36}, {""ambient_temp_c"": 29.285, ""end_ms"": 87100, ""engine_load"": 0.5031045, ""external_airflow_factor"": 0, ""road_slope_percent"": 0, ""start_ms"": 49300, ""vehicle_speed_kph"": 29.88}, {""ambient_temp_c"": 29.285, ""end_ms"": 120000, ""engine_load"": 0.5758424999999999, ""external_airflow_factor"": 0, ""road_slope_percent"": 0, ""start_ms"": 87100, ""vehicle_speed_kph"": 34.199999999999996}]",[],static_target,1433,120000,0:0:6000,efbf91b02296cbcb31610298f4be9463e8238afbaa0bac0e352e2e5af32e2ae5,c3349babc41abc95f2bc85c25ea6fea153ae515670b10954bfc57b6299079527,0
current_0219,ACTUATOR,fan_stuck_off,intermittent,0,0,24700,9700,operating_family_1,development-train,current_profile_0219,"[{""ambient_temp_c"": 29.288, ""end_ms"": 18100, ""engine_load"": 0.4183607999999999, ""external_airflow_factor"": 0, ""road_slope_percent"": 0, ""start_ms"": 0, ""vehicle_speed_kph"": 24.839999999999996}, {""ambient_temp_c"": 29.288, ""end_ms"": 49300, ""engine_load"": 0.60632, ""external_airflow_factor"": 0, ""road_slope_percent"": 0, ""start_ms"": 18100, ""vehicle_speed_kph"": 36}, {""ambient_temp_c"": 29.288, ""end_ms"": 87100, ""engine_load"": 0.5032456, ""external_airflow_factor"": 0, ""road_slope_percent"": 0, ""start_ms"": 49300, ""vehicle_speed_kph"": 29.88}, {""ambient_temp_c"": 29.288, ""end_ms"": 120000, ""engine_load"": 0.576004, ""external_airflow_factor"": 0, ""road_slope_percent"": 0, ""start_ms"": 87100, ""vehicle_speed_kph"": 34.199999999999996}]","[[30000, 99], [60000, 92]]",authorized_updates,1434,120000,0:0:6000,331bb43a5fad852f76785aa3af0e0538bc734fedf0a41578cf271fda820b9e2f,9d42d47b779bb17453b3e36e6e7c13663781e7067f01e6f2a5f75b48b4679665,0
current_0220,ACTUATOR,fan_stuck_off,permanent,0,0,25000,13700,operating_family_1,development-train,current_profile_0220,"[{""ambient_temp_c"": 29.291, ""end_ms"": 18100, ""engine_load"": 0.41847809999999996, ""external_airflow_factor"": 0, ""road_slope_percent"": 0, ""start_ms"": 0, ""vehicle_speed_kph"": 24.839999999999996}, {""ambient_temp_c"": 29.291, ""end_ms"": 49300, ""engine_load"": 0.60649, ""external_airflow_factor"": 0, ""road_slope_percent"": 0, ""start_ms"": 18100, ""vehicle_speed_kph"": 36}, {""ambient_temp_c"": 29.291, ""end_ms"": 87100, ""engine_load"": 0.5033867, ""external_airflow_factor"": 0, ""road_slope_percent"": 0, ""start_ms"": 49300, ""vehicle_speed_kph"": 29.88}, {""ambient_temp_c"": 29.291, ""end_ms"": 120000, ""engine_load"": 0.5761655, ""external_airflow_factor"": 0, ""road_slope_percent"": 0, ""start_ms"": 87100, ""vehicle_speed_kph"": 34.199999999999996}]",[],static_target,1435,120000,0:0:6000,3cad1c3c2a5ffd54ba9a292f02108038efab93c3173c5c7f8aa3bf566265d78d,9cd759774605f3c15f05e6a16ce249db12f8acfc2fffe44d21e153383e5a588e,0
current_0221,ACTUATOR,fan_stuck_off,permanent,0,0,25300,18500,operating_family_1,development-train,current_profile_0221,"[{""ambient_temp_c"": 29.294, ""end_ms"": 18100, ""engine_load"": 0.41859539999999995, ""external_airflow_factor"": 0, ""road_slope_percent"": 0, ""start_ms"": 0, ""vehicle_speed_kph"": 24.839999999999996}, {""ambient_temp_c"": 29.294, ""end_ms"": 49300, ""engine_load"": 0.60666, ""external_airflow_factor"": 0, ""road_slope_percent"": 0, ""start_ms"": 18100, ""vehicle_speed_kph"": 36}, {""ambient_temp_c"": 29.294, ""end_ms"": 87100, ""engine_load"": 0.5035278, ""external_airflow_factor"": 0, ""road_slope_percent"": 0, ""start_ms"": 49300, ""vehicle_speed_kph"": 29.88}, {""ambient_temp_c"": 29.294, ""end_ms"": 120000, ""engine_load"": 0.5763269999999999, ""external_airflow_factor"": 0, ""road_slope_percent"": 0, ""start_ms"": 87100, ""vehicle_speed_kph"": 34.199999999999996}]","[[30000, 99], [60000, 92]]",authorized_updates,1436,120000,0:0:6000,642c71dcd77354a8c48eb9a5d04191c734db419df623f887323ffe1d02dfa879,16fa184a970e3f2c75f95d516560397b8605afea5029e413c25736fbf42d4cf1,0
current_0222,TIMING,deadline_miss,transient,0,0,25600,100,operating_family_1,development-train,current_profile_0222,"[{""ambient_temp_c"": 29.297, ""end_ms"": 18100, ""engine_load"": 0.41871269999999994, ""external_airflow_factor"": 0, ""road_slope_percent"": 0, ""start_ms"": 0, ""vehicle_speed_kph"": 24.839999999999996}, {""ambient_temp_c"": 29.297, ""end_ms"": 49300, ""engine_load"": 0.60683, ""external_airflow_factor"": 0, ""road_slope_percent"": 0, ""start_ms"": 18100, ""vehicle_speed_kph"": 36}, {""ambient_temp_c"": 29.297, ""end_ms"": 87100, ""engine_load"": 0.5036689, ""external_airflow_factor"": 0, ""road_slope_percent"": 0, ""start_ms"": 49300, ""vehicle_speed_kph"": 29.88}, {""ambient_temp_c"": 29.297, ""end_ms"": 120000, ""engine_load"": 0.5764885, ""external_airflow_factor"": 0, ""road_slope_percent"": 0, ""start_ms"": 87100, ""vehicle_speed_kph"": 34.199999999999996}]",[],static_target,1437,120000,0:0:6000,2ea6c1fe7cdf7024de937870a6f45bdddc1429f2d134dcde4a6d32a2c4e64a2d,c57c23a059f00ac1a7aa2176dd896f8676def967444c69d6bc740ef3062df36e,0
current_0223,TIMING,deadline_miss,intermittent,0,0,25900,13700,operating_family_1,development-train,current_profile_0223,"[{""ambient_temp_c"": 29.3, ""end_ms"": 18100, ""engine_load"": 0.41883, ""external_airflow_factor"": 0, ""road_slope_percent"": 0, ""start_ms"": 0, ""vehicle_speed_kph"": 24.839999999999996}, {""ambient_temp_c"": 29.3, ""end_ms"": 49300, ""engine_load"": 0.607, ""external_airflow_factor"": 0, ""road_slope_percent"": 0, ""start_ms"": 18100, ""vehicle_speed_kph"": 36}, {""ambient_temp_c"": 29.3, ""end_ms"": 87100, ""engine_load"": 0.50381, ""external_airflow_factor"": 0, ""road_slope_percent"": 0, ""start_ms"": 49300, ""vehicle_speed_kph"": 29.88}, {""ambient_temp_c"": 29.3, ""end_ms"": 120000, ""engine_load"": 0.57665, ""external_airflow_factor"": 0, ""road_slope_percent"": 0, ""start_ms"": 87100, ""vehicle_speed_kph"": 34.199999999999996}]","[[30000, 99], [60000, 92]]",authorized_updates,1438,120000,0:0:6000,c09de73aafa98928c77341fee8cf36f7cb16a51307b9a8fa60911e94562a06ef,f1e031cb0157d3eb5c21b41ca8ef58f42c7898897a6e154a2c48255129a66180,0
current_0224,TIMING,deadline_miss,permanent,0,0,26200,18500,operating_family_1,development-train,current_profile_0224,"[{""ambient_temp_c"": 29.303, ""end_ms"": 18100, ""engine_load"": 0.41894729999999997, ""external_airflow_factor"": 0, ""road_slope_percent"": 0, ""start_ms"": 0, ""vehicle_speed_kph"": 24.839999999999996}, {""ambient_temp_c"": 29.303, ""end_ms"": 49300, ""engine_load"": 0.60717, ""external_airflow_factor"": 0, ""road_slope_percent"": 0, ""start_ms"": 18100, ""vehicle_speed_kph"": 36}, {""ambient_temp_c"": 29.303, ""end_ms"": 87100, ""engine_load"": 0.5039511, ""external_airflow_factor"": 0, ""road_slope_percent"": 0, ""start_ms"": 49300, ""vehicle_speed_kph"": 29.88}, {""ambient_temp_c"": 29.303, ""end_ms"": 120000, ""engine_load"": 0.5768114999999999, ""external_airflow_factor"": 0, ""road_slope_percent"": 0, ""start_ms"": 87100, ""vehicle_speed_kph"": 34.199999999999996}]",[],static_target,1439,120000,0:0:6000,90687746349577d8647fc623c04c97506a89f26ef6592c5d73cd4d8021c8bbf9,daada252019af8fce96098d44059961440c50ed3949d8efb19837debd31e8aae,0
current_0225,TIMING,task_delay,transient,500,0,26500,9700,operating_family_1,development-train,current_profile_0225,"[{""ambient_temp_c"": 29.306, ""end_ms"": 18100, ""engine_load"": 0.41906459999999995, ""external_airflow_factor"": 0, ""road_slope_percent"": 0, ""start_ms"": 0, ""vehicle_speed_kph"": 24.839999999999996}, {""ambient_temp_c"": 29.306, ""end_ms"": 49300, ""engine_load"": 0.60734, ""external_airflow_factor"": 0, ""road_slope_percent"": 0, ""start_ms"": 18100, ""vehicle_speed_kph"": 36}, {""ambient_temp_c"": 29.306, ""end_ms"": 87100, ""engine_load"": 0.5040922, ""external_airflow_factor"": 0, ""road_slope_percent"": 0, ""start_ms"": 49300, ""vehicle_speed_kph"": 29.88}, {""ambient_temp_c"": 29.306, ""end_ms"": 120000, ""engine_load"": 0.576973, ""external_airflow_factor"": 0, ""road_slope_percent"": 0, ""start_ms"": 87100, ""vehicle_speed_kph"": 34.199999999999996}]","[[30000, 99], [60000, 92]]",authorized_updates,1440,120000,0:0:6000,10666c73bbff55253480e3575f67c430b69068d0f2011832ec089d9226dfb688,cc53e52fb90fa57e960d919954949715f13401a47a4fcd0bfc164463dfb7f8b3,0
current_0226,TIMING,task_delay,intermittent,500,0,26800,13700,operating_family_1,development-train,current_profile_0226,"[{""ambient_temp_c"": 29.309, ""end_ms"": 18100, ""engine_load"": 0.41918189999999994, ""external_airflow_factor"": 0, ""road_slope_percent"": 0, ""start_ms"": 0, ""vehicle_speed_kph"": 24.839999999999996}, {""ambient_temp_c"": 29.309, ""end_ms"": 49300, ""engine_load"": 0.60751, ""external_airflow_factor"": 0, ""road_slope_percent"": 0, ""start_ms"": 18100, ""vehicle_speed_kph"": 36}, {""ambient_temp_c"": 29.309, ""end_ms"": 87100, ""engine_load"": 0.5042333, ""external_airflow_factor"": 0, ""road_slope_percent"": 0, ""start_ms"": 49300, ""vehicle_speed_kph"": 29.88}, {""ambient_temp_c"": 29.309, ""end_ms"": 120000, ""engine_load"": 0.5771345, ""external_airflow_factor"": 0, ""road_slope_percent"": 0, ""start_ms"": 87100, ""vehicle_speed_kph"": 34.199999999999996}]",[],static_target,1441,120000,0:0:6000,3c010137442fff8c150f27e2a200af5f376ea74d1f28221974ab1dd5f3df0878,afee321015183f59e277992e6de2cb68e0a5e2140ed5570c86418fb8f36664c2,0
current_0227,TIMING,task_delay,permanent,500,0,24700,18500,operating_family_1,development-train,current_profile_0227,"[{""ambient_temp_c"": 29.312, ""end_ms"": 18100, ""engine_load"": 0.4192992, ""external_airflow_factor"": 0, ""road_slope_percent"": 0, ""start_ms"": 0, ""vehicle_speed_kph"": 24.839999999999996}, {""ambient_temp_c"": 29.312, ""end_ms"": 49300, ""engine_load"": 0.60768, ""external_airflow_factor"": 0, ""road_slope_percent"": 0, ""start_ms"": 18100, ""vehicle_speed_kph"": 36}, {""ambient_temp_c"": 29.312, ""end_ms"": 87100, ""engine_load"": 0.5043744, ""external_airflow_factor"": 0, ""road_slope_percent"": 0, ""start_ms"": 49300, ""vehicle_speed_kph"": 29.88}, {""ambient_temp_c"": 29.312, ""end_ms"": 120000, ""engine_load"": 0.5772959999999999, ""external_airflow_factor"": 0, ""road_slope_percent"": 0, ""start_ms"": 87100, ""vehicle_speed_kph"": 34.199999999999996}]","[[30000, 99], [60000, 92]]",authorized_updates,1442,120000,0:0:6000,b80dcdc216fb34bc13163a75252eec94ba46679fe02923297f24d4bd12f28001,22de7e73b4bd2d179456d6c847127272413b3ea39220fd378cff124b93f5ac16,0
current_0228,NORMAL,baseline,none,0,0,120100,9700,operating_family_1,development-train,current_profile_0228,"[{""ambient_temp_c"": 29.315, ""end_ms"": 18100, ""engine_load"": 0.41941649999999997, ""external_airflow_factor"": 0, ""road_slope_percent"": 0, ""start_ms"": 0, ""vehicle_speed_kph"": 24.839999999999996}, {""ambient_temp_c"": 29.315, ""end_ms"": 49300, ""engine_load"": 0.60785, ""external_airflow_factor"": 0, ""road_slope_percent"": 0, ""start_ms"": 18100, ""vehicle_speed_kph"": 36}, {""ambient_temp_c"": 29.315, ""end_ms"": 87100, ""engine_load"": 0.5045155, ""external_airflow_factor"": 0, ""road_slope_percent"": 0, ""start_ms"": 49300, ""vehicle_speed_kph"": 29.88}, {""ambient_temp_c"": 29.315, ""end_ms"": 120000, ""engine_load"": 0.5774575, ""external_airflow_factor"": 0, ""road_slope_percent"": 0, ""start_ms"": 87100, ""vehicle_speed_kph"": 34.199999999999996}]",[],static_target,1443,120000,0:0:6000,6373da2abd52b3b89fa8e57a56240b3eab900ccfd24438d088420878931a03f0,e7143adf42b48bdea7e922d87b1f432b2791058d73007a49b57791b25376d943,0
current_0229,NORMAL,baseline,none,0,0,120100,13700,operating_family_1,development-train,current_profile_0229,"[{""ambient_temp_c"": 29.318, ""end_ms"": 18100, ""engine_load"": 0.41953379999999996, ""external_airflow_factor"": 0, ""road_slope_percent"": 0, ""start_ms"": 0, ""vehicle_speed_kph"": 24.839999999999996}, {""ambient_temp_c"": 29.318, ""end_ms"": 49300, ""engine_load"": 0.60802, ""external_airflow_factor"": 0, ""road_slope_percent"": 0, ""start_ms"": 18100, ""vehicle_speed_kph"": 36}, {""ambient_temp_c"": 29.318, ""end_ms"": 87100, ""engine_load"": 0.5046566, ""external_airflow_factor"": 0, ""road_slope_percent"": 0, ""start_ms"": 49300, ""vehicle_speed_kph"": 29.88}, {""ambient_temp_c"": 29.318, ""end_ms"": 120000, ""engine_load"": 0.577619, ""external_airflow_factor"": 0, ""road_slope_percent"": 0, ""start_ms"": 87100, ""vehicle_speed_kph"": 34.199999999999996}]","[[30000, 99], [60000, 92]]",authorized_updates,1444,120000,0:0:6000,27941a63ab1d5eed642310fa82ec433205b565fb9d35f6369f3d0753d3592507,73ed2ae6d050dced1ff05183a39157c69c3718605c60daad0ae8cca5c0fec996,0
current_0230,NORMAL,baseline,none,0,0,120100,18500,operating_family_1,development-train,current_profile_0230,"[{""ambient_temp_c"": 29.321, ""end_ms"": 18100, ""engine_load"": 0.4196511, ""external_airflow_factor"": 0, ""road_slope_percent"": 0, ""start_ms"": 0, ""vehicle_speed_kph"": 24.839999999999996}, {""ambient_temp_c"": 29.321, ""end_ms"": 49300, ""engine_load"": 0.60819, ""external_airflow_factor"": 0, ""road_slope_percent"": 0, ""start_ms"": 18100, ""vehicle_speed_kph"": 36}, {""ambient_temp_c"": 29.321, ""end_ms"": 87100, ""engine_load"": 0.5047977, ""external_airflow_factor"": 0, ""road_slope_percent"": 0, ""start_ms"": 49300, ""vehicle_speed_kph"": 29.88}, {""ambient_temp_c"": 29.321, ""end_ms"": 120000, ""engine_load"": 0.5777805, ""external_airflow_factor"": 0, ""road_slope_percent"": 0, ""start_ms"": 87100, ""vehicle_speed_kph"": 34.199999999999996}]",[],static_target,1445,120000,0:0:6000,d28de81f02d1a6512c0327a805af2cea836938ef93342cf6bff45fb3f8c7a301,d6e33fdc35db36b236d1fbb0deeafb456291a370b81715ff5d69a14656ca528b,0
current_0231,NORMAL,baseline,none,0,0,120100,9700,operating_family_1,development-train,current_profile_0231,"[{""ambient_temp_c"": 29.324, ""end_ms"": 18100, ""engine_load"": 0.4197684, ""external_airflow_factor"": 0, ""road_slope_percent"": 0, ""start_ms"": 0, ""vehicle_speed_kph"": 24.839999999999996}, {""ambient_temp_c"": 29.324, ""end_ms"": 49300, ""engine_load"": 0.60836, ""external_airflow_factor"": 0, ""road_slope_percent"": 0, ""start_ms"": 18100, ""vehicle_speed_kph"": 36}, {""ambient_temp_c"": 29.324, ""end_ms"": 87100, ""engine_load"": 0.5049388, ""external_airflow_factor"": 0, ""road_slope_percent"": 0, ""start_ms"": 49300, ""vehicle_speed_kph"": 29.88}, {""ambient_temp_c"": 29.324, ""end_ms"": 120000, ""engine_load"": 0.577942, ""external_airflow_factor"": 0, ""road_slope_percent"": 0, ""start_ms"": 87100, ""vehicle_speed_kph"": 34.199999999999996}]","[[30000, 99], [60000, 92]]",authorized_updates,1446,120000,0.02:0:6000,32259be45f4e97e0e4c120630e60d517064fa7cbe1500a95b596c1148b021805,6b014fd305f672607530c42dd74d2566f12c7376db3a974b5b7569e15f8f931c,0
current_0232,NORMAL,baseline,none,0,0,120100,13700,operating_family_1,development-train,current_profile_0232,"[{""ambient_temp_c"": 29.327, ""end_ms"": 18100, ""engine_load"": 0.4198857, ""external_airflow_factor"": 0, ""road_slope_percent"": 0, ""start_ms"": 0, ""vehicle_speed_kph"": 24.839999999999996}, {""ambient_temp_c"": 29.327, ""end_ms"": 49300, ""engine_load"": 0.60853, ""external_airflow_factor"": 0, ""road_slope_percent"": 0, ""start_ms"": 18100, ""vehicle_speed_kph"": 36}, {""ambient_temp_c"": 29.327, ""end_ms"": 87100, ""engine_load"": 0.5050799, ""external_airflow_factor"": 0, ""road_slope_percent"": 0, ""start_ms"": 49300, ""vehicle_speed_kph"": 29.88}, {""ambient_temp_c"": 29.327, ""end_ms"": 120000, ""engine_load"": 0.5781035, ""external_airflow_factor"": 0, ""road_slope_percent"": 0, ""start_ms"": 87100, ""vehicle_speed_kph"": 34.199999999999996}]",[],static_target,1447,120000,0.02:0:6000,ab48fe86c141e6d1b67a39d874f500ade944a9d02760bbef28e792aab5715d8f,6195fa82af15f8443612361d4f063d7a3770be7416ae32b2629945a04ed0cdff,0
current_0233,NORMAL,baseline,none,0,0,120100,18500,operating_family_1,development-train,current_profile_0233,"[{""ambient_temp_c"": 29.33, ""end_ms"": 18100, ""engine_load"": 0.42000299999999996, ""external_airflow_factor"": 0, ""road_slope_percent"": 0, ""start_ms"": 0, ""vehicle_speed_kph"": 24.839999999999996}, {""ambient_temp_c"": 29.33, ""end_ms"": 49300, ""engine_load"": 0.6087, ""external_airflow_factor"": 0, ""road_slope_percent"": 0, ""start_ms"": 18100, ""vehicle_speed_kph"": 36}, {""ambient_temp_c"": 29.33, ""end_ms"": 87100, ""engine_load"": 0.505221, ""external_airflow_factor"": 0, ""road_slope_percent"": 0, ""start_ms"": 49300, ""vehicle_speed_kph"": 29.88}, {""ambient_temp_c"": 29.33, ""end_ms"": 120000, ""engine_load"": 0.578265, ""external_airflow_factor"": 0, ""road_slope_percent"": 0, ""start_ms"": 87100, ""vehicle_speed_kph"": 34.199999999999996}]","[[30000, 99], [60000, 92]]",authorized_updates,1448,120000,0.02:0:6000,4a39d28f0f676d5e2ced82115e1d20b8d8da34412b37b90af94edef60bd60856,1a20e7022ed8a1212d3cff7ba84c557cb2e920d7f931174ec2132bb9478df7d4,0
current_0234,NORMAL,baseline,none,0,0,120100,9700,operating_family_1,development-train,current_profile_0234,"[{""ambient_temp_c"": 29.333, ""end_ms"": 18100, ""engine_load"": 0.4201203, ""external_airflow_factor"": 0, ""road_slope_percent"": 0, ""start_ms"": 0, ""vehicle_speed_kph"": 24.839999999999996}, {""ambient_temp_c"": 29.333, ""end_ms"": 49300, ""engine_load"": 0.60887, ""external_airflow_factor"": 0, ""road_slope_percent"": 0, ""start_ms"": 18100, ""vehicle_speed_kph"": 36}, {""ambient_temp_c"": 29.333, ""end_ms"": 87100, ""engine_load"": 0.5053621, ""external_airflow_factor"": 0, ""road_slope_percent"": 0, ""start_ms"": 49300, ""vehicle_speed_kph"": 29.88}, {""ambient_temp_c"": 29.333, ""end_ms"": 120000, ""engine_load"": 0.5784265, ""external_airflow_factor"": 0, ""road_slope_percent"": 0, ""start_ms"": 87100, ""vehicle_speed_kph"": 34.199999999999996}]",[],static_target,1449,120000,0.05:0:6000,439a9c86ab08f2f75a2804b1bc796942febf1c2b53d554942dab42f50d9fbc90,5531b0841fd1a5bec4ca8c8944f10844250d9adeac5593f6d682cb63d72aa8d1,0
current_0235,NORMAL,baseline,none,0,0,120100,13700,operating_family_1,development-train,current_profile_0235,"[{""ambient_temp_c"": 29.336, ""end_ms"": 18100, ""engine_load"": 0.4202376, ""external_airflow_factor"": 0, ""road_slope_percent"": 0, ""start_ms"": 0, ""vehicle_speed_kph"": 24.839999999999996}, {""ambient_temp_c"": 29.336, ""end_ms"": 49300, ""engine_load"": 0.60904, ""external_airflow_factor"": 0, ""road_slope_percent"": 0, ""start_ms"": 18100, ""vehicle_speed_kph"": 36}, {""ambient_temp_c"": 29.336, ""end_ms"": 87100, ""engine_load"": 0.5055032, ""external_airflow_factor"": 0, ""road_slope_percent"": 0, ""start_ms"": 49300, ""vehicle_speed_kph"": 29.88}, {""ambient_temp_c"": 29.336, ""end_ms"": 120000, ""engine_load"": 0.578588, ""external_airflow_factor"": 0, ""road_slope_percent"": 0, ""start_ms"": 87100, ""vehicle_speed_kph"": 34.199999999999996}]","[[30000, 99], [60000, 92]]",authorized_updates,1450,120000,0.05:0:6000,d87411b2f8dd037bbb1f7ed7c55094baf821e00546ebd4a9c6010feda481d5bd,527c0f079628e16162fe723cc8134bfa05f4ec878148502743cefa1ba4bc7837,0
current_0236,NORMAL,baseline,none,0,0,120100,18500,operating_family_1,development-train,current_profile_0236,"[{""ambient_temp_c"": 29.339, ""end_ms"": 18100, ""engine_load"": 0.4203548999999999, ""external_airflow_factor"": 0, ""road_slope_percent"": 0, ""start_ms"": 0, ""vehicle_speed_kph"": 24.839999999999996}, {""ambient_temp_c"": 29.339, ""end_ms"": 49300, ""engine_load"": 0.6092099999999999, ""external_airflow_factor"": 0, ""road_slope_percent"": 0, ""start_ms"": 18100, ""vehicle_speed_kph"": 36}, {""ambient_temp_c"": 29.339, ""end_ms"": 87100, ""engine_load"": 0.5056442999999999, ""external_airflow_factor"": 0, ""road_slope_percent"": 0, ""start_ms"": 49300, ""vehicle_speed_kph"": 29.88}, {""ambient_temp_c"": 29.339, ""end_ms"": 120000, ""engine_load"": 0.5787494999999999, ""external_airflow_factor"": 0, ""road_slope_percent"": 0, ""start_ms"": 87100, ""vehicle_speed_kph"": 34.199999999999996}]",[],static_target,1451,120000,0.05:0:6000,a429d97a27ac6156191a8af3ec74625dace5caac6a01b2e2742f1759f1489784,dbfa2ae5385bdc3d0d40b846b5bfdd160e48845f63021357b9f3a7669467d2f6,0
current_0237,NORMAL,baseline,none,0,0,120100,9700,operating_family_1,development-train,current_profile_0237,"[{""ambient_temp_c"": 29.342, ""end_ms"": 18100, ""engine_load"": 0.4204721999999999, ""external_airflow_factor"": 0, ""road_slope_percent"": 0, ""start_ms"": 0, ""vehicle_speed_kph"": 24.839999999999996}, {""ambient_temp_c"": 29.342, ""end_ms"": 49300, ""engine_load"": 0.6093799999999999, ""external_airflow_factor"": 0, ""road_slope_percent"": 0, ""start_ms"": 18100, ""vehicle_speed_kph"": 36}, {""ambient_temp_c"": 29.342, ""end_ms"": 87100, ""engine_load"": 0.5057853999999999, ""external_airflow_factor"": 0, ""road_slope_percent"": 0, ""start_ms"": 49300, ""vehicle_speed_kph"": 29.88}, {""ambient_temp_c"": 29.342, ""end_ms"": 120000, ""engine_load"": 0.578911, ""external_airflow_factor"": 0, ""road_slope_percent"": 0, ""start_ms"": 87100, ""vehicle_speed_kph"": 34.199999999999996}]","[[30000, 99], [60000, 92]]",authorized_updates,1452,120000,0.10:0:6000,7cf086a6d1d35b95fddd50e82f201c750bcaad29912a3c1ae7bb88d25a3d3597,fcaa93b728129a9fffbad0d88921b21b2b701a2066a5b89fa1a53584c96b46af,0
current_0238,NORMAL,baseline,none,0,0,120100,13700,operating_family_1,development-train,current_profile_0238,"[{""ambient_temp_c"": 29.345, ""end_ms"": 18100, ""engine_load"": 0.4205894999999999, ""external_airflow_factor"": 0, ""road_slope_percent"": 0, ""start_ms"": 0, ""vehicle_speed_kph"": 24.839999999999996}, {""ambient_temp_c"": 29.345, ""end_ms"": 49300, ""engine_load"": 0.6095499999999999, ""external_airflow_factor"": 0, ""road_slope_percent"": 0, ""start_ms"": 18100, ""vehicle_speed_kph"": 36}, {""ambient_temp_c"": 29.345, ""end_ms"": 87100, ""engine_load"": 0.5059265, ""external_airflow_factor"": 0, ""road_slope_percent"": 0, ""start_ms"": 49300, ""vehicle_speed_kph"": 29.88}, {""ambient_temp_c"": 29.345, ""end_ms"": 120000, ""engine_load"": 0.5790724999999999, ""external_airflow_factor"": 0, ""road_slope_percent"": 0, ""start_ms"": 87100, ""vehicle_speed_kph"": 34.199999999999996}]",[],static_target,1453,120000,0.10:0:6000,126eab7899ce26bcc0f9bc121439590a36302c69355e63a5888ada95ad540348,e0743064f68560ed6afbc45ae58e709cc405b5e2decec8ec4bad87894426dffe,0
current_0239,NORMAL,baseline,none,0,0,120100,18500,operating_family_1,development-train,current_profile_0239,"[{""ambient_temp_c"": 29.348, ""end_ms"": 18100, ""engine_load"": 0.42070679999999994, ""external_airflow_factor"": 0, ""road_slope_percent"": 0, ""start_ms"": 0, ""vehicle_speed_kph"": 24.839999999999996}, {""ambient_temp_c"": 29.348, ""end_ms"": 49300, ""engine_load"": 0.6097199999999999, ""external_airflow_factor"": 0, ""road_slope_percent"": 0, ""start_ms"": 18100, ""vehicle_speed_kph"": 36}, {""ambient_temp_c"": 29.348, ""end_ms"": 87100, ""engine_load"": 0.5060676, ""external_airflow_factor"": 0, ""road_slope_percent"": 0, ""start_ms"": 49300, ""vehicle_speed_kph"": 29.88}, {""ambient_temp_c"": 29.348, ""end_ms"": 120000, ""engine_load"": 0.5792339999999999, ""external_airflow_factor"": 0, ""road_slope_percent"": 0, ""start_ms"": 87100, ""vehicle_speed_kph"": 34.199999999999996}]","[[30000, 99], [60000, 92]]",authorized_updates,1454,120000,0.10:0:6000,21adaa9469bb701f4a91c9786e5ba6c31688fcd2fdf28459b20f0328cd4db2e8,6fccd63a5e3b6d837871e3a46a655e0c71d9b30e5b46d682e1cedff2761944fa,0
current_0240,NORMAL,baseline,none,0,0,120100,9700,operating_family_1,development-train,current_profile_0240,"[{""ambient_temp_c"": 29.351, ""end_ms"": 18100, ""engine_load"": 0.4208240999999999, ""external_airflow_factor"": 0, ""road_slope_percent"": 0, ""start_ms"": 0, ""vehicle_speed_kph"": 24.839999999999996}, {""ambient_temp_c"": 29.351, ""end_ms"": 49300, ""engine_load"": 0.6098899999999999, ""external_airflow_factor"": 0, ""road_slope_percent"": 0, ""start_ms"": 18100, ""vehicle_speed_kph"": 36}, {""ambient_temp_c"": 29.351, ""end_ms"": 87100, ""engine_load"": 0.5062087, ""external_airflow_factor"": 0, ""road_slope_percent"": 0, ""start_ms"": 49300, ""vehicle_speed_kph"": 29.88}, {""ambient_temp_c"": 29.351, ""end_ms"": 120000, ""engine_load"": 0.5793955, ""external_airflow_factor"": 0, ""road_slope_percent"": 0, ""start_ms"": 87100, ""vehicle_speed_kph"": 34.199999999999996}]",[],static_target,1455,120000,0.02:0.6:12000,3820f0961718fae921d0809cc14c18083f6f58a78e836c1606598d40613cc0aa,d938416f5e200e5e6315c01bfb205205a98b0496aae821eda9be6b363f4eeb24,0
current_0241,NORMAL,baseline,none,0,0,120100,13700,operating_family_1,development-train,current_profile_0241,"[{""ambient_temp_c"": 29.354, ""end_ms"": 18100, ""engine_load"": 0.4209413999999999, ""external_airflow_factor"": 0, ""road_slope_percent"": 0, ""start_ms"": 0, ""vehicle_speed_kph"": 24.839999999999996}, {""ambient_temp_c"": 29.354, ""end_ms"": 49300, ""engine_load"": 0.6100599999999999, ""external_airflow_factor"": 0, ""road_slope_percent"": 0, ""start_ms"": 18100, ""vehicle_speed_kph"": 36}, {""ambient_temp_c"": 29.354, ""end_ms"": 87100, ""engine_load"": 0.5063498, ""external_airflow_factor"": 0, ""road_slope_percent"": 0, ""start_ms"": 49300, ""vehicle_speed_kph"": 29.88}, {""ambient_temp_c"": 29.354, ""end_ms"": 120000, ""engine_load"": 0.5795569999999999, ""external_airflow_factor"": 0, ""road_slope_percent"": 0, ""start_ms"": 87100, ""vehicle_speed_kph"": 34.199999999999996}]","[[30000, 99], [60000, 92]]",authorized_updates,1456,120000,0.02:0.6:12000,bc0ebcbe190fedc9e3951b0d5ea42f60e2f2d94bd3d527506f033f45ffd920e8,41f8b577c6fd51dc3d4463134bb56da7061a7aeaf08ed3afd26fc80602f54a3f,0
current_0242,NORMAL,baseline,none,0,0,120100,18500,operating_family_1,development-train,current_profile_0242,"[{""ambient_temp_c"": 29.357, ""end_ms"": 18100, ""engine_load"": 0.42105869999999995, ""external_airflow_factor"": 0, ""road_slope_percent"": 0, ""start_ms"": 0, ""vehicle_speed_kph"": 24.839999999999996}, {""ambient_temp_c"": 29.357, ""end_ms"": 49300, ""engine_load"": 0.6102299999999999, ""external_airflow_factor"": 0, ""road_slope_percent"": 0, ""start_ms"": 18100, ""vehicle_speed_kph"": 36}, {""ambient_temp_c"": 29.357, ""end_ms"": 87100, ""engine_load"": 0.5064909, ""external_airflow_factor"": 0, ""road_slope_percent"": 0, ""start_ms"": 49300, ""vehicle_speed_kph"": 29.88}, {""ambient_temp_c"": 29.357, ""end_ms"": 120000, ""engine_load"": 0.5797184999999999, ""external_airflow_factor"": 0, ""road_slope_percent"": 0, ""start_ms"": 87100, ""vehicle_speed_kph"": 34.199999999999996}]",[],static_target,1457,120000,0.02:0.6:12000,309634620cb05075f071e62807a43f5c242cb392d8ed8f406a9b0450c58737a8,33191d992e659153d2e693d32dccd792c2019d9095ef930eef593ede0d540ad0,0
current_0243,NORMAL,baseline,none,0,0,120100,9700,operating_family_1,development-train,current_profile_0243,"[{""ambient_temp_c"": 29.36, ""end_ms"": 18100, ""engine_load"": 0.42117599999999994, ""external_airflow_factor"": 0, ""road_slope_percent"": 0, ""start_ms"": 0, ""vehicle_speed_kph"": 24.839999999999996}, {""ambient_temp_c"": 29.36, ""end_ms"": 49300, ""engine_load"": 0.6103999999999999, ""external_airflow_factor"": 0, ""road_slope_percent"": 0, ""start_ms"": 18100, ""vehicle_speed_kph"": 36}, {""ambient_temp_c"": 29.36, ""end_ms"": 87100, ""engine_load"": 0.506632, ""external_airflow_factor"": 0, ""road_slope_percent"": 0, ""start_ms"": 49300, ""vehicle_speed_kph"": 29.88}, {""ambient_temp_c"": 29.36, ""end_ms"": 120000, ""engine_load"": 0.57988, ""external_airflow_factor"": 0, ""road_slope_percent"": 0, ""start_ms"": 87100, ""vehicle_speed_kph"": 34.199999999999996}]","[[30000, 99], [60000, 92]]",authorized_updates,1458,120000,0.05:1.2:18000,61af6503213dc13cd556d0285ec069a9be320323cdfa1e8810d1800bc066b18a,ee4de351673f52360fda785331ad70a9f9e2c794f964c4eecf7af95dcd4618b1,0
current_0244,NORMAL,baseline,none,0,0,120100,13700,operating_family_1,development-train,current_profile_0244,"[{""ambient_temp_c"": 29.363, ""end_ms"": 18100, ""engine_load"": 0.4212932999999999, ""external_airflow_factor"": 0, ""road_slope_percent"": 0, ""start_ms"": 0, ""vehicle_speed_kph"": 24.839999999999996}, {""ambient_temp_c"": 29.363, ""end_ms"": 49300, ""engine_load"": 0.61057, ""external_airflow_factor"": 0, ""road_slope_percent"": 0, ""start_ms"": 18100, ""vehicle_speed_kph"": 36}, {""ambient_temp_c"": 29.363, ""end_ms"": 87100, ""engine_load"": 0.5067731, ""external_airflow_factor"": 0, ""road_slope_percent"": 0, ""start_ms"": 49300, ""vehicle_speed_kph"": 29.88}, {""ambient_temp_c"": 29.363, ""end_ms"": 120000, ""engine_load"": 0.5800414999999999, ""external_airflow_factor"": 0, ""road_slope_percent"": 0, ""start_ms"": 87100, ""vehicle_speed_kph"": 34.199999999999996}]",[],static_target,1459,120000,0.05:1.2:18000,62f9b72d79c3ca44cc11d00eb9fcf2c15530957a0d130d01df7f4412fc9c1d92,5460daac998fafdee8c899d78a5b44c6d6dee556df920379dbac8ba8e2df4ceb,0
current_0245,NORMAL,baseline,none,0,0,120100,18500,operating_family_1,development-train,current_profile_0245,"[{""ambient_temp_c"": 29.366, ""end_ms"": 18100, ""engine_load"": 0.4214105999999999, ""external_airflow_factor"": 0, ""road_slope_percent"": 0, ""start_ms"": 0, ""vehicle_speed_kph"": 24.839999999999996}, {""ambient_temp_c"": 29.366, ""end_ms"": 49300, ""engine_load"": 0.61074, ""external_airflow_factor"": 0, ""road_slope_percent"": 0, ""start_ms"": 18100, ""vehicle_speed_kph"": 36}, {""ambient_temp_c"": 29.366, ""end_ms"": 87100, ""engine_load"": 0.5069142, ""external_airflow_factor"": 0, ""road_slope_percent"": 0, ""start_ms"": 49300, ""vehicle_speed_kph"": 29.88}, {""ambient_temp_c"": 29.366, ""end_ms"": 120000, ""engine_load"": 0.5802029999999999, ""external_airflow_factor"": 0, ""road_slope_percent"": 0, ""start_ms"": 87100, ""vehicle_speed_kph"": 34.199999999999996}]","[[30000, 99], [60000, 92]]",authorized_updates,1460,120000,0.05:1.2:18000,3889facfe2ce87e233e8599c3c0900daaa532abe42f379b783e6fa525d81e597,f060a0df428f2bfaede1d5d9c980ba2bc4177a814abd4e94c7faaedb93ecc1ff,0
current_0246,MEMORY,stuck_bit,transient,0,0,24700,9700,operating_family_2,development-train,current_profile_0246,"[{""ambient_temp_c"": 34.0, ""end_ms"": 18100, ""engine_load"": 0.48989999999999995, ""external_airflow_factor"": 0, ""road_slope_percent"": 0, ""start_ms"": 0, ""vehicle_speed_kph"": 14.489999999999998}, {""ambient_temp_c"": 34.0, ""end_ms"": 49300, ""engine_load"": 0.71, ""external_airflow_factor"": 0, ""road_slope_percent"": 0, ""start_ms"": 18100, ""vehicle_speed_kph"": 21}, {""ambient_temp_c"": 34.0, ""end_ms"": 87100, ""engine_load"": 0.5892999999999999, ""external_airflow_factor"": 0, ""road_slope_percent"": 0, ""start_ms"": 49300, ""vehicle_speed_kph"": 17.43}, {""ambient_temp_c"": 34.0, ""end_ms"": 120000, ""engine_load"": 0.6745, ""external_airflow_factor"": 0, ""road_slope_percent"": 0, ""start_ms"": 87100, ""vehicle_speed_kph"": 19.95}]",[],static_target,1475,120000,0:0:6000,35932d15b4900b0807318557d208afb67bf7f3adc00271f2f5e6b6c987e9a433,a8b73d3bb94de32ad7449a620748ed0a4e00e2b4f007e8438d1074eb1f2362be,1
current_0247,MEMORY,stuck_bit,intermittent,0,0,25000,13700,operating_family_2,development-train,current_profile_0247,"[{""ambient_temp_c"": 34.003, ""end_ms"": 18100, ""engine_load"": 0.49001729999999993, ""external_airflow_factor"": 0, ""road_slope_percent"": 0, ""start_ms"": 0, ""vehicle_speed_kph"": 14.489999999999998}, {""ambient_temp_c"": 34.003, ""end_ms"": 49300, ""engine_load"": 0.71017, ""external_airflow_factor"": 0, ""road_slope_percent"": 0, ""start_ms"": 18100, ""vehicle_speed_kph"": 21}, {""ambient_temp_c"": 34.003, ""end_ms"": 87100, ""engine_load"": 0.5894410999999999, ""external_airflow_factor"": 0, ""road_slope_percent"": 0, ""start_ms"": 49300, ""vehicle_speed_kph"": 17.43}, {""ambient_temp_c"": 34.003, ""end_ms"": 120000, ""engine_load"": 0.6746614999999999, ""external_airflow_factor"": 0, ""road_slope_percent"": 0, ""start_ms"": 87100, ""vehicle_speed_kph"": 19.95}]","[[30000, 99], [60000, 92]]",authorized_updates,1476,120000,0:0:6000,53d32a6ebd605e1d8c23d31ddda58dafa90111340cd704081df88c627e6418fb,bc3a5f7d25305ffb326cf6bffa5dc88ea9bf1cb9e2ba55a1fc8e820c1d57013d,1
current_0248,MEMORY,stuck_bit,permanent,0,0,25300,18500,operating_family_2,development-train,current_profile_0248,"[{""ambient_temp_c"": 34.006, ""end_ms"": 18100, ""engine_load"": 0.4901345999999999, ""external_airflow_factor"": 0, ""road_slope_percent"": 0, ""start_ms"": 0, ""vehicle_speed_kph"": 14.489999999999998}, {""ambient_temp_c"": 34.006, ""end_ms"": 49300, ""engine_load"": 0.71034, ""external_airflow_factor"": 0, ""road_slope_percent"": 0, ""start_ms"": 18100, ""vehicle_speed_kph"": 21}, {""ambient_temp_c"": 34.006, ""end_ms"": 87100, ""engine_load"": 0.5895822, ""external_airflow_factor"": 0, ""road_slope_percent"": 0, ""start_ms"": 49300, ""vehicle_speed_kph"": 17.43}, {""ambient_temp_c"": 34.006, ""end_ms"": 120000, ""engine_load"": 0.674823, ""external_airflow_factor"": 0, ""road_slope_percent"": 0, ""start_ms"": 87100, ""vehicle_speed_kph"": 19.95}]",[],static_target,1477,120000,0:0:6000,2ea53f4263ce5caff2b240a171e40def524ec551273ec641b2ade55ca2ae24b5,f350abf7c8be858ed8cc945c2d5f45a354f1080519dcb417ae79b07c59095e26,1
current_0249,MEMORY,stuck_bit,transient,0,1,25600,9700,operating_family_2,development-train,current_profile_0249,"[{""ambient_temp_c"": 34.009, ""end_ms"": 18100, ""engine_load"": 0.49025189999999996, ""external_airflow_factor"": 0, ""road_slope_percent"": 0, ""start_ms"": 0, ""vehicle_speed_kph"": 14.489999999999998}, {""ambient_temp_c"": 34.009, ""end_ms"": 49300, ""engine_load"": 0.71051, ""external_airflow_factor"": 0, ""road_slope_percent"": 0, ""start_ms"": 18100, ""vehicle_speed_kph"": 21}, {""ambient_temp_c"": 34.009, ""end_ms"": 87100, ""engine_load"": 0.5897233, ""external_airflow_factor"": 0, ""road_slope_percent"": 0, ""start_ms"": 49300, ""vehicle_speed_kph"": 17.43}, {""ambient_temp_c"": 34.009, ""end_ms"": 120000, ""engine_load"": 0.6749845, ""external_airflow_factor"": 0, ""road_slope_percent"": 0, ""start_ms"": 87100, ""vehicle_speed_kph"": 19.95}]","[[30000, 99], [60000, 92]]",authorized_updates,1478,120000,0:0:6000,59d8107a88aad474278c76a0ded66ace4fbbef03b239c17742a82d7814189b72,912ccda160dedf3978c463b328e828361ebf0de455a10bc5aa06d431516ca19c,0
current_0250,MEMORY,stuck_bit,intermittent,0,1,25900,13700,operating_family_2,development-train,current_profile_0250,"[{""ambient_temp_c"": 34.012, ""end_ms"": 18100, ""engine_load"": 0.49036919999999995, ""external_airflow_factor"": 0, ""road_slope_percent"": 0, ""start_ms"": 0, ""vehicle_speed_kph"": 14.489999999999998}, {""ambient_temp_c"": 34.012, ""end_ms"": 49300, ""engine_load"": 0.71068, ""external_airflow_factor"": 0, ""road_slope_percent"": 0, ""start_ms"": 18100, ""vehicle_speed_kph"": 21}, {""ambient_temp_c"": 34.012, ""end_ms"": 87100, ""engine_load"": 0.5898644, ""external_airflow_factor"": 0, ""road_slope_percent"": 0, ""start_ms"": 49300, ""vehicle_speed_kph"": 17.43}, {""ambient_temp_c"": 34.012, ""end_ms"": 120000, ""engine_load"": 0.6751459999999999, ""external_airflow_factor"": 0, ""road_slope_percent"": 0, ""start_ms"": 87100, ""vehicle_speed_kph"": 19.95}]",[],static_target,1479,120000,0:0:6000,fe9577c83fbe2643f2ea53e09f50e46fdecbc291b6a71bb193c382265b58f388,0615fc1ef5423c74a270cada976541bb88230685759897850afd5939cf0e3bba,0
current_0251,MEMORY,stuck_bit,permanent,0,1,26200,18500,operating_family_2,development-train,current_profile_0251,"[{""ambient_temp_c"": 34.015, ""end_ms"": 18100, ""engine_load"": 0.49048649999999994, ""external_airflow_factor"": 0, ""road_slope_percent"": 0, ""start_ms"": 0, ""vehicle_speed_kph"": 14.489999999999998}, {""ambient_temp_c"": 34.015, ""end_ms"": 49300, ""engine_load"": 0.71085, ""external_airflow_factor"": 0, ""road_slope_percent"": 0, ""start_ms"": 18100, ""vehicle_speed_kph"": 21}, {""ambient_temp_c"": 34.015, ""end_ms"": 87100, ""engine_load"": 0.5900055, ""external_airflow_factor"": 0, ""road_slope_percent"": 0, ""start_ms"": 49300, ""vehicle_speed_kph"": 17.43}, {""ambient_temp_c"": 34.015, ""end_ms"": 120000, ""engine_load"": 0.6753075, ""external_airflow_factor"": 0, ""road_slope_percent"": 0, ""start_ms"": 87100, ""vehicle_speed_kph"": 19.95}]","[[30000, 99], [60000, 92]]",authorized_updates,1480,120000,0:0:6000,4e78d229d1dc6b3a4837d1566ba91ba76666fbc81c946114a1f95ed67148ca6f,32569382eb4e3750344b4347892184b8eaaad5438e5a7c73604622e7276e23dc,0
current_0252,MEMORY,stuck_bit,transient,1,0,26500,9700,operating_family_2,development-train,current_profile_0252,"[{""ambient_temp_c"": 34.018, ""end_ms"": 18100, ""engine_load"": 0.4906038, ""external_airflow_factor"": 0, ""road_slope_percent"": 0, ""start_ms"": 0, ""vehicle_speed_kph"": 14.489999999999998}, {""ambient_temp_c"": 34.018, ""end_ms"": 49300, ""engine_load"": 0.71102, ""external_airflow_factor"": 0, ""road_slope_percent"": 0, ""start_ms"": 18100, ""vehicle_speed_kph"": 21}, {""ambient_temp_c"": 34.018, ""end_ms"": 87100, ""engine_load"": 0.5901466, ""external_airflow_factor"": 0, ""road_slope_percent"": 0, ""start_ms"": 49300, ""vehicle_speed_kph"": 17.43}, {""ambient_temp_c"": 34.018, ""end_ms"": 120000, ""engine_load"": 0.675469, ""external_airflow_factor"": 0, ""road_slope_percent"": 0, ""start_ms"": 87100, ""vehicle_speed_kph"": 19.95}]",[],static_target,1481,120000,0:0:6000,fa9624519d4e6bd28faa988d8abf85ec719d3e5fbe6ea1e735fc44f5c3e3a415,70f5294967275c7160f612daab8cbd5fea5703413efb2a80bf1dd46372790b31,1
current_0253,MEMORY,stuck_bit,intermittent,1,0,26800,13700,operating_family_2,development-train,current_profile_0253,"[{""ambient_temp_c"": 34.021, ""end_ms"": 18100, ""engine_load"": 0.49072109999999997, ""external_airflow_factor"": 0, ""road_slope_percent"": 0, ""start_ms"": 0, ""vehicle_speed_kph"": 14.489999999999998}, {""ambient_temp_c"": 34.021, ""end_ms"": 49300, ""engine_load"": 0.71119, ""external_airflow_factor"": 0, ""road_slope_percent"": 0, ""start_ms"": 18100, ""vehicle_speed_kph"": 21}, {""ambient_temp_c"": 34.021, ""end_ms"": 87100, ""engine_load"": 0.5902877, ""external_airflow_factor"": 0, ""road_slope_percent"": 0, ""start_ms"": 49300, ""vehicle_speed_kph"": 17.43}, {""ambient_temp_c"": 34.021, ""end_ms"": 120000, ""engine_load"": 0.6756304999999999, ""external_airflow_factor"": 0, ""road_slope_percent"": 0, ""start_ms"": 87100, ""vehicle_speed_kph"": 19.95}]","[[30000, 99], [60000, 92]]",authorized_updates,1482,120000,0:0:6000,afd32e93a814f7f7f34ce9c7b7e78fe4f97c4aaabb69b549f5a9ff5eb1e3f961,fcade9c77371443dda9df9f43b7fbadac1a8cd52a589bfceabfcf46c1b854d11,1
current_0254,MEMORY,stuck_bit,permanent,1,0,24700,18500,operating_family_2,development-train,current_profile_0254,"[{""ambient_temp_c"": 34.024, ""end_ms"": 18100, ""engine_load"": 0.49083839999999995, ""external_airflow_factor"": 0, ""road_slope_percent"": 0, ""start_ms"": 0, ""vehicle_speed_kph"": 14.489999999999998}, {""ambient_temp_c"": 34.024, ""end_ms"": 49300, ""engine_load"": 0.71136, ""external_airflow_factor"": 0, ""road_slope_percent"": 0, ""start_ms"": 18100, ""vehicle_speed_kph"": 21}, {""ambient_temp_c"": 34.024, ""end_ms"": 87100, ""engine_load"": 0.5904288, ""external_airflow_factor"": 0, ""road_slope_percent"": 0, ""start_ms"": 49300, ""vehicle_speed_kph"": 17.43}, {""ambient_temp_c"": 34.024, ""end_ms"": 120000, ""engine_load"": 0.675792, ""external_airflow_factor"": 0, ""road_slope_percent"": 0, ""start_ms"": 87100, ""vehicle_speed_kph"": 19.95}]",[],static_target,1483,120000,0:0:6000,f9ffd3f5e04ce0e32771a4a9e4bad030c2c5a08c22609282ef04bc6d50caafa8,b8668895b540ddd1a54c6c1c8bba8554acf146b01c89aeb44854916f61505d4f,1
current_0255,MEMORY,stuck_bit,transient,1,1,25000,9700,operating_family_2,development-train,current_profile_0255,"[{""ambient_temp_c"": 34.027, ""end_ms"": 18100, ""engine_load"": 0.49095569999999994, ""external_airflow_factor"": 0, ""road_slope_percent"": 0, ""start_ms"": 0, ""vehicle_speed_kph"": 14.489999999999998}, {""ambient_temp_c"": 34.027, ""end_ms"": 49300, ""engine_load"": 0.71153, ""external_airflow_factor"": 0, ""road_slope_percent"": 0, ""start_ms"": 18100, ""vehicle_speed_kph"": 21}, {""ambient_temp_c"": 34.027, ""end_ms"": 87100, ""engine_load"": 0.5905699, ""external_airflow_factor"": 0, ""road_slope_percent"": 0, ""start_ms"": 49300, ""vehicle_speed_kph"": 17.43}, {""ambient_temp_c"": 34.027, ""end_ms"": 120000, ""engine_load"": 0.6759535, ""external_airflow_factor"": 0, ""road_slope_percent"": 0, ""start_ms"": 87100, ""vehicle_speed_kph"": 19.95}]","[[30000, 99], [60000, 92]]",authorized_updates,1484,120000,0:0:6000,1f24b9bef7850d5a45d0c00c4ae2b13d94265e9fceee519ed5c3faec133425f9,a033a25d6ce2c316dac342d88a446e0305bc050be2488961dbd4d33a05b7f66a,0
current_0256,MEMORY,stuck_bit,intermittent,1,1,25300,13700,operating_family_2,development-train,current_profile_0256,"[{""ambient_temp_c"": 34.03, ""end_ms"": 18100, ""engine_load"": 0.491073, ""external_airflow_factor"": 0, ""road_slope_percent"": 0, ""start_ms"": 0, ""vehicle_speed_kph"": 14.489999999999998}, {""ambient_temp_c"": 34.03, ""end_ms"": 49300, ""engine_load"": 0.7117, ""external_airflow_factor"": 0, ""road_slope_percent"": 0, ""start_ms"": 18100, ""vehicle_speed_kph"": 21}, {""ambient_temp_c"": 34.03, ""end_ms"": 87100, ""engine_load"": 0.590711, ""external_airflow_factor"": 0, ""road_slope_percent"": 0, ""start_ms"": 49300, ""vehicle_speed_kph"": 17.43}, {""ambient_temp_c"": 34.03, ""end_ms"": 120000, ""engine_load"": 0.676115, ""external_airflow_factor"": 0, ""road_slope_percent"": 0, ""start_ms"": 87100, ""vehicle_speed_kph"": 19.95}]",[],static_target,1485,120000,0:0:6000,892b6fc7e9104ae3f96170fba579be36b3087336db3a6c04c78b665574538196,96539cb58d26db2815864aadfc222da3a5ee5e8a2ab8a8aa93484e70791651dd,0
current_0257,MEMORY,stuck_bit,permanent,1,1,25600,18500,operating_family_2,development-train,current_profile_0257,"[{""ambient_temp_c"": 34.033, ""end_ms"": 18100, ""engine_load"": 0.49119029999999997, ""external_airflow_factor"": 0, ""road_slope_percent"": 0, ""start_ms"": 0, ""vehicle_speed_kph"": 14.489999999999998}, {""ambient_temp_c"": 34.033, ""end_ms"": 49300, ""engine_load"": 0.71187, ""external_airflow_factor"": 0, ""road_slope_percent"": 0, ""start_ms"": 18100, ""vehicle_speed_kph"": 21}, {""ambient_temp_c"": 34.033, ""end_ms"": 87100, ""engine_load"": 0.5908521, ""external_airflow_factor"": 0, ""road_slope_percent"": 0, ""start_ms"": 49300, ""vehicle_speed_kph"": 17.43}, {""ambient_temp_c"": 34.033, ""end_ms"": 120000, ""engine_load"": 0.6762765, ""external_airflow_factor"": 0, ""road_slope_percent"": 0, ""start_ms"": 87100, ""vehicle_speed_kph"": 19.95}]","[[30000, 99], [60000, 92]]",authorized_updates,1486,120000,0:0:6000,9583cbd744a8c0e4f574f6537e3b08db2e2e7c32788a2137d0045e5b5468c9d3,3a58608a450f98baf5fe8911a7a0c22dfc1e8523f976bcb6187cff8a0e5cbfea,0
current_0258,MEMORY,stuck_bit,transient,2,0,25900,9700,operating_family_2,development-train,current_profile_0258,"[{""ambient_temp_c"": 34.036, ""end_ms"": 18100, ""engine_load"": 0.49130759999999996, ""external_airflow_factor"": 0, ""road_slope_percent"": 0, ""start_ms"": 0, ""vehicle_speed_kph"": 14.489999999999998}, {""ambient_temp_c"": 34.036, ""end_ms"": 49300, ""engine_load"": 0.71204, ""external_airflow_factor"": 0, ""road_slope_percent"": 0, ""start_ms"": 18100, ""vehicle_speed_kph"": 21}, {""ambient_temp_c"": 34.036, ""end_ms"": 87100, ""engine_load"": 0.5909932, ""external_airflow_factor"": 0, ""road_slope_percent"": 0, ""start_ms"": 49300, ""vehicle_speed_kph"": 17.43}, {""ambient_temp_c"": 34.036, ""end_ms"": 120000, ""engine_load"": 0.676438, ""external_airflow_factor"": 0, ""road_slope_percent"": 0, ""start_ms"": 87100, ""vehicle_speed_kph"": 19.95}]",[],static_target,1487,120000,0:0:6000,b6aa1154e6c553ed7356e5823719e89742f07bc21217945be1b939ee30a2ed94,cf4ba009b4603a175662d232382773bb4570c8be85f5f3d6e9a8bc137f2eb6aa,0
current_0259,MEMORY,stuck_bit,intermittent,2,0,26200,13700,operating_family_2,development-train,current_profile_0259,"[{""ambient_temp_c"": 34.039, ""end_ms"": 18100, ""engine_load"": 0.49142489999999994, ""external_airflow_factor"": 0, ""road_slope_percent"": 0, ""start_ms"": 0, ""vehicle_speed_kph"": 14.489999999999998}, {""ambient_temp_c"": 34.039, ""end_ms"": 49300, ""engine_load"": 0.71221, ""external_airflow_factor"": 0, ""road_slope_percent"": 0, ""start_ms"": 18100, ""vehicle_speed_kph"": 21}, {""ambient_temp_c"": 34.039, ""end_ms"": 87100, ""engine_load"": 0.5911343, ""external_airflow_factor"": 0, ""road_slope_percent"": 0, ""start_ms"": 49300, ""vehicle_speed_kph"": 17.43}, {""ambient_temp_c"": 34.039, ""end_ms"": 120000, ""engine_load"": 0.6765995, ""external_airflow_factor"": 0, ""road_slope_percent"": 0, ""start_ms"": 87100, ""vehicle_speed_kph"": 19.95}]","[[30000, 99], [60000, 92]]",authorized_updates,1488,120000,0:0:6000,96715a2b62aa14e8067a4bba96511eb355222da664fd8135c36167cd1ec50d9f,c39924c0dad509efc5a89b36f011bbf88872e095be6b1a778d4711f8f71538f8,0
current_0260,MEMORY,stuck_bit,permanent,2,0,26500,18500,operating_family_2,development-train,current_profile_0260,"[{""ambient_temp_c"": 34.042, ""end_ms"": 18100, ""engine_load"": 0.4915422, ""external_airflow_factor"": 0, ""road_slope_percent"": 0, ""start_ms"": 0, ""vehicle_speed_kph"": 14.489999999999998}, {""ambient_temp_c"": 34.042, ""end_ms"": 49300, ""engine_load"": 0.71238, ""external_airflow_factor"": 0, ""road_slope_percent"": 0, ""start_ms"": 18100, ""vehicle_speed_kph"": 21}, {""ambient_temp_c"": 34.042, ""end_ms"": 87100, ""engine_load"": 0.5912754, ""external_airflow_factor"": 0, ""road_slope_percent"": 0, ""start_ms"": 49300, ""vehicle_speed_kph"": 17.43}, {""ambient_temp_c"": 34.042, ""end_ms"": 120000, ""engine_load"": 0.676761, ""external_airflow_factor"": 0, ""road_slope_percent"": 0, ""start_ms"": 87100, ""vehicle_speed_kph"": 19.95}]",[],static_target,1489,120000,0:0:6000,b51f4b8db8dc1766dcd2083ed90b342d14e8d206b4caada6a2311fb858b9f892,297dc523bdb366c88ea2880165220f174fa15b7411cceddb8aadf0231090cb42,0
current_0261,MEMORY,stuck_bit,transient,2,1,26800,9700,operating_family_2,development-train,current_profile_0261,"[{""ambient_temp_c"": 34.045, ""end_ms"": 18100, ""engine_load"": 0.49165949999999997, ""external_airflow_factor"": 0, ""road_slope_percent"": 0, ""start_ms"": 0, ""vehicle_speed_kph"": 14.489999999999998}, {""ambient_temp_c"": 34.045, ""end_ms"": 49300, ""engine_load"": 0.71255, ""external_airflow_factor"": 0, ""road_slope_percent"": 0, ""start_ms"": 18100, ""vehicle_speed_kph"": 21}, {""ambient_temp_c"": 34.045, ""end_ms"": 87100, ""engine_load"": 0.5914165, ""external_airflow_factor"": 0, ""road_slope_percent"": 0, ""start_ms"": 49300, ""vehicle_speed_kph"": 17.43}, {""ambient_temp_c"": 34.045, ""end_ms"": 120000, ""engine_load"": 0.6769225, ""external_airflow_factor"": 0, ""road_slope_percent"": 0, ""start_ms"": 87100, ""vehicle_speed_kph"": 19.95}]","[[30000, 99], [60000, 92]]",authorized_updates,1490,120000,0:0:6000,4b16490b3310bad3f23ea38847c9ba1b911324202c4c419305c6c2c33688fc42,f094e6c16572c5246b39315cace7a798a2e302c2b9bfbf38440315c86d087bb4,1
current_0262,MEMORY,stuck_bit,intermittent,2,1,24700,13700,operating_family_2,development-train,current_profile_0262,"[{""ambient_temp_c"": 34.048, ""end_ms"": 18100, ""engine_load"": 0.49177679999999996, ""external_airflow_factor"": 0, ""road_slope_percent"": 0, ""start_ms"": 0, ""vehicle_speed_kph"": 14.489999999999998}, {""ambient_temp_c"": 34.048, ""end_ms"": 49300, ""engine_load"": 0.71272, ""external_airflow_factor"": 0, ""road_slope_percent"": 0, ""start_ms"": 18100, ""vehicle_speed_kph"": 21}, {""ambient_temp_c"": 34.048, ""end_ms"": 87100, ""engine_load"": 0.5915576, ""external_airflow_factor"": 0, ""road_slope_percent"": 0, ""start_ms"": 49300, ""vehicle_speed_kph"": 17.43}, {""ambient_temp_c"": 34.048, ""end_ms"": 120000, ""engine_load"": 0.677084, ""external_airflow_factor"": 0, ""road_slope_percent"": 0, ""start_ms"": 87100, ""vehicle_speed_kph"": 19.95}]",[],static_target,1491,120000,0:0:6000,6e765ea6da04635e549e561e72f89c324a33e237b5c7b379479b066a1e8e77bf,61dbed4507ee65f398aeedd6e8d7aa7e882165c1c3f3d1eea196a2b9a36bc780,1
current_0263,MEMORY,stuck_bit,permanent,2,1,25000,18500,operating_family_2,development-train,current_profile_0263,"[{""ambient_temp_c"": 34.051, ""end_ms"": 18100, ""engine_load"": 0.4918940999999999, ""external_airflow_factor"": 0, ""road_slope_percent"": 0, ""start_ms"": 0, ""vehicle_speed_kph"": 14.489999999999998}, {""ambient_temp_c"": 34.051, ""end_ms"": 49300, ""engine_load"": 0.7128899999999999, ""external_airflow_factor"": 0, ""road_slope_percent"": 0, ""start_ms"": 18100, ""vehicle_speed_kph"": 21}, {""ambient_temp_c"": 34.051, ""end_ms"": 87100, ""engine_load"": 0.5916986999999999, ""external_airflow_factor"": 0, ""road_slope_percent"": 0, ""start_ms"": 49300, ""vehicle_speed_kph"": 17.43}, {""ambient_temp_c"": 34.051, ""end_ms"": 120000, ""engine_load"": 0.6772454999999998, ""external_airflow_factor"": 0, ""road_slope_percent"": 0, ""start_ms"": 87100, ""vehicle_speed_kph"": 19.95}]","[[30000, 99], [60000, 92]]",authorized_updates,1492,120000,0:0:6000,85216b0071c256d68f940c1263b6a12d91ed63b06547c9e2aef54af33486be1b,be9214c368d70ac93b76319e10e85cb53fad64bb8cf89b44bcb1efc2e4af6e35,1
current_0264,MEMORY,stuck_bit,transient,3,0,25300,9700,operating_family_2,development-train,current_profile_0264,"[{""ambient_temp_c"": 34.054, ""end_ms"": 18100, ""engine_load"": 0.4920113999999999, ""external_airflow_factor"": 0, ""road_slope_percent"": 0, ""start_ms"": 0, ""vehicle_speed_kph"": 14.489999999999998}, {""ambient_temp_c"": 34.054, ""end_ms"": 49300, ""engine_load"": 0.7130599999999999, ""external_airflow_factor"": 0, ""road_slope_percent"": 0, ""start_ms"": 18100, ""vehicle_speed_kph"": 21}, {""ambient_temp_c"": 34.054, ""end_ms"": 87100, ""engine_load"": 0.5918397999999999, ""external_airflow_factor"": 0, ""road_slope_percent"": 0, ""start_ms"": 49300, ""vehicle_speed_kph"": 17.43}, {""ambient_temp_c"": 34.054, ""end_ms"": 120000, ""engine_load"": 0.6774069999999999, ""external_airflow_factor"": 0, ""road_slope_percent"": 0, ""start_ms"": 87100, ""vehicle_speed_kph"": 19.95}]",[],static_target,1493,120000,0:0:6000,9d9289a8f412a72a755e8f300ac64d007e6acc000195d0c477b5e7c961245af8,85a2cb0407468d53d382e706054b17d162cf065a80533477ee86769cdf067813,0
current_0265,MEMORY,stuck_bit,intermittent,3,0,25600,13700,operating_family_2,development-train,current_profile_0265,"[{""ambient_temp_c"": 34.057, ""end_ms"": 18100, ""engine_load"": 0.4921286999999999, ""external_airflow_factor"": 0, ""road_slope_percent"": 0, ""start_ms"": 0, ""vehicle_speed_kph"": 14.489999999999998}, {""ambient_temp_c"": 34.057, ""end_ms"": 49300, ""engine_load"": 0.7132299999999999, ""external_airflow_factor"": 0, ""road_slope_percent"": 0, ""start_ms"": 18100, ""vehicle_speed_kph"": 21}, {""ambient_temp_c"": 34.057, ""end_ms"": 87100, ""engine_load"": 0.5919808999999999, ""external_airflow_factor"": 0, ""road_slope_percent"": 0, ""start_ms"": 49300, ""vehicle_speed_kph"": 17.43}, {""ambient_temp_c"": 34.057, ""end_ms"": 120000, ""engine_load"": 0.6775684999999999, ""external_airflow_factor"": 0, ""road_slope_percent"": 0, ""start_ms"": 87100, ""vehicle_speed_kph"": 19.95}]","[[30000, 99], [60000, 92]]",authorized_updates,1494,120000,0:0:6000,02568fa14f8f5f1ba60b3e0a7a9a5e79acd4919707e5f351d2003ef47ad7a318,0b3410ffb17b803457f75999ac982bf9dda1a018c17df342ff0cddbbc3d16450,0
current_0266,MEMORY,stuck_bit,permanent,3,0,25900,18500,operating_family_2,development-train,current_profile_0266,"[{""ambient_temp_c"": 34.06, ""end_ms"": 18100, ""engine_load"": 0.4922459999999999, ""external_airflow_factor"": 0, ""road_slope_percent"": 0, ""start_ms"": 0, ""vehicle_speed_kph"": 14.489999999999998}, {""ambient_temp_c"": 34.06, ""end_ms"": 49300, ""engine_load"": 0.7133999999999999, ""external_airflow_factor"": 0, ""road_slope_percent"": 0, ""start_ms"": 18100, ""vehicle_speed_kph"": 21}, {""ambient_temp_c"": 34.06, ""end_ms"": 87100, ""engine_load"": 0.5921219999999999, ""external_airflow_factor"": 0, ""road_slope_percent"": 0, ""start_ms"": 49300, ""vehicle_speed_kph"": 17.43}, {""ambient_temp_c"": 34.06, ""end_ms"": 120000, ""engine_load"": 0.6777299999999999, ""external_airflow_factor"": 0, ""road_slope_percent"": 0, ""start_ms"": 87100, ""vehicle_speed_kph"": 19.95}]",[],static_target,1495,120000,0:0:6000,dd674532d3c234bd93617495090e72137af494f7e4bcb0c3ffc1f1fc9d74a6c9,017c171c7a7ba3da311419ef25b20a89baa2916740af08363151e5b9ccecf2eb,0
current_0267,MEMORY,stuck_bit,transient,3,1,26200,9700,operating_family_2,development-train,current_profile_0267,"[{""ambient_temp_c"": 34.063, ""end_ms"": 18100, ""engine_load"": 0.4923632999999999, ""external_airflow_factor"": 0, ""road_slope_percent"": 0, ""start_ms"": 0, ""vehicle_speed_kph"": 14.489999999999998}, {""ambient_temp_c"": 34.063, ""end_ms"": 49300, ""engine_load"": 0.7135699999999999, ""external_airflow_factor"": 0, ""road_slope_percent"": 0, ""start_ms"": 18100, ""vehicle_speed_kph"": 21}, {""ambient_temp_c"": 34.063, ""end_ms"": 87100, ""engine_load"": 0.5922630999999999, ""external_airflow_factor"": 0, ""road_slope_percent"": 0, ""start_ms"": 49300, ""vehicle_speed_kph"": 17.43}, {""ambient_temp_c"": 34.063, ""end_ms"": 120000, ""engine_load"": 0.6778914999999999, ""external_airflow_factor"": 0, ""road_slope_percent"": 0, ""start_ms"": 87100, ""vehicle_speed_kph"": 19.95}]","[[30000, 99], [60000, 92]]",authorized_updates,1496,120000,0:0:6000,1f6dd459e9a7e8a2ad17afbb2c905b750513e38d37ff4f758a8b407bd37a62aa,abb369fa26dacb898df929951becda3774bafc9931af376cd4b69b36f631037f,1
current_0268,MEMORY,stuck_bit,intermittent,3,1,26500,13700,operating_family_2,development-train,current_profile_0268,"[{""ambient_temp_c"": 34.066, ""end_ms"": 18100, ""engine_load"": 0.49248059999999994, ""external_airflow_factor"": 0, ""road_slope_percent"": 0, ""start_ms"": 0, ""vehicle_speed_kph"": 14.489999999999998}, {""ambient_temp_c"": 34.066, ""end_ms"": 49300, ""engine_load"": 0.7137399999999999, ""external_airflow_factor"": 0, ""road_slope_percent"": 0, ""start_ms"": 18100, ""vehicle_speed_kph"": 21}, {""ambient_temp_c"": 34.066, ""end_ms"": 87100, ""engine_load"": 0.5924041999999999, ""external_airflow_factor"": 0, ""road_slope_percent"": 0, ""start_ms"": 49300, ""vehicle_speed_kph"": 17.43}, {""ambient_temp_c"": 34.066, ""end_ms"": 120000, ""engine_load"": 0.6780529999999999, ""external_airflow_factor"": 0, ""road_slope_percent"": 0, ""start_ms"": 87100, ""vehicle_speed_kph"": 19.95}]",[],static_target,1497,120000,0:0:6000,7ae3e84a054460a14bc58fc236969ea33bedf6e441c46e885ffeaf0b9b934bbd,255ee8d7762a51a29874d6043a67a4865295ad16cb1a503375afb008af9deb11,1
current_0269,MEMORY,stuck_bit,permanent,3,1,26800,18500,operating_family_2,development-train,current_profile_0269,"[{""ambient_temp_c"": 34.069, ""end_ms"": 18100, ""engine_load"": 0.4925978999999999, ""external_airflow_factor"": 0, ""road_slope_percent"": 0, ""start_ms"": 0, ""vehicle_speed_kph"": 14.489999999999998}, {""ambient_temp_c"": 34.069, ""end_ms"": 49300, ""engine_load"": 0.7139099999999999, ""external_airflow_factor"": 0, ""road_slope_percent"": 0, ""start_ms"": 18100, ""vehicle_speed_kph"": 21}, {""ambient_temp_c"": 34.069, ""end_ms"": 87100, ""engine_load"": 0.5925452999999999, ""external_airflow_factor"": 0, ""road_slope_percent"": 0, ""start_ms"": 49300, ""vehicle_speed_kph"": 17.43}, {""ambient_temp_c"": 34.069, ""end_ms"": 120000, ""engine_load"": 0.6782144999999999, ""external_airflow_factor"": 0, ""road_slope_percent"": 0, ""start_ms"": 87100, ""vehicle_speed_kph"": 19.95}]","[[30000, 99], [60000, 92]]",authorized_updates,1498,120000,0:0:6000,caac655efe9dd9f40259dbb95fed80e4b471a3ff946363ab84408d22b1f0b7ed,dd4aa840c9d2e8d21791f5d3e6e04fea0d975b66134b31190315320de12343a5,1
current_0270,MEMORY,stuck_bit,transient,4,0,24700,9700,operating_family_2,development-train,current_profile_0270,"[{""ambient_temp_c"": 34.072, ""end_ms"": 18100, ""engine_load"": 0.4927151999999999, ""external_airflow_factor"": 0, ""road_slope_percent"": 0, ""start_ms"": 0, ""vehicle_speed_kph"": 14.489999999999998}, {""ambient_temp_c"": 34.072, ""end_ms"": 49300, ""engine_load"": 0.7140799999999999, ""external_airflow_factor"": 0, ""road_slope_percent"": 0, ""start_ms"": 18100, ""vehicle_speed_kph"": 21}, {""ambient_temp_c"": 34.072, ""end_ms"": 87100, ""engine_load"": 0.5926864, ""external_airflow_factor"": 0, ""road_slope_percent"": 0, ""start_ms"": 49300, ""vehicle_speed_kph"": 17.43}, {""ambient_temp_c"": 34.072, ""end_ms"": 120000, ""engine_load"": 0.6783759999999999, ""external_airflow_factor"": 0, ""road_slope_percent"": 0, ""start_ms"": 87100, ""vehicle_speed_kph"": 19.95}]",[],static_target,1499,120000,0:0:6000,f797a8fc91319197c5d681fd9013d57861d87b1f7f1dd05e182c87974200c5ce,42221286e9ab9cf374291dd289e8e091a51a87c9f124c0a97ef376eb8818e437,0
current_0271,MEMORY,stuck_bit,intermittent,4,0,25000,13700,operating_family_2,development-train,current_profile_0271,"[{""ambient_temp_c"": 34.075, ""end_ms"": 18100, ""engine_load"": 0.4928324999999999, ""external_airflow_factor"": 0, ""road_slope_percent"": 0, ""start_ms"": 0, ""vehicle_speed_kph"": 14.489999999999998}, {""ambient_temp_c"": 34.075, ""end_ms"": 49300, ""engine_load"": 0.7142499999999999, ""external_airflow_factor"": 0, ""road_slope_percent"": 0, ""start_ms"": 18100, ""vehicle_speed_kph"": 21}, {""ambient_temp_c"": 34.075, ""end_ms"": 87100, ""engine_load"": 0.5928275, ""external_airflow_factor"": 0, ""road_slope_percent"": 0, ""start_ms"": 49300, ""vehicle_speed_kph"": 17.43}, {""ambient_temp_c"": 34.075, ""end_ms"": 120000, ""engine_load"": 0.6785374999999999, ""external_airflow_factor"": 0, ""road_slope_percent"": 0, ""start_ms"": 87100, ""vehicle_speed_kph"": 19.95}]","[[30000, 99], [60000, 92]]",authorized_updates,1500,120000,0:0:6000,8d97cb6a599a2800a5638a5fef0698751c6a5b287bd41be350a343c1a85dbfb9,1d5ea727bcae314ebcc8fc8b0a0b0bab01a4d26d5cc48965b03079fcca4c46ea,0
current_0272,MEMORY,stuck_bit,permanent,4,0,25300,18500,operating_family_2,development-train,current_profile_0272,"[{""ambient_temp_c"": 34.078, ""end_ms"": 18100, ""engine_load"": 0.49294979999999994, ""external_airflow_factor"": 0, ""road_slope_percent"": 0, ""start_ms"": 0, ""vehicle_speed_kph"": 14.489999999999998}, {""ambient_temp_c"": 34.078, ""end_ms"": 49300, ""engine_load"": 0.7144199999999999, ""external_airflow_factor"": 0, ""road_slope_percent"": 0, ""start_ms"": 18100, ""vehicle_speed_kph"": 21}, {""ambient_temp_c"": 34.078, ""end_ms"": 87100, ""engine_load"": 0.5929686, ""external_airflow_factor"": 0, ""road_slope_percent"": 0, ""start_ms"": 49300, ""vehicle_speed_kph"": 17.43}, {""ambient_temp_c"": 34.078, ""end_ms"": 120000, ""engine_load"": 0.6786989999999999, ""external_airflow_factor"": 0, ""road_slope_percent"": 0, ""start_ms"": 87100, ""vehicle_speed_kph"": 19.95}]",[],static_target,1501,120000,0:0:6000,08975555edf780980800957deb060188970b160c2446c5770247f5d60a65b1ad,aa2aa3a98b281889f1e8c2d27eb44a1f58901c0aa49d9c3ffc115a6bb2cefaf5,0
current_0273,MEMORY,stuck_bit,transient,4,1,25600,9700,operating_family_2,development-train,current_profile_0273,"[{""ambient_temp_c"": 34.081, ""end_ms"": 18100, ""engine_load"": 0.4930670999999999, ""external_airflow_factor"": 0, ""road_slope_percent"": 0, ""start_ms"": 0, ""vehicle_speed_kph"": 14.489999999999998}, {""ambient_temp_c"": 34.081, ""end_ms"": 49300, ""engine_load"": 0.71459, ""external_airflow_factor"": 0, ""road_slope_percent"": 0, ""start_ms"": 18100, ""vehicle_speed_kph"": 21}, {""ambient_temp_c"": 34.081, ""end_ms"": 87100, ""engine_load"": 0.5931097, ""external_airflow_factor"": 0, ""road_slope_percent"": 0, ""start_ms"": 49300, ""vehicle_speed_kph"": 17.43}, {""ambient_temp_c"": 34.081, ""end_ms"": 120000, ""engine_load"": 0.6788604999999999, ""external_airflow_factor"": 0, ""road_slope_percent"": 0, ""start_ms"": 87100, ""vehicle_speed_kph"": 19.95}]","[[30000, 99], [60000, 92]]",authorized_updates,1502,120000,0:0:6000,60c7dd50f6a4796e7a5c7cbc3edcdcd8f64169f232dfad4b05974a159579f077,818b8c71eeb0970bcc9675d0656f9e74e3ae8d50b0bfd19bed8d54f5af62f5e2,1
current_0274,MEMORY,stuck_bit,intermittent,4,1,25900,13700,operating_family_2,development-train,current_profile_0274,"[{""ambient_temp_c"": 34.084, ""end_ms"": 18100, ""engine_load"": 0.4931843999999999, ""external_airflow_factor"": 0, ""road_slope_percent"": 0, ""start_ms"": 0, ""vehicle_speed_kph"": 14.489999999999998}, {""ambient_temp_c"": 34.084, ""end_ms"": 49300, ""engine_load"": 0.71476, ""external_airflow_factor"": 0, ""road_slope_percent"": 0, ""start_ms"": 18100, ""vehicle_speed_kph"": 21}, {""ambient_temp_c"": 34.084, ""end_ms"": 87100, ""engine_load"": 0.5932508, ""external_airflow_factor"": 0, ""road_slope_percent"": 0, ""start_ms"": 49300, ""vehicle_speed_kph"": 17.43}, {""ambient_temp_c"": 34.084, ""end_ms"": 120000, ""engine_load"": 0.6790219999999999, ""external_airflow_factor"": 0, ""road_slope_percent"": 0, ""start_ms"": 87100, ""vehicle_speed_kph"": 19.95}]",[],static_target,1503,120000,0:0:6000,6db8275d4110718e9a4a921aa37a4ebde6ed45d944bcf549a0f7fa68f7fae360,5871644b888238ae63b2d6f642685b2a59a5b0f72c4da1be7d89c00fbd851014,1
current_0275,MEMORY,stuck_bit,permanent,4,1,26200,18500,operating_family_2,development-train,current_profile_0275,"[{""ambient_temp_c"": 34.087, ""end_ms"": 18100, ""engine_load"": 0.49330169999999995, ""external_airflow_factor"": 0, ""road_slope_percent"": 0, ""start_ms"": 0, ""vehicle_speed_kph"": 14.489999999999998}, {""ambient_temp_c"": 34.087, ""end_ms"": 49300, ""engine_load"": 0.71493, ""external_airflow_factor"": 0, ""road_slope_percent"": 0, ""start_ms"": 18100, ""vehicle_speed_kph"": 21}, {""ambient_temp_c"": 34.087, ""end_ms"": 87100, ""engine_load"": 0.5933919, ""external_airflow_factor"": 0, ""road_slope_percent"": 0, ""start_ms"": 49300, ""vehicle_speed_kph"": 17.43}, {""ambient_temp_c"": 34.087, ""end_ms"": 120000, ""engine_load"": 0.6791834999999999, ""external_airflow_factor"": 0, ""road_slope_percent"": 0, ""start_ms"": 87100, ""vehicle_speed_kph"": 19.95}]","[[30000, 99], [60000, 92]]",authorized_updates,1504,120000,0:0:6000,8a53a2cfea7a4b3d5d43b5ce2d738ba45b84e2b4cf4d8d142b921a5881476972,17a2b4030af731197421e5d3f12395fe091c2a71fe97fe513a39d47f609dc824,1
current_0276,MEMORY,bit_flip,transient,0,0,26500,9700,operating_family_2,development-train,current_profile_0276,"[{""ambient_temp_c"": 34.09, ""end_ms"": 18100, ""engine_load"": 0.49341899999999994, ""external_airflow_factor"": 0, ""road_slope_percent"": 0, ""start_ms"": 0, ""vehicle_speed_kph"": 14.489999999999998}, {""ambient_temp_c"": 34.09, ""end_ms"": 49300, ""engine_load"": 0.7151, ""external_airflow_factor"": 0, ""road_slope_percent"": 0, ""start_ms"": 18100, ""vehicle_speed_kph"": 21}, {""ambient_temp_c"": 34.09, ""end_ms"": 87100, ""engine_load"": 0.593533, ""external_airflow_factor"": 0, ""road_slope_percent"": 0, ""start_ms"": 49300, ""vehicle_speed_kph"": 17.43}, {""ambient_temp_c"": 34.09, ""end_ms"": 120000, ""engine_load"": 0.679345, ""external_airflow_factor"": 0, ""road_slope_percent"": 0, ""start_ms"": 87100, ""vehicle_speed_kph"": 19.95}]",[],static_target,1505,120000,0:0:6000,c37be5a1087e3542f09f6dcd4f5e1d231fcbf4dbbbeab6c4ce6214b3160a40d7,3d292fc8332b67628c86e02986c2f29e154047c153aa466bd0f261b727244dd3,0
current_0277,MEMORY,bit_flip,intermittent,0,0,26800,13700,operating_family_2,development-train,current_profile_0277,"[{""ambient_temp_c"": 34.093, ""end_ms"": 18100, ""engine_load"": 0.49353629999999993, ""external_airflow_factor"": 0, ""road_slope_percent"": 0, ""start_ms"": 0, ""vehicle_speed_kph"": 14.489999999999998}, {""ambient_temp_c"": 34.093, ""end_ms"": 49300, ""engine_load"": 0.71527, ""external_airflow_factor"": 0, ""road_slope_percent"": 0, ""start_ms"": 18100, ""vehicle_speed_kph"": 21}, {""ambient_temp_c"": 34.093, ""end_ms"": 87100, ""engine_load"": 0.5936741, ""external_airflow_factor"": 0, ""road_slope_percent"": 0, ""start_ms"": 49300, ""vehicle_speed_kph"": 17.43}, {""ambient_temp_c"": 34.093, ""end_ms"": 120000, ""engine_load"": 0.6795064999999999, ""external_airflow_factor"": 0, ""road_slope_percent"": 0, ""start_ms"": 87100, ""vehicle_speed_kph"": 19.95}]","[[30000, 99], [60000, 92]]",authorized_updates,1506,120000,0:0:6000,b4deadd92adb660623eb48847d46d617458d2eafda0fa5a4e7f081e2a7d5a67c,e055bece2434c9dc4b2b205ab06d855ffc7c88d2ba1ec8eb04be9b84577b1fce,0
current_0278,MEMORY,bit_flip,permanent,0,0,24700,18500,operating_family_2,development-train,current_profile_0278,"[{""ambient_temp_c"": 34.096, ""end_ms"": 18100, ""engine_load"": 0.4936535999999999, ""external_airflow_factor"": 0, ""road_slope_percent"": 0, ""start_ms"": 0, ""vehicle_speed_kph"": 14.489999999999998}, {""ambient_temp_c"": 34.096, ""end_ms"": 49300, ""engine_load"": 0.71544, ""external_airflow_factor"": 0, ""road_slope_percent"": 0, ""start_ms"": 18100, ""vehicle_speed_kph"": 21}, {""ambient_temp_c"": 34.096, ""end_ms"": 87100, ""engine_load"": 0.5938152, ""external_airflow_factor"": 0, ""road_slope_percent"": 0, ""start_ms"": 49300, ""vehicle_speed_kph"": 17.43}, {""ambient_temp_c"": 34.096, ""end_ms"": 120000, ""engine_load"": 0.6796679999999999, ""external_airflow_factor"": 0, ""road_slope_percent"": 0, ""start_ms"": 87100, ""vehicle_speed_kph"": 19.95}]",[],static_target,1507,120000,0:0:6000,bd828385be3e50746d77a688958d58284d3262975c6375ba528f4772959da388,5b789f28c754076c515abcf1d880486c18312e08ca3aa66569e30f14b49ef6f6,0
current_0279,MEMORY,bit_flip,transient,1,0,25000,9700,operating_family_2,development-train,current_profile_0279,"[{""ambient_temp_c"": 34.099, ""end_ms"": 18100, ""engine_load"": 0.49377089999999996, ""external_airflow_factor"": 0, ""road_slope_percent"": 0, ""start_ms"": 0, ""vehicle_speed_kph"": 14.489999999999998}, {""ambient_temp_c"": 34.099, ""end_ms"": 49300, ""engine_load"": 0.71561, ""external_airflow_factor"": 0, ""road_slope_percent"": 0, ""start_ms"": 18100, ""vehicle_speed_kph"": 21}, {""ambient_temp_c"": 34.099, ""end_ms"": 87100, ""engine_load"": 0.5939563, ""external_airflow_factor"": 0, ""road_slope_percent"": 0, ""start_ms"": 49300, ""vehicle_speed_kph"": 17.43}, {""ambient_temp_c"": 34.099, ""end_ms"": 120000, ""engine_load"": 0.6798295, ""external_airflow_factor"": 0, ""road_slope_percent"": 0, ""start_ms"": 87100, ""vehicle_speed_kph"": 19.95}]","[[30000, 99], [60000, 92]]",authorized_updates,1508,120000,0:0:6000,b15a64a46c06ecdc7446f9f812897286e5a722df7db1a948c52711efa8e1ca6a,21b5ac595973960101018f51ca0f32ab2631be1c5cf6cfeef9134c59af629c25,0
current_0280,MEMORY,bit_flip,intermittent,1,0,25300,13700,operating_family_2,development-train,current_profile_0280,"[{""ambient_temp_c"": 34.102, ""end_ms"": 18100, ""engine_load"": 0.49388819999999994, ""external_airflow_factor"": 0, ""road_slope_percent"": 0, ""start_ms"": 0, ""vehicle_speed_kph"": 14.489999999999998}, {""ambient_temp_c"": 34.102, ""end_ms"": 49300, ""engine_load"": 0.71578, ""external_airflow_factor"": 0, ""road_slope_percent"": 0, ""start_ms"": 18100, ""vehicle_speed_kph"": 21}, {""ambient_temp_c"": 34.102, ""end_ms"": 87100, ""engine_load"": 0.5940974, ""external_airflow_factor"": 0, ""road_slope_percent"": 0, ""start_ms"": 49300, ""vehicle_speed_kph"": 17.43}, {""ambient_temp_c"": 34.102, ""end_ms"": 120000, ""engine_load"": 0.6799909999999999, ""external_airflow_factor"": 0, ""road_slope_percent"": 0, ""start_ms"": 87100, ""vehicle_speed_kph"": 19.95}]",[],static_target,1509,120000,0:0:6000,dbdbdc8071bc255134f62a1d196047730c93626c3175141529a6ff2892477cbf,239794bfa1bfdd3c7e72750b0aea495c1062a251276c4c20782c04a8a2d685d5,0
current_0281,MEMORY,bit_flip,permanent,1,0,25600,18500,operating_family_2,development-train,current_profile_0281,"[{""ambient_temp_c"": 34.105, ""end_ms"": 18100, ""engine_load"": 0.49400549999999993, ""external_airflow_factor"": 0, ""road_slope_percent"": 0, ""start_ms"": 0, ""vehicle_speed_kph"": 14.489999999999998}, {""ambient_temp_c"": 34.105, ""end_ms"": 49300, ""engine_load"": 0.71595, ""external_airflow_factor"": 0, ""road_slope_percent"": 0, ""start_ms"": 18100, ""vehicle_speed_kph"": 21}, {""ambient_temp_c"": 34.105, ""end_ms"": 87100, ""engine_load"": 0.5942385, ""external_airflow_factor"": 0, ""road_slope_percent"": 0, ""start_ms"": 49300, ""vehicle_speed_kph"": 17.43}, {""ambient_temp_c"": 34.105, ""end_ms"": 120000, ""engine_load"": 0.6801524999999999, ""external_airflow_factor"": 0, ""road_slope_percent"": 0, ""start_ms"": 87100, ""vehicle_speed_kph"": 19.95}]","[[30000, 99], [60000, 92]]",authorized_updates,1510,120000,0:0:6000,180c63a6cd96dce858dca52f49f570614332f2b2684ab9c5f52e8a09c9f4d0ad,f1963a975926257e1c064fc85e8c590a66418d87a7bd7a332dc959363fe544de,0
current_0282,SENSOR_CONTROL,sensor_bias,transient,-1.2,0,25900,9700,operating_family_2,development-train,current_profile_0282,"[{""ambient_temp_c"": 34.108, ""end_ms"": 18100, ""engine_load"": 0.4941228, ""external_airflow_factor"": 0, ""road_slope_percent"": 0, ""start_ms"": 0, ""vehicle_speed_kph"": 14.489999999999998}, {""ambient_temp_c"": 34.108, ""end_ms"": 49300, ""engine_load"": 0.71612, ""external_airflow_factor"": 0, ""road_slope_percent"": 0, ""start_ms"": 18100, ""vehicle_speed_kph"": 21}, {""ambient_temp_c"": 34.108, ""end_ms"": 87100, ""engine_load"": 0.5943796, ""external_airflow_factor"": 0, ""road_slope_percent"": 0, ""start_ms"": 49300, ""vehicle_speed_kph"": 17.43}, {""ambient_temp_c"": 34.108, ""end_ms"": 120000, ""engine_load"": 0.680314, ""external_airflow_factor"": 0, ""road_slope_percent"": 0, ""start_ms"": 87100, ""vehicle_speed_kph"": 19.95}]",[],static_target,1511,120000,0:0:6000,ba1d3b8ca2bcf79ab13d21ea663110468d89d9eb3a378769829538aab391a4ed,f7944c992722c00885f55254832111107bb78fdaf58feca06383151a4b515cb3,0
current_0283,SENSOR_CONTROL,sensor_bias,transient,1.2,0,26200,13700,operating_family_2,development-train,current_profile_0283,"[{""ambient_temp_c"": 34.111, ""end_ms"": 18100, ""engine_load"": 0.49424009999999996, ""external_airflow_factor"": 0, ""road_slope_percent"": 0, ""start_ms"": 0, ""vehicle_speed_kph"": 14.489999999999998}, {""ambient_temp_c"": 34.111, ""end_ms"": 49300, ""engine_load"": 0.71629, ""external_airflow_factor"": 0, ""road_slope_percent"": 0, ""start_ms"": 18100, ""vehicle_speed_kph"": 21}, {""ambient_temp_c"": 34.111, ""end_ms"": 87100, ""engine_load"": 0.5945206999999999, ""external_airflow_factor"": 0, ""road_slope_percent"": 0, ""start_ms"": 49300, ""vehicle_speed_kph"": 17.43}, {""ambient_temp_c"": 34.111, ""end_ms"": 120000, ""engine_load"": 0.6804754999999999, ""external_airflow_factor"": 0, ""road_slope_percent"": 0, ""start_ms"": 87100, ""vehicle_speed_kph"": 19.95}]","[[30000, 99], [60000, 92]]",authorized_updates,1512,120000,0:0:6000,077939488ab4bf48bef62b7ab9133f3bd3b6cc9775e321c704062621c07b59a5,f1f0da804050840fbba6c5463ab0ab8a67cc3dd5d67a0eb5a0e45740fcad921a,0
current_0284,SENSOR_CONTROL,sensor_bias,transient,4.6,0,26500,18500,operating_family_2,development-train,current_profile_0284,"[{""ambient_temp_c"": 34.114, ""end_ms"": 18100, ""engine_load"": 0.49435739999999995, ""external_airflow_factor"": 0, ""road_slope_percent"": 0, ""start_ms"": 0, ""vehicle_speed_kph"": 14.489999999999998}, {""ambient_temp_c"": 34.114, ""end_ms"": 49300, ""engine_load"": 0.71646, ""external_airflow_factor"": 0, ""road_slope_percent"": 0, ""start_ms"": 18100, ""vehicle_speed_kph"": 21}, {""ambient_temp_c"": 34.114, ""end_ms"": 87100, ""engine_load"": 0.5946617999999999, ""external_airflow_factor"": 0, ""road_slope_percent"": 0, ""start_ms"": 49300, ""vehicle_speed_kph"": 17.43}, {""ambient_temp_c"": 34.114, ""end_ms"": 120000, ""engine_load"": 0.6806369999999999, ""external_airflow_factor"": 0, ""road_slope_percent"": 0, ""start_ms"": 87100, ""vehicle_speed_kph"": 19.95}]",[],static_target,1513,120000,0:0:6000,99d48a3251e8c88feb3b89201e6140f459e85f6e25a3ff00a26e1177e3518396,7b99eee279b46a3bfe438827229d402e71695a5666f3aae5c7fda50bfb80c9e2,0
current_0285,SENSOR_CONTROL,sensor_bias,transient,8.9,0,26800,9700,operating_family_2,development-train,current_profile_0285,"[{""ambient_temp_c"": 34.117, ""end_ms"": 18100, ""engine_load"": 0.49447469999999993, ""external_airflow_factor"": 0, ""road_slope_percent"": 0, ""start_ms"": 0, ""vehicle_speed_kph"": 14.489999999999998}, {""ambient_temp_c"": 34.117, ""end_ms"": 49300, ""engine_load"": 0.71663, ""external_airflow_factor"": 0, ""road_slope_percent"": 0, ""start_ms"": 18100, ""vehicle_speed_kph"": 21}, {""ambient_temp_c"": 34.117, ""end_ms"": 87100, ""engine_load"": 0.5948028999999999, ""external_airflow_factor"": 0, ""road_slope_percent"": 0, ""start_ms"": 49300, ""vehicle_speed_kph"": 17.43}, {""ambient_temp_c"": 34.117, ""end_ms"": 120000, ""engine_load"": 0.6807985, ""external_airflow_factor"": 0, ""road_slope_percent"": 0, ""start_ms"": 87100, ""vehicle_speed_kph"": 19.95}]","[[30000, 99], [60000, 92]]",authorized_updates,1514,120000,0:0:6000,408646895daaac48814ef856a71405b741e71cd7d55e1171d37d1436bae81014,b046c455630f3dae9058a4b1280a1992093bdaaab33b611775bf722ad5d9dc11,0
current_0286,SENSOR_CONTROL,sensor_bias,intermittent,-1.2,0,24700,13700,operating_family_2,development-train,current_profile_0286,"[{""ambient_temp_c"": 34.12, ""end_ms"": 18100, ""engine_load"": 0.494592, ""external_airflow_factor"": 0, ""road_slope_percent"": 0, ""start_ms"": 0, ""vehicle_speed_kph"": 14.489999999999998}, {""ambient_temp_c"": 34.12, ""end_ms"": 49300, ""engine_load"": 0.7168, ""external_airflow_factor"": 0, ""road_slope_percent"": 0, ""start_ms"": 18100, ""vehicle_speed_kph"": 21}, {""ambient_temp_c"": 34.12, ""end_ms"": 87100, ""engine_load"": 0.5949439999999999, ""external_airflow_factor"": 0, ""road_slope_percent"": 0, ""start_ms"": 49300, ""vehicle_speed_kph"": 17.43}, {""ambient_temp_c"": 34.12, ""end_ms"": 120000, ""engine_load"": 0.68096, ""external_airflow_factor"": 0, ""road_slope_percent"": 0, ""start_ms"": 87100, ""vehicle_speed_kph"": 19.95}]",[],static_target,1515,120000,0:0:6000,5824d7acf7a2d0bfed6ca66f2a0c20f67003d11f0ef314622ddad21ee1c5b3e3,acb8de28f2388020648a03bde5416c918691ed68e162088374382e9f4d09e875,0
current_0287,SENSOR_CONTROL,sensor_bias,intermittent,1.2,0,25000,18500,operating_family_2,development-train,current_profile_0287,"[{""ambient_temp_c"": 34.123, ""end_ms"": 18100, ""engine_load"": 0.49470929999999996, ""external_airflow_factor"": 0, ""road_slope_percent"": 0, ""start_ms"": 0, ""vehicle_speed_kph"": 14.489999999999998}, {""ambient_temp_c"": 34.123, ""end_ms"": 49300, ""engine_load"": 0.71697, ""external_airflow_factor"": 0, ""road_slope_percent"": 0, ""start_ms"": 18100, ""vehicle_speed_kph"": 21}, {""ambient_temp_c"": 34.123, ""end_ms"": 87100, ""engine_load"": 0.5950850999999999, ""external_airflow_factor"": 0, ""road_slope_percent"": 0, ""start_ms"": 49300, ""vehicle_speed_kph"": 17.43}, {""ambient_temp_c"": 34.123, ""end_ms"": 120000, ""engine_load"": 0.6811214999999999, ""external_airflow_factor"": 0, ""road_slope_percent"": 0, ""start_ms"": 87100, ""vehicle_speed_kph"": 19.95}]","[[30000, 99], [60000, 92]]",authorized_updates,1516,120000,0:0:6000,37a61b3ec921d08d50573a604183cb7f4b326410253f71c30065f8c62c97b05f,54cfce668d22062ab775974ef74910aad894900d4e946582e9ef3620f2b213f6,0
current_0288,SENSOR_CONTROL,sensor_bias,intermittent,4.6,0,25300,9700,operating_family_2,development-train,current_profile_0288,"[{""ambient_temp_c"": 34.126, ""end_ms"": 18100, ""engine_load"": 0.49482659999999995, ""external_airflow_factor"": 0, ""road_slope_percent"": 0, ""start_ms"": 0, ""vehicle_speed_kph"": 14.489999999999998}, {""ambient_temp_c"": 34.126, ""end_ms"": 49300, ""engine_load"": 0.71714, ""external_airflow_factor"": 0, ""road_slope_percent"": 0, ""start_ms"": 18100, ""vehicle_speed_kph"": 21}, {""ambient_temp_c"": 34.126, ""end_ms"": 87100, ""engine_load"": 0.5952261999999999, ""external_airflow_factor"": 0, ""road_slope_percent"": 0, ""start_ms"": 49300, ""vehicle_speed_kph"": 17.43}, {""ambient_temp_c"": 34.126, ""end_ms"": 120000, ""engine_load"": 0.681283, ""external_airflow_factor"": 0, ""road_slope_percent"": 0, ""start_ms"": 87100, ""vehicle_speed_kph"": 19.95}]",[],static_target,1517,120000,0:0:6000,cd2bef5813c9a0510098e0252b197a248735bd0d51e057611518b8107cbd25ae,215130a7f8102ec36cfa74ee884130d6ecf85a24c37bfcb7703b5fce9b8f1406,0
current_0289,SENSOR_CONTROL,sensor_bias,intermittent,8.9,0,25600,13700,operating_family_2,development-train,current_profile_0289,"[{""ambient_temp_c"": 34.129, ""end_ms"": 18100, ""engine_load"": 0.49494389999999994, ""external_airflow_factor"": 0, ""road_slope_percent"": 0, ""start_ms"": 0, ""vehicle_speed_kph"": 14.489999999999998}, {""ambient_temp_c"": 34.129, ""end_ms"": 49300, ""engine_load"": 0.71731, ""external_airflow_factor"": 0, ""road_slope_percent"": 0, ""start_ms"": 18100, ""vehicle_speed_kph"": 21}, {""ambient_temp_c"": 34.129, ""end_ms"": 87100, ""engine_load"": 0.5953672999999999, ""external_airflow_factor"": 0, ""road_slope_percent"": 0, ""start_ms"": 49300, ""vehicle_speed_kph"": 17.43}, {""ambient_temp_c"": 34.129, ""end_ms"": 120000, ""engine_load"": 0.6814445, ""external_airflow_factor"": 0, ""road_slope_percent"": 0, ""start_ms"": 87100, ""vehicle_speed_kph"": 19.95}]","[[30000, 99], [60000, 92]]",authorized_updates,1518,120000,0:0:6000,f703d8c3f28677d2a7e07da5fa8e0ff29d0b65a1f84fa31a248342d37df0c720,baba3e89a041b50781c796613fd0ddc9aa99a753ff1740063a6a456d5bd8cfa2,0
current_0290,SENSOR_CONTROL,sensor_bias,permanent,-1.2,0,25900,18500,operating_family_2,development-train,current_profile_0290,"[{""ambient_temp_c"": 34.132, ""end_ms"": 18100, ""engine_load"": 0.4950612, ""external_airflow_factor"": 0, ""road_slope_percent"": 0, ""start_ms"": 0, ""vehicle_speed_kph"": 14.489999999999998}, {""ambient_temp_c"": 34.132, ""end_ms"": 49300, ""engine_load"": 0.71748, ""external_airflow_factor"": 0, ""road_slope_percent"": 0, ""start_ms"": 18100, ""vehicle_speed_kph"": 21}, {""ambient_temp_c"": 34.132, ""end_ms"": 87100, ""engine_load"": 0.5955083999999999, ""external_airflow_factor"": 0, ""road_slope_percent"": 0, ""start_ms"": 49300, ""vehicle_speed_kph"": 17.43}, {""ambient_temp_c"": 34.132, ""end_ms"": 120000, ""engine_load"": 0.6816059999999999, ""external_airflow_factor"": 0, ""road_slope_percent"": 0, ""start_ms"": 87100, ""vehicle_speed_kph"": 19.95}]",[],static_target,1519,120000,0:0:6000,9e7a57890fcabe63e97560f79b834f6def939980c62162cd2578a63cab67411f,d5ea316e90d5b3fc610b6913d3a20c6d88adc67326844b3676bcf52d19fe3cc9,0
current_0291,SENSOR_CONTROL,sensor_bias,permanent,1.2,0,26200,9700,operating_family_2,development-train,current_profile_0291,"[{""ambient_temp_c"": 34.135, ""end_ms"": 18100, ""engine_load"": 0.49517849999999997, ""external_airflow_factor"": 0, ""road_slope_percent"": 0, ""start_ms"": 0, ""vehicle_speed_kph"": 14.489999999999998}, {""ambient_temp_c"": 34.135, ""end_ms"": 49300, ""engine_load"": 0.71765, ""external_airflow_factor"": 0, ""road_slope_percent"": 0, ""start_ms"": 18100, ""vehicle_speed_kph"": 21}, {""ambient_temp_c"": 34.135, ""end_ms"": 87100, ""engine_load"": 0.5956494999999999, ""external_airflow_factor"": 0, ""road_slope_percent"": 0, ""start_ms"": 49300, ""vehicle_speed_kph"": 17.43}, {""ambient_temp_c"": 34.135, ""end_ms"": 120000, ""engine_load"": 0.6817675, ""external_airflow_factor"": 0, ""road_slope_percent"": 0, ""start_ms"": 87100, ""vehicle_speed_kph"": 19.95}]","[[30000, 99], [60000, 92]]",authorized_updates,1520,120000,0:0:6000,19eb60a45016642b543595ae7a16579e09fce54bf9534c4e6ef23f37d0a2414d,d759f809d578a4c9010077ac4fbc8434313022f96959b270a5f9f6d9ff6b0fda,0
current_0292,SENSOR_CONTROL,sensor_bias,permanent,4.6,0,26500,13700,operating_family_2,development-train,current_profile_0292,"[{""ambient_temp_c"": 34.138, ""end_ms"": 18100, ""engine_load"": 0.49529579999999995, ""external_airflow_factor"": 0, ""road_slope_percent"": 0, ""start_ms"": 0, ""vehicle_speed_kph"": 14.489999999999998}, {""ambient_temp_c"": 34.138, ""end_ms"": 49300, ""engine_load"": 0.71782, ""external_airflow_factor"": 0, ""road_slope_percent"": 0, ""start_ms"": 18100, ""vehicle_speed_kph"": 21}, {""ambient_temp_c"": 34.138, ""end_ms"": 87100, ""engine_load"": 0.5957906, ""external_airflow_factor"": 0, ""road_slope_percent"": 0, ""start_ms"": 49300, ""vehicle_speed_kph"": 17.43}, {""ambient_temp_c"": 34.138, ""end_ms"": 120000, ""engine_load"": 0.681929, ""external_airflow_factor"": 0, ""road_slope_percent"": 0, ""start_ms"": 87100, ""vehicle_speed_kph"": 19.95}]",[],static_target,1521,120000,0:0:6000,e8ccd50638f66e27502021483716c8c9bfcd0b22c3b2ac5d215902235ee20e35,ee2c27fad69feabdffbe15a5f23fadde4d1abe42d7e72c0aa70906024c91ef11,0
current_0293,SENSOR_CONTROL,sensor_bias,permanent,8.9,0,26800,18500,operating_family_2,development-train,current_profile_0293,"[{""ambient_temp_c"": 34.141, ""end_ms"": 18100, ""engine_load"": 0.4954131, ""external_airflow_factor"": 0, ""road_slope_percent"": 0, ""start_ms"": 0, ""vehicle_speed_kph"": 14.489999999999998}, {""ambient_temp_c"": 34.141, ""end_ms"": 49300, ""engine_load"": 0.71799, ""external_airflow_factor"": 0, ""road_slope_percent"": 0, ""start_ms"": 18100, ""vehicle_speed_kph"": 21}, {""ambient_temp_c"": 34.141, ""end_ms"": 87100, ""engine_load"": 0.5959317, ""external_airflow_factor"": 0, ""road_slope_percent"": 0, ""start_ms"": 49300, ""vehicle_speed_kph"": 17.43}, {""ambient_temp_c"": 34.141, ""end_ms"": 120000, ""engine_load"": 0.6820904999999999, ""external_airflow_factor"": 0, ""road_slope_percent"": 0, ""start_ms"": 87100, ""vehicle_speed_kph"": 19.95}]","[[30000, 99], [60000, 92]]",authorized_updates,1522,120000,0:0:6000,60bcd67c33f96c5acc67705d830cf55baeddfc29275a8fc8da68460ff9b378c6,f36927decd9f9a015ed285d14ef3bdb7daec8a129ac2de17f06f1186bc00295d,0
current_0294,SENSOR_CONTROL,sensor_interface_intermittent,transient,0.5,0,24700,9700,operating_family_2,development-train,current_profile_0294,"[{""ambient_temp_c"": 34.144, ""end_ms"": 18100, ""engine_load"": 0.4955303999999999, ""external_airflow_factor"": 0, ""road_slope_percent"": 0, ""start_ms"": 0, ""vehicle_speed_kph"": 14.489999999999998}, {""ambient_temp_c"": 34.144, ""end_ms"": 49300, ""engine_load"": 0.7181599999999999, ""external_airflow_factor"": 0, ""road_slope_percent"": 0, ""start_ms"": 18100, ""vehicle_speed_kph"": 21}, {""ambient_temp_c"": 34.144, ""end_ms"": 87100, ""engine_load"": 0.5960727999999998, ""external_airflow_factor"": 0, ""road_slope_percent"": 0, ""start_ms"": 49300, ""vehicle_speed_kph"": 17.43}, {""ambient_temp_c"": 34.144, ""end_ms"": 120000, ""engine_load"": 0.6822519999999999, ""external_airflow_factor"": 0, ""road_slope_percent"": 0, ""start_ms"": 87100, ""vehicle_speed_kph"": 19.95}]",[],static_target,1523,120000,0:0:6000,81d997b74cf85a16a8fe4367ce69cb3b887cb827938a726ee20e47e658ec3b49,878011a6c0177e5089f219cc11dd30660c33b39a2dcef3602b4dd1749a774b79,0
current_0295,SENSOR_CONTROL,sensor_interface_intermittent,transient,1.5,0,25000,13700,operating_family_2,development-train,current_profile_0295,"[{""ambient_temp_c"": 34.147, ""end_ms"": 18100, ""engine_load"": 0.4956476999999999, ""external_airflow_factor"": 0, ""road_slope_percent"": 0, ""start_ms"": 0, ""vehicle_speed_kph"": 14.489999999999998}, {""ambient_temp_c"": 34.147, ""end_ms"": 49300, ""engine_load"": 0.7183299999999999, ""external_airflow_factor"": 0, ""road_slope_percent"": 0, ""start_ms"": 18100, ""vehicle_speed_kph"": 21}, {""ambient_temp_c"": 34.147, ""end_ms"": 87100, ""engine_load"": 0.5962138999999999, ""external_airflow_factor"": 0, ""road_slope_percent"": 0, ""start_ms"": 49300, ""vehicle_speed_kph"": 17.43}, {""ambient_temp_c"": 34.147, ""end_ms"": 120000, ""engine_load"": 0.6824134999999999, ""external_airflow_factor"": 0, ""road_slope_percent"": 0, ""start_ms"": 87100, ""vehicle_speed_kph"": 19.95}]","[[30000, 99], [60000, 92]]",authorized_updates,1524,120000,0:0:6000,99d9e588c7ba4edea1a9f56a09a370b9acf8c8adfb17c05a24a14e8c88f13a70,04e290e46aef37ec65ac4075d7146bd98c8301d0fc690f55e53010ee39981fe5,0
current_0296,SENSOR_CONTROL,sensor_interface_intermittent,transient,4.1,0,25300,18500,operating_family_2,development-train,current_profile_0296,"[{""ambient_temp_c"": 34.15, ""end_ms"": 18100, ""engine_load"": 0.4957649999999999, ""external_airflow_factor"": 0, ""road_slope_percent"": 0, ""start_ms"": 0, ""vehicle_speed_kph"": 14.489999999999998}, {""ambient_temp_c"": 34.15, ""end_ms"": 49300, ""engine_load"": 0.7184999999999999, ""external_airflow_factor"": 0, ""road_slope_percent"": 0, ""start_ms"": 18100, ""vehicle_speed_kph"": 21}, {""ambient_temp_c"": 34.15, ""end_ms"": 87100, ""engine_load"": 0.5963549999999999, ""external_airflow_factor"": 0, ""road_slope_percent"": 0, ""start_ms"": 49300, ""vehicle_speed_kph"": 17.43}, {""ambient_temp_c"": 34.15, ""end_ms"": 120000, ""engine_load"": 0.6825749999999999, ""external_airflow_factor"": 0, ""road_slope_percent"": 0, ""start_ms"": 87100, ""vehicle_speed_kph"": 19.95}]",[],static_target,1525,120000,0:0:6000,06f7b5275bb72227faf50429df8632555cbbdc3467c42aa4426064d1c219d259,1c57b480e267e00ea50d9281ffd17503c0584b4985dd20fa19123c12bccb7ca3,0
current_0297,SENSOR_CONTROL,sensor_interface_intermittent,transient,8.1,0,25600,9700,operating_family_2,development-train,current_profile_0297,"[{""ambient_temp_c"": 34.153, ""end_ms"": 18100, ""engine_load"": 0.4958822999999999, ""external_airflow_factor"": 0, ""road_slope_percent"": 0, ""start_ms"": 0, ""vehicle_speed_kph"": 14.489999999999998}, {""ambient_temp_c"": 34.153, ""end_ms"": 49300, ""engine_load"": 0.7186699999999999, ""external_airflow_factor"": 0, ""road_slope_percent"": 0, ""start_ms"": 18100, ""vehicle_speed_kph"": 21}, {""ambient_temp_c"": 34.153, ""end_ms"": 87100, ""engine_load"": 0.5964960999999999, ""external_airflow_factor"": 0, ""road_slope_percent"": 0, ""start_ms"": 49300, ""vehicle_speed_kph"": 17.43}, {""ambient_temp_c"": 34.153, ""end_ms"": 120000, ""engine_load"": 0.6827364999999999, ""external_airflow_factor"": 0, ""road_slope_percent"": 0, ""start_ms"": 87100, ""vehicle_speed_kph"": 19.95}]","[[30000, 99], [60000, 92]]",authorized_updates,1526,120000,0:0:6000,28472eb3bb3f4ba035acb43e96fc559b939d45a41714cb0efd4ab2c1a3b75aca,3b431e28d42d7bb4212478dd20b84fae1fa658dba24678f754a6d8112bd2612b,0
current_0298,SENSOR_CONTROL,sensor_interface_intermittent,intermittent,0.5,0,25900,13700,operating_family_2,development-train,current_profile_0298,"[{""ambient_temp_c"": 34.156, ""end_ms"": 18100, ""engine_load"": 0.49599959999999993, ""external_airflow_factor"": 0, ""road_slope_percent"": 0, ""start_ms"": 0, ""vehicle_speed_kph"": 14.489999999999998}, {""ambient_temp_c"": 34.156, ""end_ms"": 49300, ""engine_load"": 0.7188399999999999, ""external_airflow_factor"": 0, ""road_slope_percent"": 0, ""start_ms"": 18100, ""vehicle_speed_kph"": 21}, {""ambient_temp_c"": 34.156, ""end_ms"": 87100, ""engine_load"": 0.5966371999999999, ""external_airflow_factor"": 0, ""road_slope_percent"": 0, ""start_ms"": 49300, ""vehicle_speed_kph"": 17.43}, {""ambient_temp_c"": 34.156, ""end_ms"": 120000, ""engine_load"": 0.6828979999999999, ""external_airflow_factor"": 0, ""road_slope_percent"": 0, ""start_ms"": 87100, ""vehicle_speed_kph"": 19.95}]",[],static_target,1527,120000,0:0:6000,4a0fa82ac3d729fef09c873f6ad97cc5291dbc4334246383269d2d27b3353218,94eccc412789bcfd44dda97f2437fc4deccd89836784f445ac45d2503f7d9771,0
current_0299,SENSOR_CONTROL,sensor_interface_intermittent,intermittent,1.5,0,26200,18500,operating_family_2,development-train,current_profile_0299,"[{""ambient_temp_c"": 34.159, ""end_ms"": 18100, ""engine_load"": 0.4961168999999999, ""external_airflow_factor"": 0, ""road_slope_percent"": 0, ""start_ms"": 0, ""vehicle_speed_kph"": 14.489999999999998}, {""ambient_temp_c"": 34.159, ""end_ms"": 49300, ""engine_load"": 0.7190099999999999, ""external_airflow_factor"": 0, ""road_slope_percent"": 0, ""start_ms"": 18100, ""vehicle_speed_kph"": 21}, {""ambient_temp_c"": 34.159, ""end_ms"": 87100, ""engine_load"": 0.5967782999999999, ""external_airflow_factor"": 0, ""road_slope_percent"": 0, ""start_ms"": 49300, ""vehicle_speed_kph"": 17.43}, {""ambient_temp_c"": 34.159, ""end_ms"": 120000, ""engine_load"": 0.6830594999999999, ""external_airflow_factor"": 0, ""road_slope_percent"": 0, ""start_ms"": 87100, ""vehicle_speed_kph"": 19.95}]","[[30000, 99], [60000, 92]]",authorized_updates,1528,120000,0:0:6000,38e39971d2b588e6b6ef715eda6ec1d92f87a2b5cf09919a518f69d1b71dfc59,12cf1b3db3d4394ea8ce7ae954e1046478de46a41cf13c2007abb33523e769a8,0
current_0300,SENSOR_CONTROL,sensor_interface_intermittent,intermittent,4.1,0,26500,9700,operating_family_2,development-train,current_profile_0300,"[{""ambient_temp_c"": 34.162, ""end_ms"": 18100, ""engine_load"": 0.4962341999999999, ""external_airflow_factor"": 0, ""road_slope_percent"": 0, ""start_ms"": 0, ""vehicle_speed_kph"": 14.489999999999998}, {""ambient_temp_c"": 34.162, ""end_ms"": 49300, ""engine_load"": 0.7191799999999999, ""external_airflow_factor"": 0, ""road_slope_percent"": 0, ""start_ms"": 18100, ""vehicle_speed_kph"": 21}, {""ambient_temp_c"": 34.162, ""end_ms"": 87100, ""engine_load"": 0.5969193999999999, ""external_airflow_factor"": 0, ""road_slope_percent"": 0, ""start_ms"": 49300, ""vehicle_speed_kph"": 17.43}, {""ambient_temp_c"": 34.162, ""end_ms"": 120000, ""engine_load"": 0.6832209999999999, ""external_airflow_factor"": 0, ""road_slope_percent"": 0, ""start_ms"": 87100, ""vehicle_speed_kph"": 19.95}]",[],static_target,1529,120000,0:0:6000,e4795d317ae0f813d07e699e422909c9a5bf8c50885d2327e7e42d5edcb6f17d,b5a319f2e50b204dca69df8378c6c25ebfd2cb2ef0533c7aa68d3d201cba01aa,0
current_0301,SENSOR_CONTROL,sensor_interface_intermittent,intermittent,8.1,0,26800,13700,operating_family_2,development-train,current_profile_0301,"[{""ambient_temp_c"": 34.165, ""end_ms"": 18100, ""engine_load"": 0.4963514999999999, ""external_airflow_factor"": 0, ""road_slope_percent"": 0, ""start_ms"": 0, ""vehicle_speed_kph"": 14.489999999999998}, {""ambient_temp_c"": 34.165, ""end_ms"": 49300, ""engine_load"": 0.7193499999999999, ""external_airflow_factor"": 0, ""road_slope_percent"": 0, ""start_ms"": 18100, ""vehicle_speed_kph"": 21}, {""ambient_temp_c"": 34.165, ""end_ms"": 87100, ""engine_load"": 0.5970604999999999, ""external_airflow_factor"": 0, ""road_slope_percent"": 0, ""start_ms"": 49300, ""vehicle_speed_kph"": 17.43}, {""ambient_temp_c"": 34.165, ""end_ms"": 120000, ""engine_load"": 0.6833824999999999, ""external_airflow_factor"": 0, ""road_slope_percent"": 0, ""start_ms"": 87100, ""vehicle_speed_kph"": 19.95}]","[[30000, 99], [60000, 92]]",authorized_updates,1530,120000,0:0:6000,84f7b982a8e2f76a229a2b134d229a45500829247bc741dfb76456bdcd226213,0376b4877fc8a888cda2ca35480e130f45ee6d7727834501b5f07569ae18e531,0
current_0302,SENSOR_CONTROL,sensor_interface_intermittent,permanent,0.5,0,24700,18500,operating_family_2,development-train,current_profile_0302,"[{""ambient_temp_c"": 34.168, ""end_ms"": 18100, ""engine_load"": 0.49646879999999993, ""external_airflow_factor"": 0, ""road_slope_percent"": 0, ""start_ms"": 0, ""vehicle_speed_kph"": 14.489999999999998}, {""ambient_temp_c"": 34.168, ""end_ms"": 49300, ""engine_load"": 0.7195199999999999, ""external_airflow_factor"": 0, ""road_slope_percent"": 0, ""start_ms"": 18100, ""vehicle_speed_kph"": 21}, {""ambient_temp_c"": 34.168, ""end_ms"": 87100, ""engine_load"": 0.5972015999999999, ""external_airflow_factor"": 0, ""road_slope_percent"": 0, ""start_ms"": 49300, ""vehicle_speed_kph"": 17.43}, {""ambient_temp_c"": 34.168, ""end_ms"": 120000, ""engine_load"": 0.6835439999999999, ""external_airflow_factor"": 0, ""road_slope_percent"": 0, ""start_ms"": 87100, ""vehicle_speed_kph"": 19.95}]",[],static_target,1531,120000,0:0:6000,5492808f20f07fef1b17700a30a20480f466c5d6699c34f06f0da026d0b01994,70cea84aff6833db827becab0f7b877fdb6d7e68110518d8192fb9d683bf8fcd,0
current_0303,SENSOR_CONTROL,sensor_interface_intermittent,permanent,1.5,0,25000,9700,operating_family_2,development-train,current_profile_0303,"[{""ambient_temp_c"": 34.171, ""end_ms"": 18100, ""engine_load"": 0.4965860999999999, ""external_airflow_factor"": 0, ""road_slope_percent"": 0, ""start_ms"": 0, ""vehicle_speed_kph"": 14.489999999999998}, {""ambient_temp_c"": 34.171, ""end_ms"": 49300, ""engine_load"": 0.7196899999999999, ""external_airflow_factor"": 0, ""road_slope_percent"": 0, ""start_ms"": 18100, ""vehicle_speed_kph"": 21}, {""ambient_temp_c"": 34.171, ""end_ms"": 87100, ""engine_load"": 0.5973426999999999, ""external_airflow_factor"": 0, ""road_slope_percent"": 0, ""start_ms"": 49300, ""vehicle_speed_kph"": 17.43}, {""ambient_temp_c"": 34.171, ""end_ms"": 120000, ""engine_load"": 0.6837055, ""external_airflow_factor"": 0, ""road_slope_percent"": 0, ""start_ms"": 87100, ""vehicle_speed_kph"": 19.95}]","[[30000, 99], [60000, 92]]",authorized_updates,1532,120000,0:0:6000,c1d20a3f9fbe38cbab3d3aba195dc715be39389ed95b0af9fc898329d907b43c,20485d3b7da1b671e0ff0fb1f600a3d520882d8a62f5c86db43642dfdfd9cbfb,0
current_0304,SENSOR_CONTROL,sensor_interface_intermittent,permanent,4.1,0,25300,13700,operating_family_2,development-train,current_profile_0304,"[{""ambient_temp_c"": 34.174, ""end_ms"": 18100, ""engine_load"": 0.4967033999999999, ""external_airflow_factor"": 0, ""road_slope_percent"": 0, ""start_ms"": 0, ""vehicle_speed_kph"": 14.489999999999998}, {""ambient_temp_c"": 34.174, ""end_ms"": 49300, ""engine_load"": 0.7198599999999999, ""external_airflow_factor"": 0, ""road_slope_percent"": 0, ""start_ms"": 18100, ""vehicle_speed_kph"": 21}, {""ambient_temp_c"": 34.174, ""end_ms"": 87100, ""engine_load"": 0.5974837999999999, ""external_airflow_factor"": 0, ""road_slope_percent"": 0, ""start_ms"": 49300, ""vehicle_speed_kph"": 17.43}, {""ambient_temp_c"": 34.174, ""end_ms"": 120000, ""engine_load"": 0.6838669999999999, ""external_airflow_factor"": 0, ""road_slope_percent"": 0, ""start_ms"": 87100, ""vehicle_speed_kph"": 19.95}]",[],static_target,1533,120000,0:0:6000,0a49c7a833d0ba50472c3019e202a94862d6c4c20a3777d002af985532c3aa0a,c6fae2756272d961b40c1cdc8a31aaaccd3e56d9a80a76b15a8e6545012e06aa,0
current_0305,SENSOR_CONTROL,sensor_interface_intermittent,permanent,8.1,0,25600,18500,operating_family_2,development-train,current_profile_0305,"[{""ambient_temp_c"": 34.177, ""end_ms"": 18100, ""engine_load"": 0.49682069999999995, ""external_airflow_factor"": 0, ""road_slope_percent"": 0, ""start_ms"": 0, ""vehicle_speed_kph"": 14.489999999999998}, {""ambient_temp_c"": 34.177, ""end_ms"": 49300, ""engine_load"": 0.72003, ""external_airflow_factor"": 0, ""road_slope_percent"": 0, ""start_ms"": 18100, ""vehicle_speed_kph"": 21}, {""ambient_temp_c"": 34.177, ""end_ms"": 87100, ""engine_load"": 0.5976248999999999, ""external_airflow_factor"": 0, ""road_slope_percent"": 0, ""start_ms"": 49300, ""vehicle_speed_kph"": 17.43}, {""ambient_temp_c"": 34.177, ""end_ms"": 120000, ""engine_load"": 0.6840284999999999, ""external_airflow_factor"": 0, ""road_slope_percent"": 0, ""start_ms"": 87100, ""vehicle_speed_kph"": 19.95}]","[[30000, 99], [60000, 92]]",authorized_updates,1534,120000,0:0:6000,e3fe14bc1323ffe237d18c51188c9a08bf27a4f69e11193dc92154e35afb1d4e,57b379a1cfea1f3133268a0cdc5585769a7f9ca2d11d018a0519b96157569103,0
current_0306,COMMUNICATION,delayed_update,transient,100,0,25900,9700,operating_family_2,development-train,current_profile_0306,"[{""ambient_temp_c"": 34.18, ""end_ms"": 18100, ""engine_load"": 0.49693799999999994, ""external_airflow_factor"": 0, ""road_slope_percent"": 0, ""start_ms"": 0, ""vehicle_speed_kph"": 14.489999999999998}, {""ambient_temp_c"": 34.18, ""end_ms"": 49300, ""engine_load"": 0.7202, ""external_airflow_factor"": 0, ""road_slope_percent"": 0, ""start_ms"": 18100, ""vehicle_speed_kph"": 21}, {""ambient_temp_c"": 34.18, ""end_ms"": 87100, ""engine_load"": 0.5977659999999999, ""external_airflow_factor"": 0, ""road_slope_percent"": 0, ""start_ms"": 49300, ""vehicle_speed_kph"": 17.43}, {""ambient_temp_c"": 34.18, ""end_ms"": 120000, ""engine_load"": 0.68419, ""external_airflow_factor"": 0, ""road_slope_percent"": 0, ""start_ms"": 87100, ""vehicle_speed_kph"": 19.95}]",[],static_target,1535,120000,0:0:6000,ed95c13d27aef1a07aa595ffcfb3f75e8e5b84d071363a87206cfd151bae408d,a12413119a48cec43e1fc1f242703937e39dd21a33634acf8cfb234a6e07868e,0
current_0307,COMMUNICATION,delayed_update,transient,200,0,26200,13700,operating_family_2,development-train,current_profile_0307,"[{""ambient_temp_c"": 34.183, ""end_ms"": 18100, ""engine_load"": 0.4970552999999999, ""external_airflow_factor"": 0, ""road_slope_percent"": 0, ""start_ms"": 0, ""vehicle_speed_kph"": 14.489999999999998}, {""ambient_temp_c"": 34.183, ""end_ms"": 49300, ""engine_load"": 0.72037, ""external_airflow_factor"": 0, ""road_slope_percent"": 0, ""start_ms"": 18100, ""vehicle_speed_kph"": 21}, {""ambient_temp_c"": 34.183, ""end_ms"": 87100, ""engine_load"": 0.5979070999999999, ""external_airflow_factor"": 0, ""road_slope_percent"": 0, ""start_ms"": 49300, ""vehicle_speed_kph"": 17.43}, {""ambient_temp_c"": 34.183, ""end_ms"": 120000, ""engine_load"": 0.6843514999999999, ""external_airflow_factor"": 0, ""road_slope_percent"": 0, ""start_ms"": 87100, ""vehicle_speed_kph"": 19.95}]","[[30000, 99], [60000, 92]]",authorized_updates,1536,120000,0:0:6000,53941cb59a0a800097948b5cb90a60902c31758743a538db5c3804233e8a9a58,607f885cc72f765ada18b5fefbfe7b11062eb7d836f43664464e724ef42a8258,0
current_0308,COMMUNICATION,delayed_update,transient,500,0,26500,18500,operating_family_2,development-train,current_profile_0308,"[{""ambient_temp_c"": 34.186, ""end_ms"": 18100, ""engine_load"": 0.4971725999999999, ""external_airflow_factor"": 0, ""road_slope_percent"": 0, ""start_ms"": 0, ""vehicle_speed_kph"": 14.489999999999998}, {""ambient_temp_c"": 34.186, ""end_ms"": 49300, ""engine_load"": 0.72054, ""external_airflow_factor"": 0, ""road_slope_percent"": 0, ""start_ms"": 18100, ""vehicle_speed_kph"": 21}, {""ambient_temp_c"": 34.186, ""end_ms"": 87100, ""engine_load"": 0.5980481999999999, ""external_airflow_factor"": 0, ""road_slope_percent"": 0, ""start_ms"": 49300, ""vehicle_speed_kph"": 17.43}, {""ambient_temp_c"": 34.186, ""end_ms"": 120000, ""engine_load"": 0.6845129999999999, ""external_airflow_factor"": 0, ""road_slope_percent"": 0, ""start_ms"": 87100, ""vehicle_speed_kph"": 19.95}]",[],static_target,1537,120000,0:0:6000,2e2383c31e49902246f9616ef52df9f336a1f9edf34bb5966a0b9d4d0f57b1ef,244dbf94d72b6ab21983c55c1bdca264ff4b6001a98ebcb7b3977a16d6a9ff00,0
current_0309,COMMUNICATION,delayed_update,intermittent,100,0,26800,9700,operating_family_2,development-train,current_profile_0309,"[{""ambient_temp_c"": 34.189, ""end_ms"": 18100, ""engine_load"": 0.49728989999999995, ""external_airflow_factor"": 0, ""road_slope_percent"": 0, ""start_ms"": 0, ""vehicle_speed_kph"": 14.489999999999998}, {""ambient_temp_c"": 34.189, ""end_ms"": 49300, ""engine_load"": 0.72071, ""external_airflow_factor"": 0, ""road_slope_percent"": 0, ""start_ms"": 18100, ""vehicle_speed_kph"": 21}, {""ambient_temp_c"": 34.189, ""end_ms"": 87100, ""engine_load"": 0.5981892999999999, ""external_airflow_factor"": 0, ""road_slope_percent"": 0, ""start_ms"": 49300, ""vehicle_speed_kph"": 17.43}, {""ambient_temp_c"": 34.189, ""end_ms"": 120000, ""engine_load"": 0.6846745, ""external_airflow_factor"": 0, ""road_slope_percent"": 0, ""start_ms"": 87100, ""vehicle_speed_kph"": 19.95}]","[[30000, 99], [60000, 92]]",authorized_updates,1538,120000,0:0:6000,bd5519a4fd47f1050c387fcc3e19d53a7174eeea0667d4ae999a7cedeabf2bed,d470c07ef44f3a7f72c3d20c5ba87f5663a9ea63f8c472211122339ed058e9d6,0
current_0310,COMMUNICATION,delayed_update,intermittent,200,0,24700,13700,operating_family_2,development-train,current_profile_0310,"[{""ambient_temp_c"": 34.192, ""end_ms"": 18100, ""engine_load"": 0.49740719999999994, ""external_airflow_factor"": 0, ""road_slope_percent"": 0, ""start_ms"": 0, ""vehicle_speed_kph"": 14.489999999999998}, {""ambient_temp_c"": 34.192, ""end_ms"": 49300, ""engine_load"": 0.72088, ""external_airflow_factor"": 0, ""road_slope_percent"": 0, ""start_ms"": 18100, ""vehicle_speed_kph"": 21}, {""ambient_temp_c"": 34.192, ""end_ms"": 87100, ""engine_load"": 0.5983303999999999, ""external_airflow_factor"": 0, ""road_slope_percent"": 0, ""start_ms"": 49300, ""vehicle_speed_kph"": 17.43}, {""ambient_temp_c"": 34.192, ""end_ms"": 120000, ""engine_load"": 0.6848359999999999, ""external_airflow_factor"": 0, ""road_slope_percent"": 0, ""start_ms"": 87100, ""vehicle_speed_kph"": 19.95}]",[],static_target,1539,120000,0:0:6000,c624dbe3f1e6988bbfb03b5d03f60715445dd08f002fe096b7563f2c9c222404,aedb3bf8a5f2cbb89034a6b860951fe85e7a379077629f34a87c74cd35c38bcf,0
current_0311,COMMUNICATION,delayed_update,intermittent,500,0,25000,18500,operating_family_2,development-train,current_profile_0311,"[{""ambient_temp_c"": 34.195, ""end_ms"": 18100, ""engine_load"": 0.4975244999999999, ""external_airflow_factor"": 0, ""road_slope_percent"": 0, ""start_ms"": 0, ""vehicle_speed_kph"": 14.489999999999998}, {""ambient_temp_c"": 34.195, ""end_ms"": 49300, ""engine_load"": 0.72105, ""external_airflow_factor"": 0, ""road_slope_percent"": 0, ""start_ms"": 18100, ""vehicle_speed_kph"": 21}, {""ambient_temp_c"": 34.195, ""end_ms"": 87100, ""engine_load"": 0.5984714999999999, ""external_airflow_factor"": 0, ""road_slope_percent"": 0, ""start_ms"": 49300, ""vehicle_speed_kph"": 17.43}, {""ambient_temp_c"": 34.195, ""end_ms"": 120000, ""engine_load"": 0.6849974999999999, ""external_airflow_factor"": 0, ""road_slope_percent"": 0, ""start_ms"": 87100, ""vehicle_speed_kph"": 19.95}]","[[30000, 99], [60000, 92]]",authorized_updates,1540,120000,0:0:6000,fa52d72ed928c9331d4903299682d7e9e21dd045fd42d36cff5ddc81f5897caa,ce5b19de902ee75d10f274b51cc27f9c2d5a165b56797148a011a807fe27eec2,0
current_0312,COMMUNICATION,delayed_update,permanent,100,0,25300,9700,operating_family_2,development-train,current_profile_0312,"[{""ambient_temp_c"": 34.198, ""end_ms"": 18100, ""engine_load"": 0.49764179999999997, ""external_airflow_factor"": 0, ""road_slope_percent"": 0, ""start_ms"": 0, ""vehicle_speed_kph"": 14.489999999999998}, {""ambient_temp_c"": 34.198, ""end_ms"": 49300, ""engine_load"": 0.72122, ""external_airflow_factor"": 0, ""road_slope_percent"": 0, ""start_ms"": 18100, ""vehicle_speed_kph"": 21}, {""ambient_temp_c"": 34.198, ""end_ms"": 87100, ""engine_load"": 0.5986125999999999, ""external_airflow_factor"": 0, ""road_slope_percent"": 0, ""start_ms"": 49300, ""vehicle_speed_kph"": 17.43}, {""ambient_temp_c"": 34.198, ""end_ms"": 120000, ""engine_load"": 0.685159, ""external_airflow_factor"": 0, ""road_slope_percent"": 0, ""start_ms"": 87100, ""vehicle_speed_kph"": 19.95}]",[],static_target,1541,120000,0:0:6000,672ba5e3a87b22718fdb93331549850b8f0f60895696ed2c761804755966a061,83621171d4159c67523ac0962a0a9ce0dd329fb1c447476767c43efccdc1e8d5,0
current_0313,COMMUNICATION,delayed_update,permanent,200,0,25600,13700,operating_family_2,development-train,current_profile_0313,"[{""ambient_temp_c"": 34.201, ""end_ms"": 18100, ""engine_load"": 0.49775909999999995, ""external_airflow_factor"": 0, ""road_slope_percent"": 0, ""start_ms"": 0, ""vehicle_speed_kph"": 14.489999999999998}, {""ambient_temp_c"": 34.201, ""end_ms"": 49300, ""engine_load"": 0.72139, ""external_airflow_factor"": 0, ""road_slope_percent"": 0, ""start_ms"": 18100, ""vehicle_speed_kph"": 21}, {""ambient_temp_c"": 34.201, ""end_ms"": 87100, ""engine_load"": 0.5987536999999999, ""external_airflow_factor"": 0, ""road_slope_percent"": 0, ""start_ms"": 49300, ""vehicle_speed_kph"": 17.43}, {""ambient_temp_c"": 34.201, ""end_ms"": 120000, ""engine_load"": 0.6853205, ""external_airflow_factor"": 0, ""road_slope_percent"": 0, ""start_ms"": 87100, ""vehicle_speed_kph"": 19.95}]","[[30000, 99], [60000, 92]]",authorized_updates,1542,120000,0:0:6000,357b1cf22523d0422816226a40fc6072fb3214786da4aaa7f753b46ca3bd4e2b,87abe41c30560c9fa21d95aad2728947e20cf69541341d7a5da5d3891905b310,0
current_0314,COMMUNICATION,delayed_update,permanent,500,0,25900,18500,operating_family_2,development-train,current_profile_0314,"[{""ambient_temp_c"": 34.204, ""end_ms"": 18100, ""engine_load"": 0.49787639999999994, ""external_airflow_factor"": 0, ""road_slope_percent"": 0, ""start_ms"": 0, ""vehicle_speed_kph"": 14.489999999999998}, {""ambient_temp_c"": 34.204, ""end_ms"": 49300, ""engine_load"": 0.72156, ""external_airflow_factor"": 0, ""road_slope_percent"": 0, ""start_ms"": 18100, ""vehicle_speed_kph"": 21}, {""ambient_temp_c"": 34.204, ""end_ms"": 87100, ""engine_load"": 0.5988948, ""external_airflow_factor"": 0, ""road_slope_percent"": 0, ""start_ms"": 49300, ""vehicle_speed_kph"": 17.43}, {""ambient_temp_c"": 34.204, ""end_ms"": 120000, ""engine_load"": 0.6854819999999999, ""external_airflow_factor"": 0, ""road_slope_percent"": 0, ""start_ms"": 87100, ""vehicle_speed_kph"": 19.95}]",[],static_target,1543,120000,0:0:6000,dce5f2635eef604b1331865e02a239d5da79cd9363746a18bb1e5e109913b0df,2b2be6edbf33fd61b8a72071f36ae139e9595342f2be68b5e92384da723a6af9,0
current_0315,COMMUNICATION,dropped_update,transient,1,0,26200,9700,operating_family_2,development-train,current_profile_0315,"[{""ambient_temp_c"": 34.207, ""end_ms"": 18100, ""engine_load"": 0.49799369999999993, ""external_airflow_factor"": 0, ""road_slope_percent"": 0, ""start_ms"": 0, ""vehicle_speed_kph"": 14.489999999999998}, {""ambient_temp_c"": 34.207, ""end_ms"": 49300, ""engine_load"": 0.72173, ""external_airflow_factor"": 0, ""road_slope_percent"": 0, ""start_ms"": 18100, ""vehicle_speed_kph"": 21}, {""ambient_temp_c"": 34.207, ""end_ms"": 87100, ""engine_load"": 0.5990359, ""external_airflow_factor"": 0, ""road_slope_percent"": 0, ""start_ms"": 49300, ""vehicle_speed_kph"": 17.43}, {""ambient_temp_c"": 34.207, ""end_ms"": 120000, ""engine_load"": 0.6856435, ""external_airflow_factor"": 0, ""road_slope_percent"": 0, ""start_ms"": 87100, ""vehicle_speed_kph"": 19.95}]","[[30000, 99], [60000, 92]]",authorized_updates,1544,120000,0:0:6000,be9033b07a76781e9f5f8bda94a2ebd0c7492e569a762299367455a77d2dc587,d7f0bd71c7fee0e01e16e06365526f6055600b11feea0dd0c31f238fe4fe622b,0
current_0316,COMMUNICATION,dropped_update,transient,3,0,26500,13700,operating_family_2,development-train,current_profile_0316,"[{""ambient_temp_c"": 34.21, ""end_ms"": 18100, ""engine_load"": 0.49811099999999997, ""external_airflow_factor"": 0, ""road_slope_percent"": 0, ""start_ms"": 0, ""vehicle_speed_kph"": 14.489999999999998}, {""ambient_temp_c"": 34.21, ""end_ms"": 49300, ""engine_load"": 0.7219, ""external_airflow_factor"": 0, ""road_slope_percent"": 0, ""start_ms"": 18100, ""vehicle_speed_kph"": 21}, {""ambient_temp_c"": 34.21, ""end_ms"": 87100, ""engine_load"": 0.599177, ""external_airflow_factor"": 0, ""road_slope_percent"": 0, ""start_ms"": 49300, ""vehicle_speed_kph"": 17.43}, {""ambient_temp_c"": 34.21, ""end_ms"": 120000, ""engine_load"": 0.685805, ""external_airflow_factor"": 0, ""road_slope_percent"": 0, ""start_ms"": 87100, ""vehicle_speed_kph"": 19.95}]",[],static_target,1545,120000,0:0:6000,dbdc68ab283a5b1c14388386abcd47c0caa7c583e545f8d6f78c437f27ebfb9b,619080ad4c8f1c75d3f6b4f96b77b627be07ff29b0376a8730ec61473e7e41a4,0
current_0317,COMMUNICATION,dropped_update,transient,7,0,26800,18500,operating_family_2,development-train,current_profile_0317,"[{""ambient_temp_c"": 34.213, ""end_ms"": 18100, ""engine_load"": 0.49822829999999996, ""external_airflow_factor"": 0, ""road_slope_percent"": 0, ""start_ms"": 0, ""vehicle_speed_kph"": 14.489999999999998}, {""ambient_temp_c"": 34.213, ""end_ms"": 49300, ""engine_load"": 0.72207, ""external_airflow_factor"": 0, ""road_slope_percent"": 0, ""start_ms"": 18100, ""vehicle_speed_kph"": 21}, {""ambient_temp_c"": 34.213, ""end_ms"": 87100, ""engine_load"": 0.5993181, ""external_airflow_factor"": 0, ""road_slope_percent"": 0, ""start_ms"": 49300, ""vehicle_speed_kph"": 17.43}, {""ambient_temp_c"": 34.213, ""end_ms"": 120000, ""engine_load"": 0.6859664999999999, ""external_airflow_factor"": 0, ""road_slope_percent"": 0, ""start_ms"": 87100, ""vehicle_speed_kph"": 19.95}]","[[30000, 99], [60000, 92]]",authorized_updates,1546,120000,0:0:6000,7fd4d23153a5a6129ef5efabd2f920214ec1124cc1078c6b90bc820298935b4e,dafa24be9755f4342b3469a5d2330dbcb590f3f1b99c6d439f0956fdbb1e33c1,0
current_0318,COMMUNICATION,dropped_update,intermittent,1,0,24700,9700,operating_family_2,development-train,current_profile_0318,"[{""ambient_temp_c"": 34.216, ""end_ms"": 18100, ""engine_load"": 0.49834559999999994, ""external_airflow_factor"": 0, ""road_slope_percent"": 0, ""start_ms"": 0, ""vehicle_speed_kph"": 14.489999999999998}, {""ambient_temp_c"": 34.216, ""end_ms"": 49300, ""engine_load"": 0.72224, ""external_airflow_factor"": 0, ""road_slope_percent"": 0, ""start_ms"": 18100, ""vehicle_speed_kph"": 21}, {""ambient_temp_c"": 34.216, ""end_ms"": 87100, ""engine_load"": 0.5994592, ""external_airflow_factor"": 0, ""road_slope_percent"": 0, ""start_ms"": 49300, ""vehicle_speed_kph"": 17.43}, {""ambient_temp_c"": 34.216, ""end_ms"": 120000, ""engine_load"": 0.686128, ""external_airflow_factor"": 0, ""road_slope_percent"": 0, ""start_ms"": 87100, ""vehicle_speed_kph"": 19.95}]",[],static_target,1547,120000,0:0:6000,399a66abc55891c6dac66d11197e81c6dcb364209a5e2d5744ae449e31aa27ef,7e5e733cf35cf6ff335aab828fad9ff30bb9504bc49340af6ba29ba32af4ee05,0
current_0319,COMMUNICATION,dropped_update,intermittent,3,0,25000,13700,operating_family_2,development-train,current_profile_0319,"[{""ambient_temp_c"": 34.219, ""end_ms"": 18100, ""engine_load"": 0.4984629, ""external_airflow_factor"": 0, ""road_slope_percent"": 0, ""start_ms"": 0, ""vehicle_speed_kph"": 14.489999999999998}, {""ambient_temp_c"": 34.219, ""end_ms"": 49300, ""engine_load"": 0.72241, ""external_airflow_factor"": 0, ""road_slope_percent"": 0, ""start_ms"": 18100, ""vehicle_speed_kph"": 21}, {""ambient_temp_c"": 34.219, ""end_ms"": 87100, ""engine_load"": 0.5996003, ""external_airflow_factor"": 0, ""road_slope_percent"": 0, ""start_ms"": 49300, ""vehicle_speed_kph"": 17.43}, {""ambient_temp_c"": 34.219, ""end_ms"": 120000, ""engine_load"": 0.6862895, ""external_airflow_factor"": 0, ""road_slope_percent"": 0, ""start_ms"": 87100, ""vehicle_speed_kph"": 19.95}]","[[30000, 99], [60000, 92]]",authorized_updates,1548,120000,0:0:6000,a18ba9ae4a08f2529e5104dd961b5ca39540a2c1bd84049f849f2af7de5343a8,fed99f1a94b2f012fc5f84c0477f761b347983724ffd16a73cdd8088166e0e19,0
current_0320,COMMUNICATION,dropped_update,intermittent,7,0,25300,18500,operating_family_2,development-train,current_profile_0320,"[{""ambient_temp_c"": 34.222, ""end_ms"": 18100, ""engine_load"": 0.4985802, ""external_airflow_factor"": 0, ""road_slope_percent"": 0, ""start_ms"": 0, ""vehicle_speed_kph"": 14.489999999999998}, {""ambient_temp_c"": 34.222, ""end_ms"": 49300, ""engine_load"": 0.72258, ""external_airflow_factor"": 0, ""road_slope_percent"": 0, ""start_ms"": 18100, ""vehicle_speed_kph"": 21}, {""ambient_temp_c"": 34.222, ""end_ms"": 87100, ""engine_load"": 0.5997414, ""external_airflow_factor"": 0, ""road_slope_percent"": 0, ""start_ms"": 49300, ""vehicle_speed_kph"": 17.43}, {""ambient_temp_c"": 34.222, ""end_ms"": 120000, ""engine_load"": 0.6864509999999999, ""external_airflow_factor"": 0, ""road_slope_percent"": 0, ""start_ms"": 87100, ""vehicle_speed_kph"": 19.95}]",[],static_target,1549,120000,0:0:6000,910995e72c99ae67ae51b020886cc1e69dee54ce1cb59722c02f5b1256a630f3,af9309f2cd4b0278bbfe2fac2cc400eb2330424f1cfe24d61b523e6b2c319c8a,0
current_0321,COMMUNICATION,dropped_update,permanent,1,0,25600,9700,operating_family_2,development-train,current_profile_0321,"[{""ambient_temp_c"": 34.225, ""end_ms"": 18100, ""engine_load"": 0.49869749999999996, ""external_airflow_factor"": 0, ""road_slope_percent"": 0, ""start_ms"": 0, ""vehicle_speed_kph"": 14.489999999999998}, {""ambient_temp_c"": 34.225, ""end_ms"": 49300, ""engine_load"": 0.72275, ""external_airflow_factor"": 0, ""road_slope_percent"": 0, ""start_ms"": 18100, ""vehicle_speed_kph"": 21}, {""ambient_temp_c"": 34.225, ""end_ms"": 87100, ""engine_load"": 0.5998825, ""external_airflow_factor"": 0, ""road_slope_percent"": 0, ""start_ms"": 49300, ""vehicle_speed_kph"": 17.43}, {""ambient_temp_c"": 34.225, ""end_ms"": 120000, ""engine_load"": 0.6866125, ""external_airflow_factor"": 0, ""road_slope_percent"": 0, ""start_ms"": 87100, ""vehicle_speed_kph"": 19.95}]","[[30000, 99], [60000, 92]]",authorized_updates,1550,120000,0:0:6000,e92602d642520708e52980f50c30cc784af46e7ccd9a61905bcb175cf2237eb2,2500530c3f73c383cb9e25b46584fed8c163c02bb5ff1199f3b5ab2c9b007440,0
current_0322,COMMUNICATION,dropped_update,permanent,3,0,25900,13700,operating_family_2,development-train,current_profile_0322,"[{""ambient_temp_c"": 34.228, ""end_ms"": 18100, ""engine_load"": 0.49881479999999995, ""external_airflow_factor"": 0, ""road_slope_percent"": 0, ""start_ms"": 0, ""vehicle_speed_kph"": 14.489999999999998}, {""ambient_temp_c"": 34.228, ""end_ms"": 49300, ""engine_load"": 0.72292, ""external_airflow_factor"": 0, ""road_slope_percent"": 0, ""start_ms"": 18100, ""vehicle_speed_kph"": 21}, {""ambient_temp_c"": 34.228, ""end_ms"": 87100, ""engine_load"": 0.6000236, ""external_airflow_factor"": 0, ""road_slope_percent"": 0, ""start_ms"": 49300, ""vehicle_speed_kph"": 17.43}, {""ambient_temp_c"": 34.228, ""end_ms"": 120000, ""engine_load"": 0.686774, ""external_airflow_factor"": 0, ""road_slope_percent"": 0, ""start_ms"": 87100, ""vehicle_speed_kph"": 19.95}]",[],static_target,1551,120000,0:0:6000,2cfe5d111a9e4a99c6880583084d1ef71763b77cc3881d71fc71153cd7743309,d448ddc8e3e3d1f3da67316744e8382668671cc3ffc8351a493e287010366e26,0
current_0323,COMMUNICATION,dropped_update,permanent,7,0,26200,18500,operating_family_2,development-train,current_profile_0323,"[{""ambient_temp_c"": 34.231, ""end_ms"": 18100, ""engine_load"": 0.4989321, ""external_airflow_factor"": 0, ""road_slope_percent"": 0, ""start_ms"": 0, ""vehicle_speed_kph"": 14.489999999999998}, {""ambient_temp_c"": 34.231, ""end_ms"": 49300, ""engine_load"": 0.72309, ""external_airflow_factor"": 0, ""road_slope_percent"": 0, ""start_ms"": 18100, ""vehicle_speed_kph"": 21}, {""ambient_temp_c"": 34.231, ""end_ms"": 87100, ""engine_load"": 0.6001647, ""external_airflow_factor"": 0, ""road_slope_percent"": 0, ""start_ms"": 49300, ""vehicle_speed_kph"": 17.43}, {""ambient_temp_c"": 34.231, ""end_ms"": 120000, ""engine_load"": 0.6869355, ""external_airflow_factor"": 0, ""road_slope_percent"": 0, ""start_ms"": 87100, ""vehicle_speed_kph"": 19.95}]","[[30000, 99], [60000, 92]]",authorized_updates,1552,120000,0:0:6000,b1f38511f8b6019cc50cce84ec0de376907ec8aaf3d88f98fec53e518c127836,f00c37159bd238be399dba01ca14baf911b44980095f57df293222e9e9eada5d,0
current_0324,COMMUNICATION,replayed_sample,transient,100,0,26500,9700,operating_family_2,development-train,current_profile_0324,"[{""ambient_temp_c"": 34.234, ""end_ms"": 18100, ""engine_load"": 0.4990494, ""external_airflow_factor"": 0, ""road_slope_percent"": 0, ""start_ms"": 0, ""vehicle_speed_kph"": 14.489999999999998}, {""ambient_temp_c"": 34.234, ""end_ms"": 49300, ""engine_load"": 0.72326, ""external_airflow_factor"": 0, ""road_slope_percent"": 0, ""start_ms"": 18100, ""vehicle_speed_kph"": 21}, {""ambient_temp_c"": 34.234, ""end_ms"": 87100, ""engine_load"": 0.6003058, ""external_airflow_factor"": 0, ""road_slope_percent"": 0, ""start_ms"": 49300, ""vehicle_speed_kph"": 17.43}, {""ambient_temp_c"": 34.234, ""end_ms"": 120000, ""engine_load"": 0.687097, ""external_airflow_factor"": 0, ""road_slope_percent"": 0, ""start_ms"": 87100, ""vehicle_speed_kph"": 19.95}]",[],static_target,1553,120000,0:0:6000,a27a40bc00f71b6da25492ee39045b0833be052fa9a4d673ca4b8de7b8e0e781,746762fb79671d5eb7687b88dffa7aaaae78bd320eae7e3f3f53d22195136ec6,0
current_0325,COMMUNICATION,replayed_sample,transient,300,0,26800,13700,operating_family_2,development-train,current_profile_0325,"[{""ambient_temp_c"": 34.237, ""end_ms"": 18100, ""engine_load"": 0.49916669999999996, ""external_airflow_factor"": 0, ""road_slope_percent"": 0, ""start_ms"": 0, ""vehicle_speed_kph"": 14.489999999999998}, {""ambient_temp_c"": 34.237, ""end_ms"": 49300, ""engine_load"": 0.72343, ""external_airflow_factor"": 0, ""road_slope_percent"": 0, ""start_ms"": 18100, ""vehicle_speed_kph"": 21}, {""ambient_temp_c"": 34.237, ""end_ms"": 87100, ""engine_load"": 0.6004469, ""external_airflow_factor"": 0, ""road_slope_percent"": 0, ""start_ms"": 49300, ""vehicle_speed_kph"": 17.43}, {""ambient_temp_c"": 34.237, ""end_ms"": 120000, ""engine_load"": 0.6872585, ""external_airflow_factor"": 0, ""road_slope_percent"": 0, ""start_ms"": 87100, ""vehicle_speed_kph"": 19.95}]","[[30000, 99], [60000, 92]]",authorized_updates,1554,120000,0:0:6000,988a9a9bbbe3aa79a2b83a3dfc6b0807f5edf2bd36dae4020c8d13de35637906,500e95e4ed08ca915c1a184850950976dba0cbd5a12de963a0f384750c4a1294,0
current_0326,COMMUNICATION,replayed_sample,transient,1300,0,24700,18500,operating_family_2,development-train,current_profile_0326,"[{""ambient_temp_c"": 34.24, ""end_ms"": 18100, ""engine_load"": 0.49928399999999995, ""external_airflow_factor"": 0, ""road_slope_percent"": 0, ""start_ms"": 0, ""vehicle_speed_kph"": 14.489999999999998}, {""ambient_temp_c"": 34.24, ""end_ms"": 49300, ""engine_load"": 0.7236, ""external_airflow_factor"": 0, ""road_slope_percent"": 0, ""start_ms"": 18100, ""vehicle_speed_kph"": 21}, {""ambient_temp_c"": 34.24, ""end_ms"": 87100, ""engine_load"": 0.600588, ""external_airflow_factor"": 0, ""road_slope_percent"": 0, ""start_ms"": 49300, ""vehicle_speed_kph"": 17.43}, {""ambient_temp_c"": 34.24, ""end_ms"": 120000, ""engine_load"": 0.68742, ""external_airflow_factor"": 0, ""road_slope_percent"": 0, ""start_ms"": 87100, ""vehicle_speed_kph"": 19.95}]",[],static_target,1555,120000,0:0:6000,2db70e05a491bdd9911eb52e321a00cc1d38af0349ab133a406482824f9286db,b129130f7e8e69bde98268a749eab912cccffbf4b6254c6e98f6409b3c7dc4ad,0
current_0327,COMMUNICATION,replayed_sample,intermittent,100,0,25000,9700,operating_family_2,development-train,current_profile_0327,"[{""ambient_temp_c"": 34.243, ""end_ms"": 18100, ""engine_load"": 0.4994012999999999, ""external_airflow_factor"": 0, ""road_slope_percent"": 0, ""start_ms"": 0, ""vehicle_speed_kph"": 14.489999999999998}, {""ambient_temp_c"": 34.243, ""end_ms"": 49300, ""engine_load"": 0.7237699999999999, ""external_airflow_factor"": 0, ""road_slope_percent"": 0, ""start_ms"": 18100, ""vehicle_speed_kph"": 21}, {""ambient_temp_c"": 34.243, ""end_ms"": 87100, ""engine_load"": 0.6007290999999999, ""external_airflow_factor"": 0, ""road_slope_percent"": 0, ""start_ms"": 49300, ""vehicle_speed_kph"": 17.43}, {""ambient_temp_c"": 34.243, ""end_ms"": 120000, ""engine_load"": 0.6875814999999998, ""external_airflow_factor"": 0, ""road_slope_percent"": 0, ""start_ms"": 87100, ""vehicle_speed_kph"": 19.95}]","[[30000, 99], [60000, 92]]",authorized_updates,1556,120000,0:0:6000,4c119273e807c35fc0883dd951c2a31ad312ab01146f6dddb4106b01a31c96e8,71dea29f054e387d2630a3647621d64cbea3d66c707dbc9398ede0c0b1f23cbe,0
current_0328,COMMUNICATION,replayed_sample,intermittent,300,0,25300,13700,operating_family_2,development-train,current_profile_0328,"[{""ambient_temp_c"": 34.246, ""end_ms"": 18100, ""engine_load"": 0.4995185999999999, ""external_airflow_factor"": 0, ""road_slope_percent"": 0, ""start_ms"": 0, ""vehicle_speed_kph"": 14.489999999999998}, {""ambient_temp_c"": 34.246, ""end_ms"": 49300, ""engine_load"": 0.7239399999999999, ""external_airflow_factor"": 0, ""road_slope_percent"": 0, ""start_ms"": 18100, ""vehicle_speed_kph"": 21}, {""ambient_temp_c"": 34.246, ""end_ms"": 87100, ""engine_load"": 0.6008701999999999, ""external_airflow_factor"": 0, ""road_slope_percent"": 0, ""start_ms"": 49300, ""vehicle_speed_kph"": 17.43}, {""ambient_temp_c"": 34.246, ""end_ms"": 120000, ""engine_load"": 0.6877429999999999, ""external_airflow_factor"": 0, ""road_slope_percent"": 0, ""start_ms"": 87100, ""vehicle_speed_kph"": 19.95}]",[],static_target,1557,120000,0:0:6000,6a0ec9df3327c599a9d641acb477f1c45c189a7c43138d40eb74fc2d19fd67df,7ff2796407fe0378259ed03c03103c2c0523a74ecea821a037518a2046ce5852,0
current_0329,COMMUNICATION,replayed_sample,intermittent,1300,0,25600,18500,operating_family_2,development-train,current_profile_0329,"[{""ambient_temp_c"": 34.249, ""end_ms"": 18100, ""engine_load"": 0.4996358999999999, ""external_airflow_factor"": 0, ""road_slope_percent"": 0, ""start_ms"": 0, ""vehicle_speed_kph"": 14.489999999999998}, {""ambient_temp_c"": 34.249, ""end_ms"": 49300, ""engine_load"": 0.7241099999999999, ""external_airflow_factor"": 0, ""road_slope_percent"": 0, ""start_ms"": 18100, ""vehicle_speed_kph"": 21}, {""ambient_temp_c"": 34.249, ""end_ms"": 87100, ""engine_load"": 0.6010112999999999, ""external_airflow_factor"": 0, ""road_slope_percent"": 0, ""start_ms"": 49300, ""vehicle_speed_kph"": 17.43}, {""ambient_temp_c"": 34.249, ""end_ms"": 120000, ""engine_load"": 0.6879044999999999, ""external_airflow_factor"": 0, ""road_slope_percent"": 0, ""start_ms"": 87100, ""vehicle_speed_kph"": 19.95}]","[[30000, 99], [60000, 92]]",authorized_updates,1558,120000,0:0:6000,66f6bcca6600d8466a22727c50152d4e4a902afcc6c98dfd0864763f1cdb15d1,f9a938f46e44eaa65ba99036fe95ada275bdc9e177740638459c1b46402bcf7d,0
current_0330,COMMUNICATION,replayed_sample,permanent,100,0,25900,9700,operating_family_2,development-train,current_profile_0330,"[{""ambient_temp_c"": 34.252, ""end_ms"": 18100, ""engine_load"": 0.4997531999999999, ""external_airflow_factor"": 0, ""road_slope_percent"": 0, ""start_ms"": 0, ""vehicle_speed_kph"": 14.489999999999998}, {""ambient_temp_c"": 34.252, ""end_ms"": 49300, ""engine_load"": 0.7242799999999999, ""external_airflow_factor"": 0, ""road_slope_percent"": 0, ""start_ms"": 18100, ""vehicle_speed_kph"": 21}, {""ambient_temp_c"": 34.252, ""end_ms"": 87100, ""engine_load"": 0.6011523999999999, ""external_airflow_factor"": 0, ""road_slope_percent"": 0, ""start_ms"": 49300, ""vehicle_speed_kph"": 17.43}, {""ambient_temp_c"": 34.252, ""end_ms"": 120000, ""engine_load"": 0.6880659999999998, ""external_airflow_factor"": 0, ""road_slope_percent"": 0, ""start_ms"": 87100, ""vehicle_speed_kph"": 19.95}]",[],static_target,1559,120000,0:0:6000,5682004a2b4253a09b2ea729094551df4db03855c2430985d609eeea79903b97,c2f20ed38b6020e18a5491de34efbe8f1067377e64d63c70bd5bc6acdb934b6d,0
current_0331,COMMUNICATION,replayed_sample,permanent,300,0,26200,13700,operating_family_2,development-train,current_profile_0331,"[{""ambient_temp_c"": 34.255, ""end_ms"": 18100, ""engine_load"": 0.4998704999999999, ""external_airflow_factor"": 0, ""road_slope_percent"": 0, ""start_ms"": 0, ""vehicle_speed_kph"": 14.489999999999998}, {""ambient_temp_c"": 34.255, ""end_ms"": 49300, ""engine_load"": 0.7244499999999999, ""external_airflow_factor"": 0, ""road_slope_percent"": 0, ""start_ms"": 18100, ""vehicle_speed_kph"": 21}, {""ambient_temp_c"": 34.255, ""end_ms"": 87100, ""engine_load"": 0.6012934999999999, ""external_airflow_factor"": 0, ""road_slope_percent"": 0, ""start_ms"": 49300, ""vehicle_speed_kph"": 17.43}, {""ambient_temp_c"": 34.255, ""end_ms"": 120000, ""engine_load"": 0.6882274999999999, ""external_airflow_factor"": 0, ""road_slope_percent"": 0, ""start_ms"": 87100, ""vehicle_speed_kph"": 19.95}]","[[30000, 99], [60000, 92]]",authorized_updates,1560,120000,0:0:6000,486a07425f9d1ef9c2a9417970b8ac2d1d22308615f3759f33e5c88ab448404d,86e2d03eaa7643774bb8773dc83af3cfa1e1b5097adbaad8fa09b9ecf44b462a,0
current_0332,COMMUNICATION,replayed_sample,permanent,1300,0,26500,18500,operating_family_2,development-train,current_profile_0332,"[{""ambient_temp_c"": 34.258, ""end_ms"": 18100, ""engine_load"": 0.4999877999999999, ""external_airflow_factor"": 0, ""road_slope_percent"": 0, ""start_ms"": 0, ""vehicle_speed_kph"": 14.489999999999998}, {""ambient_temp_c"": 34.258, ""end_ms"": 49300, ""engine_load"": 0.7246199999999999, ""external_airflow_factor"": 0, ""road_slope_percent"": 0, ""start_ms"": 18100, ""vehicle_speed_kph"": 21}, {""ambient_temp_c"": 34.258, ""end_ms"": 87100, ""engine_load"": 0.6014345999999999, ""external_airflow_factor"": 0, ""road_slope_percent"": 0, ""start_ms"": 49300, ""vehicle_speed_kph"": 17.43}, {""ambient_temp_c"": 34.258, ""end_ms"": 120000, ""engine_load"": 0.6883889999999999, ""external_airflow_factor"": 0, ""road_slope_percent"": 0, ""start_ms"": 87100, ""vehicle_speed_kph"": 19.95}]",[],static_target,1561,120000,0:0:6000,b2024d242dcbfc9a44fb81c37817cb358de3eb8ce3447ccbda3e2755df231e4d,add359702319a28d14cb4da3d7a0598037cca7dcf0ce47dec4149ffb421be32f,0
current_0333,ACTUATOR,pump_degraded,transient,0.968,0,26800,9700,operating_family_2,development-train,current_profile_0333,"[{""ambient_temp_c"": 34.261, ""end_ms"": 18100, ""engine_load"": 0.5001051, ""external_airflow_factor"": 0, ""road_slope_percent"": 0, ""start_ms"": 0, ""vehicle_speed_kph"": 14.489999999999998}, {""ambient_temp_c"": 34.261, ""end_ms"": 49300, ""engine_load"": 0.7247899999999999, ""external_airflow_factor"": 0, ""road_slope_percent"": 0, ""start_ms"": 18100, ""vehicle_speed_kph"": 21}, {""ambient_temp_c"": 34.261, ""end_ms"": 87100, ""engine_load"": 0.6015756999999999, ""external_airflow_factor"": 0, ""road_slope_percent"": 0, ""start_ms"": 49300, ""vehicle_speed_kph"": 17.43}, {""ambient_temp_c"": 34.261, ""end_ms"": 120000, ""engine_load"": 0.6885505, ""external_airflow_factor"": 0, ""road_slope_percent"": 0, ""start_ms"": 87100, ""vehicle_speed_kph"": 19.95}]","[[30000, 99], [60000, 92]]",authorized_updates,1562,120000,0:0:6000,ea7859203c4c2116171620ea5d65336044e3ebeff7bbf23710bfec44298394fe,1d902c94af1d4b2fe7341f4af9e4e84876b4ac178828a26763ab83cae754d47f,0
current_0334,ACTUATOR,pump_degraded,transient,0.69,0,24700,13700,operating_family_2,development-train,current_profile_0334,"[{""ambient_temp_c"": 34.264, ""end_ms"": 18100, ""engine_load"": 0.5002224, ""external_airflow_factor"": 0, ""road_slope_percent"": 0, ""start_ms"": 0, ""vehicle_speed_kph"": 14.489999999999998}, {""ambient_temp_c"": 34.264, ""end_ms"": 49300, ""engine_load"": 0.7249599999999999, ""external_airflow_factor"": 0, ""road_slope_percent"": 0, ""start_ms"": 18100, ""vehicle_speed_kph"": 21}, {""ambient_temp_c"": 34.264, ""end_ms"": 87100, ""engine_load"": 0.6017167999999999, ""external_airflow_factor"": 0, ""road_slope_percent"": 0, ""start_ms"": 49300, ""vehicle_speed_kph"": 17.43}, {""ambient_temp_c"": 34.264, ""end_ms"": 120000, ""engine_load"": 0.6887119999999999, ""external_airflow_factor"": 0, ""road_slope_percent"": 0, ""start_ms"": 87100, ""vehicle_speed_kph"": 19.95}]",[],static_target,1563,120000,0:0:6000,58046f745ddb0e3696053b470639f1e17df735e427aea26221b68d1a57239504,caed46486ed9489088abaca3785e698049377c5dbea19a0bbd2c72e9778d61e9,0
current_0335,ACTUATOR,pump_degraded,intermittent,0.968,0,25000,18500,operating_family_2,development-train,current_profile_0335,"[{""ambient_temp_c"": 34.267, ""end_ms"": 18100, ""engine_load"": 0.5003396999999999, ""external_airflow_factor"": 0, ""road_slope_percent"": 0, ""start_ms"": 0, ""vehicle_speed_kph"": 14.489999999999998}, {""ambient_temp_c"": 34.267, ""end_ms"": 49300, ""engine_load"": 0.7251299999999999, ""external_airflow_factor"": 0, ""road_slope_percent"": 0, ""start_ms"": 18100, ""vehicle_speed_kph"": 21}, {""ambient_temp_c"": 34.267, ""end_ms"": 87100, ""engine_load"": 0.6018579, ""external_airflow_factor"": 0, ""road_slope_percent"": 0, ""start_ms"": 49300, ""vehicle_speed_kph"": 17.43}, {""ambient_temp_c"": 34.267, ""end_ms"": 120000, ""engine_load"": 0.6888734999999999, ""external_airflow_factor"": 0, ""road_slope_percent"": 0, ""start_ms"": 87100, ""vehicle_speed_kph"": 19.95}]","[[30000, 99], [60000, 92]]",authorized_updates,1564,120000,0:0:6000,750215e8d57843ef0502dd29e889d5123997582ca8cb27d0422d5b3a8663341d,03a6c8bb148843c74d81daff6dcf4fe125db543543fb6618331d414d7dfad2ce,0
current_0336,ACTUATOR,pump_degraded,intermittent,0.69,0,25300,9700,operating_family_2,development-train,current_profile_0336,"[{""ambient_temp_c"": 34.27, ""end_ms"": 18100, ""engine_load"": 0.5004569999999999, ""external_airflow_factor"": 0, ""road_slope_percent"": 0, ""start_ms"": 0, ""vehicle_speed_kph"": 14.489999999999998}, {""ambient_temp_c"": 34.27, ""end_ms"": 49300, ""engine_load"": 0.7253, ""external_airflow_factor"": 0, ""road_slope_percent"": 0, ""start_ms"": 18100, ""vehicle_speed_kph"": 21}, {""ambient_temp_c"": 34.27, ""end_ms"": 87100, ""engine_load"": 0.601999, ""external_airflow_factor"": 0, ""road_slope_percent"": 0, ""start_ms"": 49300, ""vehicle_speed_kph"": 17.43}, {""ambient_temp_c"": 34.27, ""end_ms"": 120000, ""engine_load"": 0.689035, ""external_airflow_factor"": 0, ""road_slope_percent"": 0, ""start_ms"": 87100, ""vehicle_speed_kph"": 19.95}]",[],static_target,1565,120000,0:0:6000,2c91c33080acc722148074d95662618e0c3c2a0636faaf6426b680cbd2028867,06edaac78dcf19c7c06abcd242d055ba850a4c84ee07efec915f063011d2120d,0
current_0337,ACTUATOR,pump_degraded,permanent,0.968,0,25600,13700,operating_family_2,development-train,current_profile_0337,"[{""ambient_temp_c"": 34.273, ""end_ms"": 18100, ""engine_load"": 0.5005742999999999, ""external_airflow_factor"": 0, ""road_slope_percent"": 0, ""start_ms"": 0, ""vehicle_speed_kph"": 14.489999999999998}, {""ambient_temp_c"": 34.273, ""end_ms"": 49300, ""engine_load"": 0.72547, ""external_airflow_factor"": 0, ""road_slope_percent"": 0, ""start_ms"": 18100, ""vehicle_speed_kph"": 21}, {""ambient_temp_c"": 34.273, ""end_ms"": 87100, ""engine_load"": 0.6021401, ""external_airflow_factor"": 0, ""road_slope_percent"": 0, ""start_ms"": 49300, ""vehicle_speed_kph"": 17.43}, {""ambient_temp_c"": 34.273, ""end_ms"": 120000, ""engine_load"": 0.6891964999999999, ""external_airflow_factor"": 0, ""road_slope_percent"": 0, ""start_ms"": 87100, ""vehicle_speed_kph"": 19.95}]","[[30000, 99], [60000, 92]]",authorized_updates,1566,120000,0:0:6000,02407bedee3e44ab78f47e6bbd3b9c4251df7c829242f2e6a254ac52312f609d,30b22417444c9e73bcc1023c0af4ed38513773c579651a8eb87f07fb0a88b142,0
current_0338,ACTUATOR,pump_degraded,permanent,0.69,0,25900,18500,operating_family_2,development-train,current_profile_0338,"[{""ambient_temp_c"": 34.276, ""end_ms"": 18100, ""engine_load"": 0.5006915999999999, ""external_airflow_factor"": 0, ""road_slope_percent"": 0, ""start_ms"": 0, ""vehicle_speed_kph"": 14.489999999999998}, {""ambient_temp_c"": 34.276, ""end_ms"": 49300, ""engine_load"": 0.72564, ""external_airflow_factor"": 0, ""road_slope_percent"": 0, ""start_ms"": 18100, ""vehicle_speed_kph"": 21}, {""ambient_temp_c"": 34.276, ""end_ms"": 87100, ""engine_load"": 0.6022812, ""external_airflow_factor"": 0, ""road_slope_percent"": 0, ""start_ms"": 49300, ""vehicle_speed_kph"": 17.43}, {""ambient_temp_c"": 34.276, ""end_ms"": 120000, ""engine_load"": 0.6893579999999999, ""external_airflow_factor"": 0, ""road_slope_percent"": 0, ""start_ms"": 87100, ""vehicle_speed_kph"": 19.95}]",[],static_target,1567,120000,0:0:6000,11e356f0616bb7fadfb587e30ac74d44348eebd41267ff871742a9788202bef8,c9cb901e3070faf2dd84fad9f1b265bc9c46ac2b88963a788a3982a62e4c0377,0
current_0339,ACTUATOR,fan_stuck_off,transient,0,0,26200,9700,operating_family_2,development-train,current_profile_0339,"[{""ambient_temp_c"": 34.279, ""end_ms"": 18100, ""engine_load"": 0.5008088999999999, ""external_airflow_factor"": 0, ""road_slope_percent"": 0, ""start_ms"": 0, ""vehicle_speed_kph"": 14.489999999999998}, {""ambient_temp_c"": 34.279, ""end_ms"": 49300, ""engine_load"": 0.72581, ""external_airflow_factor"": 0, ""road_slope_percent"": 0, ""start_ms"": 18100, ""vehicle_speed_kph"": 21}, {""ambient_temp_c"": 34.279, ""end_ms"": 87100, ""engine_load"": 0.6024223, ""external_airflow_factor"": 0, ""road_slope_percent"": 0, ""start_ms"": 49300, ""vehicle_speed_kph"": 17.43}, {""ambient_temp_c"": 34.279, ""end_ms"": 120000, ""engine_load"": 0.6895195, ""external_airflow_factor"": 0, ""road_slope_percent"": 0, ""start_ms"": 87100, ""vehicle_speed_kph"": 19.95}]","[[30000, 99], [60000, 92]]",authorized_updates,1568,120000,0:0:6000,a10f57b7ed0650e9a8db3cc0cda7e5b73ba7fa625dfdbf5d7116f26da24c4c3c,b209f7dd8b44538d010feb08cf1005dc76c1148b19564f5b844cec78c950bf88,0
current_0340,ACTUATOR,fan_stuck_off,transient,0,0,26500,13700,operating_family_2,development-train,current_profile_0340,"[{""ambient_temp_c"": 34.282, ""end_ms"": 18100, ""engine_load"": 0.5009262, ""external_airflow_factor"": 0, ""road_slope_percent"": 0, ""start_ms"": 0, ""vehicle_speed_kph"": 14.489999999999998}, {""ambient_temp_c"": 34.282, ""end_ms"": 49300, ""engine_load"": 0.72598, ""external_airflow_factor"": 0, ""road_slope_percent"": 0, ""start_ms"": 18100, ""vehicle_speed_kph"": 21}, {""ambient_temp_c"": 34.282, ""end_ms"": 87100, ""engine_load"": 0.6025634, ""external_airflow_factor"": 0, ""road_slope_percent"": 0, ""start_ms"": 49300, ""vehicle_speed_kph"": 17.43}, {""ambient_temp_c"": 34.282, ""end_ms"": 120000, ""engine_load"": 0.6896809999999999, ""external_airflow_factor"": 0, ""road_slope_percent"": 0, ""start_ms"": 87100, ""vehicle_speed_kph"": 19.95}]",[],static_target,1569,120000,0:0:6000,32ae670e60c2310e2d9e88e6b600cc54df7ea683ba3342d4d70f1cd8fba1f651,36f39fabcdae28cc2f426e833f77d0b772de69a1d72f7e7792e837b65b8be42f,0
current_0341,ACTUATOR,fan_stuck_off,intermittent,0,0,26800,18500,operating_family_2,development-train,current_profile_0341,"[{""ambient_temp_c"": 34.285, ""end_ms"": 18100, ""engine_load"": 0.5010435, ""external_airflow_factor"": 0, ""road_slope_percent"": 0, ""start_ms"": 0, ""vehicle_speed_kph"": 14.489999999999998}, {""ambient_temp_c"": 34.285, ""end_ms"": 49300, ""engine_load"": 0.72615, ""external_airflow_factor"": 0, ""road_slope_percent"": 0, ""start_ms"": 18100, ""vehicle_speed_kph"": 21}, {""ambient_temp_c"": 34.285, ""end_ms"": 87100, ""engine_load"": 0.6027045, ""external_airflow_factor"": 0, ""road_slope_percent"": 0, ""start_ms"": 49300, ""vehicle_speed_kph"": 17.43}, {""ambient_temp_c"": 34.285, ""end_ms"": 120000, ""engine_load"": 0.6898424999999999, ""external_airflow_factor"": 0, ""road_slope_percent"": 0, ""start_ms"": 87100, ""vehicle_speed_kph"": 19.95}]","[[30000, 99], [60000, 92]]",authorized_updates,1570,120000,0:0:6000,1acb06652482a850d67e4b0684e16219e8772efcdc16f58c851900e5770e17ab,c72119519a853f69163d3964b7dd41eac75405aed9d9ac8350c5405030e7d79c,0
current_0342,ACTUATOR,fan_stuck_off,intermittent,0,0,24700,9700,operating_family_2,development-train,current_profile_0342,"[{""ambient_temp_c"": 34.288, ""end_ms"": 18100, ""engine_load"": 0.5011608, ""external_airflow_factor"": 0, ""road_slope_percent"": 0, ""start_ms"": 0, ""vehicle_speed_kph"": 14.489999999999998}, {""ambient_temp_c"": 34.288, ""end_ms"": 49300, ""engine_load"": 0.72632, ""external_airflow_factor"": 0, ""road_slope_percent"": 0, ""start_ms"": 18100, ""vehicle_speed_kph"": 21}, {""ambient_temp_c"": 34.288, ""end_ms"": 87100, ""engine_load"": 0.6028456, ""external_airflow_factor"": 0, ""road_slope_percent"": 0, ""start_ms"": 49300, ""vehicle_speed_kph"": 17.43}, {""ambient_temp_c"": 34.288, ""end_ms"": 120000, ""engine_load"": 0.690004, ""external_airflow_factor"": 0, ""road_slope_percent"": 0, ""start_ms"": 87100, ""vehicle_speed_kph"": 19.95}]",[],static_target,1571,120000,0:0:6000,3ae3ab0cf9c35c6d79d8e9d47b6b2e5d43e214f9c182641f5b6cc8d5de581a8b,dd456fae227a607941facb2f661539cfb63bb2a755d8faa0d9fde6e30320240e,0
current_0343,ACTUATOR,fan_stuck_off,permanent,0,0,25000,13700,operating_family_2,development-train,current_profile_0343,"[{""ambient_temp_c"": 34.291, ""end_ms"": 18100, ""engine_load"": 0.5012781, ""external_airflow_factor"": 0, ""road_slope_percent"": 0, ""start_ms"": 0, ""vehicle_speed_kph"": 14.489999999999998}, {""ambient_temp_c"": 34.291, ""end_ms"": 49300, ""engine_load"": 0.72649, ""external_airflow_factor"": 0, ""road_slope_percent"": 0, ""start_ms"": 18100, ""vehicle_speed_kph"": 21}, {""ambient_temp_c"": 34.291, ""end_ms"": 87100, ""engine_load"": 0.6029867, ""external_airflow_factor"": 0, ""road_slope_percent"": 0, ""start_ms"": 49300, ""vehicle_speed_kph"": 17.43}, {""ambient_temp_c"": 34.291, ""end_ms"": 120000, ""engine_load"": 0.6901655, ""external_airflow_factor"": 0, ""road_slope_percent"": 0, ""start_ms"": 87100, ""vehicle_speed_kph"": 19.95}]","[[30000, 99], [60000, 92]]",authorized_updates,1572,120000,0:0:6000,f42cf8f13ed86be0c05d0c77efdb23e02bbce295d0596eb15de385218d002b9f,46d66e8b41387035f8addb14b44135caa6d3cc55b3f970036c1bd56ea6e42345,0
current_0344,ACTUATOR,fan_stuck_off,permanent,0,0,25300,18500,operating_family_2,development-train,current_profile_0344,"[{""ambient_temp_c"": 34.294, ""end_ms"": 18100, ""engine_load"": 0.5013953999999999, ""external_airflow_factor"": 0, ""road_slope_percent"": 0, ""start_ms"": 0, ""vehicle_speed_kph"": 14.489999999999998}, {""ambient_temp_c"": 34.294, ""end_ms"": 49300, ""engine_load"": 0.72666, ""external_airflow_factor"": 0, ""road_slope_percent"": 0, ""start_ms"": 18100, ""vehicle_speed_kph"": 21}, {""ambient_temp_c"": 34.294, ""end_ms"": 87100, ""engine_load"": 0.6031278, ""external_airflow_factor"": 0, ""road_slope_percent"": 0, ""start_ms"": 49300, ""vehicle_speed_kph"": 17.43}, {""ambient_temp_c"": 34.294, ""end_ms"": 120000, ""engine_load"": 0.6903269999999999, ""external_airflow_factor"": 0, ""road_slope_percent"": 0, ""start_ms"": 87100, ""vehicle_speed_kph"": 19.95}]",[],static_target,1573,120000,0:0:6000,c37c0d9359915af1adce39cc320977435d1c58007745014496bfccf114de2994,81c648245ea88ef40f5c9fe67b9efa744918d7a77862a8eedb13048612a43dcd,0
current_0345,TIMING,deadline_miss,transient,0,0,25600,100,operating_family_2,development-train,current_profile_0345,"[{""ambient_temp_c"": 34.297, ""end_ms"": 18100, ""engine_load"": 0.5015126999999999, ""external_airflow_factor"": 0, ""road_slope_percent"": 0, ""start_ms"": 0, ""vehicle_speed_kph"": 14.489999999999998}, {""ambient_temp_c"": 34.297, ""end_ms"": 49300, ""engine_load"": 0.72683, ""external_airflow_factor"": 0, ""road_slope_percent"": 0, ""start_ms"": 18100, ""vehicle_speed_kph"": 21}, {""ambient_temp_c"": 34.297, ""end_ms"": 87100, ""engine_load"": 0.6032689, ""external_airflow_factor"": 0, ""road_slope_percent"": 0, ""start_ms"": 49300, ""vehicle_speed_kph"": 17.43}, {""ambient_temp_c"": 34.297, ""end_ms"": 120000, ""engine_load"": 0.6904885, ""external_airflow_factor"": 0, ""road_slope_percent"": 0, ""start_ms"": 87100, ""vehicle_speed_kph"": 19.95}]","[[30000, 99], [60000, 92]]",authorized_updates,1574,120000,0:0:6000,6c221f14029fb2179744568401b4e8dc61868049859afa48f0515690f935ef94,e8342b69fac7eed94beae8676b57304852284fcc3ab19da241c2f5d762feeb1b,0
current_0346,TIMING,deadline_miss,intermittent,0,0,25900,13700,operating_family_2,development-train,current_profile_0346,"[{""ambient_temp_c"": 34.3, ""end_ms"": 18100, ""engine_load"": 0.5016299999999999, ""external_airflow_factor"": 0, ""road_slope_percent"": 0, ""start_ms"": 0, ""vehicle_speed_kph"": 14.489999999999998}, {""ambient_temp_c"": 34.3, ""end_ms"": 49300, ""engine_load"": 0.727, ""external_airflow_factor"": 0, ""road_slope_percent"": 0, ""start_ms"": 18100, ""vehicle_speed_kph"": 21}, {""ambient_temp_c"": 34.3, ""end_ms"": 87100, ""engine_load"": 0.60341, ""external_airflow_factor"": 0, ""road_slope_percent"": 0, ""start_ms"": 49300, ""vehicle_speed_kph"": 17.43}, {""ambient_temp_c"": 34.3, ""end_ms"": 120000, ""engine_load"": 0.69065, ""external_airflow_factor"": 0, ""road_slope_percent"": 0, ""start_ms"": 87100, ""vehicle_speed_kph"": 19.95}]",[],static_target,1575,120000,0:0:6000,1754b5bd2feca7be542e4812f8379ae0a4cb109fcf3dabd975eec7d551772570,6ec40f6c36cac6b0abee4374c4cb91f07480d8011a9e0ed998beca30b50f2ac3,0
current_0347,TIMING,deadline_miss,permanent,0,0,26200,18500,operating_family_2,development-train,current_profile_0347,"[{""ambient_temp_c"": 34.303, ""end_ms"": 18100, ""engine_load"": 0.5017472999999999, ""external_airflow_factor"": 0, ""road_slope_percent"": 0, ""start_ms"": 0, ""vehicle_speed_kph"": 14.489999999999998}, {""ambient_temp_c"": 34.303, ""end_ms"": 49300, ""engine_load"": 0.72717, ""external_airflow_factor"": 0, ""road_slope_percent"": 0, ""start_ms"": 18100, ""vehicle_speed_kph"": 21}, {""ambient_temp_c"": 34.303, ""end_ms"": 87100, ""engine_load"": 0.6035511, ""external_airflow_factor"": 0, ""road_slope_percent"": 0, ""start_ms"": 49300, ""vehicle_speed_kph"": 17.43}, {""ambient_temp_c"": 34.303, ""end_ms"": 120000, ""engine_load"": 0.6908114999999999, ""external_airflow_factor"": 0, ""road_slope_percent"": 0, ""start_ms"": 87100, ""vehicle_speed_kph"": 19.95}]","[[30000, 99], [60000, 92]]",authorized_updates,1576,120000,0:0:6000,df9abc11ecd70f870eea5df7da2ec2d22e22c0417c2b39f79d63aed67bcd83ec,060139fac117725234a665c46f6bf244a0f215de566ceb52c0888bcb8c0b98cf,0
current_0348,TIMING,task_delay,transient,500,0,26500,9700,operating_family_2,development-train,current_profile_0348,"[{""ambient_temp_c"": 34.306, ""end_ms"": 18100, ""engine_load"": 0.5018646, ""external_airflow_factor"": 0, ""road_slope_percent"": 0, ""start_ms"": 0, ""vehicle_speed_kph"": 14.489999999999998}, {""ambient_temp_c"": 34.306, ""end_ms"": 49300, ""engine_load"": 0.72734, ""external_airflow_factor"": 0, ""road_slope_percent"": 0, ""start_ms"": 18100, ""vehicle_speed_kph"": 21}, {""ambient_temp_c"": 34.306, ""end_ms"": 87100, ""engine_load"": 0.6036922, ""external_airflow_factor"": 0, ""road_slope_percent"": 0, ""start_ms"": 49300, ""vehicle_speed_kph"": 17.43}, {""ambient_temp_c"": 34.306, ""end_ms"": 120000, ""engine_load"": 0.690973, ""external_airflow_factor"": 0, ""road_slope_percent"": 0, ""start_ms"": 87100, ""vehicle_speed_kph"": 19.95}]",[],static_target,1577,120000,0:0:6000,f6412f5d9864fc0269a2dc0d8d2bf223d7c457f9a77aedb4dbc74571dd549747,253a5a3cbc740f94fbb9e6d860bf600d3a57c0cff683e39d5a69a44103ca2361,0
current_0349,TIMING,task_delay,intermittent,500,0,26800,13700,operating_family_2,development-train,current_profile_0349,"[{""ambient_temp_c"": 34.309, ""end_ms"": 18100, ""engine_load"": 0.5019819, ""external_airflow_factor"": 0, ""road_slope_percent"": 0, ""start_ms"": 0, ""vehicle_speed_kph"": 14.489999999999998}, {""ambient_temp_c"": 34.309, ""end_ms"": 49300, ""engine_load"": 0.72751, ""external_airflow_factor"": 0, ""road_slope_percent"": 0, ""start_ms"": 18100, ""vehicle_speed_kph"": 21}, {""ambient_temp_c"": 34.309, ""end_ms"": 87100, ""engine_load"": 0.6038333, ""external_airflow_factor"": 0, ""road_slope_percent"": 0, ""start_ms"": 49300, ""vehicle_speed_kph"": 17.43}, {""ambient_temp_c"": 34.309, ""end_ms"": 120000, ""engine_load"": 0.6911345, ""external_airflow_factor"": 0, ""road_slope_percent"": 0, ""start_ms"": 87100, ""vehicle_speed_kph"": 19.95}]","[[30000, 99], [60000, 92]]",authorized_updates,1578,120000,0:0:6000,5cc85f8df3913d1251183bca26f88e0b9d3da396566b2bd92714d4f7da88c7af,5585cb3a9e8ab30662a0ab39a6d044d1058e3e10d20dcfb2bc7f687ace45bb03,0
current_0350,TIMING,task_delay,permanent,500,0,24700,18500,operating_family_2,development-train,current_profile_0350,"[{""ambient_temp_c"": 34.312, ""end_ms"": 18100, ""engine_load"": 0.5020992, ""external_airflow_factor"": 0, ""road_slope_percent"": 0, ""start_ms"": 0, ""vehicle_speed_kph"": 14.489999999999998}, {""ambient_temp_c"": 34.312, ""end_ms"": 49300, ""engine_load"": 0.72768, ""external_airflow_factor"": 0, ""road_slope_percent"": 0, ""start_ms"": 18100, ""vehicle_speed_kph"": 21}, {""ambient_temp_c"": 34.312, ""end_ms"": 87100, ""engine_load"": 0.6039743999999999, ""external_airflow_factor"": 0, ""road_slope_percent"": 0, ""start_ms"": 49300, ""vehicle_speed_kph"": 17.43}, {""ambient_temp_c"": 34.312, ""end_ms"": 120000, ""engine_load"": 0.6912959999999999, ""external_airflow_factor"": 0, ""road_slope_percent"": 0, ""start_ms"": 87100, ""vehicle_speed_kph"": 19.95}]",[],static_target,1579,120000,0:0:6000,d13f1f3c0e00664ba85cf8f4911382ee02252d9f5626a8a39d03d271e3ecb157,ce258eb632a210087603c4564f4356dcee312946917eeccf06e854ac61fc5ba4,0
current_0351,NORMAL,baseline,none,0,0,120100,9700,operating_family_2,development-train,current_profile_0351,"[{""ambient_temp_c"": 34.315, ""end_ms"": 18100, ""engine_load"": 0.5022165, ""external_airflow_factor"": 0, ""road_slope_percent"": 0, ""start_ms"": 0, ""vehicle_speed_kph"": 14.489999999999998}, {""ambient_temp_c"": 34.315, ""end_ms"": 49300, ""engine_load"": 0.72785, ""external_airflow_factor"": 0, ""road_slope_percent"": 0, ""start_ms"": 18100, ""vehicle_speed_kph"": 21}, {""ambient_temp_c"": 34.315, ""end_ms"": 87100, ""engine_load"": 0.6041154999999999, ""external_airflow_factor"": 0, ""road_slope_percent"": 0, ""start_ms"": 49300, ""vehicle_speed_kph"": 17.43}, {""ambient_temp_c"": 34.315, ""end_ms"": 120000, ""engine_load"": 0.6914575, ""external_airflow_factor"": 0, ""road_slope_percent"": 0, ""start_ms"": 87100, ""vehicle_speed_kph"": 19.95}]","[[30000, 99], [60000, 92]]",authorized_updates,1580,120000,0:0:6000,d96bb851cb6d95e77024ea83aef5cde705b1937f28a05b673077ecc2dfb43766,27fdf4e03fe95030fe13c613fc48f114114f8dc1ee306587f26e6ea0d7af8aa5,0
current_0352,NORMAL,baseline,none,0,0,120100,13700,operating_family_2,development-train,current_profile_0352,"[{""ambient_temp_c"": 34.318, ""end_ms"": 18100, ""engine_load"": 0.5023337999999999, ""external_airflow_factor"": 0, ""road_slope_percent"": 0, ""start_ms"": 0, ""vehicle_speed_kph"": 14.489999999999998}, {""ambient_temp_c"": 34.318, ""end_ms"": 49300, ""engine_load"": 0.72802, ""external_airflow_factor"": 0, ""road_slope_percent"": 0, ""start_ms"": 18100, ""vehicle_speed_kph"": 21}, {""ambient_temp_c"": 34.318, ""end_ms"": 87100, ""engine_load"": 0.6042565999999999, ""external_airflow_factor"": 0, ""road_slope_percent"": 0, ""start_ms"": 49300, ""vehicle_speed_kph"": 17.43}, {""ambient_temp_c"": 34.318, ""end_ms"": 120000, ""engine_load"": 0.691619, ""external_airflow_factor"": 0, ""road_slope_percent"": 0, ""start_ms"": 87100, ""vehicle_speed_kph"": 19.95}]",[],static_target,1581,120000,0:0:6000,218f8bf3c454e93d44c1feb75ffb3b90b41c261bf66cb8f769d99976d0c201f1,cbd7198be723e032bbd012fb8644b8046e81e35de19571c3751355db2932736e,0
current_0353,NORMAL,baseline,none,0,0,120100,18500,operating_family_2,development-train,current_profile_0353,"[{""ambient_temp_c"": 34.321, ""end_ms"": 18100, ""engine_load"": 0.5024510999999999, ""external_airflow_factor"": 0, ""road_slope_percent"": 0, ""start_ms"": 0, ""vehicle_speed_kph"": 14.489999999999998}, {""ambient_temp_c"": 34.321, ""end_ms"": 49300, ""engine_load"": 0.72819, ""external_airflow_factor"": 0, ""road_slope_percent"": 0, ""start_ms"": 18100, ""vehicle_speed_kph"": 21}, {""ambient_temp_c"": 34.321, ""end_ms"": 87100, ""engine_load"": 0.6043976999999999, ""external_airflow_factor"": 0, ""road_slope_percent"": 0, ""start_ms"": 49300, ""vehicle_speed_kph"": 17.43}, {""ambient_temp_c"": 34.321, ""end_ms"": 120000, ""engine_load"": 0.6917805, ""external_airflow_factor"": 0, ""road_slope_percent"": 0, ""start_ms"": 87100, ""vehicle_speed_kph"": 19.95}]","[[30000, 99], [60000, 92]]",authorized_updates,1582,120000,0:0:6000,1b851390039a78a5f3375e68659fc55bf9cbee38c4106710f38bc3d79ba61ff6,83b1c10950844d41a07ac5210a27bec30cbe9bd63097e3b832a7d243874e6b62,0
current_0354,NORMAL,baseline,none,0,0,120100,9700,operating_family_2,development-train,current_profile_0354,"[{""ambient_temp_c"": 34.324, ""end_ms"": 18100, ""engine_load"": 0.5025683999999999, ""external_airflow_factor"": 0, ""road_slope_percent"": 0, ""start_ms"": 0, ""vehicle_speed_kph"": 14.489999999999998}, {""ambient_temp_c"": 34.324, ""end_ms"": 49300, ""engine_load"": 0.72836, ""external_airflow_factor"": 0, ""road_slope_percent"": 0, ""start_ms"": 18100, ""vehicle_speed_kph"": 21}, {""ambient_temp_c"": 34.324, ""end_ms"": 87100, ""engine_load"": 0.6045387999999999, ""external_airflow_factor"": 0, ""road_slope_percent"": 0, ""start_ms"": 49300, ""vehicle_speed_kph"": 17.43}, {""ambient_temp_c"": 34.324, ""end_ms"": 120000, ""engine_load"": 0.691942, ""external_airflow_factor"": 0, ""road_slope_percent"": 0, ""start_ms"": 87100, ""vehicle_speed_kph"": 19.95}]",[],static_target,1583,120000,0.02:0:6000,0a273dffb4ab495ce36bb74c95114d9b903db50cc678356cf36a74c548253b91,17cc0c3862f0ec330dbd0ae2493154201ae86bb2b45f5c58f11261aa2cd571b8,0
current_0355,NORMAL,baseline,none,0,0,120100,13700,operating_family_2,development-train,current_profile_0355,"[{""ambient_temp_c"": 34.327, ""end_ms"": 18100, ""engine_load"": 0.5026857, ""external_airflow_factor"": 0, ""road_slope_percent"": 0, ""start_ms"": 0, ""vehicle_speed_kph"": 14.489999999999998}, {""ambient_temp_c"": 34.327, ""end_ms"": 49300, ""engine_load"": 0.72853, ""external_airflow_factor"": 0, ""road_slope_percent"": 0, ""start_ms"": 18100, ""vehicle_speed_kph"": 21}, {""ambient_temp_c"": 34.327, ""end_ms"": 87100, ""engine_load"": 0.6046798999999999, ""external_airflow_factor"": 0, ""road_slope_percent"": 0, ""start_ms"": 49300, ""vehicle_speed_kph"": 17.43}, {""ambient_temp_c"": 34.327, ""end_ms"": 120000, ""engine_load"": 0.6921035, ""external_airflow_factor"": 0, ""road_slope_percent"": 0, ""start_ms"": 87100, ""vehicle_speed_kph"": 19.95}]","[[30000, 99], [60000, 92]]",authorized_updates,1584,120000,0.02:0:6000,53116e7b0c0644a8f7b9703bc85c45fe7cc12a605bb558a11fb5ea178110414d,3e05024f7a151fb69c9f21339e93b818220d48f147f6cce193c98846100d009f,0
current_0356,NORMAL,baseline,none,0,0,120100,18500,operating_family_2,development-train,current_profile_0356,"[{""ambient_temp_c"": 34.33, ""end_ms"": 18100, ""engine_load"": 0.502803, ""external_airflow_factor"": 0, ""road_slope_percent"": 0, ""start_ms"": 0, ""vehicle_speed_kph"": 14.489999999999998}, {""ambient_temp_c"": 34.33, ""end_ms"": 49300, ""engine_load"": 0.7287, ""external_airflow_factor"": 0, ""road_slope_percent"": 0, ""start_ms"": 18100, ""vehicle_speed_kph"": 21}, {""ambient_temp_c"": 34.33, ""end_ms"": 87100, ""engine_load"": 0.6048209999999999, ""external_airflow_factor"": 0, ""road_slope_percent"": 0, ""start_ms"": 49300, ""vehicle_speed_kph"": 17.43}, {""ambient_temp_c"": 34.33, ""end_ms"": 120000, ""engine_load"": 0.692265, ""external_airflow_factor"": 0, ""road_slope_percent"": 0, ""start_ms"": 87100, ""vehicle_speed_kph"": 19.95}]",[],static_target,1585,120000,0.02:0:6000,f72b912e91d133d7249cd6ab67f38748883f11899f30a4da24c06d095ca5957d,83fad77477f3663b0352f95d14f799b8ebabfb8dea67ae37db14f8eb812a93e9,0
current_0357,NORMAL,baseline,none,0,0,120100,9700,operating_family_2,development-train,current_profile_0357,"[{""ambient_temp_c"": 34.333, ""end_ms"": 18100, ""engine_load"": 0.5029203, ""external_airflow_factor"": 0, ""road_slope_percent"": 0, ""start_ms"": 0, ""vehicle_speed_kph"": 14.489999999999998}, {""ambient_temp_c"": 34.333, ""end_ms"": 49300, ""engine_load"": 0.72887, ""external_airflow_factor"": 0, ""road_slope_percent"": 0, ""start_ms"": 18100, ""vehicle_speed_kph"": 21}, {""ambient_temp_c"": 34.333, ""end_ms"": 87100, ""engine_load"": 0.6049621, ""external_airflow_factor"": 0, ""road_slope_percent"": 0, ""start_ms"": 49300, ""vehicle_speed_kph"": 17.43}, {""ambient_temp_c"": 34.333, ""end_ms"": 120000, ""engine_load"": 0.6924265, ""external_airflow_factor"": 0, ""road_slope_percent"": 0, ""start_ms"": 87100, ""vehicle_speed_kph"": 19.95}]","[[30000, 99], [60000, 92]]",authorized_updates,1586,120000,0.05:0:6000,b9ab4baed87dbaa1f723754bc03dac0f493f2b5af9d485072122b6f33364601e,42f0817e52b1de355fffc26fd0c94fc9a3e85d406950d4c89d287b1c0c11fa91,0
current_0358,NORMAL,baseline,none,0,0,120100,13700,operating_family_2,development-train,current_profile_0358,"[{""ambient_temp_c"": 34.336, ""end_ms"": 18100, ""engine_load"": 0.5030375999999999, ""external_airflow_factor"": 0, ""road_slope_percent"": 0, ""start_ms"": 0, ""vehicle_speed_kph"": 14.489999999999998}, {""ambient_temp_c"": 34.336, ""end_ms"": 49300, ""engine_load"": 0.7290399999999999, ""external_airflow_factor"": 0, ""road_slope_percent"": 0, ""start_ms"": 18100, ""vehicle_speed_kph"": 21}, {""ambient_temp_c"": 34.336, ""end_ms"": 87100, ""engine_load"": 0.6051031999999998, ""external_airflow_factor"": 0, ""road_slope_percent"": 0, ""start_ms"": 49300, ""vehicle_speed_kph"": 17.43}, {""ambient_temp_c"": 34.336, ""end_ms"": 120000, ""engine_load"": 0.6925879999999999, ""external_airflow_factor"": 0, ""road_slope_percent"": 0, ""start_ms"": 87100, ""vehicle_speed_kph"": 19.95}]",[],static_target,1587,120000,0.05:0:6000,8c904f57fc1519621dd0ff8328ee0475b5e48c6154caa5a242a1d45ee46e7c1f,c0f507c427dd718005b08f70cdc43637e38888603ed91e594fa59e232dd77c52,0
current_0359,NORMAL,baseline,none,0,0,120100,18500,operating_family_2,development-train,current_profile_0359,"[{""ambient_temp_c"": 34.339, ""end_ms"": 18100, ""engine_load"": 0.5031548999999998, ""external_airflow_factor"": 0, ""road_slope_percent"": 0, ""start_ms"": 0, ""vehicle_speed_kph"": 14.489999999999998}, {""ambient_temp_c"": 34.339, ""end_ms"": 49300, ""engine_load"": 0.7292099999999999, ""external_airflow_factor"": 0, ""road_slope_percent"": 0, ""start_ms"": 18100, ""vehicle_speed_kph"": 21}, {""ambient_temp_c"": 34.339, ""end_ms"": 87100, ""engine_load"": 0.6052442999999998, ""external_airflow_factor"": 0, ""road_slope_percent"": 0, ""start_ms"": 49300, ""vehicle_speed_kph"": 17.43}, {""ambient_temp_c"": 34.339, ""end_ms"": 120000, ""engine_load"": 0.6927494999999999, ""external_airflow_factor"": 0, ""road_slope_percent"": 0, ""start_ms"": 87100, ""vehicle_speed_kph"": 19.95}]","[[30000, 99], [60000, 92]]",authorized_updates,1588,120000,0.05:0:6000,17b11a98b18b7c12116c65dc239f59799607847919c9f3b4d0888c43aedf17f7,0859a781d99db4ada4053b6bac99874e820cc217ec82086add331a53aa9027b4,0
current_0360,NORMAL,baseline,none,0,0,120100,9700,operating_family_2,development-train,current_profile_0360,"[{""ambient_temp_c"": 34.342, ""end_ms"": 18100, ""engine_load"": 0.5032722, ""external_airflow_factor"": 0, ""road_slope_percent"": 0, ""start_ms"": 0, ""vehicle_speed_kph"": 14.489999999999998}, {""ambient_temp_c"": 34.342, ""end_ms"": 49300, ""engine_load"": 0.7293799999999999, ""external_airflow_factor"": 0, ""road_slope_percent"": 0, ""start_ms"": 18100, ""vehicle_speed_kph"": 21}, {""ambient_temp_c"": 34.342, ""end_ms"": 87100, ""engine_load"": 0.6053853999999999, ""external_airflow_factor"": 0, ""road_slope_percent"": 0, ""start_ms"": 49300, ""vehicle_speed_kph"": 17.43}, {""ambient_temp_c"": 34.342, ""end_ms"": 120000, ""engine_load"": 0.6929109999999999, ""external_airflow_factor"": 0, ""road_slope_percent"": 0, ""start_ms"": 87100, ""vehicle_speed_kph"": 19.95}]",[],static_target,1589,120000,0.10:0:6000,d74b9e5428c38c5dfc3e44a120ce5e10c8cebe0157c643a0efc2a7991d9d508c,ccf2611e3969c4275efcf97b63904aeff1a4b531772be0604c4deb66b0969c08,0
current_0361,NORMAL,baseline,none,0,0,120100,13700,operating_family_2,development-train,current_profile_0361,"[{""ambient_temp_c"": 34.345, ""end_ms"": 18100, ""engine_load"": 0.5033894999999999, ""external_airflow_factor"": 0, ""road_slope_percent"": 0, ""start_ms"": 0, ""vehicle_speed_kph"": 14.489999999999998}, {""ambient_temp_c"": 34.345, ""end_ms"": 49300, ""engine_load"": 0.7295499999999999, ""external_airflow_factor"": 0, ""road_slope_percent"": 0, ""start_ms"": 18100, ""vehicle_speed_kph"": 21}, {""ambient_temp_c"": 34.345, ""end_ms"": 87100, ""engine_load"": 0.6055264999999999, ""external_airflow_factor"": 0, ""road_slope_percent"": 0, ""start_ms"": 49300, ""vehicle_speed_kph"": 17.43}, {""ambient_temp_c"": 34.345, ""end_ms"": 120000, ""engine_load"": 0.6930724999999999, ""external_airflow_factor"": 0, ""road_slope_percent"": 0, ""start_ms"": 87100, ""vehicle_speed_kph"": 19.95}]","[[30000, 99], [60000, 92]]",authorized_updates,1590,120000,0.10:0:6000,14031ace9ffb9b2be44a780d60c72e38b5bf0569a6658a77aa7f98ddcb6e03dc,cf598a6ef1cf9b9ebec0378a518b1616784992098b550ee684c37ab821f449ff,0
current_0362,NORMAL,baseline,none,0,0,120100,18500,operating_family_2,development-train,current_profile_0362,"[{""ambient_temp_c"": 34.348, ""end_ms"": 18100, ""engine_load"": 0.5035067999999999, ""external_airflow_factor"": 0, ""road_slope_percent"": 0, ""start_ms"": 0, ""vehicle_speed_kph"": 14.489999999999998}, {""ambient_temp_c"": 34.348, ""end_ms"": 49300, ""engine_load"": 0.7297199999999999, ""external_airflow_factor"": 0, ""road_slope_percent"": 0, ""start_ms"": 18100, ""vehicle_speed_kph"": 21}, {""ambient_temp_c"": 34.348, ""end_ms"": 87100, ""engine_load"": 0.6056675999999999, ""external_airflow_factor"": 0, ""road_slope_percent"": 0, ""start_ms"": 49300, ""vehicle_speed_kph"": 17.43}, {""ambient_temp_c"": 34.348, ""end_ms"": 120000, ""engine_load"": 0.6932339999999999, ""external_airflow_factor"": 0, ""road_slope_percent"": 0, ""start_ms"": 87100, ""vehicle_speed_kph"": 19.95}]",[],static_target,1591,120000,0.10:0:6000,e3bd1111fdfcba97fbb1aa641ff330e13c2160da4a2ea76f66c78f203219b58b,d205952bf0201dfc91e70277e24642763f3b788f223f1536f6a2b905df02362b,0
current_0363,NORMAL,baseline,none,0,0,120100,9700,operating_family_2,development-train,current_profile_0363,"[{""ambient_temp_c"": 34.351, ""end_ms"": 18100, ""engine_load"": 0.5036240999999999, ""external_airflow_factor"": 0, ""road_slope_percent"": 0, ""start_ms"": 0, ""vehicle_speed_kph"": 14.489999999999998}, {""ambient_temp_c"": 34.351, ""end_ms"": 49300, ""engine_load"": 0.7298899999999999, ""external_airflow_factor"": 0, ""road_slope_percent"": 0, ""start_ms"": 18100, ""vehicle_speed_kph"": 21}, {""ambient_temp_c"": 34.351, ""end_ms"": 87100, ""engine_load"": 0.6058086999999999, ""external_airflow_factor"": 0, ""road_slope_percent"": 0, ""start_ms"": 49300, ""vehicle_speed_kph"": 17.43}, {""ambient_temp_c"": 34.351, ""end_ms"": 120000, ""engine_load"": 0.6933954999999999, ""external_airflow_factor"": 0, ""road_slope_percent"": 0, ""start_ms"": 87100, ""vehicle_speed_kph"": 19.95}]","[[30000, 99], [60000, 92]]",authorized_updates,1592,120000,0.02:0.6:12000,ead51d54c76ef3c8f2a4a8c821d47c7d6a4ec68a01ec3ba945e8c770613b21a1,0855bbd6a97f49fa501cb061ec24023a95e93bc45381471d3ec4e0b5eb9be63c,0
current_0364,NORMAL,baseline,none,0,0,120100,13700,operating_family_2,development-train,current_profile_0364,"[{""ambient_temp_c"": 34.354, ""end_ms"": 18100, ""engine_load"": 0.5037413999999999, ""external_airflow_factor"": 0, ""road_slope_percent"": 0, ""start_ms"": 0, ""vehicle_speed_kph"": 14.489999999999998}, {""ambient_temp_c"": 34.354, ""end_ms"": 49300, ""engine_load"": 0.7300599999999999, ""external_airflow_factor"": 0, ""road_slope_percent"": 0, ""start_ms"": 18100, ""vehicle_speed_kph"": 21}, {""ambient_temp_c"": 34.354, ""end_ms"": 87100, ""engine_load"": 0.6059497999999999, ""external_airflow_factor"": 0, ""road_slope_percent"": 0, ""start_ms"": 49300, ""vehicle_speed_kph"": 17.43}, {""ambient_temp_c"": 34.354, ""end_ms"": 120000, ""engine_load"": 0.6935569999999999, ""external_airflow_factor"": 0, ""road_slope_percent"": 0, ""start_ms"": 87100, ""vehicle_speed_kph"": 19.95}]",[],static_target,1593,120000,0.02:0.6:12000,e703a9f2d953c30be0eded9a56126765ddb43cae4191a45a3fb6c36e59ec7a85,2f2d48e46be4b3df6a660b19e79535b96a76de1953db6b4dc339d46c26121d11,0
current_0365,NORMAL,baseline,none,0,0,120100,18500,operating_family_2,development-train,current_profile_0365,"[{""ambient_temp_c"": 34.357, ""end_ms"": 18100, ""engine_load"": 0.5038586999999999, ""external_airflow_factor"": 0, ""road_slope_percent"": 0, ""start_ms"": 0, ""vehicle_speed_kph"": 14.489999999999998}, {""ambient_temp_c"": 34.357, ""end_ms"": 49300, ""engine_load"": 0.7302299999999999, ""external_airflow_factor"": 0, ""road_slope_percent"": 0, ""start_ms"": 18100, ""vehicle_speed_kph"": 21}, {""ambient_temp_c"": 34.357, ""end_ms"": 87100, ""engine_load"": 0.6060908999999999, ""external_airflow_factor"": 0, ""road_slope_percent"": 0, ""start_ms"": 49300, ""vehicle_speed_kph"": 17.43}, {""ambient_temp_c"": 34.357, ""end_ms"": 120000, ""engine_load"": 0.6937184999999999, ""external_airflow_factor"": 0, ""road_slope_percent"": 0, ""start_ms"": 87100, ""vehicle_speed_kph"": 19.95}]","[[30000, 99], [60000, 92]]",authorized_updates,1594,120000,0.02:0.6:12000,5c22fe0c0d5b17a7894afd8c9dc1ea70e132704ac6a7b8890430a9f4661c0880,cde5bba1326d554c412ae7ba8b6d13a7f188244c1b3ca8bc5fe6188b1fdb4016,0
current_0366,NORMAL,baseline,none,0,0,120100,9700,operating_family_2,development-train,current_profile_0366,"[{""ambient_temp_c"": 34.36, ""end_ms"": 18100, ""engine_load"": 0.5039759999999999, ""external_airflow_factor"": 0, ""road_slope_percent"": 0, ""start_ms"": 0, ""vehicle_speed_kph"": 14.489999999999998}, {""ambient_temp_c"": 34.36, ""end_ms"": 49300, ""engine_load"": 0.7303999999999999, ""external_airflow_factor"": 0, ""road_slope_percent"": 0, ""start_ms"": 18100, ""vehicle_speed_kph"": 21}, {""ambient_temp_c"": 34.36, ""end_ms"": 87100, ""engine_load"": 0.6062319999999999, ""external_airflow_factor"": 0, ""road_slope_percent"": 0, ""start_ms"": 49300, ""vehicle_speed_kph"": 17.43}, {""ambient_temp_c"": 34.36, ""end_ms"": 120000, ""engine_load"": 0.6938799999999999, ""external_airflow_factor"": 0, ""road_slope_percent"": 0, ""start_ms"": 87100, ""vehicle_speed_kph"": 19.95}]",[],static_target,1595,120000,0.05:1.2:18000,f2a36da724c078378a0a1cd5ac9bfcefc8b07b8a4d558a7e82e52a7479091acc,c12a3b9d6525ecb29572920868dd4304073073f81095b207f56c06179276438e,0
current_0367,NORMAL,baseline,none,0,0,120100,13700,operating_family_2,development-train,current_profile_0367,"[{""ambient_temp_c"": 34.363, ""end_ms"": 18100, ""engine_load"": 0.5040933, ""external_airflow_factor"": 0, ""road_slope_percent"": 0, ""start_ms"": 0, ""vehicle_speed_kph"": 14.489999999999998}, {""ambient_temp_c"": 34.363, ""end_ms"": 49300, ""engine_load"": 0.7305699999999999, ""external_airflow_factor"": 0, ""road_slope_percent"": 0, ""start_ms"": 18100, ""vehicle_speed_kph"": 21}, {""ambient_temp_c"": 34.363, ""end_ms"": 87100, ""engine_load"": 0.6063730999999999, ""external_airflow_factor"": 0, ""road_slope_percent"": 0, ""start_ms"": 49300, ""vehicle_speed_kph"": 17.43}, {""ambient_temp_c"": 34.363, ""end_ms"": 120000, ""engine_load"": 0.6940414999999999, ""external_airflow_factor"": 0, ""road_slope_percent"": 0, ""start_ms"": 87100, ""vehicle_speed_kph"": 19.95}]","[[30000, 99], [60000, 92]]",authorized_updates,1596,120000,0.05:1.2:18000,2b3068076a07c95108460b1b6cea22774353881f33567c70a37541659676c986,77107494655e358fa1474b3c2f9d88a022d6fecd344520a881be38c554a09a37,0
current_0368,NORMAL,baseline,none,0,0,120100,18500,operating_family_2,development-train,current_profile_0368,"[{""ambient_temp_c"": 34.366, ""end_ms"": 18100, ""engine_load"": 0.5042106, ""external_airflow_factor"": 0, ""road_slope_percent"": 0, ""start_ms"": 0, ""vehicle_speed_kph"": 14.489999999999998}, {""ambient_temp_c"": 34.366, ""end_ms"": 49300, ""engine_load"": 0.73074, ""external_airflow_factor"": 0, ""road_slope_percent"": 0, ""start_ms"": 18100, ""vehicle_speed_kph"": 21}, {""ambient_temp_c"": 34.366, ""end_ms"": 87100, ""engine_load"": 0.6065141999999999, ""external_airflow_factor"": 0, ""road_slope_percent"": 0, ""start_ms"": 49300, ""vehicle_speed_kph"": 17.43}, {""ambient_temp_c"": 34.366, ""end_ms"": 120000, ""engine_load"": 0.6942029999999999, ""external_airflow_factor"": 0, ""road_slope_percent"": 0, ""start_ms"": 87100, ""vehicle_speed_kph"": 19.95}]",[],static_target,1597,120000,0.05:1.2:18000,1369ad2068da631b6d8226bd9b540348599f4eeee148b1c473ba2b2f694233f4,cf90eb106fee640c5d774a62080953a3418e96b36c91993c712c8665c70c2c85,0
current_0369,MEMORY,stuck_bit,transient,0,0,24700,9700,operating_family_3,development-train,current_profile_0369,"[{""ambient_temp_c"": 33.0, ""end_ms"": 18100, ""engine_load"": 0.5933999999999999, ""external_airflow_factor"": 0, ""road_slope_percent"": 0, ""start_ms"": 0, ""vehicle_speed_kph"": 72.44999999999999}, {""ambient_temp_c"": 33.0, ""end_ms"": 49300, ""engine_load"": 0.86, ""external_airflow_factor"": 0, ""road_slope_percent"": 0, ""start_ms"": 18100, ""vehicle_speed_kph"": 105}, {""ambient_temp_c"": 33.0, ""end_ms"": 87100, ""engine_load"": 0.7138, ""external_airflow_factor"": 0, ""road_slope_percent"": 0, ""start_ms"": 49300, ""vehicle_speed_kph"": 87.14999999999999}, {""ambient_temp_c"": 33.0, ""end_ms"": 120000, ""engine_load"": 0.817, ""external_airflow_factor"": 0, ""road_slope_percent"": 0, ""start_ms"": 87100, ""vehicle_speed_kph"": 99.75}]","[[30000, 99], [60000, 92]]",authorized_updates,1612,120000,0:0:6000,8d21416b8549e30ee754a67e602340ad616270fb801e1d4ea041592b59362f09,413a3364db302c6ed77153d8c8c0bbce2c9d91a0e7e5792483fcca42464d40fd,1
current_0370,MEMORY,stuck_bit,intermittent,0,0,25000,13700,operating_family_3,development-train,current_profile_0370,"[{""ambient_temp_c"": 33.003, ""end_ms"": 18100, ""engine_load"": 0.5935172999999999, ""external_airflow_factor"": 0, ""road_slope_percent"": 0, ""start_ms"": 0, ""vehicle_speed_kph"": 72.44999999999999}, {""ambient_temp_c"": 33.003, ""end_ms"": 49300, ""engine_load"": 0.86017, ""external_airflow_factor"": 0, ""road_slope_percent"": 0, ""start_ms"": 18100, ""vehicle_speed_kph"": 105}, {""ambient_temp_c"": 33.003, ""end_ms"": 87100, ""engine_load"": 0.7139411, ""external_airflow_factor"": 0, ""road_slope_percent"": 0, ""start_ms"": 49300, ""vehicle_speed_kph"": 87.14999999999999}, {""ambient_temp_c"": 33.003, ""end_ms"": 120000, ""engine_load"": 0.8171615, ""external_airflow_factor"": 0, ""road_slope_percent"": 0, ""start_ms"": 87100, ""vehicle_speed_kph"": 99.75}]",[],static_target,1613,120000,0:0:6000,3b923241b7bb6b38821c5db670f745bf50b19d37075d823aaead8047b80aa6b6,1254ea4fff047d2f7e233e2a79649553b4bda18ff9128407151ab23164a19aba,1
current_0371,MEMORY,stuck_bit,permanent,0,0,25300,18500,operating_family_3,development-train,current_profile_0371,"[{""ambient_temp_c"": 33.006, ""end_ms"": 18100, ""engine_load"": 0.5936345999999999, ""external_airflow_factor"": 0, ""road_slope_percent"": 0, ""start_ms"": 0, ""vehicle_speed_kph"": 72.44999999999999}, {""ambient_temp_c"": 33.006, ""end_ms"": 49300, ""engine_load"": 0.86034, ""external_airflow_factor"": 0, ""road_slope_percent"": 0, ""start_ms"": 18100, ""vehicle_speed_kph"": 105}, {""ambient_temp_c"": 33.006, ""end_ms"": 87100, ""engine_load"": 0.7140822, ""external_airflow_factor"": 0, ""road_slope_percent"": 0, ""start_ms"": 49300, ""vehicle_speed_kph"": 87.14999999999999}, {""ambient_temp_c"": 33.006, ""end_ms"": 120000, ""engine_load"": 0.8173229999999999, ""external_airflow_factor"": 0, ""road_slope_percent"": 0, ""start_ms"": 87100, ""vehicle_speed_kph"": 99.75}]","[[30000, 99], [60000, 92]]",authorized_updates,1614,120000,0:0:6000,55148796b743318f2e1491ede057c8971414038bce6b114ddf9f961aa84ab620,ac7dc8d2576132b668018e481ab108b5ca2738c155a78b09085ff34b57d7ae04,1
current_0372,MEMORY,stuck_bit,transient,0,1,25600,9700,operating_family_3,development-train,current_profile_0372,"[{""ambient_temp_c"": 33.009, ""end_ms"": 18100, ""engine_load"": 0.5937519, ""external_airflow_factor"": 0, ""road_slope_percent"": 0, ""start_ms"": 0, ""vehicle_speed_kph"": 72.44999999999999}, {""ambient_temp_c"": 33.009, ""end_ms"": 49300, ""engine_load"": 0.86051, ""external_airflow_factor"": 0, ""road_slope_percent"": 0, ""start_ms"": 18100, ""vehicle_speed_kph"": 105}, {""ambient_temp_c"": 33.009, ""end_ms"": 87100, ""engine_load"": 0.7142233, ""external_airflow_factor"": 0, ""road_slope_percent"": 0, ""start_ms"": 49300, ""vehicle_speed_kph"": 87.14999999999999}, {""ambient_temp_c"": 33.009, ""end_ms"": 120000, ""engine_load"": 0.8174845, ""external_airflow_factor"": 0, ""road_slope_percent"": 0, ""start_ms"": 87100, ""vehicle_speed_kph"": 99.75}]",[],static_target,1615,120000,0:0:6000,b3825210574951dca1dcf489c3828817dc793e98acb85c7d8721058d4ce5f422,1570434a4ca02420032aa0986400926d47bf2a6501c9e2e9e0967d84d9a0d06c,0
current_0373,MEMORY,stuck_bit,intermittent,0,1,25900,13700,operating_family_3,development-train,current_profile_0373,"[{""ambient_temp_c"": 33.012, ""end_ms"": 18100, ""engine_load"": 0.5938692, ""external_airflow_factor"": 0, ""road_slope_percent"": 0, ""start_ms"": 0, ""vehicle_speed_kph"": 72.44999999999999}, {""ambient_temp_c"": 33.012, ""end_ms"": 49300, ""engine_load"": 0.86068, ""external_airflow_factor"": 0, ""road_slope_percent"": 0, ""start_ms"": 18100, ""vehicle_speed_kph"": 105}, {""ambient_temp_c"": 33.012, ""end_ms"": 87100, ""engine_load"": 0.7143644, ""external_airflow_factor"": 0, ""road_slope_percent"": 0, ""start_ms"": 49300, ""vehicle_speed_kph"": 87.14999999999999}, {""ambient_temp_c"": 33.012, ""end_ms"": 120000, ""engine_load"": 0.817646, ""external_airflow_factor"": 0, ""road_slope_percent"": 0, ""start_ms"": 87100, ""vehicle_speed_kph"": 99.75}]","[[30000, 99], [60000, 92]]",authorized_updates,1616,120000,0:0:6000,1e2ea6452205ef565b9b8a726d58fe59655d2b5363f6d18bde15d5bcd2c57163,94bde3b3179d39f96a64ec20d79acec668cb45085cac254dc00a0b2a8d928b26,0
current_0374,MEMORY,stuck_bit,permanent,0,1,26200,18500,operating_family_3,development-train,current_profile_0374,"[{""ambient_temp_c"": 33.015, ""end_ms"": 18100, ""engine_load"": 0.5939865, ""external_airflow_factor"": 0, ""road_slope_percent"": 0, ""start_ms"": 0, ""vehicle_speed_kph"": 72.44999999999999}, {""ambient_temp_c"": 33.015, ""end_ms"": 49300, ""engine_load"": 0.86085, ""external_airflow_factor"": 0, ""road_slope_percent"": 0, ""start_ms"": 18100, ""vehicle_speed_kph"": 105}, {""ambient_temp_c"": 33.015, ""end_ms"": 87100, ""engine_load"": 0.7145055, ""external_airflow_factor"": 0, ""road_slope_percent"": 0, ""start_ms"": 49300, ""vehicle_speed_kph"": 87.14999999999999}, {""ambient_temp_c"": 33.015, ""end_ms"": 120000, ""engine_load"": 0.8178075, ""external_airflow_factor"": 0, ""road_slope_percent"": 0, ""start_ms"": 87100, ""vehicle_speed_kph"": 99.75}]",[],static_target,1617,120000,0:0:6000,d79408470492b9725cb65eaa1b77526d18e14eae32d6290ae5bdc7925a6f9789,7cdb0f22c2aba8c8eb56faa4a127ccf9b04630d822e6ae1595f0d00523d1b469,0
current_0375,MEMORY,stuck_bit,transient,1,0,26500,9700,operating_family_3,development-train,current_profile_0375,"[{""ambient_temp_c"": 33.018, ""end_ms"": 18100, ""engine_load"": 0.5941038, ""external_airflow_factor"": 0, ""road_slope_percent"": 0, ""start_ms"": 0, ""vehicle_speed_kph"": 72.44999999999999}, {""ambient_temp_c"": 33.018, ""end_ms"": 49300, ""engine_load"": 0.86102, ""external_airflow_factor"": 0, ""road_slope_percent"": 0, ""start_ms"": 18100, ""vehicle_speed_kph"": 105}, {""ambient_temp_c"": 33.018, ""end_ms"": 87100, ""engine_load"": 0.7146466, ""external_airflow_factor"": 0, ""road_slope_percent"": 0, ""start_ms"": 49300, ""vehicle_speed_kph"": 87.14999999999999}, {""ambient_temp_c"": 33.018, ""end_ms"": 120000, ""engine_load"": 0.817969, ""external_airflow_factor"": 0, ""road_slope_percent"": 0, ""start_ms"": 87100, ""vehicle_speed_kph"": 99.75}]","[[30000, 99], [60000, 92]]",authorized_updates,1618,120000,0:0:6000,5ff201f6434e413d046c513f2b74119bb01230f2ea1f085ebbc985c192dbad56,325a53ec8514cfb2679fc11c03c9aa6a8de1a914139e075334213d6bfd223f09,1
current_0376,MEMORY,stuck_bit,intermittent,1,0,26800,13700,operating_family_3,development-train,current_profile_0376,"[{""ambient_temp_c"": 33.021, ""end_ms"": 18100, ""engine_load"": 0.5942211, ""external_airflow_factor"": 0, ""road_slope_percent"": 0, ""start_ms"": 0, ""vehicle_speed_kph"": 72.44999999999999}, {""ambient_temp_c"": 33.021, ""end_ms"": 49300, ""engine_load"": 0.86119, ""external_airflow_factor"": 0, ""road_slope_percent"": 0, ""start_ms"": 18100, ""vehicle_speed_kph"": 105}, {""ambient_temp_c"": 33.021, ""end_ms"": 87100, ""engine_load"": 0.7147877, ""external_airflow_factor"": 0, ""road_slope_percent"": 0, ""start_ms"": 49300, ""vehicle_speed_kph"": 87.14999999999999}, {""ambient_temp_c"": 33.021, ""end_ms"": 120000, ""engine_load"": 0.8181305, ""external_airflow_factor"": 0, ""road_slope_percent"": 0, ""start_ms"": 87100, ""vehicle_speed_kph"": 99.75}]",[],static_target,1619,120000,0:0:6000,3f2608f7a559222950fb421478bd0c3724b30541a25a64129277581c7c7ac426,4727b57d1135bfc668569efafb5fc212757111370a89712c2dbd38d2fc97d9df,1
current_0377,MEMORY,stuck_bit,permanent,1,0,24700,18500,operating_family_3,development-train,current_profile_0377,"[{""ambient_temp_c"": 33.024, ""end_ms"": 18100, ""engine_load"": 0.5943383999999999, ""external_airflow_factor"": 0, ""road_slope_percent"": 0, ""start_ms"": 0, ""vehicle_speed_kph"": 72.44999999999999}, {""ambient_temp_c"": 33.024, ""end_ms"": 49300, ""engine_load"": 0.86136, ""external_airflow_factor"": 0, ""road_slope_percent"": 0, ""start_ms"": 18100, ""vehicle_speed_kph"": 105}, {""ambient_temp_c"": 33.024, ""end_ms"": 87100, ""engine_load"": 0.7149288, ""external_airflow_factor"": 0, ""road_slope_percent"": 0, ""start_ms"": 49300, ""vehicle_speed_kph"": 87.14999999999999}, {""ambient_temp_c"": 33.024, ""end_ms"": 120000, ""engine_load"": 0.818292, ""external_airflow_factor"": 0, ""road_slope_percent"": 0, ""start_ms"": 87100, ""vehicle_speed_kph"": 99.75}]","[[30000, 99], [60000, 92]]",authorized_updates,1620,120000,0:0:6000,864b417bbc03245d15fa837dda36618a554df162271cad4b354c04066752bff8,78e4da536bf95d8b527027cab66153ce23bd997e1ec9cbc9231a9bf374d6fce3,1
current_0378,MEMORY,stuck_bit,transient,1,1,25000,9700,operating_family_3,development-train,current_profile_0378,"[{""ambient_temp_c"": 33.027, ""end_ms"": 18100, ""engine_load"": 0.5944556999999999, ""external_airflow_factor"": 0, ""road_slope_percent"": 0, ""start_ms"": 0, ""vehicle_speed_kph"": 72.44999999999999}, {""ambient_temp_c"": 33.027, ""end_ms"": 49300, ""engine_load"": 0.86153, ""external_airflow_factor"": 0, ""road_slope_percent"": 0, ""start_ms"": 18100, ""vehicle_speed_kph"": 105}, {""ambient_temp_c"": 33.027, ""end_ms"": 87100, ""engine_load"": 0.7150698999999999, ""external_airflow_factor"": 0, ""road_slope_percent"": 0, ""start_ms"": 49300, ""vehicle_speed_kph"": 87.14999999999999}, {""ambient_temp_c"": 33.027, ""end_ms"": 120000, ""engine_load"": 0.8184535, ""external_airflow_factor"": 0, ""road_slope_percent"": 0, ""start_ms"": 87100, ""vehicle_speed_kph"": 99.75}]",[],static_target,1621,120000,0:0:6000,71efa8dfa519f55436ddc3bbf47ab669198befedf665f1e31cffad6b8daa695a,31755af8846990a09566a0510a2d92ea0fffb2da483db3bd0bf5e95d8511d67b,0
current_0379,MEMORY,stuck_bit,intermittent,1,1,25300,13700,operating_family_3,development-train,current_profile_0379,"[{""ambient_temp_c"": 33.03, ""end_ms"": 18100, ""engine_load"": 0.594573, ""external_airflow_factor"": 0, ""road_slope_percent"": 0, ""start_ms"": 0, ""vehicle_speed_kph"": 72.44999999999999}, {""ambient_temp_c"": 33.03, ""end_ms"": 49300, ""engine_load"": 0.8617, ""external_airflow_factor"": 0, ""road_slope_percent"": 0, ""start_ms"": 18100, ""vehicle_speed_kph"": 105}, {""ambient_temp_c"": 33.03, ""end_ms"": 87100, ""engine_load"": 0.7152109999999999, ""external_airflow_factor"": 0, ""road_slope_percent"": 0, ""start_ms"": 49300, ""vehicle_speed_kph"": 87.14999999999999}, {""ambient_temp_c"": 33.03, ""end_ms"": 120000, ""engine_load"": 0.818615, ""external_airflow_factor"": 0, ""road_slope_percent"": 0, ""start_ms"": 87100, ""vehicle_speed_kph"": 99.75}]","[[30000, 99], [60000, 92]]",authorized_updates,1622,120000,0:0:6000,3b61b0bc2a3d35678216e2d6163f6c5cb97747592d9666f8aa86108962f6be49,f2dd2da74fc23f6f4f28a7df43c4faa5bb846b4982fb322065e623f8a4326395,0
current_0380,MEMORY,stuck_bit,permanent,1,1,25600,18500,operating_family_3,development-train,current_profile_0380,"[{""ambient_temp_c"": 33.033, ""end_ms"": 18100, ""engine_load"": 0.5946903, ""external_airflow_factor"": 0, ""road_slope_percent"": 0, ""start_ms"": 0, ""vehicle_speed_kph"": 72.44999999999999}, {""ambient_temp_c"": 33.033, ""end_ms"": 49300, ""engine_load"": 0.86187, ""external_airflow_factor"": 0, ""road_slope_percent"": 0, ""start_ms"": 18100, ""vehicle_speed_kph"": 105}, {""ambient_temp_c"": 33.033, ""end_ms"": 87100, ""engine_load"": 0.7153520999999999, ""external_airflow_factor"": 0, ""road_slope_percent"": 0, ""start_ms"": 49300, ""vehicle_speed_kph"": 87.14999999999999}, {""ambient_temp_c"": 33.033, ""end_ms"": 120000, ""engine_load"": 0.8187765, ""external_airflow_factor"": 0, ""road_slope_percent"": 0, ""start_ms"": 87100, ""vehicle_speed_kph"": 99.75}]",[],static_target,1623,120000,0:0:6000,e4fc4c63dce9d605a53b29897b43bedaa6ac466bf06512deb9efba9051e75407,a5f16a8f4f64687e169f283b770a06553965f86bc43a96d095f83270662a17f4,0
current_0381,MEMORY,stuck_bit,transient,2,0,25900,9700,operating_family_3,development-train,current_profile_0381,"[{""ambient_temp_c"": 33.036, ""end_ms"": 18100, ""engine_load"": 0.5948076, ""external_airflow_factor"": 0, ""road_slope_percent"": 0, ""start_ms"": 0, ""vehicle_speed_kph"": 72.44999999999999}, {""ambient_temp_c"": 33.036, ""end_ms"": 49300, ""engine_load"": 0.86204, ""external_airflow_factor"": 0, ""road_slope_percent"": 0, ""start_ms"": 18100, ""vehicle_speed_kph"": 105}, {""ambient_temp_c"": 33.036, ""end_ms"": 87100, ""engine_load"": 0.7154931999999999, ""external_airflow_factor"": 0, ""road_slope_percent"": 0, ""start_ms"": 49300, ""vehicle_speed_kph"": 87.14999999999999}, {""ambient_temp_c"": 33.036, ""end_ms"": 120000, ""engine_load"": 0.8189379999999999, ""external_airflow_factor"": 0, ""road_slope_percent"": 0, ""start_ms"": 87100, ""vehicle_speed_kph"": 99.75}]","[[30000, 99], [60000, 92]]",authorized_updates,1624,120000,0:0:6000,1290a463a226aa8ac97f9e102f78f7b9ec93b0976ab16deba713e38421c2a367,371c970bea1fb8fc19325f6e38f570559dabb6c59a19fdda751742232362b5b2,0
current_0382,MEMORY,stuck_bit,intermittent,2,0,26200,13700,operating_family_3,development-train,current_profile_0382,"[{""ambient_temp_c"": 33.039, ""end_ms"": 18100, ""engine_load"": 0.5949249, ""external_airflow_factor"": 0, ""road_slope_percent"": 0, ""start_ms"": 0, ""vehicle_speed_kph"": 72.44999999999999}, {""ambient_temp_c"": 33.039, ""end_ms"": 49300, ""engine_load"": 0.86221, ""external_airflow_factor"": 0, ""road_slope_percent"": 0, ""start_ms"": 18100, ""vehicle_speed_kph"": 105}, {""ambient_temp_c"": 33.039, ""end_ms"": 87100, ""engine_load"": 0.7156343, ""external_airflow_factor"": 0, ""road_slope_percent"": 0, ""start_ms"": 49300, ""vehicle_speed_kph"": 87.14999999999999}, {""ambient_temp_c"": 33.039, ""end_ms"": 120000, ""engine_load"": 0.8190995, ""external_airflow_factor"": 0, ""road_slope_percent"": 0, ""start_ms"": 87100, ""vehicle_speed_kph"": 99.75}]",[],static_target,1625,120000,0:0:6000,74ba64c96b773d78b8d6b3c05540aa7e56cc1b00b860a782f3a26f140b3c254d,0d7f23f38f8e84a943864bde8c0ccb1c957bfd6371ef9a71bb1412e4678cf252,0
current_0383,MEMORY,stuck_bit,permanent,2,0,26500,18500,operating_family_3,development-train,current_profile_0383,"[{""ambient_temp_c"": 33.042, ""end_ms"": 18100, ""engine_load"": 0.5950422, ""external_airflow_factor"": 0, ""road_slope_percent"": 0, ""start_ms"": 0, ""vehicle_speed_kph"": 72.44999999999999}, {""ambient_temp_c"": 33.042, ""end_ms"": 49300, ""engine_load"": 0.86238, ""external_airflow_factor"": 0, ""road_slope_percent"": 0, ""start_ms"": 18100, ""vehicle_speed_kph"": 105}, {""ambient_temp_c"": 33.042, ""end_ms"": 87100, ""engine_load"": 0.7157754, ""external_airflow_factor"": 0, ""road_slope_percent"": 0, ""start_ms"": 49300, ""vehicle_speed_kph"": 87.14999999999999}, {""ambient_temp_c"": 33.042, ""end_ms"": 120000, ""engine_load"": 0.819261, ""external_airflow_factor"": 0, ""road_slope_percent"": 0, ""start_ms"": 87100, ""vehicle_speed_kph"": 99.75}]","[[30000, 99], [60000, 92]]",authorized_updates,1626,120000,0:0:6000,9a5b80ac2fb6598e60052b896e84a03a5980d123c87cc939ef35d962d1033fb3,982edb2085d4010909d993724ed555b3ee31ecc922513b6d3d0fedf89708d814,0
current_0384,MEMORY,stuck_bit,transient,2,1,26800,9700,operating_family_3,development-train,current_profile_0384,"[{""ambient_temp_c"": 33.045, ""end_ms"": 18100, ""engine_load"": 0.5951595, ""external_airflow_factor"": 0, ""road_slope_percent"": 0, ""start_ms"": 0, ""vehicle_speed_kph"": 72.44999999999999}, {""ambient_temp_c"": 33.045, ""end_ms"": 49300, ""engine_load"": 0.86255, ""external_airflow_factor"": 0, ""road_slope_percent"": 0, ""start_ms"": 18100, ""vehicle_speed_kph"": 105}, {""ambient_temp_c"": 33.045, ""end_ms"": 87100, ""engine_load"": 0.7159165, ""external_airflow_factor"": 0, ""road_slope_percent"": 0, ""start_ms"": 49300, ""vehicle_speed_kph"": 87.14999999999999}, {""ambient_temp_c"": 33.045, ""end_ms"": 120000, ""engine_load"": 0.8194225, ""external_airflow_factor"": 0, ""road_slope_percent"": 0, ""start_ms"": 87100, ""vehicle_speed_kph"": 99.75}]",[],static_target,1627,120000,0:0:6000,001bf66e4bf011a275f764aaa6ea62db18cd5d7997457857fd82f4cd5eedf083,2420feca5b527ecc3c63da2cba35de9e9d0a801e50d3d2be893d486d8edc374c,1
current_0385,MEMORY,stuck_bit,intermittent,2,1,24700,13700,operating_family_3,development-train,current_profile_0385,"[{""ambient_temp_c"": 33.048, ""end_ms"": 18100, ""engine_load"": 0.5952767999999999, ""external_airflow_factor"": 0, ""road_slope_percent"": 0, ""start_ms"": 0, ""vehicle_speed_kph"": 72.44999999999999}, {""ambient_temp_c"": 33.048, ""end_ms"": 49300, ""engine_load"": 0.8627199999999999, ""external_airflow_factor"": 0, ""road_slope_percent"": 0, ""start_ms"": 18100, ""vehicle_speed_kph"": 105}, {""ambient_temp_c"": 33.048, ""end_ms"": 87100, ""engine_load"": 0.7160576, ""external_airflow_factor"": 0, ""road_slope_percent"": 0, ""start_ms"": 49300, ""vehicle_speed_kph"": 87.14999999999999}, {""ambient_temp_c"": 33.048, ""end_ms"": 120000, ""engine_load"": 0.8195839999999999, ""external_airflow_factor"": 0, ""road_slope_percent"": 0, ""start_ms"": 87100, ""vehicle_speed_kph"": 99.75}]","[[30000, 99], [60000, 92]]",authorized_updates,1628,120000,0:0:6000,fa1f5ead1bf2d001c26fea2fd9f38d9731310a4914ec01a322c9293348dc555b,a026fa9cf7bd250a68da8788884c557c1e58e01fe509fbd5bfd5a70c76f8a51e,1
current_0386,MEMORY,stuck_bit,permanent,2,1,25000,18500,operating_family_3,development-train,current_profile_0386,"[{""ambient_temp_c"": 33.051, ""end_ms"": 18100, ""engine_load"": 0.5953940999999999, ""external_airflow_factor"": 0, ""road_slope_percent"": 0, ""start_ms"": 0, ""vehicle_speed_kph"": 72.44999999999999}, {""ambient_temp_c"": 33.051, ""end_ms"": 49300, ""engine_load"": 0.8628899999999999, ""external_airflow_factor"": 0, ""road_slope_percent"": 0, ""start_ms"": 18100, ""vehicle_speed_kph"": 105}, {""ambient_temp_c"": 33.051, ""end_ms"": 87100, ""engine_load"": 0.7161987, ""external_airflow_factor"": 0, ""road_slope_percent"": 0, ""start_ms"": 49300, ""vehicle_speed_kph"": 87.14999999999999}, {""ambient_temp_c"": 33.051, ""end_ms"": 120000, ""engine_load"": 0.8197454999999999, ""external_airflow_factor"": 0, ""road_slope_percent"": 0, ""start_ms"": 87100, ""vehicle_speed_kph"": 99.75}]",[],static_target,1629,120000,0:0:6000,b4df2caa32184423ea1f67d9dc433fb3ed64d1a85386b20df8b1f72eeca792e1,b92f6e31b5a53e730d0b3c83171a49d6826dc8d7d9f076e8e1573ef5cf8b0ea7,1
current_0387,MEMORY,stuck_bit,transient,3,0,25300,9700,operating_family_3,development-train,current_profile_0387,"[{""ambient_temp_c"": 33.054, ""end_ms"": 18100, ""engine_load"": 0.5955113999999999, ""external_airflow_factor"": 0, ""road_slope_percent"": 0, ""start_ms"": 0, ""vehicle_speed_kph"": 72.44999999999999}, {""ambient_temp_c"": 33.054, ""end_ms"": 49300, ""engine_load"": 0.8630599999999999, ""external_airflow_factor"": 0, ""road_slope_percent"": 0, ""start_ms"": 18100, ""vehicle_speed_kph"": 105}, {""ambient_temp_c"": 33.054, ""end_ms"": 87100, ""engine_load"": 0.7163397999999999, ""external_airflow_factor"": 0, ""road_slope_percent"": 0, ""start_ms"": 49300, ""vehicle_speed_kph"": 87.14999999999999}, {""ambient_temp_c"": 33.054, ""end_ms"": 120000, ""engine_load"": 0.8199069999999999, ""external_airflow_factor"": 0, ""road_slope_percent"": 0, ""start_ms"": 87100, ""vehicle_speed_kph"": 99.75}]","[[30000, 99], [60000, 92]]",authorized_updates,1630,120000,0:0:6000,5b0ee075fbc7589793e1e259f8add11c33d61686f3aa3a33b12bcc2f986137dd,41429488dd2ddb406c80a272a97cc964a2aec8b1518fb8f9d151beaec89a4ee3,0
current_0388,MEMORY,stuck_bit,intermittent,3,0,25600,13700,operating_family_3,development-train,current_profile_0388,"[{""ambient_temp_c"": 33.057, ""end_ms"": 18100, ""engine_load"": 0.5956286999999999, ""external_airflow_factor"": 0, ""road_slope_percent"": 0, ""start_ms"": 0, ""vehicle_speed_kph"": 72.44999999999999}, {""ambient_temp_c"": 33.057, ""end_ms"": 49300, ""engine_load"": 0.8632299999999999, ""external_airflow_factor"": 0, ""road_slope_percent"": 0, ""start_ms"": 18100, ""vehicle_speed_kph"": 105}, {""ambient_temp_c"": 33.057, ""end_ms"": 87100, ""engine_load"": 0.7164808999999999, ""external_airflow_factor"": 0, ""road_slope_percent"": 0, ""start_ms"": 49300, ""vehicle_speed_kph"": 87.14999999999999}, {""ambient_temp_c"": 33.057, ""end_ms"": 120000, ""engine_load"": 0.8200684999999999, ""external_airflow_factor"": 0, ""road_slope_percent"": 0, ""start_ms"": 87100, ""vehicle_speed_kph"": 99.75}]",[],static_target,1631,120000,0:0:6000,782fdd32ee71cebd363ef2689c8d2f9cf99b45681bee7e423c80f615e26d737a,ecf19524092cd86fffe2b17e8f891115453f18497d10480ade1ad4775bf02b59,0
current_0389,MEMORY,stuck_bit,permanent,3,0,25900,18500,operating_family_3,development-train,current_profile_0389,"[{""ambient_temp_c"": 33.06, ""end_ms"": 18100, ""engine_load"": 0.5957459999999999, ""external_airflow_factor"": 0, ""road_slope_percent"": 0, ""start_ms"": 0, ""vehicle_speed_kph"": 72.44999999999999}, {""ambient_temp_c"": 33.06, ""end_ms"": 49300, ""engine_load"": 0.8634, ""external_airflow_factor"": 0, ""road_slope_percent"": 0, ""start_ms"": 18100, ""vehicle_speed_kph"": 105}, {""ambient_temp_c"": 33.06, ""end_ms"": 87100, ""engine_load"": 0.7166219999999999, ""external_airflow_factor"": 0, ""road_slope_percent"": 0, ""start_ms"": 49300, ""vehicle_speed_kph"": 87.14999999999999}, {""ambient_temp_c"": 33.06, ""end_ms"": 120000, ""engine_load"": 0.8202299999999999, ""external_airflow_factor"": 0, ""road_slope_percent"": 0, ""start_ms"": 87100, ""vehicle_speed_kph"": 99.75}]","[[30000, 99], [60000, 92]]",authorized_updates,1632,120000,0:0:6000,f82f6aa3428620441f99d5c356cf6caf3c8a7cccd9f908996d9e4dc3037aff71,7f46ffe6efc128155d26f5044f53c78f2dd98927a79c66fdf24e445a4e1df423,0
current_0390,MEMORY,stuck_bit,transient,3,1,26200,9700,operating_family_3,development-train,current_profile_0390,"[{""ambient_temp_c"": 33.063, ""end_ms"": 18100, ""engine_load"": 0.5958632999999999, ""external_airflow_factor"": 0, ""road_slope_percent"": 0, ""start_ms"": 0, ""vehicle_speed_kph"": 72.44999999999999}, {""ambient_temp_c"": 33.063, ""end_ms"": 49300, ""engine_load"": 0.86357, ""external_airflow_factor"": 0, ""road_slope_percent"": 0, ""start_ms"": 18100, ""vehicle_speed_kph"": 105}, {""ambient_temp_c"": 33.063, ""end_ms"": 87100, ""engine_load"": 0.7167630999999999, ""external_airflow_factor"": 0, ""road_slope_percent"": 0, ""start_ms"": 49300, ""vehicle_speed_kph"": 87.14999999999999}, {""ambient_temp_c"": 33.063, ""end_ms"": 120000, ""engine_load"": 0.8203914999999999, ""external_airflow_factor"": 0, ""road_slope_percent"": 0, ""start_ms"": 87100, ""vehicle_speed_kph"": 99.75}]",[],static_target,1633,120000,0:0:6000,ff7e239588b137430b521f6ed636da001794f9bd6bb6bad9de0ffaa3e575df5a,e7e535a7a03ed35e991f57cb66b6787d8a08a99e230205bb033079c8c4abb08b,1
current_0391,MEMORY,stuck_bit,intermittent,3,1,26500,13700,operating_family_3,development-train,current_profile_0391,"[{""ambient_temp_c"": 33.066, ""end_ms"": 18100, ""engine_load"": 0.5959806, ""external_airflow_factor"": 0, ""road_slope_percent"": 0, ""start_ms"": 0, ""vehicle_speed_kph"": 72.44999999999999}, {""ambient_temp_c"": 33.066, ""end_ms"": 49300, ""engine_load"": 0.86374, ""external_airflow_factor"": 0, ""road_slope_percent"": 0, ""start_ms"": 18100, ""vehicle_speed_kph"": 105}, {""ambient_temp_c"": 33.066, ""end_ms"": 87100, ""engine_load"": 0.7169041999999999, ""external_airflow_factor"": 0, ""road_slope_percent"": 0, ""start_ms"": 49300, ""vehicle_speed_kph"": 87.14999999999999}, {""ambient_temp_c"": 33.066, ""end_ms"": 120000, ""engine_load"": 0.8205529999999999, ""external_airflow_factor"": 0, ""road_slope_percent"": 0, ""start_ms"": 87100, ""vehicle_speed_kph"": 99.75}]","[[30000, 99], [60000, 92]]",authorized_updates,1634,120000,0:0:6000,75886592bb9e6a9071f69f20f68c0d4ac9ab1ff4469d238493af5894253a01db,57de7f517d8f92aa8ae2f8cfd5c94c4c71243f51511f2ac321a897818fd0141f,1
current_0392,MEMORY,stuck_bit,permanent,3,1,26800,18500,operating_family_3,development-train,current_profile_0392,"[{""ambient_temp_c"": 33.069, ""end_ms"": 18100, ""engine_load"": 0.5960979, ""external_airflow_factor"": 0, ""road_slope_percent"": 0, ""start_ms"": 0, ""vehicle_speed_kph"": 72.44999999999999}, {""ambient_temp_c"": 33.069, ""end_ms"": 49300, ""engine_load"": 0.86391, ""external_airflow_factor"": 0, ""road_slope_percent"": 0, ""start_ms"": 18100, ""vehicle_speed_kph"": 105}, {""ambient_temp_c"": 33.069, ""end_ms"": 87100, ""engine_load"": 0.7170452999999999, ""external_airflow_factor"": 0, ""road_slope_percent"": 0, ""start_ms"": 49300, ""vehicle_speed_kph"": 87.14999999999999}, {""ambient_temp_c"": 33.069, ""end_ms"": 120000, ""engine_load"": 0.8207144999999999, ""external_airflow_factor"": 0, ""road_slope_percent"": 0, ""start_ms"": 87100, ""vehicle_speed_kph"": 99.75}]",[],static_target,1635,120000,0:0:6000,b0540e93d168b259b9f34cf58651a2e8a8d2c34e62d8bcb92e62c07a5bc31747,01896b2aecf6b3f33a9a4db45984fbab06cd81256e4e37d292b07e312b5547c6,1
current_0393,MEMORY,stuck_bit,transient,4,0,24700,9700,operating_family_3,development-train,current_profile_0393,"[{""ambient_temp_c"": 33.072, ""end_ms"": 18100, ""engine_load"": 0.5962152, ""external_airflow_factor"": 0, ""road_slope_percent"": 0, ""start_ms"": 0, ""vehicle_speed_kph"": 72.44999999999999}, {""ambient_temp_c"": 33.072, ""end_ms"": 49300, ""engine_load"": 0.86408, ""external_airflow_factor"": 0, ""road_slope_percent"": 0, ""start_ms"": 18100, ""vehicle_speed_kph"": 105}, {""ambient_temp_c"": 33.072, ""end_ms"": 87100, ""engine_load"": 0.7171863999999999, ""external_airflow_factor"": 0, ""road_slope_percent"": 0, ""start_ms"": 49300, ""vehicle_speed_kph"": 87.14999999999999}, {""ambient_temp_c"": 33.072, ""end_ms"": 120000, ""engine_load"": 0.8208759999999999, ""external_airflow_factor"": 0, ""road_slope_percent"": 0, ""start_ms"": 87100, ""vehicle_speed_kph"": 99.75}]","[[30000, 99], [60000, 92]]",authorized_updates,1636,120000,0:0:6000,c8028b42c745fd47db0312f03412ebf02bb9bd2845131655afa85941e381c6eb,5841b4c1ccb51a8a3e06aded92b034e0abe504a837e862b8175854e5389bf08e,0
current_0394,MEMORY,stuck_bit,intermittent,4,0,25000,13700,operating_family_3,development-train,current_profile_0394,"[{""ambient_temp_c"": 33.075, ""end_ms"": 18100, ""engine_load"": 0.5963324999999999, ""external_airflow_factor"": 0, ""road_slope_percent"": 0, ""start_ms"": 0, ""vehicle_speed_kph"": 72.44999999999999}, {""ambient_temp_c"": 33.075, ""end_ms"": 49300, ""engine_load"": 0.86425, ""external_airflow_factor"": 0, ""road_slope_percent"": 0, ""start_ms"": 18100, ""vehicle_speed_kph"": 105}, {""ambient_temp_c"": 33.075, ""end_ms"": 87100, ""engine_load"": 0.7173274999999999, ""external_airflow_factor"": 0, ""road_slope_percent"": 0, ""start_ms"": 49300, ""vehicle_speed_kph"": 87.14999999999999}, {""ambient_temp_c"": 33.075, ""end_ms"": 120000, ""engine_load"": 0.8210375, ""external_airflow_factor"": 0, ""road_slope_percent"": 0, ""start_ms"": 87100, ""vehicle_speed_kph"": 99.75}]",[],static_target,1637,120000,0:0:6000,c82fab2137ddbf846ebc518ca5243d1b71661c475c08746a1a50f26576fcd37b,ce62704019160a708778583df5d91d4e78eb373994c5b05de8e58050cc89823c,0
current_0395,MEMORY,stuck_bit,permanent,4,0,25300,18500,operating_family_3,development-train,current_profile_0395,"[{""ambient_temp_c"": 33.078, ""end_ms"": 18100, ""engine_load"": 0.5964497999999999, ""external_airflow_factor"": 0, ""road_slope_percent"": 0, ""start_ms"": 0, ""vehicle_speed_kph"": 72.44999999999999}, {""ambient_temp_c"": 33.078, ""end_ms"": 49300, ""engine_load"": 0.86442, ""external_airflow_factor"": 0, ""road_slope_percent"": 0, ""start_ms"": 18100, ""vehicle_speed_kph"": 105}, {""ambient_temp_c"": 33.078, ""end_ms"": 87100, ""engine_load"": 0.7174685999999999, ""external_airflow_factor"": 0, ""road_slope_percent"": 0, ""start_ms"": 49300, ""vehicle_speed_kph"": 87.14999999999999}, {""ambient_temp_c"": 33.078, ""end_ms"": 120000, ""engine_load"": 0.8211989999999999, ""external_airflow_factor"": 0, ""road_slope_percent"": 0, ""start_ms"": 87100, ""vehicle_speed_kph"": 99.75}]","[[30000, 99], [60000, 92]]",authorized_updates,1638,120000,0:0:6000,caae9f0f4cf47dba9980938d1204f759a608d378b9fa078166020d9fe5a95a37,8875f1ccf5d518092ec36fe3fbfb1446799775629d24ff8601f07fd1ae100199,0
current_0396,MEMORY,stuck_bit,transient,4,1,25600,9700,operating_family_3,development-train,current_profile_0396,"[{""ambient_temp_c"": 33.081, ""end_ms"": 18100, ""engine_load"": 0.5965670999999999, ""external_airflow_factor"": 0, ""road_slope_percent"": 0, ""start_ms"": 0, ""vehicle_speed_kph"": 72.44999999999999}, {""ambient_temp_c"": 33.081, ""end_ms"": 49300, ""engine_load"": 0.86459, ""external_airflow_factor"": 0, ""road_slope_percent"": 0, ""start_ms"": 18100, ""vehicle_speed_kph"": 105}, {""ambient_temp_c"": 33.081, ""end_ms"": 87100, ""engine_load"": 0.7176096999999999, ""external_airflow_factor"": 0, ""road_slope_percent"": 0, ""start_ms"": 49300, ""vehicle_speed_kph"": 87.14999999999999}, {""ambient_temp_c"": 33.081, ""end_ms"": 120000, ""engine_load"": 0.8213604999999999, ""external_airflow_factor"": 0, ""road_slope_percent"": 0, ""start_ms"": 87100, ""vehicle_speed_kph"": 99.75}]",[],static_target,1639,120000,0:0:6000,380804b0478ab119b66fe34ca2456fe167396b576063ee3aa0773b16a38406c4,31d7342587be235094128c3d644ebde1fc11f09d656635201039c1b5f4ff88dc,1
current_0397,MEMORY,stuck_bit,intermittent,4,1,25900,13700,operating_family_3,development-train,current_profile_0397,"[{""ambient_temp_c"": 33.084, ""end_ms"": 18100, ""engine_load"": 0.5966843999999999, ""external_airflow_factor"": 0, ""road_slope_percent"": 0, ""start_ms"": 0, ""vehicle_speed_kph"": 72.44999999999999}, {""ambient_temp_c"": 33.084, ""end_ms"": 49300, ""engine_load"": 0.86476, ""external_airflow_factor"": 0, ""road_slope_percent"": 0, ""start_ms"": 18100, ""vehicle_speed_kph"": 105}, {""ambient_temp_c"": 33.084, ""end_ms"": 87100, ""engine_load"": 0.7177507999999999, ""external_airflow_factor"": 0, ""road_slope_percent"": 0, ""start_ms"": 49300, ""vehicle_speed_kph"": 87.14999999999999}, {""ambient_temp_c"": 33.084, ""end_ms"": 120000, ""engine_load"": 0.821522, ""external_airflow_factor"": 0, ""road_slope_percent"": 0, ""start_ms"": 87100, ""vehicle_speed_kph"": 99.75}]","[[30000, 99], [60000, 92]]",authorized_updates,1640,120000,0:0:6000,4e911f4cb091d6ce50fce60cfa00f3d59c962f34ffba3b0b5b9a82c59c706c89,8fd8118e2afaaae8451768355f0ef5a4466d2b71b1f4e17bf37b30b9a2d80a97,1
current_0398,MEMORY,stuck_bit,permanent,4,1,26200,18500,operating_family_3,development-train,current_profile_0398,"[{""ambient_temp_c"": 33.087, ""end_ms"": 18100, ""engine_load"": 0.5968017, ""external_airflow_factor"": 0, ""road_slope_percent"": 0, ""start_ms"": 0, ""vehicle_speed_kph"": 72.44999999999999}, {""ambient_temp_c"": 33.087, ""end_ms"": 49300, ""engine_load"": 0.86493, ""external_airflow_factor"": 0, ""road_slope_percent"": 0, ""start_ms"": 18100, ""vehicle_speed_kph"": 105}, {""ambient_temp_c"": 33.087, ""end_ms"": 87100, ""engine_load"": 0.7178918999999999, ""external_airflow_factor"": 0, ""road_slope_percent"": 0, ""start_ms"": 49300, ""vehicle_speed_kph"": 87.14999999999999}, {""ambient_temp_c"": 33.087, ""end_ms"": 120000, ""engine_load"": 0.8216834999999999, ""external_airflow_factor"": 0, ""road_slope_percent"": 0, ""start_ms"": 87100, ""vehicle_speed_kph"": 99.75}]",[],static_target,1641,120000,0:0:6000,fc2b68d9fb3540df34c9d0f09887d2bd2bb296f13bea3268f460bfdfdfa01a37,ee1ce290b58b3d29be3da9b12ff9d74eb6c37cdddc5a0fbe33f7375667fffe06,1
current_0399,MEMORY,bit_flip,transient,0,0,26500,9700,operating_family_3,development-train,current_profile_0399,"[{""ambient_temp_c"": 33.09, ""end_ms"": 18100, ""engine_load"": 0.596919, ""external_airflow_factor"": 0, ""road_slope_percent"": 0, ""start_ms"": 0, ""vehicle_speed_kph"": 72.44999999999999}, {""ambient_temp_c"": 33.09, ""end_ms"": 49300, ""engine_load"": 0.8651, ""external_airflow_factor"": 0, ""road_slope_percent"": 0, ""start_ms"": 18100, ""vehicle_speed_kph"": 105}, {""ambient_temp_c"": 33.09, ""end_ms"": 87100, ""engine_load"": 0.7180329999999999, ""external_airflow_factor"": 0, ""road_slope_percent"": 0, ""start_ms"": 49300, ""vehicle_speed_kph"": 87.14999999999999}, {""ambient_temp_c"": 33.09, ""end_ms"": 120000, ""engine_load"": 0.8218449999999999, ""external_airflow_factor"": 0, ""road_slope_percent"": 0, ""start_ms"": 87100, ""vehicle_speed_kph"": 99.75}]","[[30000, 99], [60000, 92]]",authorized_updates,1642,120000,0:0:6000,823f00ee5dac5b37927f8b81cfad4e2289d24f70948b99df8deb1f05088d3d72,4fe17e93e1152f83d16cb618d52ab530b706e67e79da7248615e7db42aeaa3fd,0
current_0400,MEMORY,bit_flip,intermittent,0,0,26800,13700,operating_family_3,development-train,current_profile_0400,"[{""ambient_temp_c"": 33.093, ""end_ms"": 18100, ""engine_load"": 0.5970363, ""external_airflow_factor"": 0, ""road_slope_percent"": 0, ""start_ms"": 0, ""vehicle_speed_kph"": 72.44999999999999}, {""ambient_temp_c"": 33.093, ""end_ms"": 49300, ""engine_load"": 0.86527, ""external_airflow_factor"": 0, ""road_slope_percent"": 0, ""start_ms"": 18100, ""vehicle_speed_kph"": 105}, {""ambient_temp_c"": 33.093, ""end_ms"": 87100, ""engine_load"": 0.7181740999999999, ""external_airflow_factor"": 0, ""road_slope_percent"": 0, ""start_ms"": 49300, ""vehicle_speed_kph"": 87.14999999999999}, {""ambient_temp_c"": 33.093, ""end_ms"": 120000, ""engine_load"": 0.8220065, ""external_airflow_factor"": 0, ""road_slope_percent"": 0, ""start_ms"": 87100, ""vehicle_speed_kph"": 99.75}]",[],static_target,1643,120000,0:0:6000,1c11c9450029551e4b21f8e780309f7dd4e219a256d6f40ce3fe29c5e72a815f,ef40b21ff420e33e5c1b73b46b248528e652e40029c5b0a9654edf8c449a12d6,0
current_0401,MEMORY,bit_flip,permanent,0,0,24700,18500,operating_family_3,development-train,current_profile_0401,"[{""ambient_temp_c"": 33.096, ""end_ms"": 18100, ""engine_load"": 0.5971536, ""external_airflow_factor"": 0, ""road_slope_percent"": 0, ""start_ms"": 0, ""vehicle_speed_kph"": 72.44999999999999}, {""ambient_temp_c"": 33.096, ""end_ms"": 49300, ""engine_load"": 0.86544, ""external_airflow_factor"": 0, ""road_slope_percent"": 0, ""start_ms"": 18100, ""vehicle_speed_kph"": 105}, {""ambient_temp_c"": 33.096, ""end_ms"": 87100, ""engine_load"": 0.7183151999999999, ""external_airflow_factor"": 0, ""road_slope_percent"": 0, ""start_ms"": 49300, ""vehicle_speed_kph"": 87.14999999999999}, {""ambient_temp_c"": 33.096, ""end_ms"": 120000, ""engine_load"": 0.8221679999999999, ""external_airflow_factor"": 0, ""road_slope_percent"": 0, ""start_ms"": 87100, ""vehicle_speed_kph"": 99.75}]","[[30000, 99], [60000, 92]]",authorized_updates,1644,120000,0:0:6000,e81268e5723bf14de6096465ebd92c9c11d9e6fbe6aa4e1d4fa93962452d64bc,884f90cfb7b23a9b92d1f124bd641954ac73bdc4ebd90fbc5de0da324aa0c8df,0
current_0402,MEMORY,bit_flip,transient,1,0,25000,9700,operating_family_3,development-train,current_profile_0402,"[{""ambient_temp_c"": 33.099, ""end_ms"": 18100, ""engine_load"": 0.5972708999999999, ""external_airflow_factor"": 0, ""road_slope_percent"": 0, ""start_ms"": 0, ""vehicle_speed_kph"": 72.44999999999999}, {""ambient_temp_c"": 33.099, ""end_ms"": 49300, ""engine_load"": 0.86561, ""external_airflow_factor"": 0, ""road_slope_percent"": 0, ""start_ms"": 18100, ""vehicle_speed_kph"": 105}, {""ambient_temp_c"": 33.099, ""end_ms"": 87100, ""engine_load"": 0.7184562999999999, ""external_airflow_factor"": 0, ""road_slope_percent"": 0, ""start_ms"": 49300, ""vehicle_speed_kph"": 87.14999999999999}, {""ambient_temp_c"": 33.099, ""end_ms"": 120000, ""engine_load"": 0.8223294999999999, ""external_airflow_factor"": 0, ""road_slope_percent"": 0, ""start_ms"": 87100, ""vehicle_speed_kph"": 99.75}]",[],static_target,1645,120000,0:0:6000,d6357e60bdc2bf17cb83406305e073e7f199fd3f15a170132e14969dde84286e,40309e796fe35a406c6c4340cbdb5d0281020204eba9c4150b02964f4dece186,0
current_0403,MEMORY,bit_flip,intermittent,1,0,25300,13700,operating_family_3,development-train,current_profile_0403,"[{""ambient_temp_c"": 33.102, ""end_ms"": 18100, ""engine_load"": 0.5973881999999999, ""external_airflow_factor"": 0, ""road_slope_percent"": 0, ""start_ms"": 0, ""vehicle_speed_kph"": 72.44999999999999}, {""ambient_temp_c"": 33.102, ""end_ms"": 49300, ""engine_load"": 0.86578, ""external_airflow_factor"": 0, ""road_slope_percent"": 0, ""start_ms"": 18100, ""vehicle_speed_kph"": 105}, {""ambient_temp_c"": 33.102, ""end_ms"": 87100, ""engine_load"": 0.7185973999999999, ""external_airflow_factor"": 0, ""road_slope_percent"": 0, ""start_ms"": 49300, ""vehicle_speed_kph"": 87.14999999999999}, {""ambient_temp_c"": 33.102, ""end_ms"": 120000, ""engine_load"": 0.822491, ""external_airflow_factor"": 0, ""road_slope_percent"": 0, ""start_ms"": 87100, ""vehicle_speed_kph"": 99.75}]","[[30000, 99], [60000, 92]]",authorized_updates,1646,120000,0:0:6000,0f1754423c9e0f055b5cec0a2f5f9357246e25d405ebadbc0507ed9c842f80a4,82612bc4565554abe96bd6a4446602e0cb974c86a25534b3c52202b2e8670125,0
current_0404,MEMORY,bit_flip,permanent,1,0,25600,18500,operating_family_3,development-train,current_profile_0404,"[{""ambient_temp_c"": 33.105, ""end_ms"": 18100, ""engine_load"": 0.5975054999999999, ""external_airflow_factor"": 0, ""road_slope_percent"": 0, ""start_ms"": 0, ""vehicle_speed_kph"": 72.44999999999999}, {""ambient_temp_c"": 33.105, ""end_ms"": 49300, ""engine_load"": 0.86595, ""external_airflow_factor"": 0, ""road_slope_percent"": 0, ""start_ms"": 18100, ""vehicle_speed_kph"": 105}, {""ambient_temp_c"": 33.105, ""end_ms"": 87100, ""engine_load"": 0.7187385, ""external_airflow_factor"": 0, ""road_slope_percent"": 0, ""start_ms"": 49300, ""vehicle_speed_kph"": 87.14999999999999}, {""ambient_temp_c"": 33.105, ""end_ms"": 120000, ""engine_load"": 0.8226525, ""external_airflow_factor"": 0, ""road_slope_percent"": 0, ""start_ms"": 87100, ""vehicle_speed_kph"": 99.75}]",[],static_target,1647,120000,0:0:6000,33d83b98940248b509a7d502e6bfcefdef61b127778ac70a384e1cd3c9066a7b,c9ceb817196e9191ceedd2971f21a4bacf22358b28f192cc6379117f0fdd3d92,0
current_0405,SENSOR_CONTROL,sensor_bias,transient,-1.2,0,25900,9700,operating_family_3,development-train,current_profile_0405,"[{""ambient_temp_c"": 33.108, ""end_ms"": 18100, ""engine_load"": 0.5976228, ""external_airflow_factor"": 0, ""road_slope_percent"": 0, ""start_ms"": 0, ""vehicle_speed_kph"": 72.44999999999999}, {""ambient_temp_c"": 33.108, ""end_ms"": 49300, ""engine_load"": 0.86612, ""external_airflow_factor"": 0, ""road_slope_percent"": 0, ""start_ms"": 18100, ""vehicle_speed_kph"": 105}, {""ambient_temp_c"": 33.108, ""end_ms"": 87100, ""engine_load"": 0.7188796, ""external_airflow_factor"": 0, ""road_slope_percent"": 0, ""start_ms"": 49300, ""vehicle_speed_kph"": 87.14999999999999}, {""ambient_temp_c"": 33.108, ""end_ms"": 120000, ""engine_load"": 0.8228139999999999, ""external_airflow_factor"": 0, ""road_slope_percent"": 0, ""start_ms"": 87100, ""vehicle_speed_kph"": 99.75}]","[[30000, 99], [60000, 92]]",authorized_updates,1648,120000,0:0:6000,3742fd83645cccb0ad7224027f2ed0bf5210c97cd695931e22ac33e00b5ad2b5,cf3df1c68d93e59d55f1cf8f578ae54ddcf1cd58cb532de2f0513afd4d8a0369,0
current_0406,SENSOR_CONTROL,sensor_bias,transient,1.2,0,26200,13700,operating_family_3,development-train,current_profile_0406,"[{""ambient_temp_c"": 33.111, ""end_ms"": 18100, ""engine_load"": 0.5977401, ""external_airflow_factor"": 0, ""road_slope_percent"": 0, ""start_ms"": 0, ""vehicle_speed_kph"": 72.44999999999999}, {""ambient_temp_c"": 33.111, ""end_ms"": 49300, ""engine_load"": 0.86629, ""external_airflow_factor"": 0, ""road_slope_percent"": 0, ""start_ms"": 18100, ""vehicle_speed_kph"": 105}, {""ambient_temp_c"": 33.111, ""end_ms"": 87100, ""engine_load"": 0.7190207, ""external_airflow_factor"": 0, ""road_slope_percent"": 0, ""start_ms"": 49300, ""vehicle_speed_kph"": 87.14999999999999}, {""ambient_temp_c"": 33.111, ""end_ms"": 120000, ""engine_load"": 0.8229755, ""external_airflow_factor"": 0, ""road_slope_percent"": 0, ""start_ms"": 87100, ""vehicle_speed_kph"": 99.75}]",[],static_target,1649,120000,0:0:6000,68fb3b250519b4e4614d04ac3ee901de488bd1a06c5dd8d3d4556de7ff6157a8,fe781909f39ed658c6918250dd701fe3c10b106bd1da828d7dc8acfdd1d90b05,0
current_0407,SENSOR_CONTROL,sensor_bias,transient,4.6,0,26500,18500,operating_family_3,development-train,current_profile_0407,"[{""ambient_temp_c"": 33.114, ""end_ms"": 18100, ""engine_load"": 0.5978574, ""external_airflow_factor"": 0, ""road_slope_percent"": 0, ""start_ms"": 0, ""vehicle_speed_kph"": 72.44999999999999}, {""ambient_temp_c"": 33.114, ""end_ms"": 49300, ""engine_load"": 0.86646, ""external_airflow_factor"": 0, ""road_slope_percent"": 0, ""start_ms"": 18100, ""vehicle_speed_kph"": 105}, {""ambient_temp_c"": 33.114, ""end_ms"": 87100, ""engine_load"": 0.7191618, ""external_airflow_factor"": 0, ""road_slope_percent"": 0, ""start_ms"": 49300, ""vehicle_speed_kph"": 87.14999999999999}, {""ambient_temp_c"": 33.114, ""end_ms"": 120000, ""engine_load"": 0.823137, ""external_airflow_factor"": 0, ""road_slope_percent"": 0, ""start_ms"": 87100, ""vehicle_speed_kph"": 99.75}]","[[30000, 99], [60000, 92]]",authorized_updates,1650,120000,0:0:6000,97aff4642956a3f17a8f60c4cebd11c55f04104746c256d2fa7b0372619cd008,4cd49188d84991e25a9cb7089dc16df80fb7b2be5a70fae2583f2079a950e555,0
current_0408,SENSOR_CONTROL,sensor_bias,transient,8.9,0,26800,9700,operating_family_3,development-train,current_profile_0408,"[{""ambient_temp_c"": 33.117, ""end_ms"": 18100, ""engine_load"": 0.5979747, ""external_airflow_factor"": 0, ""road_slope_percent"": 0, ""start_ms"": 0, ""vehicle_speed_kph"": 72.44999999999999}, {""ambient_temp_c"": 33.117, ""end_ms"": 49300, ""engine_load"": 0.86663, ""external_airflow_factor"": 0, ""road_slope_percent"": 0, ""start_ms"": 18100, ""vehicle_speed_kph"": 105}, {""ambient_temp_c"": 33.117, ""end_ms"": 87100, ""engine_load"": 0.7193029, ""external_airflow_factor"": 0, ""road_slope_percent"": 0, ""start_ms"": 49300, ""vehicle_speed_kph"": 87.14999999999999}, {""ambient_temp_c"": 33.117, ""end_ms"": 120000, ""engine_load"": 0.8232984999999999, ""external_airflow_factor"": 0, ""road_slope_percent"": 0, ""start_ms"": 87100, ""vehicle_speed_kph"": 99.75}]",[],static_target,1651,120000,0:0:6000,420816b4892ffec13d7eaaaf3fa549ff1ff09eecf0e89ccf339b344749ae1d9c,3cd91d4c5575953fb793a94b7c5127694dedaf033830f1736f208ee079b7be22,0
current_0409,SENSOR_CONTROL,sensor_bias,intermittent,-1.2,0,24700,13700,operating_family_3,development-train,current_profile_0409,"[{""ambient_temp_c"": 33.12, ""end_ms"": 18100, ""engine_load"": 0.598092, ""external_airflow_factor"": 0, ""road_slope_percent"": 0, ""start_ms"": 0, ""vehicle_speed_kph"": 72.44999999999999}, {""ambient_temp_c"": 33.12, ""end_ms"": 49300, ""engine_load"": 0.8668, ""external_airflow_factor"": 0, ""road_slope_percent"": 0, ""start_ms"": 18100, ""vehicle_speed_kph"": 105}, {""ambient_temp_c"": 33.12, ""end_ms"": 87100, ""engine_load"": 0.719444, ""external_airflow_factor"": 0, ""road_slope_percent"": 0, ""start_ms"": 49300, ""vehicle_speed_kph"": 87.14999999999999}, {""ambient_temp_c"": 33.12, ""end_ms"": 120000, ""engine_load"": 0.82346, ""external_airflow_factor"": 0, ""road_slope_percent"": 0, ""start_ms"": 87100, ""vehicle_speed_kph"": 99.75}]","[[30000, 99], [60000, 92]]",authorized_updates,1652,120000,0:0:6000,ba48ffc80aa0a88c1f5bfe95693d482990405705d46321c363241408d23255cd,2e7aeacda452dc176f78cbfa981241fb34aa3baf40d6bb7ac024e5c24154874f,0
current_0410,SENSOR_CONTROL,sensor_bias,intermittent,1.2,0,25000,18500,operating_family_3,development-train,current_profile_0410,"[{""ambient_temp_c"": 33.123, ""end_ms"": 18100, ""engine_load"": 0.5982092999999999, ""external_airflow_factor"": 0, ""road_slope_percent"": 0, ""start_ms"": 0, ""vehicle_speed_kph"": 72.44999999999999}, {""ambient_temp_c"": 33.123, ""end_ms"": 49300, ""engine_load"": 0.86697, ""external_airflow_factor"": 0, ""road_slope_percent"": 0, ""start_ms"": 18100, ""vehicle_speed_kph"": 105}, {""ambient_temp_c"": 33.123, ""end_ms"": 87100, ""engine_load"": 0.7195851, ""external_airflow_factor"": 0, ""road_slope_percent"": 0, ""start_ms"": 49300, ""vehicle_speed_kph"": 87.14999999999999}, {""ambient_temp_c"": 33.123, ""end_ms"": 120000, ""engine_load"": 0.8236215, ""external_airflow_factor"": 0, ""road_slope_percent"": 0, ""start_ms"": 87100, ""vehicle_speed_kph"": 99.75}]",[],static_target,1653,120000,0:0:6000,70493ae31bd4d18a658ec554becd605d3ab3ba88d892a18f45b9cf773d975fde,9a09947d07f15d300dced4ea3c7bf5dad4f3dd17c324204da97aedc0633c57c6,0
current_0411,SENSOR_CONTROL,sensor_bias,intermittent,4.6,0,25300,9700,operating_family_3,development-train,current_profile_0411,"[{""ambient_temp_c"": 33.126, ""end_ms"": 18100, ""engine_load"": 0.5983265999999999, ""external_airflow_factor"": 0, ""road_slope_percent"": 0, ""start_ms"": 0, ""vehicle_speed_kph"": 72.44999999999999}, {""ambient_temp_c"": 33.126, ""end_ms"": 49300, ""engine_load"": 0.86714, ""external_airflow_factor"": 0, ""road_slope_percent"": 0, ""start_ms"": 18100, ""vehicle_speed_kph"": 105}, {""ambient_temp_c"": 33.126, ""end_ms"": 87100, ""engine_load"": 0.7197262, ""external_airflow_factor"": 0, ""road_slope_percent"": 0, ""start_ms"": 49300, ""vehicle_speed_kph"": 87.14999999999999}, {""ambient_temp_c"": 33.126, ""end_ms"": 120000, ""engine_load"": 0.8237829999999999, ""external_airflow_factor"": 0, ""road_slope_percent"": 0, ""start_ms"": 87100, ""vehicle_speed_kph"": 99.75}]","[[30000, 99], [60000, 92]]",authorized_updates,1654,120000,0:0:6000,d44dd23f2671f8d1e63c0e2e3d1723caf1ac47d9b8a119e5770e1a7086d5b4f6,a730f5799af9ab345784d2f7d617d791cac497f88647d6632d659038ef02e1f9,0
current_0412,SENSOR_CONTROL,sensor_bias,intermittent,8.9,0,25600,13700,operating_family_3,development-train,current_profile_0412,"[{""ambient_temp_c"": 33.129, ""end_ms"": 18100, ""engine_load"": 0.5984438999999999, ""external_airflow_factor"": 0, ""road_slope_percent"": 0, ""start_ms"": 0, ""vehicle_speed_kph"": 72.44999999999999}, {""ambient_temp_c"": 33.129, ""end_ms"": 49300, ""engine_load"": 0.86731, ""external_airflow_factor"": 0, ""road_slope_percent"": 0, ""start_ms"": 18100, ""vehicle_speed_kph"": 105}, {""ambient_temp_c"": 33.129, ""end_ms"": 87100, ""engine_load"": 0.7198673, ""external_airflow_factor"": 0, ""road_slope_percent"": 0, ""start_ms"": 49300, ""vehicle_speed_kph"": 87.14999999999999}, {""ambient_temp_c"": 33.129, ""end_ms"": 120000, ""engine_load"": 0.8239445, ""external_airflow_factor"": 0, ""road_slope_percent"": 0, ""start_ms"": 87100, ""vehicle_speed_kph"": 99.75}]",[],static_target,1655,120000,0:0:6000,2f752ea6b28268214ca16a8915dbf72d4fad5c4de63e96cdc4bf7fe9b08ddcd2,5990d45d7c92f12cb16212acb3de8d6cdd9f218509cce5b5a3ab4a6f42cfc94a,0
current_0413,SENSOR_CONTROL,sensor_bias,permanent,-1.2,0,25900,18500,operating_family_3,development-train,current_profile_0413,"[{""ambient_temp_c"": 33.132, ""end_ms"": 18100, ""engine_load"": 0.5985612, ""external_airflow_factor"": 0, ""road_slope_percent"": 0, ""start_ms"": 0, ""vehicle_speed_kph"": 72.44999999999999}, {""ambient_temp_c"": 33.132, ""end_ms"": 49300, ""engine_load"": 0.86748, ""external_airflow_factor"": 0, ""road_slope_percent"": 0, ""start_ms"": 18100, ""vehicle_speed_kph"": 105}, {""ambient_temp_c"": 33.132, ""end_ms"": 87100, ""engine_load"": 0.7200084, ""external_airflow_factor"": 0, ""road_slope_percent"": 0, ""start_ms"": 49300, ""vehicle_speed_kph"": 87.14999999999999}, {""ambient_temp_c"": 33.132, ""end_ms"": 120000, ""engine_load"": 0.824106, ""external_airflow_factor"": 0, ""road_slope_percent"": 0, ""start_ms"": 87100, ""vehicle_speed_kph"": 99.75}]","[[30000, 99], [60000, 92]]",authorized_updates,1656,120000,0:0:6000,9690ea2f66a48e057ff42901d064eff12198602f88168bc1b27f476ae91cb3a4,bff9dfb747482372ff7a9ca08dc183ea68d670f91ba66e34a3d2eb4048a2759d,0
current_0414,SENSOR_CONTROL,sensor_bias,permanent,1.2,0,26200,9700,operating_family_3,development-train,current_profile_0414,"[{""ambient_temp_c"": 33.135, ""end_ms"": 18100, ""engine_load"": 0.5986785, ""external_airflow_factor"": 0, ""road_slope_percent"": 0, ""start_ms"": 0, ""vehicle_speed_kph"": 72.44999999999999}, {""ambient_temp_c"": 33.135, ""end_ms"": 49300, ""engine_load"": 0.86765, ""external_airflow_factor"": 0, ""road_slope_percent"": 0, ""start_ms"": 18100, ""vehicle_speed_kph"": 105}, {""ambient_temp_c"": 33.135, ""end_ms"": 87100, ""engine_load"": 0.7201495, ""external_airflow_factor"": 0, ""road_slope_percent"": 0, ""start_ms"": 49300, ""vehicle_speed_kph"": 87.14999999999999}, {""ambient_temp_c"": 33.135, ""end_ms"": 120000, ""engine_load"": 0.8242675, ""external_airflow_factor"": 0, ""road_slope_percent"": 0, ""start_ms"": 87100, ""vehicle_speed_kph"": 99.75}]",[],static_target,1657,120000,0:0:6000,8d8afdfcf9ef130c7154abbedff1c47cba18fd5be39e0d4d77765ad75674c8fe,74a95baef10fc8046fcb24e5be64c63e98223e62c5cdb005c9c12f6d5c548f67,0
current_0415,SENSOR_CONTROL,sensor_bias,permanent,4.6,0,26500,13700,operating_family_3,development-train,current_profile_0415,"[{""ambient_temp_c"": 33.138, ""end_ms"": 18100, ""engine_load"": 0.5987958, ""external_airflow_factor"": 0, ""road_slope_percent"": 0, ""start_ms"": 0, ""vehicle_speed_kph"": 72.44999999999999}, {""ambient_temp_c"": 33.138, ""end_ms"": 49300, ""engine_load"": 0.86782, ""external_airflow_factor"": 0, ""road_slope_percent"": 0, ""start_ms"": 18100, ""vehicle_speed_kph"": 105}, {""ambient_temp_c"": 33.138, ""end_ms"": 87100, ""engine_load"": 0.7202906, ""external_airflow_factor"": 0, ""road_slope_percent"": 0, ""start_ms"": 49300, ""vehicle_speed_kph"": 87.14999999999999}, {""ambient_temp_c"": 33.138, ""end_ms"": 120000, ""engine_load"": 0.824429, ""external_airflow_factor"": 0, ""road_slope_percent"": 0, ""start_ms"": 87100, ""vehicle_speed_kph"": 99.75}]","[[30000, 99], [60000, 92]]",authorized_updates,1658,120000,0:0:6000,c630ed79a481b4c1fe36a0ea7115bc8ead8964c6694b0ddcb50b15c62ed77611,14a5c1a1876da9a28fae1e9d2c3c48d8c012d312230752d0e0a28ae5634122a6,0
current_0416,SENSOR_CONTROL,sensor_bias,permanent,8.9,0,26800,18500,operating_family_3,development-train,current_profile_0416,"[{""ambient_temp_c"": 33.141, ""end_ms"": 18100, ""engine_load"": 0.5989131, ""external_airflow_factor"": 0, ""road_slope_percent"": 0, ""start_ms"": 0, ""vehicle_speed_kph"": 72.44999999999999}, {""ambient_temp_c"": 33.141, ""end_ms"": 49300, ""engine_load"": 0.86799, ""external_airflow_factor"": 0, ""road_slope_percent"": 0, ""start_ms"": 18100, ""vehicle_speed_kph"": 105}, {""ambient_temp_c"": 33.141, ""end_ms"": 87100, ""engine_load"": 0.7204317, ""external_airflow_factor"": 0, ""road_slope_percent"": 0, ""start_ms"": 49300, ""vehicle_speed_kph"": 87.14999999999999}, {""ambient_temp_c"": 33.141, ""end_ms"": 120000, ""engine_load"": 0.8245905, ""external_airflow_factor"": 0, ""road_slope_percent"": 0, ""start_ms"": 87100, ""vehicle_speed_kph"": 99.75}]",[],static_target,1659,120000,0:0:6000,a267fef89d69561ddbf58c97b862c7d93353a4f7177cef7b58b630bf84f4f215,5d9ed040aedc677d2f8625730010889c80d750376585dfb056e4b8a623a78f7e,0
current_0417,SENSOR_CONTROL,sensor_interface_intermittent,transient,0.5,0,24700,9700,operating_family_3,development-train,current_profile_0417,"[{""ambient_temp_c"": 33.144, ""end_ms"": 18100, ""engine_load"": 0.5990304, ""external_airflow_factor"": 0, ""road_slope_percent"": 0, ""start_ms"": 0, ""vehicle_speed_kph"": 72.44999999999999}, {""ambient_temp_c"": 33.144, ""end_ms"": 49300, ""engine_load"": 0.86816, ""external_airflow_factor"": 0, ""road_slope_percent"": 0, ""start_ms"": 18100, ""vehicle_speed_kph"": 105}, {""ambient_temp_c"": 33.144, ""end_ms"": 87100, ""engine_load"": 0.7205728, ""external_airflow_factor"": 0, ""road_slope_percent"": 0, ""start_ms"": 49300, ""vehicle_speed_kph"": 87.14999999999999}, {""ambient_temp_c"": 33.144, ""end_ms"": 120000, ""engine_load"": 0.824752, ""external_airflow_factor"": 0, ""road_slope_percent"": 0, ""start_ms"": 87100, ""vehicle_speed_kph"": 99.75}]","[[30000, 99], [60000, 92]]",authorized_updates,1660,120000,0:0:6000,bda6e4359a39f23d7e07c19adb52c97e5e3a56b87c3393a1a8fe773cc880f631,11d2da67d93f56c672f2889d53de5fae9131077e0064ad9899116f8ed88e636e,0
current_0418,SENSOR_CONTROL,sensor_interface_intermittent,transient,1.5,0,25000,13700,operating_family_3,development-train,current_profile_0418,"[{""ambient_temp_c"": 33.147, ""end_ms"": 18100, ""engine_load"": 0.5991477, ""external_airflow_factor"": 0, ""road_slope_percent"": 0, ""start_ms"": 0, ""vehicle_speed_kph"": 72.44999999999999}, {""ambient_temp_c"": 33.147, ""end_ms"": 49300, ""engine_load"": 0.8683299999999999, ""external_airflow_factor"": 0, ""road_slope_percent"": 0, ""start_ms"": 18100, ""vehicle_speed_kph"": 105}, {""ambient_temp_c"": 33.147, ""end_ms"": 87100, ""engine_load"": 0.7207138999999999, ""external_airflow_factor"": 0, ""road_slope_percent"": 0, ""start_ms"": 49300, ""vehicle_speed_kph"": 87.14999999999999}, {""ambient_temp_c"": 33.147, ""end_ms"": 120000, ""engine_load"": 0.8249134999999999, ""external_airflow_factor"": 0, ""road_slope_percent"": 0, ""start_ms"": 87100, ""vehicle_speed_kph"": 99.75}]",[],static_target,1661,120000,0:0:6000,5cc2d825e2aa0cae990234e6a686685454d9cfe94f06d4553d0c15c710bd6dc1,daa375e1ed479bd6012f350bd089aa8c69386636f4f46b2ba0ea9589b24ed1f3,0
current_0419,SENSOR_CONTROL,sensor_interface_intermittent,transient,4.1,0,25300,18500,operating_family_3,development-train,current_profile_0419,"[{""ambient_temp_c"": 33.15, ""end_ms"": 18100, ""engine_load"": 0.5992649999999999, ""external_airflow_factor"": 0, ""road_slope_percent"": 0, ""start_ms"": 0, ""vehicle_speed_kph"": 72.44999999999999}, {""ambient_temp_c"": 33.15, ""end_ms"": 49300, ""engine_load"": 0.8684999999999999, ""external_airflow_factor"": 0, ""road_slope_percent"": 0, ""start_ms"": 18100, ""vehicle_speed_kph"": 105}, {""ambient_temp_c"": 33.15, ""end_ms"": 87100, ""engine_load"": 0.7208549999999999, ""external_airflow_factor"": 0, ""road_slope_percent"": 0, ""start_ms"": 49300, ""vehicle_speed_kph"": 87.14999999999999}, {""ambient_temp_c"": 33.15, ""end_ms"": 120000, ""engine_load"": 0.8250749999999999, ""external_airflow_factor"": 0, ""road_slope_percent"": 0, ""start_ms"": 87100, ""vehicle_speed_kph"": 99.75}]","[[30000, 99], [60000, 92]]",authorized_updates,1662,120000,0:0:6000,7906e7f62418cec7dfaca2e5deaa6f84cb910483ef7552cfd553029db2816770,776a575e9f2851ab57b9b44c930ad4f18b3f319ae2f09551214f3ef46f585bd6,0
current_0420,SENSOR_CONTROL,sensor_interface_intermittent,transient,8.1,0,25600,9700,operating_family_3,development-train,current_profile_0420,"[{""ambient_temp_c"": 33.153, ""end_ms"": 18100, ""engine_load"": 0.5993822999999999, ""external_airflow_factor"": 0, ""road_slope_percent"": 0, ""start_ms"": 0, ""vehicle_speed_kph"": 72.44999999999999}, {""ambient_temp_c"": 33.153, ""end_ms"": 49300, ""engine_load"": 0.8686699999999999, ""external_airflow_factor"": 0, ""road_slope_percent"": 0, ""start_ms"": 18100, ""vehicle_speed_kph"": 105}, {""ambient_temp_c"": 33.153, ""end_ms"": 87100, ""engine_load"": 0.7209960999999999, ""external_airflow_factor"": 0, ""road_slope_percent"": 0, ""start_ms"": 49300, ""vehicle_speed_kph"": 87.14999999999999}, {""ambient_temp_c"": 33.153, ""end_ms"": 120000, ""engine_load"": 0.8252364999999999, ""external_airflow_factor"": 0, ""road_slope_percent"": 0, ""start_ms"": 87100, ""vehicle_speed_kph"": 99.75}]",[],static_target,1663,120000,0:0:6000,f1a4c25fd65c17002cb65cadbab3fc8848d2c56b9c8ce72fe57a95ff6f2bf017,45edded350f9cd268c9dc32850d4bf69acc4bf6c0662bdf2b69da9bc19646d82,0
current_0421,SENSOR_CONTROL,sensor_interface_intermittent,intermittent,0.5,0,25900,13700,operating_family_3,development-train,current_profile_0421,"[{""ambient_temp_c"": 33.156, ""end_ms"": 18100, ""engine_load"": 0.5994995999999999, ""external_airflow_factor"": 0, ""road_slope_percent"": 0, ""start_ms"": 0, ""vehicle_speed_kph"": 72.44999999999999}, {""ambient_temp_c"": 33.156, ""end_ms"": 49300, ""engine_load"": 0.86884, ""external_airflow_factor"": 0, ""road_slope_percent"": 0, ""start_ms"": 18100, ""vehicle_speed_kph"": 105}, {""ambient_temp_c"": 33.156, ""end_ms"": 87100, ""engine_load"": 0.7211371999999999, ""external_airflow_factor"": 0, ""road_slope_percent"": 0, ""start_ms"": 49300, ""vehicle_speed_kph"": 87.14999999999999}, {""ambient_temp_c"": 33.156, ""end_ms"": 120000, ""engine_load"": 0.825398, ""external_airflow_factor"": 0, ""road_slope_percent"": 0, ""start_ms"": 87100, ""vehicle_speed_kph"": 99.75}]","[[30000, 99], [60000, 92]]",authorized_updates,1664,120000,0:0:6000,28c352867641764ac7d35e121c11793a92b35bf40b5beef1b1173105a1709906,9defcf3ad2099a4fdb23807b20cf92c46d917d001b5d67db7b05a1dc2b94cc51,0
current_0422,SENSOR_CONTROL,sensor_interface_intermittent,intermittent,1.5,0,26200,18500,operating_family_3,development-train,current_profile_0422,"[{""ambient_temp_c"": 33.159, ""end_ms"": 18100, ""engine_load"": 0.5996168999999999, ""external_airflow_factor"": 0, ""road_slope_percent"": 0, ""start_ms"": 0, ""vehicle_speed_kph"": 72.44999999999999}, {""ambient_temp_c"": 33.159, ""end_ms"": 49300, ""engine_load"": 0.86901, ""external_airflow_factor"": 0, ""road_slope_percent"": 0, ""start_ms"": 18100, ""vehicle_speed_kph"": 105}, {""ambient_temp_c"": 33.159, ""end_ms"": 87100, ""engine_load"": 0.7212782999999999, ""external_airflow_factor"": 0, ""road_slope_percent"": 0, ""start_ms"": 49300, ""vehicle_speed_kph"": 87.14999999999999}, {""ambient_temp_c"": 33.159, ""end_ms"": 120000, ""engine_load"": 0.8255594999999999, ""external_airflow_factor"": 0, ""road_slope_percent"": 0, ""start_ms"": 87100, ""vehicle_speed_kph"": 99.75}]",[],static_target,1665,120000,0:0:6000,ae2615806fcfcb9215562f22fe80f5ee08b670c2652c853210a6ea42939994cd,d232c5724eeab996e1e89428b24c248ef89d6e87265ee0aa35d1e4cffc3acd70,0
current_0423,SENSOR_CONTROL,sensor_interface_intermittent,intermittent,4.1,0,26500,9700,operating_family_3,development-train,current_profile_0423,"[{""ambient_temp_c"": 33.162, ""end_ms"": 18100, ""engine_load"": 0.5997341999999999, ""external_airflow_factor"": 0, ""road_slope_percent"": 0, ""start_ms"": 0, ""vehicle_speed_kph"": 72.44999999999999}, {""ambient_temp_c"": 33.162, ""end_ms"": 49300, ""engine_load"": 0.86918, ""external_airflow_factor"": 0, ""road_slope_percent"": 0, ""start_ms"": 18100, ""vehicle_speed_kph"": 105}, {""ambient_temp_c"": 33.162, ""end_ms"": 87100, ""engine_load"": 0.7214193999999999, ""external_airflow_factor"": 0, ""road_slope_percent"": 0, ""start_ms"": 49300, ""vehicle_speed_kph"": 87.14999999999999}, {""ambient_temp_c"": 33.162, ""end_ms"": 120000, ""engine_load"": 0.8257209999999999, ""external_airflow_factor"": 0, ""road_slope_percent"": 0, ""start_ms"": 87100, ""vehicle_speed_kph"": 99.75}]","[[30000, 99], [60000, 92]]",authorized_updates,1666,120000,0:0:6000,c832301b3ef8c39a9351a221c07606d755579f6c36524db459f987a9b44edd95,bdb752157c866cb774660314463ecf9c7ff6ce5e0319d22b8263202219ea05b0,0
current_0424,SENSOR_CONTROL,sensor_interface_intermittent,intermittent,8.1,0,26800,13700,operating_family_3,development-train,current_profile_0424,"[{""ambient_temp_c"": 33.165, ""end_ms"": 18100, ""engine_load"": 0.5998514999999999, ""external_airflow_factor"": 0, ""road_slope_percent"": 0, ""start_ms"": 0, ""vehicle_speed_kph"": 72.44999999999999}, {""ambient_temp_c"": 33.165, ""end_ms"": 49300, ""engine_load"": 0.86935, ""external_airflow_factor"": 0, ""road_slope_percent"": 0, ""start_ms"": 18100, ""vehicle_speed_kph"": 105}, {""ambient_temp_c"": 33.165, ""end_ms"": 87100, ""engine_load"": 0.7215604999999999, ""external_airflow_factor"": 0, ""road_slope_percent"": 0, ""start_ms"": 49300, ""vehicle_speed_kph"": 87.14999999999999}, {""ambient_temp_c"": 33.165, ""end_ms"": 120000, ""engine_load"": 0.8258825, ""external_airflow_factor"": 0, ""road_slope_percent"": 0, ""start_ms"": 87100, ""vehicle_speed_kph"": 99.75}]",[],static_target,1667,120000,0:0:6000,1e735eda5e6b3ce380c4b0c4a9291792013bcc7cfb9157ffa7eb04ba9e7d56a6,b4e0ed4ba2e3a3be72aff9d53697aaa50a2c746bcf2a79878c7c10cebd8d9a31,0
current_0425,SENSOR_CONTROL,sensor_interface_intermittent,permanent,0.5,0,24700,18500,operating_family_3,development-train,current_profile_0425,"[{""ambient_temp_c"": 33.168, ""end_ms"": 18100, ""engine_load"": 0.5999688, ""external_airflow_factor"": 0, ""road_slope_percent"": 0, ""start_ms"": 0, ""vehicle_speed_kph"": 72.44999999999999}, {""ambient_temp_c"": 33.168, ""end_ms"": 49300, ""engine_load"": 0.86952, ""external_airflow_factor"": 0, ""road_slope_percent"": 0, ""start_ms"": 18100, ""vehicle_speed_kph"": 105}, {""ambient_temp_c"": 33.168, ""end_ms"": 87100, ""engine_load"": 0.7217015999999999, ""external_airflow_factor"": 0, ""road_slope_percent"": 0, ""start_ms"": 49300, ""vehicle_speed_kph"": 87.14999999999999}, {""ambient_temp_c"": 33.168, ""end_ms"": 120000, ""engine_load"": 0.8260439999999999, ""external_airflow_factor"": 0, ""road_slope_percent"": 0, ""start_ms"": 87100, ""vehicle_speed_kph"": 99.75}]","[[30000, 99], [60000, 92]]",authorized_updates,1668,120000,0:0:6000,080d390a51ceb002eb5a5143783943c7c221786d878931aab7cdbc9377e02ab5,177182ea4a66b0357d9953d455c1d179e66153c185eb0602eca8a3e9d3363159,0
current_0426,SENSOR_CONTROL,sensor_interface_intermittent,permanent,1.5,0,25000,9700,operating_family_3,development-train,current_profile_0426,"[{""ambient_temp_c"": 33.171, ""end_ms"": 18100, ""engine_load"": 0.6000861, ""external_airflow_factor"": 0, ""road_slope_percent"": 0, ""start_ms"": 0, ""vehicle_speed_kph"": 72.44999999999999}, {""ambient_temp_c"": 33.171, ""end_ms"": 49300, ""engine_load"": 0.86969, ""external_airflow_factor"": 0, ""road_slope_percent"": 0, ""start_ms"": 18100, ""vehicle_speed_kph"": 105}, {""ambient_temp_c"": 33.171, ""end_ms"": 87100, ""engine_load"": 0.7218427, ""external_airflow_factor"": 0, ""road_slope_percent"": 0, ""start_ms"": 49300, ""vehicle_speed_kph"": 87.14999999999999}, {""ambient_temp_c"": 33.171, ""end_ms"": 120000, ""engine_load"": 0.8262054999999999, ""external_airflow_factor"": 0, ""road_slope_percent"": 0, ""start_ms"": 87100, ""vehicle_speed_kph"": 99.75}]",[],static_target,1669,120000,0:0:6000,2258d1f9019ac60f199f64f801e0e71e47dcee4dda77683fd2c110fe651a600a,699ac40e6f7ceb5e2e272e3ae38e0edc31af44b07d11be20f598a738b590f680,0
current_0427,SENSOR_CONTROL,sensor_interface_intermittent,permanent,4.1,0,25300,13700,operating_family_3,development-train,current_profile_0427,"[{""ambient_temp_c"": 33.174, ""end_ms"": 18100, ""engine_load"": 0.6002033999999999, ""external_airflow_factor"": 0, ""road_slope_percent"": 0, ""start_ms"": 0, ""vehicle_speed_kph"": 72.44999999999999}, {""ambient_temp_c"": 33.174, ""end_ms"": 49300, ""engine_load"": 0.86986, ""external_airflow_factor"": 0, ""road_slope_percent"": 0, ""start_ms"": 18100, ""vehicle_speed_kph"": 105}, {""ambient_temp_c"": 33.174, ""end_ms"": 87100, ""engine_load"": 0.7219838, ""external_airflow_factor"": 0, ""road_slope_percent"": 0, ""start_ms"": 49300, ""vehicle_speed_kph"": 87.14999999999999}, {""ambient_temp_c"": 33.174, ""end_ms"": 120000, ""engine_load"": 0.826367, ""external_airflow_factor"": 0, ""road_slope_percent"": 0, ""start_ms"": 87100, ""vehicle_speed_kph"": 99.75}]","[[30000, 99], [60000, 92]]",authorized_updates,1670,120000,0:0:6000,382e3d01b51ee6bdb0916604702e8e9b5011500b5e8d8830f5c780a75a650f7c,1ca75fdea52b7b843ff9ec0e913730b8eb8572fa7dc29f6e23de47483250bdd9,0
current_0428,SENSOR_CONTROL,sensor_interface_intermittent,permanent,8.1,0,25600,18500,operating_family_3,development-train,current_profile_0428,"[{""ambient_temp_c"": 33.177, ""end_ms"": 18100, ""engine_load"": 0.6003206999999999, ""external_airflow_factor"": 0, ""road_slope_percent"": 0, ""start_ms"": 0, ""vehicle_speed_kph"": 72.44999999999999}, {""ambient_temp_c"": 33.177, ""end_ms"": 49300, ""engine_load"": 0.87003, ""external_airflow_factor"": 0, ""road_slope_percent"": 0, ""start_ms"": 18100, ""vehicle_speed_kph"": 105}, {""ambient_temp_c"": 33.177, ""end_ms"": 87100, ""engine_load"": 0.7221249, ""external_airflow_factor"": 0, ""road_slope_percent"": 0, ""start_ms"": 49300, ""vehicle_speed_kph"": 87.14999999999999}, {""ambient_temp_c"": 33.177, ""end_ms"": 120000, ""engine_load"": 0.8265284999999999, ""external_airflow_factor"": 0, ""road_slope_percent"": 0, ""start_ms"": 87100, ""vehicle_speed_kph"": 99.75}]",[],static_target,1671,120000,0:0:6000,99e61e7a4cb48cf441f678f23524d0df357c8928984c93208a6c99d097a5ff5c,80937eb208bf0d4502faf8a1ae77f0dba9f83bde548d2392878795cfa595279a,0
current_0429,COMMUNICATION,delayed_update,transient,100,0,25900,9700,operating_family_3,development-train,current_profile_0429,"[{""ambient_temp_c"": 33.18, ""end_ms"": 18100, ""engine_load"": 0.6004379999999999, ""external_airflow_factor"": 0, ""road_slope_percent"": 0, ""start_ms"": 0, ""vehicle_speed_kph"": 72.44999999999999}, {""ambient_temp_c"": 33.18, ""end_ms"": 49300, ""engine_load"": 0.8702, ""external_airflow_factor"": 0, ""road_slope_percent"": 0, ""start_ms"": 18100, ""vehicle_speed_kph"": 105}, {""ambient_temp_c"": 33.18, ""end_ms"": 87100, ""engine_load"": 0.722266, ""external_airflow_factor"": 0, ""road_slope_percent"": 0, ""start_ms"": 49300, ""vehicle_speed_kph"": 87.14999999999999}, {""ambient_temp_c"": 33.18, ""end_ms"": 120000, ""engine_load"": 0.8266899999999999, ""external_airflow_factor"": 0, ""road_slope_percent"": 0, ""start_ms"": 87100, ""vehicle_speed_kph"": 99.75}]","[[30000, 99], [60000, 92]]",authorized_updates,1672,120000,0:0:6000,20fe8fea0368ac56fe7cd5d8082db7c8206716487fa4cb6225fcb7555353cba4,38b4f4f6652cef5ec0c0b2b1a386f42bdda4bb77d499c0925c4df624f4f501ed,0
current_0430,COMMUNICATION,delayed_update,transient,200,0,26200,13700,operating_family_3,development-train,current_profile_0430,"[{""ambient_temp_c"": 33.183, ""end_ms"": 18100, ""engine_load"": 0.6005552999999999, ""external_airflow_factor"": 0, ""road_slope_percent"": 0, ""start_ms"": 0, ""vehicle_speed_kph"": 72.44999999999999}, {""ambient_temp_c"": 33.183, ""end_ms"": 49300, ""engine_load"": 0.87037, ""external_airflow_factor"": 0, ""road_slope_percent"": 0, ""start_ms"": 18100, ""vehicle_speed_kph"": 105}, {""ambient_temp_c"": 33.183, ""end_ms"": 87100, ""engine_load"": 0.7224071, ""external_airflow_factor"": 0, ""road_slope_percent"": 0, ""start_ms"": 49300, ""vehicle_speed_kph"": 87.14999999999999}, {""ambient_temp_c"": 33.183, ""end_ms"": 120000, ""engine_load"": 0.8268515, ""external_airflow_factor"": 0, ""road_slope_percent"": 0, ""start_ms"": 87100, ""vehicle_speed_kph"": 99.75}]",[],static_target,1673,120000,0:0:6000,448b89ee6f221d97d59ceeac8410f92027e10a90aa320323f1e75d4d454533bf,5665317ed1101ce299ed9a82cdb94fe22b84338af4b04a0da91a4f53d83c0945,0
current_0431,COMMUNICATION,delayed_update,transient,500,0,26500,18500,operating_family_3,development-train,current_profile_0431,"[{""ambient_temp_c"": 33.186, ""end_ms"": 18100, ""engine_load"": 0.6006725999999999, ""external_airflow_factor"": 0, ""road_slope_percent"": 0, ""start_ms"": 0, ""vehicle_speed_kph"": 72.44999999999999}, {""ambient_temp_c"": 33.186, ""end_ms"": 49300, ""engine_load"": 0.87054, ""external_airflow_factor"": 0, ""road_slope_percent"": 0, ""start_ms"": 18100, ""vehicle_speed_kph"": 105}, {""ambient_temp_c"": 33.186, ""end_ms"": 87100, ""engine_load"": 0.7225482, ""external_airflow_factor"": 0, ""road_slope_percent"": 0, ""start_ms"": 49300, ""vehicle_speed_kph"": 87.14999999999999}, {""ambient_temp_c"": 33.186, ""end_ms"": 120000, ""engine_load"": 0.827013, ""external_airflow_factor"": 0, ""road_slope_percent"": 0, ""start_ms"": 87100, ""vehicle_speed_kph"": 99.75}]","[[30000, 99], [60000, 92]]",authorized_updates,1674,120000,0:0:6000,5d0ca40b909e80ec6c9cc4c31ae5a388736e1c33e4dbd04a34d3a7b727da2941,79c4369fc1dc802e808e6250fe8789af81ef9df75098e494d8de9cb96308e948,0
current_0432,COMMUNICATION,delayed_update,intermittent,100,0,26800,9700,operating_family_3,development-train,current_profile_0432,"[{""ambient_temp_c"": 33.189, ""end_ms"": 18100, ""engine_load"": 0.6007899, ""external_airflow_factor"": 0, ""road_slope_percent"": 0, ""start_ms"": 0, ""vehicle_speed_kph"": 72.44999999999999}, {""ambient_temp_c"": 33.189, ""end_ms"": 49300, ""engine_load"": 0.87071, ""external_airflow_factor"": 0, ""road_slope_percent"": 0, ""start_ms"": 18100, ""vehicle_speed_kph"": 105}, {""ambient_temp_c"": 33.189, ""end_ms"": 87100, ""engine_load"": 0.7226893, ""external_airflow_factor"": 0, ""road_slope_percent"": 0, ""start_ms"": 49300, ""vehicle_speed_kph"": 87.14999999999999}, {""ambient_temp_c"": 33.189, ""end_ms"": 120000, ""engine_load"": 0.8271744999999999, ""external_airflow_factor"": 0, ""road_slope_percent"": 0, ""start_ms"": 87100, ""vehicle_speed_kph"": 99.75}]",[],static_target,1675,120000,0:0:6000,812829e9f1510db97329b4127fbbbfb6677fe841e72a46c54101055589e43a33,93c15dfe8092f5c0f2a6c5250d552a27a6ff086d84cec71b8e03e65e7890b8d9,0
current_0433,COMMUNICATION,delayed_update,intermittent,200,0,24700,13700,operating_family_3,development-train,current_profile_0433,"[{""ambient_temp_c"": 33.192, ""end_ms"": 18100, ""engine_load"": 0.6009072, ""external_airflow_factor"": 0, ""road_slope_percent"": 0, ""start_ms"": 0, ""vehicle_speed_kph"": 72.44999999999999}, {""ambient_temp_c"": 33.192, ""end_ms"": 49300, ""engine_load"": 0.87088, ""external_airflow_factor"": 0, ""road_slope_percent"": 0, ""start_ms"": 18100, ""vehicle_speed_kph"": 105}, {""ambient_temp_c"": 33.192, ""end_ms"": 87100, ""engine_load"": 0.7228304, ""external_airflow_factor"": 0, ""road_slope_percent"": 0, ""start_ms"": 49300, ""vehicle_speed_kph"": 87.14999999999999}, {""ambient_temp_c"": 33.192, ""end_ms"": 120000, ""engine_load"": 0.827336, ""external_airflow_factor"": 0, ""road_slope_percent"": 0, ""start_ms"": 87100, ""vehicle_speed_kph"": 99.75}]","[[30000, 99], [60000, 92]]",authorized_updates,1676,120000,0:0:6000,a4c98b53bbb97b6f8eda91416fbab3ac7276f1e75d53e0e1707fd072284d06ff,5bd4b8d19d7cbd6f50d040e7d473429abfe09874035da1bfd3c5e5000fe74c82,0
current_0434,COMMUNICATION,delayed_update,intermittent,500,0,25000,18500,operating_family_3,development-train,current_profile_0434,"[{""ambient_temp_c"": 33.195, ""end_ms"": 18100, ""engine_load"": 0.6010245, ""external_airflow_factor"": 0, ""road_slope_percent"": 0, ""start_ms"": 0, ""vehicle_speed_kph"": 72.44999999999999}, {""ambient_temp_c"": 33.195, ""end_ms"": 49300, ""engine_load"": 0.87105, ""external_airflow_factor"": 0, ""road_slope_percent"": 0, ""start_ms"": 18100, ""vehicle_speed_kph"": 105}, {""ambient_temp_c"": 33.195, ""end_ms"": 87100, ""engine_load"": 0.7229715, ""external_airflow_factor"": 0, ""road_slope_percent"": 0, ""start_ms"": 49300, ""vehicle_speed_kph"": 87.14999999999999}, {""ambient_temp_c"": 33.195, ""end_ms"": 120000, ""engine_load"": 0.8274975, ""external_airflow_factor"": 0, ""road_slope_percent"": 0, ""start_ms"": 87100, ""vehicle_speed_kph"": 99.75}]",[],static_target,1677,120000,0:0:6000,63d940f4a72df9ff90716d78f9fcba28d786feaa7d960e8978b0119e412d2ab0,7e71f78faf4839c641ded4a7d492ac6114f73cf6c936a8841ce00e925aeffd27,0
current_0435,COMMUNICATION,delayed_update,permanent,100,0,25300,9700,operating_family_3,development-train,current_profile_0435,"[{""ambient_temp_c"": 33.198, ""end_ms"": 18100, ""engine_load"": 0.6011418, ""external_airflow_factor"": 0, ""road_slope_percent"": 0, ""start_ms"": 0, ""vehicle_speed_kph"": 72.44999999999999}, {""ambient_temp_c"": 33.198, ""end_ms"": 49300, ""engine_load"": 0.87122, ""external_airflow_factor"": 0, ""road_slope_percent"": 0, ""start_ms"": 18100, ""vehicle_speed_kph"": 105}, {""ambient_temp_c"": 33.198, ""end_ms"": 87100, ""engine_load"": 0.7231126, ""external_airflow_factor"": 0, ""road_slope_percent"": 0, ""start_ms"": 49300, ""vehicle_speed_kph"": 87.14999999999999}, {""ambient_temp_c"": 33.198, ""end_ms"": 120000, ""engine_load"": 0.8276589999999999, ""external_airflow_factor"": 0, ""road_slope_percent"": 0, ""start_ms"": 87100, ""vehicle_speed_kph"": 99.75}]","[[30000, 99], [60000, 92]]",authorized_updates,1678,120000,0:0:6000,d286fa216a824869c886c6d557c0bd87fc0c0d54a5052dd5be52b501eb25ce6d,09499b7983302463733ccf4368943ab5b30393f0aca40b8ed7a0c77caf67726c,0
current_0436,COMMUNICATION,delayed_update,permanent,200,0,25600,13700,operating_family_3,development-train,current_profile_0436,"[{""ambient_temp_c"": 33.201, ""end_ms"": 18100, ""engine_load"": 0.6012590999999999, ""external_airflow_factor"": 0, ""road_slope_percent"": 0, ""start_ms"": 0, ""vehicle_speed_kph"": 72.44999999999999}, {""ambient_temp_c"": 33.201, ""end_ms"": 49300, ""engine_load"": 0.87139, ""external_airflow_factor"": 0, ""road_slope_percent"": 0, ""start_ms"": 18100, ""vehicle_speed_kph"": 105}, {""ambient_temp_c"": 33.201, ""end_ms"": 87100, ""engine_load"": 0.7232537, ""external_airflow_factor"": 0, ""road_slope_percent"": 0, ""start_ms"": 49300, ""vehicle_speed_kph"": 87.14999999999999}, {""ambient_temp_c"": 33.201, ""end_ms"": 120000, ""engine_load"": 0.8278205, ""external_airflow_factor"": 0, ""road_slope_percent"": 0, ""start_ms"": 87100, ""vehicle_speed_kph"": 99.75}]",[],static_target,1679,120000,0:0:6000,bceb979e6665bf441bcd27914805bf3cf7c296433c49c4cffbec9c89fc392d30,00e0533bf3b486f2f08ac220d4383e03a5efc8a3c6769a01a75f7696f102dc0e,0
current_0437,COMMUNICATION,delayed_update,permanent,500,0,25900,18500,operating_family_3,development-train,current_profile_0437,"[{""ambient_temp_c"": 33.204, ""end_ms"": 18100, ""engine_load"": 0.6013763999999999, ""external_airflow_factor"": 0, ""road_slope_percent"": 0, ""start_ms"": 0, ""vehicle_speed_kph"": 72.44999999999999}, {""ambient_temp_c"": 33.204, ""end_ms"": 49300, ""engine_load"": 0.87156, ""external_airflow_factor"": 0, ""road_slope_percent"": 0, ""start_ms"": 18100, ""vehicle_speed_kph"": 105}, {""ambient_temp_c"": 33.204, ""end_ms"": 87100, ""engine_load"": 0.7233948, ""external_airflow_factor"": 0, ""road_slope_percent"": 0, ""start_ms"": 49300, ""vehicle_speed_kph"": 87.14999999999999}, {""ambient_temp_c"": 33.204, ""end_ms"": 120000, ""engine_load"": 0.827982, ""external_airflow_factor"": 0, ""road_slope_percent"": 0, ""start_ms"": 87100, ""vehicle_speed_kph"": 99.75}]","[[30000, 99], [60000, 92]]",authorized_updates,1680,120000,0:0:6000,8978edfe738878199c7d320e8ee60af76988aa5dc090bc05b4c12ed8d1129bc7,ae12f98286ed1e6f9f41de56197ed77c29e893401971c82b5d348e1aa83b575a,0
current_0438,COMMUNICATION,dropped_update,transient,1,0,26200,9700,operating_family_3,development-train,current_profile_0438,"[{""ambient_temp_c"": 33.207, ""end_ms"": 18100, ""engine_load"": 0.6014936999999999, ""external_airflow_factor"": 0, ""road_slope_percent"": 0, ""start_ms"": 0, ""vehicle_speed_kph"": 72.44999999999999}, {""ambient_temp_c"": 33.207, ""end_ms"": 49300, ""engine_load"": 0.87173, ""external_airflow_factor"": 0, ""road_slope_percent"": 0, ""start_ms"": 18100, ""vehicle_speed_kph"": 105}, {""ambient_temp_c"": 33.207, ""end_ms"": 87100, ""engine_load"": 0.7235359, ""external_airflow_factor"": 0, ""road_slope_percent"": 0, ""start_ms"": 49300, ""vehicle_speed_kph"": 87.14999999999999}, {""ambient_temp_c"": 33.207, ""end_ms"": 120000, ""engine_load"": 0.8281434999999999, ""external_airflow_factor"": 0, ""road_slope_percent"": 0, ""start_ms"": 87100, ""vehicle_speed_kph"": 99.75}]",[],static_target,1681,120000,0:0:6000,5cbca201f1c15c560f6b03ca86dbe3c7a95bfc08539ec78748e664a2e85cc95d,d294eeb308c21d384f9ec8c45e440ae4f7f4e28be97ef51f6643259375b1f4ca,0
current_0439,COMMUNICATION,dropped_update,transient,3,0,26500,13700,operating_family_3,development-train,current_profile_0439,"[{""ambient_temp_c"": 33.21, ""end_ms"": 18100, ""engine_load"": 0.601611, ""external_airflow_factor"": 0, ""road_slope_percent"": 0, ""start_ms"": 0, ""vehicle_speed_kph"": 72.44999999999999}, {""ambient_temp_c"": 33.21, ""end_ms"": 49300, ""engine_load"": 0.8719, ""external_airflow_factor"": 0, ""road_slope_percent"": 0, ""start_ms"": 18100, ""vehicle_speed_kph"": 105}, {""ambient_temp_c"": 33.21, ""end_ms"": 87100, ""engine_load"": 0.723677, ""external_airflow_factor"": 0, ""road_slope_percent"": 0, ""start_ms"": 49300, ""vehicle_speed_kph"": 87.14999999999999}, {""ambient_temp_c"": 33.21, ""end_ms"": 120000, ""engine_load"": 0.828305, ""external_airflow_factor"": 0, ""road_slope_percent"": 0, ""start_ms"": 87100, ""vehicle_speed_kph"": 99.75}]","[[30000, 99], [60000, 92]]",authorized_updates,1682,120000,0:0:6000,d9c0f8648b9d318eaf1878eb4252d1f797f1dbd6996f8248d570b643cb907eab,2e467fd148b197fdd8847c79f5e809e887975cff161046da498734a084ed028d,0
current_0440,COMMUNICATION,dropped_update,transient,7,0,26800,18500,operating_family_3,development-train,current_profile_0440,"[{""ambient_temp_c"": 33.213, ""end_ms"": 18100, ""engine_load"": 0.6017283, ""external_airflow_factor"": 0, ""road_slope_percent"": 0, ""start_ms"": 0, ""vehicle_speed_kph"": 72.44999999999999}, {""ambient_temp_c"": 33.213, ""end_ms"": 49300, ""engine_load"": 0.87207, ""external_airflow_factor"": 0, ""road_slope_percent"": 0, ""start_ms"": 18100, ""vehicle_speed_kph"": 105}, {""ambient_temp_c"": 33.213, ""end_ms"": 87100, ""engine_load"": 0.7238181, ""external_airflow_factor"": 0, ""road_slope_percent"": 0, ""start_ms"": 49300, ""vehicle_speed_kph"": 87.14999999999999}, {""ambient_temp_c"": 33.213, ""end_ms"": 120000, ""engine_load"": 0.8284665, ""external_airflow_factor"": 0, ""road_slope_percent"": 0, ""start_ms"": 87100, ""vehicle_speed_kph"": 99.75}]",[],static_target,1683,120000,0:0:6000,4c8225a829b1b59c6cb91f5802c18aaeecd490c104486e48dea15c5e803531ac,51ff27477599985fac079da1cdfd3414a2c87a957befa1a5c497b2e4178a678d,0
current_0441,COMMUNICATION,dropped_update,intermittent,1,0,24700,9700,operating_family_3,development-train,current_profile_0441,"[{""ambient_temp_c"": 33.216, ""end_ms"": 18100, ""engine_load"": 0.6018456, ""external_airflow_factor"": 0, ""road_slope_percent"": 0, ""start_ms"": 0, ""vehicle_speed_kph"": 72.44999999999999}, {""ambient_temp_c"": 33.216, ""end_ms"": 49300, ""engine_load"": 0.87224, ""external_airflow_factor"": 0, ""road_slope_percent"": 0, ""start_ms"": 18100, ""vehicle_speed_kph"": 105}, {""ambient_temp_c"": 33.216, ""end_ms"": 87100, ""engine_load"": 0.7239592, ""external_airflow_factor"": 0, ""road_slope_percent"": 0, ""start_ms"": 49300, ""vehicle_speed_kph"": 87.14999999999999}, {""ambient_temp_c"": 33.216, ""end_ms"": 120000, ""engine_load"": 0.828628, ""external_airflow_factor"": 0, ""road_slope_percent"": 0, ""start_ms"": 87100, ""vehicle_speed_kph"": 99.75}]","[[30000, 99], [60000, 92]]",authorized_updates,1684,120000,0:0:6000,eda86176856ec6a325d8018ba87142f96092fde63fad49a0c456b9667bfb6b3c,37f00243626b13be1bcdb4b360fc3a5219066bc884a39b82b3fa069978c4753a,0
current_0442,COMMUNICATION,dropped_update,intermittent,3,0,25000,13700,operating_family_3,development-train,current_profile_0442,"[{""ambient_temp_c"": 33.219, ""end_ms"": 18100, ""engine_load"": 0.6019629, ""external_airflow_factor"": 0, ""road_slope_percent"": 0, ""start_ms"": 0, ""vehicle_speed_kph"": 72.44999999999999}, {""ambient_temp_c"": 33.219, ""end_ms"": 49300, ""engine_load"": 0.87241, ""external_airflow_factor"": 0, ""road_slope_percent"": 0, ""start_ms"": 18100, ""vehicle_speed_kph"": 105}, {""ambient_temp_c"": 33.219, ""end_ms"": 87100, ""engine_load"": 0.7241003, ""external_airflow_factor"": 0, ""road_slope_percent"": 0, ""start_ms"": 49300, ""vehicle_speed_kph"": 87.14999999999999}, {""ambient_temp_c"": 33.219, ""end_ms"": 120000, ""engine_load"": 0.8287895, ""external_airflow_factor"": 0, ""road_slope_percent"": 0, ""start_ms"": 87100, ""vehicle_speed_kph"": 99.75}]",[],static_target,1685,120000,0:0:6000,54382aa3bd134c671ed45335624a9858887e66b0d5ae0dad2c4a0b22d400f75f,e1e3cac3c803b289d67b84d86ae0121f697da9125e8fd0dc12713e03039a7cfc,0
current_0443,COMMUNICATION,dropped_update,intermittent,7,0,25300,18500,operating_family_3,development-train,current_profile_0443,"[{""ambient_temp_c"": 33.222, ""end_ms"": 18100, ""engine_load"": 0.6020802, ""external_airflow_factor"": 0, ""road_slope_percent"": 0, ""start_ms"": 0, ""vehicle_speed_kph"": 72.44999999999999}, {""ambient_temp_c"": 33.222, ""end_ms"": 49300, ""engine_load"": 0.87258, ""external_airflow_factor"": 0, ""road_slope_percent"": 0, ""start_ms"": 18100, ""vehicle_speed_kph"": 105}, {""ambient_temp_c"": 33.222, ""end_ms"": 87100, ""engine_load"": 0.7242414, ""external_airflow_factor"": 0, ""road_slope_percent"": 0, ""start_ms"": 49300, ""vehicle_speed_kph"": 87.14999999999999}, {""ambient_temp_c"": 33.222, ""end_ms"": 120000, ""engine_load"": 0.828951, ""external_airflow_factor"": 0, ""road_slope_percent"": 0, ""start_ms"": 87100, ""vehicle_speed_kph"": 99.75}]","[[30000, 99], [60000, 92]]",authorized_updates,1686,120000,0:0:6000,23eecc0c92c9579959051bfaa44f91426a4c827c05c181ca0171c79018d71ce9,e41eaa79f43afdb380aa0156b0eff0275cfcaeaace60b884305f339f2414c245,0
current_0444,COMMUNICATION,dropped_update,permanent,1,0,25600,9700,operating_family_3,development-train,current_profile_0444,"[{""ambient_temp_c"": 33.225, ""end_ms"": 18100, ""engine_load"": 0.6021974999999999, ""external_airflow_factor"": 0, ""road_slope_percent"": 0, ""start_ms"": 0, ""vehicle_speed_kph"": 72.44999999999999}, {""ambient_temp_c"": 33.225, ""end_ms"": 49300, ""engine_load"": 0.87275, ""external_airflow_factor"": 0, ""road_slope_percent"": 0, ""start_ms"": 18100, ""vehicle_speed_kph"": 105}, {""ambient_temp_c"": 33.225, ""end_ms"": 87100, ""engine_load"": 0.7243825, ""external_airflow_factor"": 0, ""road_slope_percent"": 0, ""start_ms"": 49300, ""vehicle_speed_kph"": 87.14999999999999}, {""ambient_temp_c"": 33.225, ""end_ms"": 120000, ""engine_load"": 0.8291125, ""external_airflow_factor"": 0, ""road_slope_percent"": 0, ""start_ms"": 87100, ""vehicle_speed_kph"": 99.75}]",[],static_target,1687,120000,0:0:6000,c5728d7dd257fb958983f341e225e43991db70708b5ebdd6b223b56fc2b72833,c4048f4d3761120a6823c02343646e7ac061d466f70871f7d39820e3e01d2b3b,0
current_0445,COMMUNICATION,dropped_update,permanent,3,0,25900,13700,operating_family_3,development-train,current_profile_0445,"[{""ambient_temp_c"": 33.228, ""end_ms"": 18100, ""engine_load"": 0.6023147999999999, ""external_airflow_factor"": 0, ""road_slope_percent"": 0, ""start_ms"": 0, ""vehicle_speed_kph"": 72.44999999999999}, {""ambient_temp_c"": 33.228, ""end_ms"": 49300, ""engine_load"": 0.87292, ""external_airflow_factor"": 0, ""road_slope_percent"": 0, ""start_ms"": 18100, ""vehicle_speed_kph"": 105}, {""ambient_temp_c"": 33.228, ""end_ms"": 87100, ""engine_load"": 0.7245235999999999, ""external_airflow_factor"": 0, ""road_slope_percent"": 0, ""start_ms"": 49300, ""vehicle_speed_kph"": 87.14999999999999}, {""ambient_temp_c"": 33.228, ""end_ms"": 120000, ""engine_load"": 0.829274, ""external_airflow_factor"": 0, ""road_slope_percent"": 0, ""start_ms"": 87100, ""vehicle_speed_kph"": 99.75}]","[[30000, 99], [60000, 92]]",authorized_updates,1688,120000,0:0:6000,6e01f78ca1e9b192fa78f82c83c75454cbe4011468e9f7adca8296be61a35332,e4a5873dcca17f7d61e8cca3f6ea67349c443a58405da9d51f7fbaddd74aaca3,0
current_0446,COMMUNICATION,dropped_update,permanent,7,0,26200,18500,operating_family_3,development-train,current_profile_0446,"[{""ambient_temp_c"": 33.231, ""end_ms"": 18100, ""engine_load"": 0.6024321, ""external_airflow_factor"": 0, ""road_slope_percent"": 0, ""start_ms"": 0, ""vehicle_speed_kph"": 72.44999999999999}, {""ambient_temp_c"": 33.231, ""end_ms"": 49300, ""engine_load"": 0.87309, ""external_airflow_factor"": 0, ""road_slope_percent"": 0, ""start_ms"": 18100, ""vehicle_speed_kph"": 105}, {""ambient_temp_c"": 33.231, ""end_ms"": 87100, ""engine_load"": 0.7246646999999999, ""external_airflow_factor"": 0, ""road_slope_percent"": 0, ""start_ms"": 49300, ""vehicle_speed_kph"": 87.14999999999999}, {""ambient_temp_c"": 33.231, ""end_ms"": 120000, ""engine_load"": 0.8294355, ""external_airflow_factor"": 0, ""road_slope_percent"": 0, ""start_ms"": 87100, ""vehicle_speed_kph"": 99.75}]",[],static_target,1689,120000,0:0:6000,2d311209786ddab604e706c37e41d70bc2a84db732e8f173342fdb5b5efcdc90,0dca8e61f177c75d292874ba0237d3db932ea2986a05ec1ba7c98884e8ce997d,0
current_0447,COMMUNICATION,replayed_sample,transient,100,0,26500,9700,operating_family_3,development-train,current_profile_0447,"[{""ambient_temp_c"": 33.234, ""end_ms"": 18100, ""engine_load"": 0.6025494, ""external_airflow_factor"": 0, ""road_slope_percent"": 0, ""start_ms"": 0, ""vehicle_speed_kph"": 72.44999999999999}, {""ambient_temp_c"": 33.234, ""end_ms"": 49300, ""engine_load"": 0.87326, ""external_airflow_factor"": 0, ""road_slope_percent"": 0, ""start_ms"": 18100, ""vehicle_speed_kph"": 105}, {""ambient_temp_c"": 33.234, ""end_ms"": 87100, ""engine_load"": 0.7248058, ""external_airflow_factor"": 0, ""road_slope_percent"": 0, ""start_ms"": 49300, ""vehicle_speed_kph"": 87.14999999999999}, {""ambient_temp_c"": 33.234, ""end_ms"": 120000, ""engine_load"": 0.829597, ""external_airflow_factor"": 0, ""road_slope_percent"": 0, ""start_ms"": 87100, ""vehicle_speed_kph"": 99.75}]","[[30000, 99], [60000, 92]]",authorized_updates,1690,120000,0:0:6000,8b3a4351a7fb50f25b1b81bf5493570afdb4f0ef6396951fb5e50bb9df533e71,8e0f3649a6882246ae627a3b92efceb5b40ce7cd87ea611bf30e30fa5670a466,0
current_0448,COMMUNICATION,replayed_sample,transient,300,0,26800,13700,operating_family_3,development-train,current_profile_0448,"[{""ambient_temp_c"": 33.237, ""end_ms"": 18100, ""engine_load"": 0.6026667, ""external_airflow_factor"": 0, ""road_slope_percent"": 0, ""start_ms"": 0, ""vehicle_speed_kph"": 72.44999999999999}, {""ambient_temp_c"": 33.237, ""end_ms"": 49300, ""engine_load"": 0.87343, ""external_airflow_factor"": 0, ""road_slope_percent"": 0, ""start_ms"": 18100, ""vehicle_speed_kph"": 105}, {""ambient_temp_c"": 33.237, ""end_ms"": 87100, ""engine_load"": 0.7249469, ""external_airflow_factor"": 0, ""road_slope_percent"": 0, ""start_ms"": 49300, ""vehicle_speed_kph"": 87.14999999999999}, {""ambient_temp_c"": 33.237, ""end_ms"": 120000, ""engine_load"": 0.8297585, ""external_airflow_factor"": 0, ""road_slope_percent"": 0, ""start_ms"": 87100, ""vehicle_speed_kph"": 99.75}]",[],static_target,1691,120000,0:0:6000,21f63627ad19ff652d2d0cdcd475f5c21d59aa82f9505aef8235dd279b931f65,5bbf9758f6d856baec210d4fa3a5664a10bf8802934554de086d9eb4569aafa1,0
current_0449,COMMUNICATION,replayed_sample,transient,1300,0,24700,18500,operating_family_3,development-train,current_profile_0449,"[{""ambient_temp_c"": 33.24, ""end_ms"": 18100, ""engine_load"": 0.6027839999999999, ""external_airflow_factor"": 0, ""road_slope_percent"": 0, ""start_ms"": 0, ""vehicle_speed_kph"": 72.44999999999999}, {""ambient_temp_c"": 33.24, ""end_ms"": 49300, ""engine_load"": 0.8735999999999999, ""external_airflow_factor"": 0, ""road_slope_percent"": 0, ""start_ms"": 18100, ""vehicle_speed_kph"": 105}, {""ambient_temp_c"": 33.24, ""end_ms"": 87100, ""engine_load"": 0.725088, ""external_airflow_factor"": 0, ""road_slope_percent"": 0, ""start_ms"": 49300, ""vehicle_speed_kph"": 87.14999999999999}, {""ambient_temp_c"": 33.24, ""end_ms"": 120000, ""engine_load"": 0.8299199999999999, ""external_airflow_factor"": 0, ""road_slope_percent"": 0, ""start_ms"": 87100, ""vehicle_speed_kph"": 99.75}]","[[30000, 99], [60000, 92]]",authorized_updates,1692,120000,0:0:6000,43a848ac3b5151c135d2fd6db3ad2da7fcc2bba86ec723f79fbadbac0c292c2f,a0f0b810525e9290011b163e39d062987f5a8f74ffc78d29a4533d5f6f35af8f,0
current_0450,COMMUNICATION,replayed_sample,intermittent,100,0,25000,9700,operating_family_3,development-train,current_profile_0450,"[{""ambient_temp_c"": 33.243, ""end_ms"": 18100, ""engine_load"": 0.6029012999999999, ""external_airflow_factor"": 0, ""road_slope_percent"": 0, ""start_ms"": 0, ""vehicle_speed_kph"": 72.44999999999999}, {""ambient_temp_c"": 33.243, ""end_ms"": 49300, ""engine_load"": 0.8737699999999999, ""external_airflow_factor"": 0, ""road_slope_percent"": 0, ""start_ms"": 18100, ""vehicle_speed_kph"": 105}, {""ambient_temp_c"": 33.243, ""end_ms"": 87100, ""engine_load"": 0.7252291, ""external_airflow_factor"": 0, ""road_slope_percent"": 0, ""start_ms"": 49300, ""vehicle_speed_kph"": 87.14999999999999}, {""ambient_temp_c"": 33.243, ""end_ms"": 120000, ""engine_load"": 0.8300814999999999, ""external_airflow_factor"": 0, ""road_slope_percent"": 0, ""start_ms"": 87100, ""vehicle_speed_kph"": 99.75}]",[],static_target,1693,120000,0:0:6000,b716b7102b403096953014892d31084f0a1a31aa5804e1131dba12b02d377588,2e9e16208b5a1f19b9031bed549ad526b344b9de0c558042cf5d869b036d3738,0
current_0451,COMMUNICATION,replayed_sample,intermittent,300,0,25300,13700,operating_family_3,development-train,current_profile_0451,"[{""ambient_temp_c"": 33.246, ""end_ms"": 18100, ""engine_load"": 0.6030186, ""external_airflow_factor"": 0, ""road_slope_percent"": 0, ""start_ms"": 0, ""vehicle_speed_kph"": 72.44999999999999}, {""ambient_temp_c"": 33.246, ""end_ms"": 49300, ""engine_load"": 0.8739399999999999, ""external_airflow_factor"": 0, ""road_slope_percent"": 0, ""start_ms"": 18100, ""vehicle_speed_kph"": 105}, {""ambient_temp_c"": 33.246, ""end_ms"": 87100, ""engine_load"": 0.7253702, ""external_airflow_factor"": 0, ""road_slope_percent"": 0, ""start_ms"": 49300, ""vehicle_speed_kph"": 87.14999999999999}, {""ambient_temp_c"": 33.246, ""end_ms"": 120000, ""engine_load"": 0.830243, ""external_airflow_factor"": 0, ""road_slope_percent"": 0, ""start_ms"": 87100, ""vehicle_speed_kph"": 99.75}]","[[30000, 99], [60000, 92]]",authorized_updates,1694,120000,0:0:6000,27642c2c86e158f3dee02449f8b1a193430de8732048d298b73a1bf6d29d8c0e,e94931a279a890776a627d8e086ebfc13803a822d62e977ed354fe63ffe85344,0
current_0452,COMMUNICATION,replayed_sample,intermittent,1300,0,25600,18500,operating_family_3,development-train,current_profile_0452,"[{""ambient_temp_c"": 33.249, ""end_ms"": 18100, ""engine_load"": 0.6031359, ""external_airflow_factor"": 0, ""road_slope_percent"": 0, ""start_ms"": 0, ""vehicle_speed_kph"": 72.44999999999999}, {""ambient_temp_c"": 33.249, ""end_ms"": 49300, ""engine_load"": 0.8741099999999999, ""external_airflow_factor"": 0, ""road_slope_percent"": 0, ""start_ms"": 18100, ""vehicle_speed_kph"": 105}, {""ambient_temp_c"": 33.249, ""end_ms"": 87100, ""engine_load"": 0.7255113, ""external_airflow_factor"": 0, ""road_slope_percent"": 0, ""start_ms"": 49300, ""vehicle_speed_kph"": 87.14999999999999}, {""ambient_temp_c"": 33.249, ""end_ms"": 120000, ""engine_load"": 0.8304044999999999, ""external_airflow_factor"": 0, ""road_slope_percent"": 0, ""start_ms"": 87100, ""vehicle_speed_kph"": 99.75}]",[],static_target,1695,120000,0:0:6000,c17d9a56381aeb1845653a726745630744a5f8c736766acf8947dd4892660de2,9c43531e3d8388beab539aca3840a5ea5ec13c966de6ab020a2fd07171f1687b,0
current_0453,COMMUNICATION,replayed_sample,permanent,100,0,25900,9700,operating_family_3,development-train,current_profile_0453,"[{""ambient_temp_c"": 33.252, ""end_ms"": 18100, ""engine_load"": 0.6032531999999999, ""external_airflow_factor"": 0, ""road_slope_percent"": 0, ""start_ms"": 0, ""vehicle_speed_kph"": 72.44999999999999}, {""ambient_temp_c"": 33.252, ""end_ms"": 49300, ""engine_load"": 0.87428, ""external_airflow_factor"": 0, ""road_slope_percent"": 0, ""start_ms"": 18100, ""vehicle_speed_kph"": 105}, {""ambient_temp_c"": 33.252, ""end_ms"": 87100, ""engine_load"": 0.7256524, ""external_airflow_factor"": 0, ""road_slope_percent"": 0, ""start_ms"": 49300, ""vehicle_speed_kph"": 87.14999999999999}, {""ambient_temp_c"": 33.252, ""end_ms"": 120000, ""engine_load"": 0.8305659999999999, ""external_airflow_factor"": 0, ""road_slope_percent"": 0, ""start_ms"": 87100, ""vehicle_speed_kph"": 99.75}]","[[30000, 99], [60000, 92]]",authorized_updates,1696,120000,0:0:6000,99f584a76780e7b055fe423b86abe0b8c12901062bba52c768506b9fdc6aa614,adf3ca7fa0ff465f73be5192b602980c6e3fd451b0c9b645f13a541048bb3beb,0
current_0454,COMMUNICATION,replayed_sample,permanent,300,0,26200,13700,operating_family_3,development-train,current_profile_0454,"[{""ambient_temp_c"": 33.255, ""end_ms"": 18100, ""engine_load"": 0.6033704999999999, ""external_airflow_factor"": 0, ""road_slope_percent"": 0, ""start_ms"": 0, ""vehicle_speed_kph"": 72.44999999999999}, {""ambient_temp_c"": 33.255, ""end_ms"": 49300, ""engine_load"": 0.87445, ""external_airflow_factor"": 0, ""road_slope_percent"": 0, ""start_ms"": 18100, ""vehicle_speed_kph"": 105}, {""ambient_temp_c"": 33.255, ""end_ms"": 87100, ""engine_load"": 0.7257934999999999, ""external_airflow_factor"": 0, ""road_slope_percent"": 0, ""start_ms"": 49300, ""vehicle_speed_kph"": 87.14999999999999}, {""ambient_temp_c"": 33.255, ""end_ms"": 120000, ""engine_load"": 0.8307275, ""external_airflow_factor"": 0, ""road_slope_percent"": 0, ""start_ms"": 87100, ""vehicle_speed_kph"": 99.75}]",[],static_target,1697,120000,0:0:6000,485484146ec4ae51849553c904a47342a4b4634eb6a0d87750c51688512c1c82,3fc073070bc81018311fed8f6e8a1f53cfe24ee38222b88e5ae710d0658c690a,0
current_0455,COMMUNICATION,replayed_sample,permanent,1300,0,26500,18500,operating_family_3,development-train,current_profile_0455,"[{""ambient_temp_c"": 33.258, ""end_ms"": 18100, ""engine_load"": 0.6034877999999999, ""external_airflow_factor"": 0, ""road_slope_percent"": 0, ""start_ms"": 0, ""vehicle_speed_kph"": 72.44999999999999}, {""ambient_temp_c"": 33.258, ""end_ms"": 49300, ""engine_load"": 0.87462, ""external_airflow_factor"": 0, ""road_slope_percent"": 0, ""start_ms"": 18100, ""vehicle_speed_kph"": 105}, {""ambient_temp_c"": 33.258, ""end_ms"": 87100, ""engine_load"": 0.7259345999999999, ""external_airflow_factor"": 0, ""road_slope_percent"": 0, ""start_ms"": 49300, ""vehicle_speed_kph"": 87.14999999999999}, {""ambient_temp_c"": 33.258, ""end_ms"": 120000, ""engine_load"": 0.8308889999999999, ""external_airflow_factor"": 0, ""road_slope_percent"": 0, ""start_ms"": 87100, ""vehicle_speed_kph"": 99.75}]","[[30000, 99], [60000, 92]]",authorized_updates,1698,120000,0:0:6000,c899e0ae2c083b4e5dd4e42a6d0b160b1bdc5f7f827666ead4da92aac548fb92,e62ec84955731077731b6a8eefe6f8d7158fef4ad2543f187d997e68867a910f,0
current_0456,ACTUATOR,pump_degraded,transient,0.968,0,26800,9700,operating_family_3,development-train,current_profile_0456,"[{""ambient_temp_c"": 33.261, ""end_ms"": 18100, ""engine_load"": 0.6036050999999999, ""external_airflow_factor"": 0, ""road_slope_percent"": 0, ""start_ms"": 0, ""vehicle_speed_kph"": 72.44999999999999}, {""ambient_temp_c"": 33.261, ""end_ms"": 49300, ""engine_load"": 0.87479, ""external_airflow_factor"": 0, ""road_slope_percent"": 0, ""start_ms"": 18100, ""vehicle_speed_kph"": 105}, {""ambient_temp_c"": 33.261, ""end_ms"": 87100, ""engine_load"": 0.7260756999999999, ""external_airflow_factor"": 0, ""road_slope_percent"": 0, ""start_ms"": 49300, ""vehicle_speed_kph"": 87.14999999999999}, {""ambient_temp_c"": 33.261, ""end_ms"": 120000, ""engine_load"": 0.8310504999999999, ""external_airflow_factor"": 0, ""road_slope_percent"": 0, ""start_ms"": 87100, ""vehicle_speed_kph"": 99.75}]",[],static_target,1699,120000,0:0:6000,dd167462662552e9f31f8cf41e70105891422fd66fd09e8bbace3c28a9c47c10,fb521d5bb73098610e8b21126471a6f18f67180523127988f5d4f14c076dd41f,0
current_0457,ACTUATOR,pump_degraded,transient,0.69,0,24700,13700,operating_family_3,development-train,current_profile_0457,"[{""ambient_temp_c"": 33.264, ""end_ms"": 18100, ""engine_load"": 0.6037223999999999, ""external_airflow_factor"": 0, ""road_slope_percent"": 0, ""start_ms"": 0, ""vehicle_speed_kph"": 72.44999999999999}, {""ambient_temp_c"": 33.264, ""end_ms"": 49300, ""engine_load"": 0.87496, ""external_airflow_factor"": 0, ""road_slope_percent"": 0, ""start_ms"": 18100, ""vehicle_speed_kph"": 105}, {""ambient_temp_c"": 33.264, ""end_ms"": 87100, ""engine_load"": 0.7262167999999999, ""external_airflow_factor"": 0, ""road_slope_percent"": 0, ""start_ms"": 49300, ""vehicle_speed_kph"": 87.14999999999999}, {""ambient_temp_c"": 33.264, ""end_ms"": 120000, ""engine_load"": 0.831212, ""external_airflow_factor"": 0, ""road_slope_percent"": 0, ""start_ms"": 87100, ""vehicle_speed_kph"": 99.75}]","[[30000, 99], [60000, 92]]",authorized_updates,1700,120000,0:0:6000,c1ddfccdc6e544d9ba44634769920f05bd1a9ca8ebfa245dbf4b4f0a32197bc4,378dc5419680e40f74f9030f9532c8903e8ee9393b56a75ae76696368fbcb818,0
current_0458,ACTUATOR,pump_degraded,intermittent,0.968,0,25000,18500,operating_family_3,development-train,current_profile_0458,"[{""ambient_temp_c"": 33.267, ""end_ms"": 18100, ""engine_load"": 0.6038397, ""external_airflow_factor"": 0, ""road_slope_percent"": 0, ""start_ms"": 0, ""vehicle_speed_kph"": 72.44999999999999}, {""ambient_temp_c"": 33.267, ""end_ms"": 49300, ""engine_load"": 0.87513, ""external_airflow_factor"": 0, ""road_slope_percent"": 0, ""start_ms"": 18100, ""vehicle_speed_kph"": 105}, {""ambient_temp_c"": 33.267, ""end_ms"": 87100, ""engine_load"": 0.7263578999999999, ""external_airflow_factor"": 0, ""road_slope_percent"": 0, ""start_ms"": 49300, ""vehicle_speed_kph"": 87.14999999999999}, {""ambient_temp_c"": 33.267, ""end_ms"": 120000, ""engine_load"": 0.8313734999999999, ""external_airflow_factor"": 0, ""road_slope_percent"": 0, ""start_ms"": 87100, ""vehicle_speed_kph"": 99.75}]",[],static_target,1701,120000,0:0:6000,a6f811801bacfe52ad282efc9ed7b5c90e0455d56238f15625bf3c29d5f08c05,f5f1bf8537729fcf394905532022dc1c364578748e597cae5f1f2b001d67f9d1,0
current_0459,ACTUATOR,pump_degraded,intermittent,0.69,0,25300,9700,operating_family_3,development-train,current_profile_0459,"[{""ambient_temp_c"": 33.27, ""end_ms"": 18100, ""engine_load"": 0.603957, ""external_airflow_factor"": 0, ""road_slope_percent"": 0, ""start_ms"": 0, ""vehicle_speed_kph"": 72.44999999999999}, {""ambient_temp_c"": 33.27, ""end_ms"": 49300, ""engine_load"": 0.8753, ""external_airflow_factor"": 0, ""road_slope_percent"": 0, ""start_ms"": 18100, ""vehicle_speed_kph"": 105}, {""ambient_temp_c"": 33.27, ""end_ms"": 87100, ""engine_load"": 0.7264989999999999, ""external_airflow_factor"": 0, ""road_slope_percent"": 0, ""start_ms"": 49300, ""vehicle_speed_kph"": 87.14999999999999}, {""ambient_temp_c"": 33.27, ""end_ms"": 120000, ""engine_load"": 0.8315349999999999, ""external_airflow_factor"": 0, ""road_slope_percent"": 0, ""start_ms"": 87100, ""vehicle_speed_kph"": 99.75}]","[[30000, 99], [60000, 92]]",authorized_updates,1702,120000,0:0:6000,df0c508664869ee3d02dc8e37c3f4367ef1d5da45cf43da754dbfbb57ff35174,82d5eb2ef558ee86e4c8c1ca4101d96106df7caab5cd91cc40a1065cbfc2c32c,0
current_0460,ACTUATOR,pump_degraded,permanent,0.968,0,25600,13700,operating_family_3,development-train,current_profile_0460,"[{""ambient_temp_c"": 33.273, ""end_ms"": 18100, ""engine_load"": 0.6040743, ""external_airflow_factor"": 0, ""road_slope_percent"": 0, ""start_ms"": 0, ""vehicle_speed_kph"": 72.44999999999999}, {""ambient_temp_c"": 33.273, ""end_ms"": 49300, ""engine_load"": 0.87547, ""external_airflow_factor"": 0, ""road_slope_percent"": 0, ""start_ms"": 18100, ""vehicle_speed_kph"": 105}, {""ambient_temp_c"": 33.273, ""end_ms"": 87100, ""engine_load"": 0.7266400999999999, ""external_airflow_factor"": 0, ""road_slope_percent"": 0, ""start_ms"": 49300, ""vehicle_speed_kph"": 87.14999999999999}, {""ambient_temp_c"": 33.273, ""end_ms"": 120000, ""engine_load"": 0.8316965, ""external_airflow_factor"": 0, ""road_slope_percent"": 0, ""start_ms"": 87100, ""vehicle_speed_kph"": 99.75}]",[],static_target,1703,120000,0:0:6000,bbda0e18375a7c3cffd27a2c869c749296ead62d798d0dd4c27cf8096703f9c2,e53e91c54653be6c7c8f0cff7c3c859366fc56d2c6be535c60a8896a6781ce26,0
current_0461,ACTUATOR,pump_degraded,permanent,0.69,0,25900,18500,operating_family_3,development-train,current_profile_0461,"[{""ambient_temp_c"": 33.276, ""end_ms"": 18100, ""engine_load"": 0.6041915999999999, ""external_airflow_factor"": 0, ""road_slope_percent"": 0, ""start_ms"": 0, ""vehicle_speed_kph"": 72.44999999999999}, {""ambient_temp_c"": 33.276, ""end_ms"": 49300, ""engine_load"": 0.87564, ""external_airflow_factor"": 0, ""road_slope_percent"": 0, ""start_ms"": 18100, ""vehicle_speed_kph"": 105}, {""ambient_temp_c"": 33.276, ""end_ms"": 87100, ""engine_load"": 0.7267811999999999, ""external_airflow_factor"": 0, ""road_slope_percent"": 0, ""start_ms"": 49300, ""vehicle_speed_kph"": 87.14999999999999}, {""ambient_temp_c"": 33.276, ""end_ms"": 120000, ""engine_load"": 0.831858, ""external_airflow_factor"": 0, ""road_slope_percent"": 0, ""start_ms"": 87100, ""vehicle_speed_kph"": 99.75}]","[[30000, 99], [60000, 92]]",authorized_updates,1704,120000,0:0:6000,40db4159c1f1b29ba6e8055725f5948b2b772a9260b00e64463309cd7e3c729b,805036b21a7e82d04ab27cf67afe9e22ab95f0ff539302b8fb3c3409fbeba6e6,0
current_0462,ACTUATOR,fan_stuck_off,transient,0,0,26200,9700,operating_family_3,development-train,current_profile_0462,"[{""ambient_temp_c"": 33.279, ""end_ms"": 18100, ""engine_load"": 0.6043088999999999, ""external_airflow_factor"": 0, ""road_slope_percent"": 0, ""start_ms"": 0, ""vehicle_speed_kph"": 72.44999999999999}, {""ambient_temp_c"": 33.279, ""end_ms"": 49300, ""engine_load"": 0.87581, ""external_airflow_factor"": 0, ""road_slope_percent"": 0, ""start_ms"": 18100, ""vehicle_speed_kph"": 105}, {""ambient_temp_c"": 33.279, ""end_ms"": 87100, ""engine_load"": 0.7269222999999999, ""external_airflow_factor"": 0, ""road_slope_percent"": 0, ""start_ms"": 49300, ""vehicle_speed_kph"": 87.14999999999999}, {""ambient_temp_c"": 33.279, ""end_ms"": 120000, ""engine_load"": 0.8320194999999999, ""external_airflow_factor"": 0, ""road_slope_percent"": 0, ""start_ms"": 87100, ""vehicle_speed_kph"": 99.75}]",[],static_target,1705,120000,0:0:6000,3070bebede61524a52fe4c2dded3edbf336c8159f736e44dc0906e2bad7284ad,344171766351c30403a4b65524fefca6e56a45477813b3b7aaa3b013d1589d6d,0
current_0463,ACTUATOR,fan_stuck_off,transient,0,0,26500,13700,operating_family_3,development-train,current_profile_0463,"[{""ambient_temp_c"": 33.282, ""end_ms"": 18100, ""engine_load"": 0.6044261999999999, ""external_airflow_factor"": 0, ""road_slope_percent"": 0, ""start_ms"": 0, ""vehicle_speed_kph"": 72.44999999999999}, {""ambient_temp_c"": 33.282, ""end_ms"": 49300, ""engine_load"": 0.87598, ""external_airflow_factor"": 0, ""road_slope_percent"": 0, ""start_ms"": 18100, ""vehicle_speed_kph"": 105}, {""ambient_temp_c"": 33.282, ""end_ms"": 87100, ""engine_load"": 0.7270633999999999, ""external_airflow_factor"": 0, ""road_slope_percent"": 0, ""start_ms"": 49300, ""vehicle_speed_kph"": 87.14999999999999}, {""ambient_temp_c"": 33.282, ""end_ms"": 120000, ""engine_load"": 0.832181, ""external_airflow_factor"": 0, ""road_slope_percent"": 0, ""start_ms"": 87100, ""vehicle_speed_kph"": 99.75}]","[[30000, 99], [60000, 92]]",authorized_updates,1706,120000,0:0:6000,1bf78d70e0ec193d043cf9148e919d1998d1fd35865aba239d8fa5a162e16acc,74ac7917105c384d959e92f68923a81265843c383b28c02d41f9fd7c896e4f8a,0
current_0464,ACTUATOR,fan_stuck_off,intermittent,0,0,26800,18500,operating_family_3,development-train,current_profile_0464,"[{""ambient_temp_c"": 33.285, ""end_ms"": 18100, ""engine_load"": 0.6045434999999999, ""external_airflow_factor"": 0, ""road_slope_percent"": 0, ""start_ms"": 0, ""vehicle_speed_kph"": 72.44999999999999}, {""ambient_temp_c"": 33.285, ""end_ms"": 49300, ""engine_load"": 0.87615, ""external_airflow_factor"": 0, ""road_slope_percent"": 0, ""start_ms"": 18100, ""vehicle_speed_kph"": 105}, {""ambient_temp_c"": 33.285, ""end_ms"": 87100, ""engine_load"": 0.7272044999999999, ""external_airflow_factor"": 0, ""road_slope_percent"": 0, ""start_ms"": 49300, ""vehicle_speed_kph"": 87.14999999999999}, {""ambient_temp_c"": 33.285, ""end_ms"": 120000, ""engine_load"": 0.8323425, ""external_airflow_factor"": 0, ""road_slope_percent"": 0, ""start_ms"": 87100, ""vehicle_speed_kph"": 99.75}]",[],static_target,1707,120000,0:0:6000,82a517b88577c1d3bc86dfd0f20f740fc764ea8c7bd87542c2808a11bd6679bc,0cf8507b21db061cf25b8f4543ce9eea48ab603b1a4050b23930f2659bc0b200,0
current_0465,ACTUATOR,fan_stuck_off,intermittent,0,0,24700,9700,operating_family_3,development-train,current_profile_0465,"[{""ambient_temp_c"": 33.288, ""end_ms"": 18100, ""engine_load"": 0.6046608, ""external_airflow_factor"": 0, ""road_slope_percent"": 0, ""start_ms"": 0, ""vehicle_speed_kph"": 72.44999999999999}, {""ambient_temp_c"": 33.288, ""end_ms"": 49300, ""engine_load"": 0.87632, ""external_airflow_factor"": 0, ""road_slope_percent"": 0, ""start_ms"": 18100, ""vehicle_speed_kph"": 105}, {""ambient_temp_c"": 33.288, ""end_ms"": 87100, ""engine_load"": 0.7273455999999999, ""external_airflow_factor"": 0, ""road_slope_percent"": 0, ""start_ms"": 49300, ""vehicle_speed_kph"": 87.14999999999999}, {""ambient_temp_c"": 33.288, ""end_ms"": 120000, ""engine_load"": 0.8325039999999999, ""external_airflow_factor"": 0, ""road_slope_percent"": 0, ""start_ms"": 87100, ""vehicle_speed_kph"": 99.75}]","[[30000, 99], [60000, 92]]",authorized_updates,1708,120000,0:0:6000,638e33e5ed853a0e9d0639106df7d5c80efde7e6cdf6c75a2b727ad62d2dda59,4a83a74678a609afa3185395ffc094712d6523346359e060463794e30a4ff8c1,0
current_0466,ACTUATOR,fan_stuck_off,permanent,0,0,25000,13700,operating_family_3,development-train,current_profile_0466,"[{""ambient_temp_c"": 33.291, ""end_ms"": 18100, ""engine_load"": 0.6047781, ""external_airflow_factor"": 0, ""road_slope_percent"": 0, ""start_ms"": 0, ""vehicle_speed_kph"": 72.44999999999999}, {""ambient_temp_c"": 33.291, ""end_ms"": 49300, ""engine_load"": 0.87649, ""external_airflow_factor"": 0, ""road_slope_percent"": 0, ""start_ms"": 18100, ""vehicle_speed_kph"": 105}, {""ambient_temp_c"": 33.291, ""end_ms"": 87100, ""engine_load"": 0.7274866999999999, ""external_airflow_factor"": 0, ""road_slope_percent"": 0, ""start_ms"": 49300, ""vehicle_speed_kph"": 87.14999999999999}, {""ambient_temp_c"": 33.291, ""end_ms"": 120000, ""engine_load"": 0.8326655, ""external_airflow_factor"": 0, ""road_slope_percent"": 0, ""start_ms"": 87100, ""vehicle_speed_kph"": 99.75}]",[],static_target,1709,120000,0:0:6000,4720266a2ac23aef9fe4f77446796f2f838f5c8ccba22489ab51f35b60dfff42,0bd1fbac83e95764a5ca9324a83d7dbd0f4691c399b11fde50fce1cd095b5282,0
current_0467,ACTUATOR,fan_stuck_off,permanent,0,0,25300,18500,operating_family_3,development-train,current_profile_0467,"[{""ambient_temp_c"": 33.294, ""end_ms"": 18100, ""engine_load"": 0.6048954, ""external_airflow_factor"": 0, ""road_slope_percent"": 0, ""start_ms"": 0, ""vehicle_speed_kph"": 72.44999999999999}, {""ambient_temp_c"": 33.294, ""end_ms"": 49300, ""engine_load"": 0.87666, ""external_airflow_factor"": 0, ""road_slope_percent"": 0, ""start_ms"": 18100, ""vehicle_speed_kph"": 105}, {""ambient_temp_c"": 33.294, ""end_ms"": 87100, ""engine_load"": 0.7276277999999999, ""external_airflow_factor"": 0, ""road_slope_percent"": 0, ""start_ms"": 49300, ""vehicle_speed_kph"": 87.14999999999999}, {""ambient_temp_c"": 33.294, ""end_ms"": 120000, ""engine_load"": 0.832827, ""external_airflow_factor"": 0, ""road_slope_percent"": 0, ""start_ms"": 87100, ""vehicle_speed_kph"": 99.75}]","[[30000, 99], [60000, 92]]",authorized_updates,1710,120000,0:0:6000,6bdedab4aed5ad5c4acf9100fab0491725302d93a1eebe4315356c788476fefe,819e77da878a988dbe16fa1e2a076144627a9024f8ff17b583c9582a6de79a15,0
current_0468,TIMING,deadline_miss,transient,0,0,25600,100,operating_family_3,development-train,current_profile_0468,"[{""ambient_temp_c"": 33.297, ""end_ms"": 18100, ""engine_load"": 0.6050127, ""external_airflow_factor"": 0, ""road_slope_percent"": 0, ""start_ms"": 0, ""vehicle_speed_kph"": 72.44999999999999}, {""ambient_temp_c"": 33.297, ""end_ms"": 49300, ""engine_load"": 0.87683, ""external_airflow_factor"": 0, ""road_slope_percent"": 0, ""start_ms"": 18100, ""vehicle_speed_kph"": 105}, {""ambient_temp_c"": 33.297, ""end_ms"": 87100, ""engine_load"": 0.7277688999999999, ""external_airflow_factor"": 0, ""road_slope_percent"": 0, ""start_ms"": 49300, ""vehicle_speed_kph"": 87.14999999999999}, {""ambient_temp_c"": 33.297, ""end_ms"": 120000, ""engine_load"": 0.8329884999999999, ""external_airflow_factor"": 0, ""road_slope_percent"": 0, ""start_ms"": 87100, ""vehicle_speed_kph"": 99.75}]",[],static_target,1711,120000,0:0:6000,d2e5d642898d90d994d3fd84b9d09cae258546cc8d9f13eec4d34f864369459e,a257c0c465b803ce1f14e3ca0d116ab43ea51ef264845d9125cad46b3cb6dfe4,0
current_0469,TIMING,deadline_miss,intermittent,0,0,25900,13700,operating_family_3,development-train,current_profile_0469,"[{""ambient_temp_c"": 33.3, ""end_ms"": 18100, ""engine_load"": 0.60513, ""external_airflow_factor"": 0, ""road_slope_percent"": 0, ""start_ms"": 0, ""vehicle_speed_kph"": 72.44999999999999}, {""ambient_temp_c"": 33.3, ""end_ms"": 49300, ""engine_load"": 0.877, ""external_airflow_factor"": 0, ""road_slope_percent"": 0, ""start_ms"": 18100, ""vehicle_speed_kph"": 105}, {""ambient_temp_c"": 33.3, ""end_ms"": 87100, ""engine_load"": 0.72791, ""external_airflow_factor"": 0, ""road_slope_percent"": 0, ""start_ms"": 49300, ""vehicle_speed_kph"": 87.14999999999999}, {""ambient_temp_c"": 33.3, ""end_ms"": 120000, ""engine_load"": 0.83315, ""external_airflow_factor"": 0, ""road_slope_percent"": 0, ""start_ms"": 87100, ""vehicle_speed_kph"": 99.75}]","[[30000, 99], [60000, 92]]",authorized_updates,1712,120000,0:0:6000,ba15dc4b8a2fac4ebf5e4801cb7c914aa854fa33915a496873f52599f98396b2,2985c455c30b6ef38c09424aaa66f8e96aa7dbdac8edf852a5c492f6ba1e40cb,0
current_0470,TIMING,deadline_miss,permanent,0,0,26200,18500,operating_family_3,development-train,current_profile_0470,"[{""ambient_temp_c"": 33.303, ""end_ms"": 18100, ""engine_load"": 0.6052472999999999, ""external_airflow_factor"": 0, ""road_slope_percent"": 0, ""start_ms"": 0, ""vehicle_speed_kph"": 72.44999999999999}, {""ambient_temp_c"": 33.303, ""end_ms"": 49300, ""engine_load"": 0.87717, ""external_airflow_factor"": 0, ""road_slope_percent"": 0, ""start_ms"": 18100, ""vehicle_speed_kph"": 105}, {""ambient_temp_c"": 33.303, ""end_ms"": 87100, ""engine_load"": 0.7280511, ""external_airflow_factor"": 0, ""road_slope_percent"": 0, ""start_ms"": 49300, ""vehicle_speed_kph"": 87.14999999999999}, {""ambient_temp_c"": 33.303, ""end_ms"": 120000, ""engine_load"": 0.8333115, ""external_airflow_factor"": 0, ""road_slope_percent"": 0, ""start_ms"": 87100, ""vehicle_speed_kph"": 99.75}]",[],static_target,1713,120000,0:0:6000,84a24d5ab73c8325ae6633e2c003c4accb4829f0aa7897d941cb6a56e4bf9e20,cf8f415b3c1f36c07ae0f11116da37c702ca3fb8adf9f8bd92e549a1dbbee2b5,0
current_0471,TIMING,task_delay,transient,500,0,26500,9700,operating_family_3,development-train,current_profile_0471,"[{""ambient_temp_c"": 33.306, ""end_ms"": 18100, ""engine_load"": 0.6053645999999999, ""external_airflow_factor"": 0, ""road_slope_percent"": 0, ""start_ms"": 0, ""vehicle_speed_kph"": 72.44999999999999}, {""ambient_temp_c"": 33.306, ""end_ms"": 49300, ""engine_load"": 0.87734, ""external_airflow_factor"": 0, ""road_slope_percent"": 0, ""start_ms"": 18100, ""vehicle_speed_kph"": 105}, {""ambient_temp_c"": 33.306, ""end_ms"": 87100, ""engine_load"": 0.7281922, ""external_airflow_factor"": 0, ""road_slope_percent"": 0, ""start_ms"": 49300, ""vehicle_speed_kph"": 87.14999999999999}, {""ambient_temp_c"": 33.306, ""end_ms"": 120000, ""engine_load"": 0.833473, ""external_airflow_factor"": 0, ""road_slope_percent"": 0, ""start_ms"": 87100, ""vehicle_speed_kph"": 99.75}]","[[30000, 99], [60000, 92]]",authorized_updates,1714,120000,0:0:6000,f308a9eedff222b10f98d0670d9f16af458c6ff77143457958e2f38c5099d822,28a94dcccf6ca0a207faaef4e88c5196b8e678a54e473190da8241280d1b56d4,0
current_0472,TIMING,task_delay,intermittent,500,0,26800,13700,operating_family_3,development-train,current_profile_0472,"[{""ambient_temp_c"": 33.309, ""end_ms"": 18100, ""engine_load"": 0.6054818999999999, ""external_airflow_factor"": 0, ""road_slope_percent"": 0, ""start_ms"": 0, ""vehicle_speed_kph"": 72.44999999999999}, {""ambient_temp_c"": 33.309, ""end_ms"": 49300, ""engine_load"": 0.87751, ""external_airflow_factor"": 0, ""road_slope_percent"": 0, ""start_ms"": 18100, ""vehicle_speed_kph"": 105}, {""ambient_temp_c"": 33.309, ""end_ms"": 87100, ""engine_load"": 0.7283333, ""external_airflow_factor"": 0, ""road_slope_percent"": 0, ""start_ms"": 49300, ""vehicle_speed_kph"": 87.14999999999999}, {""ambient_temp_c"": 33.309, ""end_ms"": 120000, ""engine_load"": 0.8336345, ""external_airflow_factor"": 0, ""road_slope_percent"": 0, ""start_ms"": 87100, ""vehicle_speed_kph"": 99.75}]",[],static_target,1715,120000,0:0:6000,134b776f0c94b5fce4fe592529895c4cda692acf1b40fb13d2ddc8399b0adb8d,aecabce998cbf29b433cd48d6db0c58faf5b2fb9256e98b037ae77aa8ca81c42,0
current_0473,TIMING,task_delay,permanent,500,0,24700,18500,operating_family_3,development-train,current_profile_0473,"[{""ambient_temp_c"": 33.312, ""end_ms"": 18100, ""engine_load"": 0.6055992, ""external_airflow_factor"": 0, ""road_slope_percent"": 0, ""start_ms"": 0, ""vehicle_speed_kph"": 72.44999999999999}, {""ambient_temp_c"": 33.312, ""end_ms"": 49300, ""engine_load"": 0.87768, ""external_airflow_factor"": 0, ""road_slope_percent"": 0, ""start_ms"": 18100, ""vehicle_speed_kph"": 105}, {""ambient_temp_c"": 33.312, ""end_ms"": 87100, ""engine_load"": 0.7284744, ""external_airflow_factor"": 0, ""road_slope_percent"": 0, ""start_ms"": 49300, ""vehicle_speed_kph"": 87.14999999999999}, {""ambient_temp_c"": 33.312, ""end_ms"": 120000, ""engine_load"": 0.833796, ""external_airflow_factor"": 0, ""road_slope_percent"": 0, ""start_ms"": 87100, ""vehicle_speed_kph"": 99.75}]","[[30000, 99], [60000, 92]]",authorized_updates,1716,120000,0:0:6000,cb2d33b2f156887595816e4d19222ed9b9cef371ab6a71d756236acf9e04862d,a3829c19d91e6b5aebe9c932a53dbdc001d62da000d62c010fc38b8ff25d4c44,0
current_0474,NORMAL,baseline,none,0,0,120100,9700,operating_family_3,development-train,current_profile_0474,"[{""ambient_temp_c"": 33.315, ""end_ms"": 18100, ""engine_load"": 0.6057165, ""external_airflow_factor"": 0, ""road_slope_percent"": 0, ""start_ms"": 0, ""vehicle_speed_kph"": 72.44999999999999}, {""ambient_temp_c"": 33.315, ""end_ms"": 49300, ""engine_load"": 0.87785, ""external_airflow_factor"": 0, ""road_slope_percent"": 0, ""start_ms"": 18100, ""vehicle_speed_kph"": 105}, {""ambient_temp_c"": 33.315, ""end_ms"": 87100, ""engine_load"": 0.7286155, ""external_airflow_factor"": 0, ""road_slope_percent"": 0, ""start_ms"": 49300, ""vehicle_speed_kph"": 87.14999999999999}, {""ambient_temp_c"": 33.315, ""end_ms"": 120000, ""engine_load"": 0.8339575, ""external_airflow_factor"": 0, ""road_slope_percent"": 0, ""start_ms"": 87100, ""vehicle_speed_kph"": 99.75}]",[],static_target,1717,120000,0:0:6000,6284569a5fcf5ddb2fc71184ec7af01799ecb583dee9f7f14c0052ac248a3dad,4791bf53534ee90b18a9ca55025cf93f0cde98822506d9015ceb4c31a2a3ef36,0
current_0475,NORMAL,baseline,none,0,0,120100,13700,operating_family_3,development-train,current_profile_0475,"[{""ambient_temp_c"": 33.318, ""end_ms"": 18100, ""engine_load"": 0.6058338, ""external_airflow_factor"": 0, ""road_slope_percent"": 0, ""start_ms"": 0, ""vehicle_speed_kph"": 72.44999999999999}, {""ambient_temp_c"": 33.318, ""end_ms"": 49300, ""engine_load"": 0.87802, ""external_airflow_factor"": 0, ""road_slope_percent"": 0, ""start_ms"": 18100, ""vehicle_speed_kph"": 105}, {""ambient_temp_c"": 33.318, ""end_ms"": 87100, ""engine_load"": 0.7287566, ""external_airflow_factor"": 0, ""road_slope_percent"": 0, ""start_ms"": 49300, ""vehicle_speed_kph"": 87.14999999999999}, {""ambient_temp_c"": 33.318, ""end_ms"": 120000, ""engine_load"": 0.8341189999999999, ""external_airflow_factor"": 0, ""road_slope_percent"": 0, ""start_ms"": 87100, ""vehicle_speed_kph"": 99.75}]","[[30000, 99], [60000, 92]]",authorized_updates,1718,120000,0:0:6000,d951c6a2f548d94fbd603692ca118b462bdc21d939a89e781efdde916fe62397,ea25dd273d4fc9f24cd5430d7cd49266c0f35f465a7cee35b1a85ee4f8136122,0
current_0476,NORMAL,baseline,none,0,0,120100,18500,operating_family_3,development-train,current_profile_0476,"[{""ambient_temp_c"": 33.321, ""end_ms"": 18100, ""engine_load"": 0.6059511, ""external_airflow_factor"": 0, ""road_slope_percent"": 0, ""start_ms"": 0, ""vehicle_speed_kph"": 72.44999999999999}, {""ambient_temp_c"": 33.321, ""end_ms"": 49300, ""engine_load"": 0.87819, ""external_airflow_factor"": 0, ""road_slope_percent"": 0, ""start_ms"": 18100, ""vehicle_speed_kph"": 105}, {""ambient_temp_c"": 33.321, ""end_ms"": 87100, ""engine_load"": 0.7288977, ""external_airflow_factor"": 0, ""road_slope_percent"": 0, ""start_ms"": 49300, ""vehicle_speed_kph"": 87.14999999999999}, {""ambient_temp_c"": 33.321, ""end_ms"": 120000, ""engine_load"": 0.8342805, ""external_airflow_factor"": 0, ""road_slope_percent"": 0, ""start_ms"": 87100, ""vehicle_speed_kph"": 99.75}]",[],static_target,1719,120000,0:0:6000,0420be9be65bc48914c01bdb3d81cefa355a0cf0ce6581f51a93dc43230e6eec,06bae55ab37dcf74f88cb8ae3c57242bec1052d3a11b2b4131b4991e27103250,0
current_0477,NORMAL,baseline,none,0,0,120100,9700,operating_family_3,development-train,current_profile_0477,"[{""ambient_temp_c"": 33.324, ""end_ms"": 18100, ""engine_load"": 0.6060684, ""external_airflow_factor"": 0, ""road_slope_percent"": 0, ""start_ms"": 0, ""vehicle_speed_kph"": 72.44999999999999}, {""ambient_temp_c"": 33.324, ""end_ms"": 49300, ""engine_load"": 0.87836, ""external_airflow_factor"": 0, ""road_slope_percent"": 0, ""start_ms"": 18100, ""vehicle_speed_kph"": 105}, {""ambient_temp_c"": 33.324, ""end_ms"": 87100, ""engine_load"": 0.7290388, ""external_airflow_factor"": 0, ""road_slope_percent"": 0, ""start_ms"": 49300, ""vehicle_speed_kph"": 87.14999999999999}, {""ambient_temp_c"": 33.324, ""end_ms"": 120000, ""engine_load"": 0.834442, ""external_airflow_factor"": 0, ""road_slope_percent"": 0, ""start_ms"": 87100, ""vehicle_speed_kph"": 99.75}]","[[30000, 99], [60000, 92]]",authorized_updates,1720,120000,0.02:0:6000,ad2f1250bec94ad40d889d4ef01101c454e829701d4ec1f890a013d9fdead45d,a0b9e22ae493e23dc15a2cd66c6f132883d25ed03efa832d02d72fd4453b8465,0
current_0478,NORMAL,baseline,none,0,0,120100,13700,operating_family_3,development-train,current_profile_0478,"[{""ambient_temp_c"": 33.327, ""end_ms"": 18100, ""engine_load"": 0.6061856999999999, ""external_airflow_factor"": 0, ""road_slope_percent"": 0, ""start_ms"": 0, ""vehicle_speed_kph"": 72.44999999999999}, {""ambient_temp_c"": 33.327, ""end_ms"": 49300, ""engine_load"": 0.87853, ""external_airflow_factor"": 0, ""road_slope_percent"": 0, ""start_ms"": 18100, ""vehicle_speed_kph"": 105}, {""ambient_temp_c"": 33.327, ""end_ms"": 87100, ""engine_load"": 0.7291799, ""external_airflow_factor"": 0, ""road_slope_percent"": 0, ""start_ms"": 49300, ""vehicle_speed_kph"": 87.14999999999999}, {""ambient_temp_c"": 33.327, ""end_ms"": 120000, ""engine_load"": 0.8346034999999999, ""external_airflow_factor"": 0, ""road_slope_percent"": 0, ""start_ms"": 87100, ""vehicle_speed_kph"": 99.75}]",[],static_target,1721,120000,0.02:0:6000,d3d57ae3fadbb738beadeb02f7cc51f082e65146ce339d14d293492856613050,06cdafe39c3f2beabe4b85505da022314039b97f71098643466d210611da2b2c,0
current_0479,NORMAL,baseline,none,0,0,120100,18500,operating_family_3,development-train,current_profile_0479,"[{""ambient_temp_c"": 33.33, ""end_ms"": 18100, ""engine_load"": 0.6063029999999999, ""external_airflow_factor"": 0, ""road_slope_percent"": 0, ""start_ms"": 0, ""vehicle_speed_kph"": 72.44999999999999}, {""ambient_temp_c"": 33.33, ""end_ms"": 49300, ""engine_load"": 0.8787, ""external_airflow_factor"": 0, ""road_slope_percent"": 0, ""start_ms"": 18100, ""vehicle_speed_kph"": 105}, {""ambient_temp_c"": 33.33, ""end_ms"": 87100, ""engine_load"": 0.729321, ""external_airflow_factor"": 0, ""road_slope_percent"": 0, ""start_ms"": 49300, ""vehicle_speed_kph"": 87.14999999999999}, {""ambient_temp_c"": 33.33, ""end_ms"": 120000, ""engine_load"": 0.834765, ""external_airflow_factor"": 0, ""road_slope_percent"": 0, ""start_ms"": 87100, ""vehicle_speed_kph"": 99.75}]","[[30000, 99], [60000, 92]]",authorized_updates,1722,120000,0.02:0:6000,d1a3e518a84abd5b89f4995ae4c9d9931aa997224b5c27dd78d55a3511e4ddf8,22a426084d58ba9d3df280c6985640a07c367fb254a4e63ce282d88b2cfa8091,0
current_0480,NORMAL,baseline,none,0,0,120100,9700,operating_family_3,development-train,current_profile_0480,"[{""ambient_temp_c"": 33.333, ""end_ms"": 18100, ""engine_load"": 0.6064203, ""external_airflow_factor"": 0, ""road_slope_percent"": 0, ""start_ms"": 0, ""vehicle_speed_kph"": 72.44999999999999}, {""ambient_temp_c"": 33.333, ""end_ms"": 49300, ""engine_load"": 0.87887, ""external_airflow_factor"": 0, ""road_slope_percent"": 0, ""start_ms"": 18100, ""vehicle_speed_kph"": 105}, {""ambient_temp_c"": 33.333, ""end_ms"": 87100, ""engine_load"": 0.7294621, ""external_airflow_factor"": 0, ""road_slope_percent"": 0, ""start_ms"": 49300, ""vehicle_speed_kph"": 87.14999999999999}, {""ambient_temp_c"": 33.333, ""end_ms"": 120000, ""engine_load"": 0.8349265, ""external_airflow_factor"": 0, ""road_slope_percent"": 0, ""start_ms"": 87100, ""vehicle_speed_kph"": 99.75}]",[],static_target,1723,120000,0.05:0:6000,d624b31cfc6bcecdadbe32f5ea043fb567dc38c2ebb67ff3237387a7ba210587,23543b12e047103309b11a96c6fa2be759f3e4b41a37052cf4c1db81fa5a3bf9,0
current_0481,NORMAL,baseline,none,0,0,120100,13700,operating_family_3,development-train,current_profile_0481,"[{""ambient_temp_c"": 33.336, ""end_ms"": 18100, ""engine_load"": 0.6065376, ""external_airflow_factor"": 0, ""road_slope_percent"": 0, ""start_ms"": 0, ""vehicle_speed_kph"": 72.44999999999999}, {""ambient_temp_c"": 33.336, ""end_ms"": 49300, ""engine_load"": 0.87904, ""external_airflow_factor"": 0, ""road_slope_percent"": 0, ""start_ms"": 18100, ""vehicle_speed_kph"": 105}, {""ambient_temp_c"": 33.336, ""end_ms"": 87100, ""engine_load"": 0.7296032, ""external_airflow_factor"": 0, ""road_slope_percent"": 0, ""start_ms"": 49300, ""vehicle_speed_kph"": 87.14999999999999}, {""ambient_temp_c"": 33.336, ""end_ms"": 120000, ""engine_load"": 0.835088, ""external_airflow_factor"": 0, ""road_slope_percent"": 0, ""start_ms"": 87100, ""vehicle_speed_kph"": 99.75}]","[[30000, 99], [60000, 92]]",authorized_updates,1724,120000,0.05:0:6000,27c60376bd8ed7f98f59a0f308a7f81d5b0278d5f138b85ec008f525acbfd44c,6ec77808c58f4db5ffd070067c3988069358617b989cea7ab863338a8b630475,0
current_0482,NORMAL,baseline,none,0,0,120100,18500,operating_family_3,development-train,current_profile_0482,"[{""ambient_temp_c"": 33.339, ""end_ms"": 18100, ""engine_load"": 0.6066548999999999, ""external_airflow_factor"": 0, ""road_slope_percent"": 0, ""start_ms"": 0, ""vehicle_speed_kph"": 72.44999999999999}, {""ambient_temp_c"": 33.339, ""end_ms"": 49300, ""engine_load"": 0.8792099999999999, ""external_airflow_factor"": 0, ""road_slope_percent"": 0, ""start_ms"": 18100, ""vehicle_speed_kph"": 105}, {""ambient_temp_c"": 33.339, ""end_ms"": 87100, ""engine_load"": 0.7297442999999999, ""external_airflow_factor"": 0, ""road_slope_percent"": 0, ""start_ms"": 49300, ""vehicle_speed_kph"": 87.14999999999999}, {""ambient_temp_c"": 33.339, ""end_ms"": 120000, ""engine_load"": 0.8352494999999999, ""external_airflow_factor"": 0, ""road_slope_percent"": 0, ""start_ms"": 87100, ""vehicle_speed_kph"": 99.75}]",[],static_target,1725,120000,0.05:0:6000,998373ffbf66079b25826e91986a5de8c310234deb352de877617d65ce5e8c29,643ed5124872e550ac7d8316e20a489220a79f2494333bf1af74d42a0f4c3e24,0
current_0483,NORMAL,baseline,none,0,0,120100,9700,operating_family_3,development-train,current_profile_0483,"[{""ambient_temp_c"": 33.342, ""end_ms"": 18100, ""engine_load"": 0.6067721999999999, ""external_airflow_factor"": 0, ""road_slope_percent"": 0, ""start_ms"": 0, ""vehicle_speed_kph"": 72.44999999999999}, {""ambient_temp_c"": 33.342, ""end_ms"": 49300, ""engine_load"": 0.8793799999999999, ""external_airflow_factor"": 0, ""road_slope_percent"": 0, ""start_ms"": 18100, ""vehicle_speed_kph"": 105}, {""ambient_temp_c"": 33.342, ""end_ms"": 87100, ""engine_load"": 0.7298853999999999, ""external_airflow_factor"": 0, ""road_slope_percent"": 0, ""start_ms"": 49300, ""vehicle_speed_kph"": 87.14999999999999}, {""ambient_temp_c"": 33.342, ""end_ms"": 120000, ""engine_load"": 0.8354109999999999, ""external_airflow_factor"": 0, ""road_slope_percent"": 0, ""start_ms"": 87100, ""vehicle_speed_kph"": 99.75}]","[[30000, 99], [60000, 92]]",authorized_updates,1726,120000,0.10:0:6000,3484ab193852dfc7d870335fa69cb921cae1c4200b4385c93934a4926e75b9ec,018d7649ed3a22f3b2783480ad6239b80bbd3b21a34557f088264b835ab438ce,0
current_0484,NORMAL,baseline,none,0,0,120100,13700,operating_family_3,development-train,current_profile_0484,"[{""ambient_temp_c"": 33.345, ""end_ms"": 18100, ""engine_load"": 0.6068894999999999, ""external_airflow_factor"": 0, ""road_slope_percent"": 0, ""start_ms"": 0, ""vehicle_speed_kph"": 72.44999999999999}, {""ambient_temp_c"": 33.345, ""end_ms"": 49300, ""engine_load"": 0.8795499999999999, ""external_airflow_factor"": 0, ""road_slope_percent"": 0, ""start_ms"": 18100, ""vehicle_speed_kph"": 105}, {""ambient_temp_c"": 33.345, ""end_ms"": 87100, ""engine_load"": 0.7300264999999999, ""external_airflow_factor"": 0, ""road_slope_percent"": 0, ""start_ms"": 49300, ""vehicle_speed_kph"": 87.14999999999999}, {""ambient_temp_c"": 33.345, ""end_ms"": 120000, ""engine_load"": 0.8355724999999999, ""external_airflow_factor"": 0, ""road_slope_percent"": 0, ""start_ms"": 87100, ""vehicle_speed_kph"": 99.75}]",[],static_target,1727,120000,0.10:0:6000,5bcf27185e8cf34782a7a4d922d968edb1750753b48a2939f7cf11b6cb35b397,f80911baa8f7f8c9716b75f7c7d53518dc93699e3e3e2f1b43af83162227e419,0
current_0485,NORMAL,baseline,none,0,0,120100,18500,operating_family_3,development-train,current_profile_0485,"[{""ambient_temp_c"": 33.348, ""end_ms"": 18100, ""engine_load"": 0.6070068, ""external_airflow_factor"": 0, ""road_slope_percent"": 0, ""start_ms"": 0, ""vehicle_speed_kph"": 72.44999999999999}, {""ambient_temp_c"": 33.348, ""end_ms"": 49300, ""engine_load"": 0.87972, ""external_airflow_factor"": 0, ""road_slope_percent"": 0, ""start_ms"": 18100, ""vehicle_speed_kph"": 105}, {""ambient_temp_c"": 33.348, ""end_ms"": 87100, ""engine_load"": 0.7301675999999999, ""external_airflow_factor"": 0, ""road_slope_percent"": 0, ""start_ms"": 49300, ""vehicle_speed_kph"": 87.14999999999999}, {""ambient_temp_c"": 33.348, ""end_ms"": 120000, ""engine_load"": 0.8357339999999999, ""external_airflow_factor"": 0, ""road_slope_percent"": 0, ""start_ms"": 87100, ""vehicle_speed_kph"": 99.75}]","[[30000, 99], [60000, 92]]",authorized_updates,1728,120000,0.10:0:6000,cde62347569cb7003cebb46a69c2eb52f6c81038f37d62e2f16f46353cb70039,f354d94592360b2ca27138091d903867479f52ab09253791e411f57e89d40a49,0
current_0486,NORMAL,baseline,none,0,0,120100,9700,operating_family_3,development-train,current_profile_0486,"[{""ambient_temp_c"": 33.351, ""end_ms"": 18100, ""engine_load"": 0.6071240999999999, ""external_airflow_factor"": 0, ""road_slope_percent"": 0, ""start_ms"": 0, ""vehicle_speed_kph"": 72.44999999999999}, {""ambient_temp_c"": 33.351, ""end_ms"": 49300, ""engine_load"": 0.87989, ""external_airflow_factor"": 0, ""road_slope_percent"": 0, ""start_ms"": 18100, ""vehicle_speed_kph"": 105}, {""ambient_temp_c"": 33.351, ""end_ms"": 87100, ""engine_load"": 0.7303086999999999, ""external_airflow_factor"": 0, ""road_slope_percent"": 0, ""start_ms"": 49300, ""vehicle_speed_kph"": 87.14999999999999}, {""ambient_temp_c"": 33.351, ""end_ms"": 120000, ""engine_load"": 0.8358954999999999, ""external_airflow_factor"": 0, ""road_slope_percent"": 0, ""start_ms"": 87100, ""vehicle_speed_kph"": 99.75}]",[],static_target,1729,120000,0.02:0.6:12000,2d88cfae157785548a8bfee0cb43dd53440ecf1ed9b457fa48e6c0e1b2d86ae2,ff11b851dcee479bc08041c17011fce7fe7285213b87e42b329f4cebf9750211,0
current_0487,NORMAL,baseline,none,0,0,120100,13700,operating_family_3,development-train,current_profile_0487,"[{""ambient_temp_c"": 33.354, ""end_ms"": 18100, ""engine_load"": 0.6072413999999999, ""external_airflow_factor"": 0, ""road_slope_percent"": 0, ""start_ms"": 0, ""vehicle_speed_kph"": 72.44999999999999}, {""ambient_temp_c"": 33.354, ""end_ms"": 49300, ""engine_load"": 0.88006, ""external_airflow_factor"": 0, ""road_slope_percent"": 0, ""start_ms"": 18100, ""vehicle_speed_kph"": 105}, {""ambient_temp_c"": 33.354, ""end_ms"": 87100, ""engine_load"": 0.7304497999999999, ""external_airflow_factor"": 0, ""road_slope_percent"": 0, ""start_ms"": 49300, ""vehicle_speed_kph"": 87.14999999999999}, {""ambient_temp_c"": 33.354, ""end_ms"": 120000, ""engine_load"": 0.8360569999999999, ""external_airflow_factor"": 0, ""road_slope_percent"": 0, ""start_ms"": 87100, ""vehicle_speed_kph"": 99.75}]","[[30000, 99], [60000, 92]]",authorized_updates,1730,120000,0.02:0.6:12000,d515155b8e407e10890551fe7790c9a184f46dedd6af40ade09055906a4ccf9a,3c2c0623d18474242f831832778d6bc276d827b5b338960379d99dfc27f2414e,0
current_0488,NORMAL,baseline,none,0,0,120100,18500,operating_family_3,development-train,current_profile_0488,"[{""ambient_temp_c"": 33.357, ""end_ms"": 18100, ""engine_load"": 0.6073586999999999, ""external_airflow_factor"": 0, ""road_slope_percent"": 0, ""start_ms"": 0, ""vehicle_speed_kph"": 72.44999999999999}, {""ambient_temp_c"": 33.357, ""end_ms"": 49300, ""engine_load"": 0.88023, ""external_airflow_factor"": 0, ""road_slope_percent"": 0, ""start_ms"": 18100, ""vehicle_speed_kph"": 105}, {""ambient_temp_c"": 33.357, ""end_ms"": 87100, ""engine_load"": 0.7305908999999999, ""external_airflow_factor"": 0, ""road_slope_percent"": 0, ""start_ms"": 49300, ""vehicle_speed_kph"": 87.14999999999999}, {""ambient_temp_c"": 33.357, ""end_ms"": 120000, ""engine_load"": 0.8362184999999999, ""external_airflow_factor"": 0, ""road_slope_percent"": 0, ""start_ms"": 87100, ""vehicle_speed_kph"": 99.75}]",[],static_target,1731,120000,0.02:0.6:12000,608f5a884b7c081a02514508f83d42444083f8e2cb81d07284af0b3df1c7d8ee,bde1768f881030af0fdf26dbdca6bd3473bb0aa408d97d1f7212403d463ecd7e,0
current_0489,NORMAL,baseline,none,0,0,120100,9700,operating_family_3,development-train,current_profile_0489,"[{""ambient_temp_c"": 33.36, ""end_ms"": 18100, ""engine_load"": 0.6074759999999999, ""external_airflow_factor"": 0, ""road_slope_percent"": 0, ""start_ms"": 0, ""vehicle_speed_kph"": 72.44999999999999}, {""ambient_temp_c"": 33.36, ""end_ms"": 49300, ""engine_load"": 0.8804, ""external_airflow_factor"": 0, ""road_slope_percent"": 0, ""start_ms"": 18100, ""vehicle_speed_kph"": 105}, {""ambient_temp_c"": 33.36, ""end_ms"": 87100, ""engine_load"": 0.7307319999999999, ""external_airflow_factor"": 0, ""road_slope_percent"": 0, ""start_ms"": 49300, ""vehicle_speed_kph"": 87.14999999999999}, {""ambient_temp_c"": 33.36, ""end_ms"": 120000, ""engine_load"": 0.8363799999999999, ""external_airflow_factor"": 0, ""road_slope_percent"": 0, ""start_ms"": 87100, ""vehicle_speed_kph"": 99.75}]","[[30000, 99], [60000, 92]]",authorized_updates,1732,120000,0.05:1.2:18000,1d30d2e800fef2a8c1d83ad731f4d5954b4c8fd42cc4da5cc5ad4a984d8f4750,3e0913ed40e902fe3a317a652ecdfdf14af70f8008b3af0cbd10c0cb492ef5b9,0
current_0490,NORMAL,baseline,none,0,0,120100,13700,operating_family_3,development-train,current_profile_0490,"[{""ambient_temp_c"": 33.363, ""end_ms"": 18100, ""engine_load"": 0.6075932999999999, ""external_airflow_factor"": 0, ""road_slope_percent"": 0, ""start_ms"": 0, ""vehicle_speed_kph"": 72.44999999999999}, {""ambient_temp_c"": 33.363, ""end_ms"": 49300, ""engine_load"": 0.88057, ""external_airflow_factor"": 0, ""road_slope_percent"": 0, ""start_ms"": 18100, ""vehicle_speed_kph"": 105}, {""ambient_temp_c"": 33.363, ""end_ms"": 87100, ""engine_load"": 0.7308730999999999, ""external_airflow_factor"": 0, ""road_slope_percent"": 0, ""start_ms"": 49300, ""vehicle_speed_kph"": 87.14999999999999}, {""ambient_temp_c"": 33.363, ""end_ms"": 120000, ""engine_load"": 0.8365414999999999, ""external_airflow_factor"": 0, ""road_slope_percent"": 0, ""start_ms"": 87100, ""vehicle_speed_kph"": 99.75}]",[],static_target,1733,120000,0.05:1.2:18000,835023b1c7245f9a90258163035c52eb3815a1f22395d48365b2b50145a43729,72f0834fe495985d60548b1510021ccb30429af3c9c99c01a80c50a04e757bc5,0
current_0491,NORMAL,baseline,none,0,0,120100,18500,operating_family_3,development-train,current_profile_0491,"[{""ambient_temp_c"": 33.366, ""end_ms"": 18100, ""engine_load"": 0.6077105999999999, ""external_airflow_factor"": 0, ""road_slope_percent"": 0, ""start_ms"": 0, ""vehicle_speed_kph"": 72.44999999999999}, {""ambient_temp_c"": 33.366, ""end_ms"": 49300, ""engine_load"": 0.88074, ""external_airflow_factor"": 0, ""road_slope_percent"": 0, ""start_ms"": 18100, ""vehicle_speed_kph"": 105}, {""ambient_temp_c"": 33.366, ""end_ms"": 87100, ""engine_load"": 0.7310142, ""external_airflow_factor"": 0, ""road_slope_percent"": 0, ""start_ms"": 49300, ""vehicle_speed_kph"": 87.14999999999999}, {""ambient_temp_c"": 33.366, ""end_ms"": 120000, ""engine_load"": 0.836703, ""external_airflow_factor"": 0, ""road_slope_percent"": 0, ""start_ms"": 87100, ""vehicle_speed_kph"": 99.75}]","[[30000, 99], [60000, 92]]",authorized_updates,1734,120000,0.05:1.2:18000,aa953c8269aaa25f72aba5bafbf46e65f868e5528a3ace8c3954f01bb58ee520,137ea0add0797d175c79026cda4b5d150aed9c8c7efcaf01f0d5b8bf26282995,0
current_0492,MEMORY,stuck_bit,transient,0,0,24700,9700,operating_family_4,development-validation,current_profile_0492,"[{""ambient_temp_c"": 27.0, ""end_ms"": 18100, ""engine_load"": 0.36569999999999997, ""external_airflow_factor"": 0, ""road_slope_percent"": 0, ""start_ms"": 0, ""vehicle_speed_kph"": 38.64}, {""ambient_temp_c"": 27.0, ""end_ms"": 49300, ""engine_load"": 0.53, ""external_airflow_factor"": 0, ""road_slope_percent"": 0, ""start_ms"": 18100, ""vehicle_speed_kph"": 56}, {""ambient_temp_c"": 27.0, ""end_ms"": 87100, ""engine_load"": 0.4399, ""external_airflow_factor"": 0, ""road_slope_percent"": 0, ""start_ms"": 49300, ""vehicle_speed_kph"": 46.48}, {""ambient_temp_c"": 27.0, ""end_ms"": 120000, ""engine_load"": 0.5035, ""external_airflow_factor"": 0, ""road_slope_percent"": 0, ""start_ms"": 87100, ""vehicle_speed_kph"": 53.199999999999996}]",[],static_target,1749,120000,0:0:6000,add1b11f191aa050d283945f2ff70eae8b8c324a1001692cca9c74db8c98b06d,3290668b04fed53087624f643bc34692fdb8a633603c135627e98266d6890259,1
current_0493,MEMORY,stuck_bit,intermittent,0,0,25000,13700,operating_family_4,development-validation,current_profile_0493,"[{""ambient_temp_c"": 27.003, ""end_ms"": 18100, ""engine_load"": 0.3658173, ""external_airflow_factor"": 0, ""road_slope_percent"": 0, ""start_ms"": 0, ""vehicle_speed_kph"": 38.64}, {""ambient_temp_c"": 27.003, ""end_ms"": 49300, ""engine_load"": 0.53017, ""external_airflow_factor"": 0, ""road_slope_percent"": 0, ""start_ms"": 18100, ""vehicle_speed_kph"": 56}, {""ambient_temp_c"": 27.003, ""end_ms"": 87100, ""engine_load"": 0.4400411, ""external_airflow_factor"": 0, ""road_slope_percent"": 0, ""start_ms"": 49300, ""vehicle_speed_kph"": 46.48}, {""ambient_temp_c"": 27.003, ""end_ms"": 120000, ""engine_load"": 0.5036615, ""external_airflow_factor"": 0, ""road_slope_percent"": 0, ""start_ms"": 87100, ""vehicle_speed_kph"": 53.199999999999996}]","[[30000, 99], [60000, 92]]",authorized_updates,1750,120000,0:0:6000,bde3e1499a24715ba79285e2c0ce2ff7b9cfb9dab12663e90d5c73ba4cca72a3,95636ee2e9baf048abcc1a1b7d45fe029418ad5d831d4ce0c2dbca05e700636a,1
current_0494,MEMORY,stuck_bit,permanent,0,0,25300,18500,operating_family_4,development-validation,current_profile_0494,"[{""ambient_temp_c"": 27.006, ""end_ms"": 18100, ""engine_load"": 0.3659346, ""external_airflow_factor"": 0, ""road_slope_percent"": 0, ""start_ms"": 0, ""vehicle_speed_kph"": 38.64}, {""ambient_temp_c"": 27.006, ""end_ms"": 49300, ""engine_load"": 0.53034, ""external_airflow_factor"": 0, ""road_slope_percent"": 0, ""start_ms"": 18100, ""vehicle_speed_kph"": 56}, {""ambient_temp_c"": 27.006, ""end_ms"": 87100, ""engine_load"": 0.4401822, ""external_airflow_factor"": 0, ""road_slope_percent"": 0, ""start_ms"": 49300, ""vehicle_speed_kph"": 46.48}, {""ambient_temp_c"": 27.006, ""end_ms"": 120000, ""engine_load"": 0.503823, ""external_airflow_factor"": 0, ""road_slope_percent"": 0, ""start_ms"": 87100, ""vehicle_speed_kph"": 53.199999999999996}]",[],static_target,1751,120000,0:0:6000,463bc273a8921929f69f2ca5eca6adba87e2ce30f03efe4937063ce51c593b72,cc46bb4ef56d3b0016285d693114ff98676c39c43f6cac7142c9ae7802e12ac5,1
current_0495,MEMORY,stuck_bit,transient,0,1,25600,9700,operating_family_4,development-validation,current_profile_0495,"[{""ambient_temp_c"": 27.009, ""end_ms"": 18100, ""engine_load"": 0.3660519, ""external_airflow_factor"": 0, ""road_slope_percent"": 0, ""start_ms"": 0, ""vehicle_speed_kph"": 38.64}, {""ambient_temp_c"": 27.009, ""end_ms"": 49300, ""engine_load"": 0.53051, ""external_airflow_factor"": 0, ""road_slope_percent"": 0, ""start_ms"": 18100, ""vehicle_speed_kph"": 56}, {""ambient_temp_c"": 27.009, ""end_ms"": 87100, ""engine_load"": 0.44032330000000003, ""external_airflow_factor"": 0, ""road_slope_percent"": 0, ""start_ms"": 49300, ""vehicle_speed_kph"": 46.48}, {""ambient_temp_c"": 27.009, ""end_ms"": 120000, ""engine_load"": 0.5039845000000001, ""external_airflow_factor"": 0, ""road_slope_percent"": 0, ""start_ms"": 87100, ""vehicle_speed_kph"": 53.199999999999996}]","[[30000, 99], [60000, 92]]",authorized_updates,1752,120000,0:0:6000,f43af11865c931dcfd18fff1158d35c2901a22d9b75b50103e5bf15409234606,c7963d5444de3aded5a93f276bdaa74326909ed03619b8846b3585c42efc4701,0
current_0496,MEMORY,stuck_bit,intermittent,0,1,25900,13700,operating_family_4,development-validation,current_profile_0496,"[{""ambient_temp_c"": 27.012, ""end_ms"": 18100, ""engine_load"": 0.3661692, ""external_airflow_factor"": 0, ""road_slope_percent"": 0, ""start_ms"": 0, ""vehicle_speed_kph"": 38.64}, {""ambient_temp_c"": 27.012, ""end_ms"": 49300, ""engine_load"": 0.53068, ""external_airflow_factor"": 0, ""road_slope_percent"": 0, ""start_ms"": 18100, ""vehicle_speed_kph"": 56}, {""ambient_temp_c"": 27.012, ""end_ms"": 87100, ""engine_load"": 0.44046440000000003, ""external_airflow_factor"": 0, ""road_slope_percent"": 0, ""start_ms"": 49300, ""vehicle_speed_kph"": 46.48}, {""ambient_temp_c"": 27.012, ""end_ms"": 120000, ""engine_load"": 0.504146, ""external_airflow_factor"": 0, ""road_slope_percent"": 0, ""start_ms"": 87100, ""vehicle_speed_kph"": 53.199999999999996}]",[],static_target,1753,120000,0:0:6000,c329009cf258a6d3377cead1602137697ad7b40c13083f70ea791de7da00d140,419f38d4f92f11ef99c87043280f70dd051f424ff8fda24326a0de6a0fbabc05,0
current_0497,MEMORY,stuck_bit,permanent,0,1,26200,18500,operating_family_4,development-validation,current_profile_0497,"[{""ambient_temp_c"": 27.015, ""end_ms"": 18100, ""engine_load"": 0.3662865, ""external_airflow_factor"": 0, ""road_slope_percent"": 0, ""start_ms"": 0, ""vehicle_speed_kph"": 38.64}, {""ambient_temp_c"": 27.015, ""end_ms"": 49300, ""engine_load"": 0.53085, ""external_airflow_factor"": 0, ""road_slope_percent"": 0, ""start_ms"": 18100, ""vehicle_speed_kph"": 56}, {""ambient_temp_c"": 27.015, ""end_ms"": 87100, ""engine_load"": 0.44060550000000004, ""external_airflow_factor"": 0, ""road_slope_percent"": 0, ""start_ms"": 49300, ""vehicle_speed_kph"": 46.48}, {""ambient_temp_c"": 27.015, ""end_ms"": 120000, ""engine_load"": 0.5043075, ""external_airflow_factor"": 0, ""road_slope_percent"": 0, ""start_ms"": 87100, ""vehicle_speed_kph"": 53.199999999999996}]","[[30000, 99], [60000, 92]]",authorized_updates,1754,120000,0:0:6000,6842dce4a1cb1656d6e3354ab86347ba8b8001347777c31655811d003987a5cc,ee0640e89e941ff4e8dc48f744b8785167288c4f1d5ff5c1e0a57598a04a4ba9,0
current_0498,MEMORY,stuck_bit,transient,1,0,26500,9700,operating_family_4,development-validation,current_profile_0498,"[{""ambient_temp_c"": 27.018, ""end_ms"": 18100, ""engine_load"": 0.3664038, ""external_airflow_factor"": 0, ""road_slope_percent"": 0, ""start_ms"": 0, ""vehicle_speed_kph"": 38.64}, {""ambient_temp_c"": 27.018, ""end_ms"": 49300, ""engine_load"": 0.53102, ""external_airflow_factor"": 0, ""road_slope_percent"": 0, ""start_ms"": 18100, ""vehicle_speed_kph"": 56}, {""ambient_temp_c"": 27.018, ""end_ms"": 87100, ""engine_load"": 0.44074660000000004, ""external_airflow_factor"": 0, ""road_slope_percent"": 0, ""start_ms"": 49300, ""vehicle_speed_kph"": 46.48}, {""ambient_temp_c"": 27.018, ""end_ms"": 120000, ""engine_load"": 0.5044690000000001, ""external_airflow_factor"": 0, ""road_slope_percent"": 0, ""start_ms"": 87100, ""vehicle_speed_kph"": 53.199999999999996}]",[],static_target,1755,120000,0:0:6000,683cbfe06ab85ae795c64c0899ed996cfb5ceeb6d52e285d0e630db94a93e2c7,2058ac1ccf1a5509b475b461564fa0a3650c53a01b21374c5266cf8712bc493a,1
current_0499,MEMORY,stuck_bit,intermittent,1,0,26800,13700,operating_family_4,development-validation,current_profile_0499,"[{""ambient_temp_c"": 27.021, ""end_ms"": 18100, ""engine_load"": 0.3665211, ""external_airflow_factor"": 0, ""road_slope_percent"": 0, ""start_ms"": 0, ""vehicle_speed_kph"": 38.64}, {""ambient_temp_c"": 27.021, ""end_ms"": 49300, ""engine_load"": 0.53119, ""external_airflow_factor"": 0, ""road_slope_percent"": 0, ""start_ms"": 18100, ""vehicle_speed_kph"": 56}, {""ambient_temp_c"": 27.021, ""end_ms"": 87100, ""engine_load"": 0.4408877, ""external_airflow_factor"": 0, ""road_slope_percent"": 0, ""start_ms"": 49300, ""vehicle_speed_kph"": 46.48}, {""ambient_temp_c"": 27.021, ""end_ms"": 120000, ""engine_load"": 0.5046305, ""external_airflow_factor"": 0, ""road_slope_percent"": 0, ""start_ms"": 87100, ""vehicle_speed_kph"": 53.199999999999996}]","[[30000, 99], [60000, 92]]",authorized_updates,1756,120000,0:0:6000,8d6a0fe1e5ed8e865651f16c71a63f2cbf6227c9802de0bb8036bc69bcd202ca,6ae889338cc350ca924aa7d95403a704b025912c47cc7f4b2dd006f07d81221b,1
current_0500,MEMORY,stuck_bit,permanent,1,0,24700,18500,operating_family_4,development-validation,current_profile_0500,"[{""ambient_temp_c"": 27.024, ""end_ms"": 18100, ""engine_load"": 0.36663840000000003, ""external_airflow_factor"": 0, ""road_slope_percent"": 0, ""start_ms"": 0, ""vehicle_speed_kph"": 38.64}, {""ambient_temp_c"": 27.024, ""end_ms"": 49300, ""engine_load"": 0.53136, ""external_airflow_factor"": 0, ""road_slope_percent"": 0, ""start_ms"": 18100, ""vehicle_speed_kph"": 56}, {""ambient_temp_c"": 27.024, ""end_ms"": 87100, ""engine_load"": 0.4410288, ""external_airflow_factor"": 0, ""road_slope_percent"": 0, ""start_ms"": 49300, ""vehicle_speed_kph"": 46.48}, {""ambient_temp_c"": 27.024, ""end_ms"": 120000, ""engine_load"": 0.504792, ""external_airflow_factor"": 0, ""road_slope_percent"": 0, ""start_ms"": 87100, ""vehicle_speed_kph"": 53.199999999999996}]",[],static_target,1757,120000,0:0:6000,9640d5378c0da1966b08af850b94c2e65579cbfee9deae141ac2e5ae004df063,3565a0bbbd07709737d8d18cc5a2945ccfe543e1537714342c52fc27a26f3825,1
current_0501,MEMORY,stuck_bit,transient,1,1,25000,9700,operating_family_4,development-validation,current_profile_0501,"[{""ambient_temp_c"": 27.027, ""end_ms"": 18100, ""engine_load"": 0.3667557, ""external_airflow_factor"": 0, ""road_slope_percent"": 0, ""start_ms"": 0, ""vehicle_speed_kph"": 38.64}, {""ambient_temp_c"": 27.027, ""end_ms"": 49300, ""engine_load"": 0.5315300000000001, ""external_airflow_factor"": 0, ""road_slope_percent"": 0, ""start_ms"": 18100, ""vehicle_speed_kph"": 56}, {""ambient_temp_c"": 27.027, ""end_ms"": 87100, ""engine_load"": 0.4411699, ""external_airflow_factor"": 0, ""road_slope_percent"": 0, ""start_ms"": 49300, ""vehicle_speed_kph"": 46.48}, {""ambient_temp_c"": 27.027, ""end_ms"": 120000, ""engine_load"": 0.5049535, ""external_airflow_factor"": 0, ""road_slope_percent"": 0, ""start_ms"": 87100, ""vehicle_speed_kph"": 53.199999999999996}]","[[30000, 99], [60000, 92]]",authorized_updates,1758,120000,0:0:6000,430606edf4110bda291daa476799fdfbbf4e5fc186f65f0d1be6906f4b77e1f8,d53d402660106afd077b5ff590ab823ec67eebef30ecc3cd38dd62c07caecab2,0
current_0502,MEMORY,stuck_bit,intermittent,1,1,25300,13700,operating_family_4,development-validation,current_profile_0502,"[{""ambient_temp_c"": 27.03, ""end_ms"": 18100, ""engine_load"": 0.366873, ""external_airflow_factor"": 0, ""road_slope_percent"": 0, ""start_ms"": 0, ""vehicle_speed_kph"": 38.64}, {""ambient_temp_c"": 27.03, ""end_ms"": 49300, ""engine_load"": 0.5317000000000001, ""external_airflow_factor"": 0, ""road_slope_percent"": 0, ""start_ms"": 18100, ""vehicle_speed_kph"": 56}, {""ambient_temp_c"": 27.03, ""end_ms"": 87100, ""engine_load"": 0.441311, ""external_airflow_factor"": 0, ""road_slope_percent"": 0, ""start_ms"": 49300, ""vehicle_speed_kph"": 46.48}, {""ambient_temp_c"": 27.03, ""end_ms"": 120000, ""engine_load"": 0.505115, ""external_airflow_factor"": 0, ""road_slope_percent"": 0, ""start_ms"": 87100, ""vehicle_speed_kph"": 53.199999999999996}]",[],static_target,1759,120000,0:0:6000,bb7690216877af314139c9f1cb7ac916476a1a0c45229a602719ee6be28a964c,93d88a6a832122b996446cefa37e23ca485bf67b0ea3f49477162aa3384b7aa7,0
current_0503,MEMORY,stuck_bit,permanent,1,1,25600,18500,operating_family_4,development-validation,current_profile_0503,"[{""ambient_temp_c"": 27.033, ""end_ms"": 18100, ""engine_load"": 0.3669903, ""external_airflow_factor"": 0, ""road_slope_percent"": 0, ""start_ms"": 0, ""vehicle_speed_kph"": 38.64}, {""ambient_temp_c"": 27.033, ""end_ms"": 49300, ""engine_load"": 0.5318700000000001, ""external_airflow_factor"": 0, ""road_slope_percent"": 0, ""start_ms"": 18100, ""vehicle_speed_kph"": 56}, {""ambient_temp_c"": 27.033, ""end_ms"": 87100, ""engine_load"": 0.4414521, ""external_airflow_factor"": 0, ""road_slope_percent"": 0, ""start_ms"": 49300, ""vehicle_speed_kph"": 46.48}, {""ambient_temp_c"": 27.033, ""end_ms"": 120000, ""engine_load"": 0.5052765, ""external_airflow_factor"": 0, ""road_slope_percent"": 0, ""start_ms"": 87100, ""vehicle_speed_kph"": 53.199999999999996}]","[[30000, 99], [60000, 92]]",authorized_updates,1760,120000,0:0:6000,20c175ecd8f031b69ceb3ffd78f1f4d05106935a279c3b696e669019c1b436bc,ca31e80cbb6d1a84872c194735407bcf8ab0707acc57004def4265406b13a6d2,0
current_0504,MEMORY,stuck_bit,transient,2,0,25900,9700,operating_family_4,development-validation,current_profile_0504,"[{""ambient_temp_c"": 27.036, ""end_ms"": 18100, ""engine_load"": 0.36710760000000003, ""external_airflow_factor"": 0, ""road_slope_percent"": 0, ""start_ms"": 0, ""vehicle_speed_kph"": 38.64}, {""ambient_temp_c"": 27.036, ""end_ms"": 49300, ""engine_load"": 0.5320400000000001, ""external_airflow_factor"": 0, ""road_slope_percent"": 0, ""start_ms"": 18100, ""vehicle_speed_kph"": 56}, {""ambient_temp_c"": 27.036, ""end_ms"": 87100, ""engine_load"": 0.4415932, ""external_airflow_factor"": 0, ""road_slope_percent"": 0, ""start_ms"": 49300, ""vehicle_speed_kph"": 46.48}, {""ambient_temp_c"": 27.036, ""end_ms"": 120000, ""engine_load"": 0.505438, ""external_airflow_factor"": 0, ""road_slope_percent"": 0, ""start_ms"": 87100, ""vehicle_speed_kph"": 53.199999999999996}]",[],static_target,1761,120000,0:0:6000,7b94af40e935646e281ab222dd152b7d109ddb4494a36a057d04c2f32f5d23c2,7ce368b40bfef424ba21b0f8ade0ca55a54564fa95228867f4042073f9b566bd,0
current_0505,MEMORY,stuck_bit,intermittent,2,0,26200,13700,operating_family_4,development-validation,current_profile_0505,"[{""ambient_temp_c"": 27.039, ""end_ms"": 18100, ""engine_load"": 0.3672249, ""external_airflow_factor"": 0, ""road_slope_percent"": 0, ""start_ms"": 0, ""vehicle_speed_kph"": 38.64}, {""ambient_temp_c"": 27.039, ""end_ms"": 49300, ""engine_load"": 0.5322100000000001, ""external_airflow_factor"": 0, ""road_slope_percent"": 0, ""start_ms"": 18100, ""vehicle_speed_kph"": 56}, {""ambient_temp_c"": 27.039, ""end_ms"": 87100, ""engine_load"": 0.4417343, ""external_airflow_factor"": 0, ""road_slope_percent"": 0, ""start_ms"": 49300, ""vehicle_speed_kph"": 46.48}, {""ambient_temp_c"": 27.039, ""end_ms"": 120000, ""engine_load"": 0.5055995000000001, ""external_airflow_factor"": 0, ""road_slope_percent"": 0, ""start_ms"": 87100, ""vehicle_speed_kph"": 53.199999999999996}]","[[30000, 99], [60000, 92]]",authorized_updates,1762,120000,0:0:6000,f742bc62f4b2ed126c5ef0617c5237ae802d5572283f4742ea026bb91e0d9fc8,2caf3cb8d329c9272a8d16ed7f0df52f335d4a2f205ed8dd872b1690d45ffccb,0
current_0506,MEMORY,stuck_bit,permanent,2,0,26500,18500,operating_family_4,development-validation,current_profile_0506,"[{""ambient_temp_c"": 27.042, ""end_ms"": 18100, ""engine_load"": 0.3673422, ""external_airflow_factor"": 0, ""road_slope_percent"": 0, ""start_ms"": 0, ""vehicle_speed_kph"": 38.64}, {""ambient_temp_c"": 27.042, ""end_ms"": 49300, ""engine_load"": 0.5323800000000001, ""external_airflow_factor"": 0, ""road_slope_percent"": 0, ""start_ms"": 18100, ""vehicle_speed_kph"": 56}, {""ambient_temp_c"": 27.042, ""end_ms"": 87100, ""engine_load"": 0.44187540000000003, ""external_airflow_factor"": 0, ""road_slope_percent"": 0, ""start_ms"": 49300, ""vehicle_speed_kph"": 46.48}, {""ambient_temp_c"": 27.042, ""end_ms"": 120000, ""engine_load"": 0.505761, ""external_airflow_factor"": 0, ""road_slope_percent"": 0, ""start_ms"": 87100, ""vehicle_speed_kph"": 53.199999999999996}]",[],static_target,1763,120000,0:0:6000,b157d7ca9cb047994bf5ac5080676ce56a7a6e575874082ed9d0e5d7a9d41948,a89fcc541edafced31db76eafa7da647296647b3b0ea43f32a721ed4e4281d49,0
current_0507,MEMORY,stuck_bit,transient,2,1,26800,9700,operating_family_4,development-validation,current_profile_0507,"[{""ambient_temp_c"": 27.045, ""end_ms"": 18100, ""engine_load"": 0.36745950000000005, ""external_airflow_factor"": 0, ""road_slope_percent"": 0, ""start_ms"": 0, ""vehicle_speed_kph"": 38.64}, {""ambient_temp_c"": 27.045, ""end_ms"": 49300, ""engine_load"": 0.5325500000000001, ""external_airflow_factor"": 0, ""road_slope_percent"": 0, ""start_ms"": 18100, ""vehicle_speed_kph"": 56}, {""ambient_temp_c"": 27.045, ""end_ms"": 87100, ""engine_load"": 0.44201650000000003, ""external_airflow_factor"": 0, ""road_slope_percent"": 0, ""start_ms"": 49300, ""vehicle_speed_kph"": 46.48}, {""ambient_temp_c"": 27.045, ""end_ms"": 120000, ""engine_load"": 0.5059225, ""external_airflow_factor"": 0, ""road_slope_percent"": 0, ""start_ms"": 87100, ""vehicle_speed_kph"": 53.199999999999996}]","[[30000, 99], [60000, 92]]",authorized_updates,1764,120000,0:0:6000,03e1c6990250a6835762161ea7347a752cf2287af2703a04f84850054059fb76,a90b6f0fdebfefcfb6a8c0e99159e70abfb714798d62f02d6ed4b0d06ccfecf2,1
current_0508,MEMORY,stuck_bit,intermittent,2,1,24700,13700,operating_family_4,development-validation,current_profile_0508,"[{""ambient_temp_c"": 27.048, ""end_ms"": 18100, ""engine_load"": 0.36757680000000004, ""external_airflow_factor"": 0, ""road_slope_percent"": 0, ""start_ms"": 0, ""vehicle_speed_kph"": 38.64}, {""ambient_temp_c"": 27.048, ""end_ms"": 49300, ""engine_load"": 0.5327200000000001, ""external_airflow_factor"": 0, ""road_slope_percent"": 0, ""start_ms"": 18100, ""vehicle_speed_kph"": 56}, {""ambient_temp_c"": 27.048, ""end_ms"": 87100, ""engine_load"": 0.44215760000000004, ""external_airflow_factor"": 0, ""road_slope_percent"": 0, ""start_ms"": 49300, ""vehicle_speed_kph"": 46.48}, {""ambient_temp_c"": 27.048, ""end_ms"": 120000, ""engine_load"": 0.5060840000000001, ""external_airflow_factor"": 0, ""road_slope_percent"": 0, ""start_ms"": 87100, ""vehicle_speed_kph"": 53.199999999999996}]",[],static_target,1765,120000,0:0:6000,64a468fd406be0b9af587b088a9f42015dd78bc298c59debf0f033d995984093,49b68e2c57607ed54d7e3d65ebe8bdb0d7c967562250a620060bb78a723bc829,1
current_0509,MEMORY,stuck_bit,permanent,2,1,25000,18500,operating_family_4,development-validation,current_profile_0509,"[{""ambient_temp_c"": 27.051, ""end_ms"": 18100, ""engine_load"": 0.36769409999999997, ""external_airflow_factor"": 0, ""road_slope_percent"": 0, ""start_ms"": 0, ""vehicle_speed_kph"": 38.64}, {""ambient_temp_c"": 27.051, ""end_ms"": 49300, ""engine_load"": 0.53289, ""external_airflow_factor"": 0, ""road_slope_percent"": 0, ""start_ms"": 18100, ""vehicle_speed_kph"": 56}, {""ambient_temp_c"": 27.051, ""end_ms"": 87100, ""engine_load"": 0.44229869999999993, ""external_airflow_factor"": 0, ""road_slope_percent"": 0, ""start_ms"": 49300, ""vehicle_speed_kph"": 46.48}, {""ambient_temp_c"": 27.051, ""end_ms"": 120000, ""engine_load"": 0.5062454999999999, ""external_airflow_factor"": 0, ""road_slope_percent"": 0, ""start_ms"": 87100, ""vehicle_speed_kph"": 53.199999999999996}]","[[30000, 99], [60000, 92]]",authorized_updates,1766,120000,0:0:6000,d99c929e8c0f48103b0777f56c83bc18b3e17a44c26cd78ee0c22670399c7c71,c83a50968a3d6f0aaa59245dedca394d025d2144795fced1276a5099d5ae4c10,1
current_0510,MEMORY,stuck_bit,transient,3,0,25300,9700,operating_family_4,development-validation,current_profile_0510,"[{""ambient_temp_c"": 27.054, ""end_ms"": 18100, ""engine_load"": 0.36781139999999996, ""external_airflow_factor"": 0, ""road_slope_percent"": 0, ""start_ms"": 0, ""vehicle_speed_kph"": 38.64}, {""ambient_temp_c"": 27.054, ""end_ms"": 49300, ""engine_load"": 0.53306, ""external_airflow_factor"": 0, ""road_slope_percent"": 0, ""start_ms"": 18100, ""vehicle_speed_kph"": 56}, {""ambient_temp_c"": 27.054, ""end_ms"": 87100, ""engine_load"": 0.44243979999999994, ""external_airflow_factor"": 0, ""road_slope_percent"": 0, ""start_ms"": 49300, ""vehicle_speed_kph"": 46.48}, {""ambient_temp_c"": 27.054, ""end_ms"": 120000, ""engine_load"": 0.5064069999999999, ""external_airflow_factor"": 0, ""road_slope_percent"": 0, ""start_ms"": 87100, ""vehicle_speed_kph"": 53.199999999999996}]",[],static_target,1767,120000,0:0:6000,f374d7982864eca4b204086e1779028a4a857b91c5cf5e7ef1af150b2cca5c68,8634433f1eca8f2c54ab06fcc6e791e34b1fa202307559e40ff7e66795c77cd2,0
current_0511,MEMORY,stuck_bit,intermittent,3,0,25600,13700,operating_family_4,development-validation,current_profile_0511,"[{""ambient_temp_c"": 27.057, ""end_ms"": 18100, ""engine_load"": 0.36792869999999994, ""external_airflow_factor"": 0, ""road_slope_percent"": 0, ""start_ms"": 0, ""vehicle_speed_kph"": 38.64}, {""ambient_temp_c"": 27.057, ""end_ms"": 49300, ""engine_load"": 0.53323, ""external_airflow_factor"": 0, ""road_slope_percent"": 0, ""start_ms"": 18100, ""vehicle_speed_kph"": 56}, {""ambient_temp_c"": 27.057, ""end_ms"": 87100, ""engine_load"": 0.44258089999999994, ""external_airflow_factor"": 0, ""road_slope_percent"": 0, ""start_ms"": 49300, ""vehicle_speed_kph"": 46.48}, {""ambient_temp_c"": 27.057, ""end_ms"": 120000, ""engine_load"": 0.5065685, ""external_airflow_factor"": 0, ""road_slope_percent"": 0, ""start_ms"": 87100, ""vehicle_speed_kph"": 53.199999999999996}]","[[30000, 99], [60000, 92]]",authorized_updates,1768,120000,0:0:6000,ab0736f2a6b5eab6b0563046da8a5d401f51b81a06aa23cd9f7659c94ef28107,1d5bb270a825b6487beb9966d05a80e3678656ff14ac3c38040e445feb4a3fc8,0
current_0512,MEMORY,stuck_bit,permanent,3,0,25900,18500,operating_family_4,development-validation,current_profile_0512,"[{""ambient_temp_c"": 27.06, ""end_ms"": 18100, ""engine_load"": 0.368046, ""external_airflow_factor"": 0, ""road_slope_percent"": 0, ""start_ms"": 0, ""vehicle_speed_kph"": 38.64}, {""ambient_temp_c"": 27.06, ""end_ms"": 49300, ""engine_load"": 0.5334, ""external_airflow_factor"": 0, ""road_slope_percent"": 0, ""start_ms"": 18100, ""vehicle_speed_kph"": 56}, {""ambient_temp_c"": 27.06, ""end_ms"": 87100, ""engine_load"": 0.44272199999999995, ""external_airflow_factor"": 0, ""road_slope_percent"": 0, ""start_ms"": 49300, ""vehicle_speed_kph"": 46.48}, {""ambient_temp_c"": 27.06, ""end_ms"": 120000, ""engine_load"": 0.50673, ""external_airflow_factor"": 0, ""road_slope_percent"": 0, ""start_ms"": 87100, ""vehicle_speed_kph"": 53.199999999999996}]",[],static_target,1769,120000,0:0:6000,daa8a805a1c10def77a06e39803aa198db5c7cd508120f021e3e80f7a7cef098,a3ef83f4676eac3ef480f552fd23650dc04cec914834ce77f75612fb539a6450,0
current_0513,MEMORY,stuck_bit,transient,3,1,26200,9700,operating_family_4,development-validation,current_profile_0513,"[{""ambient_temp_c"": 27.063, ""end_ms"": 18100, ""engine_load"": 0.36816329999999997, ""external_airflow_factor"": 0, ""road_slope_percent"": 0, ""start_ms"": 0, ""vehicle_speed_kph"": 38.64}, {""ambient_temp_c"": 27.063, ""end_ms"": 49300, ""engine_load"": 0.53357, ""external_airflow_factor"": 0, ""road_slope_percent"": 0, ""start_ms"": 18100, ""vehicle_speed_kph"": 56}, {""ambient_temp_c"": 27.063, ""end_ms"": 87100, ""engine_load"": 0.44286309999999995, ""external_airflow_factor"": 0, ""road_slope_percent"": 0, ""start_ms"": 49300, ""vehicle_speed_kph"": 46.48}, {""ambient_temp_c"": 27.063, ""end_ms"": 120000, ""engine_load"": 0.5068914999999999, ""external_airflow_factor"": 0, ""road_slope_percent"": 0, ""start_ms"": 87100, ""vehicle_speed_kph"": 53.199999999999996}]","[[30000, 99], [60000, 92]]",authorized_updates,1770,120000,0:0:6000,62ba9d3ac22b0256109435a3be08f4fba65267a4f5fce9b3abfc004e8c8c781c,34db62fd013b4c1974d74f9a289aceef6fb98ad16b0d5d311f63556d64780704,1
current_0514,MEMORY,stuck_bit,intermittent,3,1,26500,13700,operating_family_4,development-validation,current_profile_0514,"[{""ambient_temp_c"": 27.066, ""end_ms"": 18100, ""engine_load"": 0.36828059999999996, ""external_airflow_factor"": 0, ""road_slope_percent"": 0, ""start_ms"": 0, ""vehicle_speed_kph"": 38.64}, {""ambient_temp_c"": 27.066, ""end_ms"": 49300, ""engine_load"": 0.53374, ""external_airflow_factor"": 0, ""road_slope_percent"": 0, ""start_ms"": 18100, ""vehicle_speed_kph"": 56}, {""ambient_temp_c"": 27.066, ""end_ms"": 87100, ""engine_load"": 0.44300419999999996, ""external_airflow_factor"": 0, ""road_slope_percent"": 0, ""start_ms"": 49300, ""vehicle_speed_kph"": 46.48}, {""ambient_temp_c"": 27.066, ""end_ms"": 120000, ""engine_load"": 0.507053, ""external_airflow_factor"": 0, ""road_slope_percent"": 0, ""start_ms"": 87100, ""vehicle_speed_kph"": 53.199999999999996}]",[],static_target,1771,120000,0:0:6000,f9bee24ed4215625986511ef381a06c2d07f829b0d58dce53c115a0d0ac010ce,217c199d68a4ddfae3d10e15a0938e220b4ca56569f20367250a7d22ad6bf22b,1
current_0515,MEMORY,stuck_bit,permanent,3,1,26800,18500,operating_family_4,development-validation,current_profile_0515,"[{""ambient_temp_c"": 27.069, ""end_ms"": 18100, ""engine_load"": 0.36839789999999994, ""external_airflow_factor"": 0, ""road_slope_percent"": 0, ""start_ms"": 0, ""vehicle_speed_kph"": 38.64}, {""ambient_temp_c"": 27.069, ""end_ms"": 49300, ""engine_load"": 0.53391, ""external_airflow_factor"": 0, ""road_slope_percent"": 0, ""start_ms"": 18100, ""vehicle_speed_kph"": 56}, {""ambient_temp_c"": 27.069, ""end_ms"": 87100, ""engine_load"": 0.44314529999999996, ""external_airflow_factor"": 0, ""road_slope_percent"": 0, ""start_ms"": 49300, ""vehicle_speed_kph"": 46.48}, {""ambient_temp_c"": 27.069, ""end_ms"": 120000, ""engine_load"": 0.5072145, ""external_airflow_factor"": 0, ""road_slope_percent"": 0, ""start_ms"": 87100, ""vehicle_speed_kph"": 53.199999999999996}]","[[30000, 99], [60000, 92]]",authorized_updates,1772,120000,0:0:6000,79af25d81c5497fd66b037bfce1857d779e10e309757b95d4fe83031383e34c3,e0ec4e764bcdff274297218d66fcb34e563cf236341340ffa00bfc875ae6da63,1
current_0516,MEMORY,stuck_bit,transient,4,0,24700,9700,operating_family_4,development-validation,current_profile_0516,"[{""ambient_temp_c"": 27.072, ""end_ms"": 18100, ""engine_load"": 0.3685152, ""external_airflow_factor"": 0, ""road_slope_percent"": 0, ""start_ms"": 0, ""vehicle_speed_kph"": 38.64}, {""ambient_temp_c"": 27.072, ""end_ms"": 49300, ""engine_load"": 0.53408, ""external_airflow_factor"": 0, ""road_slope_percent"": 0, ""start_ms"": 18100, ""vehicle_speed_kph"": 56}, {""ambient_temp_c"": 27.072, ""end_ms"": 87100, ""engine_load"": 0.44328639999999997, ""external_airflow_factor"": 0, ""road_slope_percent"": 0, ""start_ms"": 49300, ""vehicle_speed_kph"": 46.48}, {""ambient_temp_c"": 27.072, ""end_ms"": 120000, ""engine_load"": 0.5073759999999999, ""external_airflow_factor"": 0, ""road_slope_percent"": 0, ""start_ms"": 87100, ""vehicle_speed_kph"": 53.199999999999996}]",[],static_target,1773,120000,0:0:6000,41d2354b9bb277549009c6a7e16aa48d8c739b081978f0b45977633d536b0f6d,78f7273bcab1a438e3728cac2b03aee40ec9527b336bc90d1122fbba94ea1497,0
current_0517,MEMORY,stuck_bit,intermittent,4,0,25000,13700,operating_family_4,development-validation,current_profile_0517,"[{""ambient_temp_c"": 27.075, ""end_ms"": 18100, ""engine_load"": 0.3686325, ""external_airflow_factor"": 0, ""road_slope_percent"": 0, ""start_ms"": 0, ""vehicle_speed_kph"": 38.64}, {""ambient_temp_c"": 27.075, ""end_ms"": 49300, ""engine_load"": 0.53425, ""external_airflow_factor"": 0, ""road_slope_percent"": 0, ""start_ms"": 18100, ""vehicle_speed_kph"": 56}, {""ambient_temp_c"": 27.075, ""end_ms"": 87100, ""engine_load"": 0.4434275, ""external_airflow_factor"": 0, ""road_slope_percent"": 0, ""start_ms"": 49300, ""vehicle_speed_kph"": 46.48}, {""ambient_temp_c"": 27.075, ""end_ms"": 120000, ""engine_load"": 0.5075375, ""external_airflow_factor"": 0, ""road_slope_percent"": 0, ""start_ms"": 87100, ""vehicle_speed_kph"": 53.199999999999996}]","[[30000, 99], [60000, 92]]",authorized_updates,1774,120000,0:0:6000,fe613a7fc0d9047b8aa9c6a47f17b088bde10522da470281a2b616b455ea87cb,141842003f63cfe7a21478c649e4822752cee211105c312cc3b989755fce681a,0
current_0518,MEMORY,stuck_bit,permanent,4,0,25300,18500,operating_family_4,development-validation,current_profile_0518,"[{""ambient_temp_c"": 27.078, ""end_ms"": 18100, ""engine_load"": 0.36874979999999996, ""external_airflow_factor"": 0, ""road_slope_percent"": 0, ""start_ms"": 0, ""vehicle_speed_kph"": 38.64}, {""ambient_temp_c"": 27.078, ""end_ms"": 49300, ""engine_load"": 0.53442, ""external_airflow_factor"": 0, ""road_slope_percent"": 0, ""start_ms"": 18100, ""vehicle_speed_kph"": 56}, {""ambient_temp_c"": 27.078, ""end_ms"": 87100, ""engine_load"": 0.4435686, ""external_airflow_factor"": 0, ""road_slope_percent"": 0, ""start_ms"": 49300, ""vehicle_speed_kph"": 46.48}, {""ambient_temp_c"": 27.078, ""end_ms"": 120000, ""engine_load"": 0.507699, ""external_airflow_factor"": 0, ""road_slope_percent"": 0, ""start_ms"": 87100, ""vehicle_speed_kph"": 53.199999999999996}]",[],static_target,1775,120000,0:0:6000,76ed6b155e15a438d9aba18ce019f7e5e10dcca1dd9d9e82681398e21223b8bf,32b8cfac16623d1fbd6be4e3a1afb408275957f182c971db51784b5ca1a1f6ed,0
current_0519,MEMORY,stuck_bit,transient,4,1,25600,9700,operating_family_4,development-validation,current_profile_0519,"[{""ambient_temp_c"": 27.081, ""end_ms"": 18100, ""engine_load"": 0.3688671, ""external_airflow_factor"": 0, ""road_slope_percent"": 0, ""start_ms"": 0, ""vehicle_speed_kph"": 38.64}, {""ambient_temp_c"": 27.081, ""end_ms"": 49300, ""engine_load"": 0.53459, ""external_airflow_factor"": 0, ""road_slope_percent"": 0, ""start_ms"": 18100, ""vehicle_speed_kph"": 56}, {""ambient_temp_c"": 27.081, ""end_ms"": 87100, ""engine_load"": 0.4437097, ""external_airflow_factor"": 0, ""road_slope_percent"": 0, ""start_ms"": 49300, ""vehicle_speed_kph"": 46.48}, {""ambient_temp_c"": 27.081, ""end_ms"": 120000, ""engine_load"": 0.5078604999999999, ""external_airflow_factor"": 0, ""road_slope_percent"": 0, ""start_ms"": 87100, ""vehicle_speed_kph"": 53.199999999999996}]","[[30000, 99], [60000, 92]]",authorized_updates,1776,120000,0:0:6000,da2f6bd4d94bc86f779afc1b2033c941c61aa10253c0319f2df5a24319d3d98c,6c7a7567c08ddb00031f5fedd6d2d29ccc03420358b2254eb81fbc44244b0922,1
current_0520,MEMORY,stuck_bit,intermittent,4,1,25900,13700,operating_family_4,development-validation,current_profile_0520,"[{""ambient_temp_c"": 27.084, ""end_ms"": 18100, ""engine_load"": 0.3689844, ""external_airflow_factor"": 0, ""road_slope_percent"": 0, ""start_ms"": 0, ""vehicle_speed_kph"": 38.64}, {""ambient_temp_c"": 27.084, ""end_ms"": 49300, ""engine_load"": 0.53476, ""external_airflow_factor"": 0, ""road_slope_percent"": 0, ""start_ms"": 18100, ""vehicle_speed_kph"": 56}, {""ambient_temp_c"": 27.084, ""end_ms"": 87100, ""engine_load"": 0.4438508, ""external_airflow_factor"": 0, ""road_slope_percent"": 0, ""start_ms"": 49300, ""vehicle_speed_kph"": 46.48}, {""ambient_temp_c"": 27.084, ""end_ms"": 120000, ""engine_load"": 0.508022, ""external_airflow_factor"": 0, ""road_slope_percent"": 0, ""start_ms"": 87100, ""vehicle_speed_kph"": 53.199999999999996}]",[],static_target,1777,120000,0:0:6000,59d62a4629dcf99f9bc6ebfcf76acb5da3b2fd820cbcd3b5ce7a4e957bcf6510,5a58276f484aac21779cb7ad268d0d7cc0efc818a69e8344c7ba7ca11e06375c,1
current_0521,MEMORY,stuck_bit,permanent,4,1,26200,18500,operating_family_4,development-validation,current_profile_0521,"[{""ambient_temp_c"": 27.087, ""end_ms"": 18100, ""engine_load"": 0.3691017, ""external_airflow_factor"": 0, ""road_slope_percent"": 0, ""start_ms"": 0, ""vehicle_speed_kph"": 38.64}, {""ambient_temp_c"": 27.087, ""end_ms"": 49300, ""engine_load"": 0.53493, ""external_airflow_factor"": 0, ""road_slope_percent"": 0, ""start_ms"": 18100, ""vehicle_speed_kph"": 56}, {""ambient_temp_c"": 27.087, ""end_ms"": 87100, ""engine_load"": 0.4439919, ""external_airflow_factor"": 0, ""road_slope_percent"": 0, ""start_ms"": 49300, ""vehicle_speed_kph"": 46.48}, {""ambient_temp_c"": 27.087, ""end_ms"": 120000, ""engine_load"": 0.5081835, ""external_airflow_factor"": 0, ""road_slope_percent"": 0, ""start_ms"": 87100, ""vehicle_speed_kph"": 53.199999999999996}]","[[30000, 99], [60000, 92]]",authorized_updates,1778,120000,0:0:6000,78a1a532b9d85fd12fb9a83420cae5bfde2a882fa0a7aca74f1210b407725969,3c24077257d937056e7dd172c6c382f00e04a3620aaa17677b5cac42ed7bab72,1
current_0522,MEMORY,bit_flip,transient,0,0,26500,9700,operating_family_4,development-validation,current_profile_0522,"[{""ambient_temp_c"": 27.09, ""end_ms"": 18100, ""engine_load"": 0.36921899999999996, ""external_airflow_factor"": 0, ""road_slope_percent"": 0, ""start_ms"": 0, ""vehicle_speed_kph"": 38.64}, {""ambient_temp_c"": 27.09, ""end_ms"": 49300, ""engine_load"": 0.5351, ""external_airflow_factor"": 0, ""road_slope_percent"": 0, ""start_ms"": 18100, ""vehicle_speed_kph"": 56}, {""ambient_temp_c"": 27.09, ""end_ms"": 87100, ""engine_load"": 0.444133, ""external_airflow_factor"": 0, ""road_slope_percent"": 0, ""start_ms"": 49300, ""vehicle_speed_kph"": 46.48}, {""ambient_temp_c"": 27.09, ""end_ms"": 120000, ""engine_load"": 0.508345, ""external_airflow_factor"": 0, ""road_slope_percent"": 0, ""start_ms"": 87100, ""vehicle_speed_kph"": 53.199999999999996}]",[],static_target,1779,120000,0:0:6000,46911793326c987e9883544c06800420286d425bb6f7c1ce62a64a30112ff6e6,0f1dec0eba526d454eb7335f35d0188f3a9143250cca8450d0276b7bc0200844,0
current_0523,MEMORY,bit_flip,intermittent,0,0,26800,13700,operating_family_4,development-validation,current_profile_0523,"[{""ambient_temp_c"": 27.093, ""end_ms"": 18100, ""engine_load"": 0.3693363, ""external_airflow_factor"": 0, ""road_slope_percent"": 0, ""start_ms"": 0, ""vehicle_speed_kph"": 38.64}, {""ambient_temp_c"": 27.093, ""end_ms"": 49300, ""engine_load"": 0.53527, ""external_airflow_factor"": 0, ""road_slope_percent"": 0, ""start_ms"": 18100, ""vehicle_speed_kph"": 56}, {""ambient_temp_c"": 27.093, ""end_ms"": 87100, ""engine_load"": 0.4442741, ""external_airflow_factor"": 0, ""road_slope_percent"": 0, ""start_ms"": 49300, ""vehicle_speed_kph"": 46.48}, {""ambient_temp_c"": 27.093, ""end_ms"": 120000, ""engine_load"": 0.5085065, ""external_airflow_factor"": 0, ""road_slope_percent"": 0, ""start_ms"": 87100, ""vehicle_speed_kph"": 53.199999999999996}]","[[30000, 99], [60000, 92]]",authorized_updates,1780,120000,0:0:6000,567ab49c20a599061776f79d8bcc97d5fe8f6a1edb51a9b72dde5671d79cbea5,e6f27561feb05b659e028a69f5ce2e79cb8dff7609eff641430ec5f76ce403de,0
current_0524,MEMORY,bit_flip,permanent,0,0,24700,18500,operating_family_4,development-validation,current_profile_0524,"[{""ambient_temp_c"": 27.096, ""end_ms"": 18100, ""engine_load"": 0.3694536, ""external_airflow_factor"": 0, ""road_slope_percent"": 0, ""start_ms"": 0, ""vehicle_speed_kph"": 38.64}, {""ambient_temp_c"": 27.096, ""end_ms"": 49300, ""engine_load"": 0.53544, ""external_airflow_factor"": 0, ""road_slope_percent"": 0, ""start_ms"": 18100, ""vehicle_speed_kph"": 56}, {""ambient_temp_c"": 27.096, ""end_ms"": 87100, ""engine_load"": 0.4444152, ""external_airflow_factor"": 0, ""road_slope_percent"": 0, ""start_ms"": 49300, ""vehicle_speed_kph"": 46.48}, {""ambient_temp_c"": 27.096, ""end_ms"": 120000, ""engine_load"": 0.508668, ""external_airflow_factor"": 0, ""road_slope_percent"": 0, ""start_ms"": 87100, ""vehicle_speed_kph"": 53.199999999999996}]",[],static_target,1781,120000,0:0:6000,7a73de3dc22d59374eda69b485ed25edd680b059ee6f17ba86a96cf370583e3b,5fc68d9fc8517a1187d8edfd2e2ee2d3cd79463261ef2b8a1725b93bafeaff92,0
current_0525,MEMORY,bit_flip,transient,1,0,25000,9700,operating_family_4,development-validation,current_profile_0525,"[{""ambient_temp_c"": 27.099, ""end_ms"": 18100, ""engine_load"": 0.3695709, ""external_airflow_factor"": 0, ""road_slope_percent"": 0, ""start_ms"": 0, ""vehicle_speed_kph"": 38.64}, {""ambient_temp_c"": 27.099, ""end_ms"": 49300, ""engine_load"": 0.53561, ""external_airflow_factor"": 0, ""road_slope_percent"": 0, ""start_ms"": 18100, ""vehicle_speed_kph"": 56}, {""ambient_temp_c"": 27.099, ""end_ms"": 87100, ""engine_load"": 0.4445563, ""external_airflow_factor"": 0, ""road_slope_percent"": 0, ""start_ms"": 49300, ""vehicle_speed_kph"": 46.48}, {""ambient_temp_c"": 27.099, ""end_ms"": 120000, ""engine_load"": 0.5088295, ""external_airflow_factor"": 0, ""road_slope_percent"": 0, ""start_ms"": 87100, ""vehicle_speed_kph"": 53.199999999999996}]","[[30000, 99], [60000, 92]]",authorized_updates,1782,120000,0:0:6000,22bda4978796499eef1552368a14785f685cc8a755f5df3f318f6a9e2ddefc0b,9f64d15693ac3da7618f07b44a482287f2085f84d3f860b5a923c02e9ebdbb3a,0
current_0526,MEMORY,bit_flip,intermittent,1,0,25300,13700,operating_family_4,development-validation,current_profile_0526,"[{""ambient_temp_c"": 27.102, ""end_ms"": 18100, ""engine_load"": 0.3696882, ""external_airflow_factor"": 0, ""road_slope_percent"": 0, ""start_ms"": 0, ""vehicle_speed_kph"": 38.64}, {""ambient_temp_c"": 27.102, ""end_ms"": 49300, ""engine_load"": 0.53578, ""external_airflow_factor"": 0, ""road_slope_percent"": 0, ""start_ms"": 18100, ""vehicle_speed_kph"": 56}, {""ambient_temp_c"": 27.102, ""end_ms"": 87100, ""engine_load"": 0.4446974, ""external_airflow_factor"": 0, ""road_slope_percent"": 0, ""start_ms"": 49300, ""vehicle_speed_kph"": 46.48}, {""ambient_temp_c"": 27.102, ""end_ms"": 120000, ""engine_load"": 0.508991, ""external_airflow_factor"": 0, ""road_slope_percent"": 0, ""start_ms"": 87100, ""vehicle_speed_kph"": 53.199999999999996}]",[],static_target,1783,120000,0:0:6000,4ef09459b28b5d94232bb7bb51c41cdb7e8713f7352421ca32554df8c667020b,e97cd2bfa095a9016a547d1f9f6c4f2622805852845ffed9bb7b5292cb5efa6c,0
current_0527,MEMORY,bit_flip,permanent,1,0,25600,18500,operating_family_4,development-validation,current_profile_0527,"[{""ambient_temp_c"": 27.105, ""end_ms"": 18100, ""engine_load"": 0.3698055, ""external_airflow_factor"": 0, ""road_slope_percent"": 0, ""start_ms"": 0, ""vehicle_speed_kph"": 38.64}, {""ambient_temp_c"": 27.105, ""end_ms"": 49300, ""engine_load"": 0.53595, ""external_airflow_factor"": 0, ""road_slope_percent"": 0, ""start_ms"": 18100, ""vehicle_speed_kph"": 56}, {""ambient_temp_c"": 27.105, ""end_ms"": 87100, ""engine_load"": 0.4448385, ""external_airflow_factor"": 0, ""road_slope_percent"": 0, ""start_ms"": 49300, ""vehicle_speed_kph"": 46.48}, {""ambient_temp_c"": 27.105, ""end_ms"": 120000, ""engine_load"": 0.5091525, ""external_airflow_factor"": 0, ""road_slope_percent"": 0, ""start_ms"": 87100, ""vehicle_speed_kph"": 53.199999999999996}]","[[30000, 99], [60000, 92]]",authorized_updates,1784,120000,0:0:6000,2f0e0b73f1bc981042b64fad7af2a4308c30e27cad65ba5e0185ac52e1ffffac,d5654412e864c5f5738b48eb4acb9d16809d24175522adf4d89a9c30159eea16,0
current_0528,SENSOR_CONTROL,sensor_bias,transient,-1.2,0,25900,9700,operating_family_4,development-validation,current_profile_0528,"[{""ambient_temp_c"": 27.108, ""end_ms"": 18100, ""engine_load"": 0.3699228, ""external_airflow_factor"": 0, ""road_slope_percent"": 0, ""start_ms"": 0, ""vehicle_speed_kph"": 38.64}, {""ambient_temp_c"": 27.108, ""end_ms"": 49300, ""engine_load"": 0.53612, ""external_airflow_factor"": 0, ""road_slope_percent"": 0, ""start_ms"": 18100, ""vehicle_speed_kph"": 56}, {""ambient_temp_c"": 27.108, ""end_ms"": 87100, ""engine_load"": 0.44497960000000003, ""external_airflow_factor"": 0, ""road_slope_percent"": 0, ""start_ms"": 49300, ""vehicle_speed_kph"": 46.48}, {""ambient_temp_c"": 27.108, ""end_ms"": 120000, ""engine_load"": 0.509314, ""external_airflow_factor"": 0, ""road_slope_percent"": 0, ""start_ms"": 87100, ""vehicle_speed_kph"": 53.199999999999996}]",[],static_target,1785,120000,0:0:6000,7b34c2a06347a9bbc2dd81aa62331b13e0cce344c04ad09c9095a8f9a117ab1c,68435623735e6cac3c5cbd57af55c9f27b1ffc2fd8f449a6292add21a54e614d,0
current_0529,SENSOR_CONTROL,sensor_bias,transient,1.2,0,26200,13700,operating_family_4,development-validation,current_profile_0529,"[{""ambient_temp_c"": 27.111, ""end_ms"": 18100, ""engine_load"": 0.3700401, ""external_airflow_factor"": 0, ""road_slope_percent"": 0, ""start_ms"": 0, ""vehicle_speed_kph"": 38.64}, {""ambient_temp_c"": 27.111, ""end_ms"": 49300, ""engine_load"": 0.53629, ""external_airflow_factor"": 0, ""road_slope_percent"": 0, ""start_ms"": 18100, ""vehicle_speed_kph"": 56}, {""ambient_temp_c"": 27.111, ""end_ms"": 87100, ""engine_load"": 0.44512070000000004, ""external_airflow_factor"": 0, ""road_slope_percent"": 0, ""start_ms"": 49300, ""vehicle_speed_kph"": 46.48}, {""ambient_temp_c"": 27.111, ""end_ms"": 120000, ""engine_load"": 0.5094755, ""external_airflow_factor"": 0, ""road_slope_percent"": 0, ""start_ms"": 87100, ""vehicle_speed_kph"": 53.199999999999996}]","[[30000, 99], [60000, 92]]",authorized_updates,1786,120000,0:0:6000,4bab8619734ee2138a7d3222ad9c95d74333950dc2f34526dd53e90433f79972,3537b889805597d359feb469cee43608571faacbed52c0cfa34ee454c7098d21,0
current_0530,SENSOR_CONTROL,sensor_bias,transient,4.6,0,26500,18500,operating_family_4,development-validation,current_profile_0530,"[{""ambient_temp_c"": 27.114, ""end_ms"": 18100, ""engine_load"": 0.3701574, ""external_airflow_factor"": 0, ""road_slope_percent"": 0, ""start_ms"": 0, ""vehicle_speed_kph"": 38.64}, {""ambient_temp_c"": 27.114, ""end_ms"": 49300, ""engine_load"": 0.53646, ""external_airflow_factor"": 0, ""road_slope_percent"": 0, ""start_ms"": 18100, ""vehicle_speed_kph"": 56}, {""ambient_temp_c"": 27.114, ""end_ms"": 87100, ""engine_load"": 0.44526180000000004, ""external_airflow_factor"": 0, ""road_slope_percent"": 0, ""start_ms"": 49300, ""vehicle_speed_kph"": 46.48}, {""ambient_temp_c"": 27.114, ""end_ms"": 120000, ""engine_load"": 0.509637, ""external_airflow_factor"": 0, ""road_slope_percent"": 0, ""start_ms"": 87100, ""vehicle_speed_kph"": 53.199999999999996}]",[],static_target,1787,120000,0:0:6000,5acf8b2948020823a596782cd439e5e384fe32ec5f752a8878e9d5f1c808d7c5,26f489d45784a605f1381ed57812c85716fbe81977c6a4b9ee0e84cf6210e1e0,0
current_0531,SENSOR_CONTROL,sensor_bias,transient,8.9,0,26800,9700,operating_family_4,development-validation,current_profile_0531,"[{""ambient_temp_c"": 27.117, ""end_ms"": 18100, ""engine_load"": 0.3702747, ""external_airflow_factor"": 0, ""road_slope_percent"": 0, ""start_ms"": 0, ""vehicle_speed_kph"": 38.64}, {""ambient_temp_c"": 27.117, ""end_ms"": 49300, ""engine_load"": 0.53663, ""external_airflow_factor"": 0, ""road_slope_percent"": 0, ""start_ms"": 18100, ""vehicle_speed_kph"": 56}, {""ambient_temp_c"": 27.117, ""end_ms"": 87100, ""engine_load"": 0.44540290000000005, ""external_airflow_factor"": 0, ""road_slope_percent"": 0, ""start_ms"": 49300, ""vehicle_speed_kph"": 46.48}, {""ambient_temp_c"": 27.117, ""end_ms"": 120000, ""engine_load"": 0.5097985, ""external_airflow_factor"": 0, ""road_slope_percent"": 0, ""start_ms"": 87100, ""vehicle_speed_kph"": 53.199999999999996}]","[[30000, 99], [60000, 92]]",authorized_updates,1788,120000,0:0:6000,c8f8ab9b3e1cdf872f0bfa5def30533f8a5f8d5934907786bbc8aaae9a3d0f6a,f7985c2e7591cab761ae85e0965830c486651b83c6c8aacb5411c7fbadbb21ad,0
current_0532,SENSOR_CONTROL,sensor_bias,intermittent,-1.2,0,24700,13700,operating_family_4,development-validation,current_profile_0532,"[{""ambient_temp_c"": 27.12, ""end_ms"": 18100, ""engine_load"": 0.370392, ""external_airflow_factor"": 0, ""road_slope_percent"": 0, ""start_ms"": 0, ""vehicle_speed_kph"": 38.64}, {""ambient_temp_c"": 27.12, ""end_ms"": 49300, ""engine_load"": 0.5368, ""external_airflow_factor"": 0, ""road_slope_percent"": 0, ""start_ms"": 18100, ""vehicle_speed_kph"": 56}, {""ambient_temp_c"": 27.12, ""end_ms"": 87100, ""engine_load"": 0.44554400000000005, ""external_airflow_factor"": 0, ""road_slope_percent"": 0, ""start_ms"": 49300, ""vehicle_speed_kph"": 46.48}, {""ambient_temp_c"": 27.12, ""end_ms"": 120000, ""engine_load"": 0.5099600000000001, ""external_airflow_factor"": 0, ""road_slope_percent"": 0, ""start_ms"": 87100, ""vehicle_speed_kph"": 53.199999999999996}]",[],static_target,1789,120000,0:0:6000,1b595e993b7afc70a773496ebf8b647e600efcfdb05f5575e925f8b6a043cde0,81ac1604ff4ae0d36a6fb3b1161b19efde6daa3c8900c172e8123ea8147b015a,0
current_0533,SENSOR_CONTROL,sensor_bias,intermittent,1.2,0,25000,18500,operating_family_4,development-validation,current_profile_0533,"[{""ambient_temp_c"": 27.123, ""end_ms"": 18100, ""engine_load"": 0.3705093, ""external_airflow_factor"": 0, ""road_slope_percent"": 0, ""start_ms"": 0, ""vehicle_speed_kph"": 38.64}, {""ambient_temp_c"": 27.123, ""end_ms"": 49300, ""engine_load"": 0.5369700000000001, ""external_airflow_factor"": 0, ""road_slope_percent"": 0, ""start_ms"": 18100, ""vehicle_speed_kph"": 56}, {""ambient_temp_c"": 27.123, ""end_ms"": 87100, ""engine_load"": 0.4456851, ""external_airflow_factor"": 0, ""road_slope_percent"": 0, ""start_ms"": 49300, ""vehicle_speed_kph"": 46.48}, {""ambient_temp_c"": 27.123, ""end_ms"": 120000, ""engine_load"": 0.5101215, ""external_airflow_factor"": 0, ""road_slope_percent"": 0, ""start_ms"": 87100, ""vehicle_speed_kph"": 53.199999999999996}]","[[30000, 99], [60000, 92]]",authorized_updates,1790,120000,0:0:6000,850e9f65976ae9c6e7a1a6af1543762c5eef89cee3f8e93f070e69303a93a505,d5d384a32cda7b8cf7745c103dc240ce9a81cf55246aade90585f88c51ba0c0c,0
current_0534,SENSOR_CONTROL,sensor_bias,intermittent,4.6,0,25300,9700,operating_family_4,development-validation,current_profile_0534,"[{""ambient_temp_c"": 27.126, ""end_ms"": 18100, ""engine_load"": 0.37062660000000003, ""external_airflow_factor"": 0, ""road_slope_percent"": 0, ""start_ms"": 0, ""vehicle_speed_kph"": 38.64}, {""ambient_temp_c"": 27.126, ""end_ms"": 49300, ""engine_load"": 0.5371400000000001, ""external_airflow_factor"": 0, ""road_slope_percent"": 0, ""start_ms"": 18100, ""vehicle_speed_kph"": 56}, {""ambient_temp_c"": 27.126, ""end_ms"": 87100, ""engine_load"": 0.4458262, ""external_airflow_factor"": 0, ""road_slope_percent"": 0, ""start_ms"": 49300, ""vehicle_speed_kph"": 46.48}, {""ambient_temp_c"": 27.126, ""end_ms"": 120000, ""engine_load"": 0.510283, ""external_airflow_factor"": 0, ""road_slope_percent"": 0, ""start_ms"": 87100, ""vehicle_speed_kph"": 53.199999999999996}]",[],static_target,1791,120000,0:0:6000,c957716afdb1fe6302a203d9885caeb994d242a50705087c8e1fa78d567deb77,005de72951154794249af32a57fbd8619dd2a375991480259b2cd7aa3cc15925,0
current_0535,SENSOR_CONTROL,sensor_bias,intermittent,8.9,0,25600,13700,operating_family_4,development-validation,current_profile_0535,"[{""ambient_temp_c"": 27.129, ""end_ms"": 18100, ""engine_load"": 0.3707439, ""external_airflow_factor"": 0, ""road_slope_percent"": 0, ""start_ms"": 0, ""vehicle_speed_kph"": 38.64}, {""ambient_temp_c"": 27.129, ""end_ms"": 49300, ""engine_load"": 0.5373100000000001, ""external_airflow_factor"": 0, ""road_slope_percent"": 0, ""start_ms"": 18100, ""vehicle_speed_kph"": 56}, {""ambient_temp_c"": 27.129, ""end_ms"": 87100, ""engine_load"": 0.4459673, ""external_airflow_factor"": 0, ""road_slope_percent"": 0, ""start_ms"": 49300, ""vehicle_speed_kph"": 46.48}, {""ambient_temp_c"": 27.129, ""end_ms"": 120000, ""engine_load"": 0.5104445000000001, ""external_airflow_factor"": 0, ""road_slope_percent"": 0, ""start_ms"": 87100, ""vehicle_speed_kph"": 53.199999999999996}]","[[30000, 99], [60000, 92]]",authorized_updates,1792,120000,0:0:6000,cda77fdc8e41ca2b67a448a8777b36f0386eab31018b3585e3df01a0c8e6498f,c5b1d0ceb78a4e590873cb923090b0cb23e858ac28adb78db91950ab9b2acd55,0
current_0536,SENSOR_CONTROL,sensor_bias,permanent,-1.2,0,25900,18500,operating_family_4,development-validation,current_profile_0536,"[{""ambient_temp_c"": 27.132, ""end_ms"": 18100, ""engine_load"": 0.3708612, ""external_airflow_factor"": 0, ""road_slope_percent"": 0, ""start_ms"": 0, ""vehicle_speed_kph"": 38.64}, {""ambient_temp_c"": 27.132, ""end_ms"": 49300, ""engine_load"": 0.5374800000000001, ""external_airflow_factor"": 0, ""road_slope_percent"": 0, ""start_ms"": 18100, ""vehicle_speed_kph"": 56}, {""ambient_temp_c"": 27.132, ""end_ms"": 87100, ""engine_load"": 0.4461084, ""external_airflow_factor"": 0, ""road_slope_percent"": 0, ""start_ms"": 49300, ""vehicle_speed_kph"": 46.48}, {""ambient_temp_c"": 27.132, ""end_ms"": 120000, ""engine_load"": 0.510606, ""external_airflow_factor"": 0, ""road_slope_percent"": 0, ""start_ms"": 87100, ""vehicle_speed_kph"": 53.199999999999996}]",[],static_target,1793,120000,0:0:6000,41923f926ced17ec7917aa0bdbaaca2d61299a4e6cb845f224e159ad5b58c924,933d843ece56d55be28bda80a06bd95d911e3db90e134a07c8043e0a6a5ca23b,0
current_0537,SENSOR_CONTROL,sensor_bias,permanent,1.2,0,26200,9700,operating_family_4,development-validation,current_profile_0537,"[{""ambient_temp_c"": 27.135, ""end_ms"": 18100, ""engine_load"": 0.37097850000000004, ""external_airflow_factor"": 0, ""road_slope_percent"": 0, ""start_ms"": 0, ""vehicle_speed_kph"": 38.64}, {""ambient_temp_c"": 27.135, ""end_ms"": 49300, ""engine_load"": 0.5376500000000001, ""external_airflow_factor"": 0, ""road_slope_percent"": 0, ""start_ms"": 18100, ""vehicle_speed_kph"": 56}, {""ambient_temp_c"": 27.135, ""end_ms"": 87100, ""engine_load"": 0.4462495, ""external_airflow_factor"": 0, ""road_slope_percent"": 0, ""start_ms"": 49300, ""vehicle_speed_kph"": 46.48}, {""ambient_temp_c"": 27.135, ""end_ms"": 120000, ""engine_load"": 0.5107675, ""external_airflow_factor"": 0, ""road_slope_percent"": 0, ""start_ms"": 87100, ""vehicle_speed_kph"": 53.199999999999996}]","[[30000, 99], [60000, 92]]",authorized_updates,1794,120000,0:0:6000,2cb716a3ff49e4d8a0ffc98bc4bddb7222940f2da4fb6bc7c6eb3dc77db9e014,7a3586b77c85a7d0e2b2c69434b0b5e106fbed1c9f7c2bcb7a355773658a0251,0
current_0538,SENSOR_CONTROL,sensor_bias,permanent,4.6,0,26500,13700,operating_family_4,development-validation,current_profile_0538,"[{""ambient_temp_c"": 27.138, ""end_ms"": 18100, ""engine_load"": 0.37109580000000003, ""external_airflow_factor"": 0, ""road_slope_percent"": 0, ""start_ms"": 0, ""vehicle_speed_kph"": 38.64}, {""ambient_temp_c"": 27.138, ""end_ms"": 49300, ""engine_load"": 0.5378200000000001, ""external_airflow_factor"": 0, ""road_slope_percent"": 0, ""start_ms"": 18100, ""vehicle_speed_kph"": 56}, {""ambient_temp_c"": 27.138, ""end_ms"": 87100, ""engine_load"": 0.4463906, ""external_airflow_factor"": 0, ""road_slope_percent"": 0, ""start_ms"": 49300, ""vehicle_speed_kph"": 46.48}, {""ambient_temp_c"": 27.138, ""end_ms"": 120000, ""engine_load"": 0.5109290000000001, ""external_airflow_factor"": 0, ""road_slope_percent"": 0, ""start_ms"": 87100, ""vehicle_speed_kph"": 53.199999999999996}]",[],static_target,1795,120000,0:0:6000,47fd801b3e9477f8008b11af3a752170f6eaa9fd68773da2fcd9aee189db62bd,68c3b646159b56fc98b3b51fa7c9f42bf0a3a8465b581b3c7a53000ee25f75ad,0
current_0539,SENSOR_CONTROL,sensor_bias,permanent,8.9,0,26800,18500,operating_family_4,development-validation,current_profile_0539,"[{""ambient_temp_c"": 27.141, ""end_ms"": 18100, ""engine_load"": 0.3712131, ""external_airflow_factor"": 0, ""road_slope_percent"": 0, ""start_ms"": 0, ""vehicle_speed_kph"": 38.64}, {""ambient_temp_c"": 27.141, ""end_ms"": 49300, ""engine_load"": 0.5379900000000001, ""external_airflow_factor"": 0, ""road_slope_percent"": 0, ""start_ms"": 18100, ""vehicle_speed_kph"": 56}, {""ambient_temp_c"": 27.141, ""end_ms"": 87100, ""engine_load"": 0.44653170000000003, ""external_airflow_factor"": 0, ""road_slope_percent"": 0, ""start_ms"": 49300, ""vehicle_speed_kph"": 46.48}, {""ambient_temp_c"": 27.141, ""end_ms"": 120000, ""engine_load"": 0.5110905, ""external_airflow_factor"": 0, ""road_slope_percent"": 0, ""start_ms"": 87100, ""vehicle_speed_kph"": 53.199999999999996}]","[[30000, 99], [60000, 92]]",authorized_updates,1796,120000,0:0:6000,757f768f4af52961910adb125d24bea231b8afbd94a1a5a5e89ad95897ced5b3,38c5833e913f9a3ad5582945dc34ccd4d711bcc5e528e7085e619f248648f866,0
current_0540,SENSOR_CONTROL,sensor_interface_intermittent,transient,0.5,0,24700,9700,operating_family_4,development-validation,current_profile_0540,"[{""ambient_temp_c"": 27.144, ""end_ms"": 18100, ""engine_load"": 0.37133039999999995, ""external_airflow_factor"": 0, ""road_slope_percent"": 0, ""start_ms"": 0, ""vehicle_speed_kph"": 38.64}, {""ambient_temp_c"": 27.144, ""end_ms"": 49300, ""engine_load"": 0.53816, ""external_airflow_factor"": 0, ""road_slope_percent"": 0, ""start_ms"": 18100, ""vehicle_speed_kph"": 56}, {""ambient_temp_c"": 27.144, ""end_ms"": 87100, ""engine_load"": 0.4466728, ""external_airflow_factor"": 0, ""road_slope_percent"": 0, ""start_ms"": 49300, ""vehicle_speed_kph"": 46.48}, {""ambient_temp_c"": 27.144, ""end_ms"": 120000, ""engine_load"": 0.5112519999999999, ""external_airflow_factor"": 0, ""road_slope_percent"": 0, ""start_ms"": 87100, ""vehicle_speed_kph"": 53.199999999999996}]",[],static_target,1797,120000,0:0:6000,1f71abeccba27e21a38d9047c9383be7483c69b0b40b2d56f828119311f587d6,a10c9437a81f044e463afb5cc71e0a350ad0c1ed37b2949fa70fcd6c41d71c18,0
current_0541,SENSOR_CONTROL,sensor_interface_intermittent,transient,1.5,0,25000,13700,operating_family_4,development-validation,current_profile_0541,"[{""ambient_temp_c"": 27.147, ""end_ms"": 18100, ""engine_load"": 0.37144769999999994, ""external_airflow_factor"": 0, ""road_slope_percent"": 0, ""start_ms"": 0, ""vehicle_speed_kph"": 38.64}, {""ambient_temp_c"": 27.147, ""end_ms"": 49300, ""engine_load"": 0.53833, ""external_airflow_factor"": 0, ""road_slope_percent"": 0, ""start_ms"": 18100, ""vehicle_speed_kph"": 56}, {""ambient_temp_c"": 27.147, ""end_ms"": 87100, ""engine_load"": 0.44681389999999993, ""external_airflow_factor"": 0, ""road_slope_percent"": 0, ""start_ms"": 49300, ""vehicle_speed_kph"": 46.48}, {""ambient_temp_c"": 27.147, ""end_ms"": 120000, ""engine_load"": 0.5114135, ""external_airflow_factor"": 0, ""road_slope_percent"": 0, ""start_ms"": 87100, ""vehicle_speed_kph"": 53.199999999999996}]","[[30000, 99], [60000, 92]]",authorized_updates,1798,120000,0:0:6000,11c53ae6e334a5ecf7a8e6552913e02c96995ab9291271e1753d45c31dda81d2,6888e0a61eeaf5bec0c3b9bd2e2b044b8142bc3856b0393d1021c6be9072f80e,0
current_0542,SENSOR_CONTROL,sensor_interface_intermittent,transient,4.1,0,25300,18500,operating_family_4,development-validation,current_profile_0542,"[{""ambient_temp_c"": 27.15, ""end_ms"": 18100, ""engine_load"": 0.371565, ""external_airflow_factor"": 0, ""road_slope_percent"": 0, ""start_ms"": 0, ""vehicle_speed_kph"": 38.64}, {""ambient_temp_c"": 27.15, ""end_ms"": 49300, ""engine_load"": 0.5385, ""external_airflow_factor"": 0, ""road_slope_percent"": 0, ""start_ms"": 18100, ""vehicle_speed_kph"": 56}, {""ambient_temp_c"": 27.15, ""end_ms"": 87100, ""engine_load"": 0.44695499999999994, ""external_airflow_factor"": 0, ""road_slope_percent"": 0, ""start_ms"": 49300, ""vehicle_speed_kph"": 46.48}, {""ambient_temp_c"": 27.15, ""end_ms"": 120000, ""engine_load"": 0.511575, ""external_airflow_factor"": 0, ""road_slope_percent"": 0, ""start_ms"": 87100, ""vehicle_speed_kph"": 53.199999999999996}]",[],static_target,1799,120000,0:0:6000,c1014399841d29714408da7d4f5ed32ddf66111acb1d298de355ba9a707a69a6,6cd868685f57ce9db423a10b209f5f1ff63b5016a32d0b115c1621d94c48c732,0
current_0543,SENSOR_CONTROL,sensor_interface_intermittent,transient,8.1,0,25600,9700,operating_family_4,development-validation,current_profile_0543,"[{""ambient_temp_c"": 27.153, ""end_ms"": 18100, ""engine_load"": 0.37168229999999997, ""external_airflow_factor"": 0, ""road_slope_percent"": 0, ""start_ms"": 0, ""vehicle_speed_kph"": 38.64}, {""ambient_temp_c"": 27.153, ""end_ms"": 49300, ""engine_load"": 0.53867, ""external_airflow_factor"": 0, ""road_slope_percent"": 0, ""start_ms"": 18100, ""vehicle_speed_kph"": 56}, {""ambient_temp_c"": 27.153, ""end_ms"": 87100, ""engine_load"": 0.44709609999999994, ""external_airflow_factor"": 0, ""road_slope_percent"": 0, ""start_ms"": 49300, ""vehicle_speed_kph"": 46.48}, {""ambient_temp_c"": 27.153, ""end_ms"": 120000, ""engine_load"": 0.5117364999999999, ""external_airflow_factor"": 0, ""road_slope_percent"": 0, ""start_ms"": 87100, ""vehicle_speed_kph"": 53.199999999999996}]","[[30000, 99], [60000, 92]]",authorized_updates,1800,120000,0:0:6000,44d3704fe78a246fa3a3f348e1f8b38a76fa06a001da20b3e62f08838f35f71e,bd848de7d80361c9d103b6006e10451feacaa5e4f100ac2639a8d3b1429e5146,0
current_0544,SENSOR_CONTROL,sensor_interface_intermittent,intermittent,0.5,0,25900,13700,operating_family_4,development-validation,current_profile_0544,"[{""ambient_temp_c"": 27.156, ""end_ms"": 18100, ""engine_load"": 0.37179959999999995, ""external_airflow_factor"": 0, ""road_slope_percent"": 0, ""start_ms"": 0, ""vehicle_speed_kph"": 38.64}, {""ambient_temp_c"": 27.156, ""end_ms"": 49300, ""engine_load"": 0.53884, ""external_airflow_factor"": 0, ""road_slope_percent"": 0, ""start_ms"": 18100, ""vehicle_speed_kph"": 56}, {""ambient_temp_c"": 27.156, ""end_ms"": 87100, ""engine_load"": 0.44723719999999995, ""external_airflow_factor"": 0, ""road_slope_percent"": 0, ""start_ms"": 49300, ""vehicle_speed_kph"": 46.48}, {""ambient_temp_c"": 27.156, ""end_ms"": 120000, ""engine_load"": 0.511898, ""external_airflow_factor"": 0, ""road_slope_percent"": 0, ""start_ms"": 87100, ""vehicle_speed_kph"": 53.199999999999996}]",[],static_target,1801,120000,0:0:6000,0c530a19100442b3746be49296fbc576fbaf649b4e1ebd2c309d8d4bfe51f8a9,a883c047eac00aef143fd697c319a5826c7d42150a7bc99ac38982507b65d270,0
current_0545,SENSOR_CONTROL,sensor_interface_intermittent,intermittent,1.5,0,26200,18500,operating_family_4,development-validation,current_profile_0545,"[{""ambient_temp_c"": 27.159, ""end_ms"": 18100, ""engine_load"": 0.37191689999999994, ""external_airflow_factor"": 0, ""road_slope_percent"": 0, ""start_ms"": 0, ""vehicle_speed_kph"": 38.64}, {""ambient_temp_c"": 27.159, ""end_ms"": 49300, ""engine_load"": 0.53901, ""external_airflow_factor"": 0, ""road_slope_percent"": 0, ""start_ms"": 18100, ""vehicle_speed_kph"": 56}, {""ambient_temp_c"": 27.159, ""end_ms"": 87100, ""engine_load"": 0.44737829999999995, ""external_airflow_factor"": 0, ""road_slope_percent"": 0, ""start_ms"": 49300, ""vehicle_speed_kph"": 46.48}, {""ambient_temp_c"": 27.159, ""end_ms"": 120000, ""engine_load"": 0.5120595, ""external_airflow_factor"": 0, ""road_slope_percent"": 0, ""start_ms"": 87100, ""vehicle_speed_kph"": 53.199999999999996}]","[[30000, 99], [60000, 92]]",authorized_updates,1802,120000,0:0:6000,64ad9eb3f511531e9658e2770dc87fbcc45a69d57e1b3a7f89835079d911638c,5ea707ed50476af60f1afd80678433891d9fc0b0836c889e270b213eae249acc,0
current_0546,SENSOR_CONTROL,sensor_interface_intermittent,intermittent,4.1,0,26500,9700,operating_family_4,development-validation,current_profile_0546,"[{""ambient_temp_c"": 27.162, ""end_ms"": 18100, ""engine_load"": 0.3720342, ""external_airflow_factor"": 0, ""road_slope_percent"": 0, ""start_ms"": 0, ""vehicle_speed_kph"": 38.64}, {""ambient_temp_c"": 27.162, ""end_ms"": 49300, ""engine_load"": 0.53918, ""external_airflow_factor"": 0, ""road_slope_percent"": 0, ""start_ms"": 18100, ""vehicle_speed_kph"": 56}, {""ambient_temp_c"": 27.162, ""end_ms"": 87100, ""engine_load"": 0.44751939999999996, ""external_airflow_factor"": 0, ""road_slope_percent"": 0, ""start_ms"": 49300, ""vehicle_speed_kph"": 46.48}, {""ambient_temp_c"": 27.162, ""end_ms"": 120000, ""engine_load"": 0.5122209999999999, ""external_airflow_factor"": 0, ""road_slope_percent"": 0, ""start_ms"": 87100, ""vehicle_speed_kph"": 53.199999999999996}]",[],static_target,1803,120000,0:0:6000,fd2074a53062be1deee4472ade167764e6208e9548db9e5eb72192717d345e95,e90a6a1950b2fe8bf7cb2279029b0f6d1892c6da0673828b05fa2a6d7ed0163c,0
current_0547,SENSOR_CONTROL,sensor_interface_intermittent,intermittent,8.1,0,26800,13700,operating_family_4,development-validation,current_profile_0547,"[{""ambient_temp_c"": 27.165, ""end_ms"": 18100, ""engine_load"": 0.37215149999999997, ""external_airflow_factor"": 0, ""road_slope_percent"": 0, ""start_ms"": 0, ""vehicle_speed_kph"": 38.64}, {""ambient_temp_c"": 27.165, ""end_ms"": 49300, ""engine_load"": 0.53935, ""external_airflow_factor"": 0, ""road_slope_percent"": 0, ""start_ms"": 18100, ""vehicle_speed_kph"": 56}, {""ambient_temp_c"": 27.165, ""end_ms"": 87100, ""engine_load"": 0.44766049999999996, ""external_airflow_factor"": 0, ""road_slope_percent"": 0, ""start_ms"": 49300, ""vehicle_speed_kph"": 46.48}, {""ambient_temp_c"": 27.165, ""end_ms"": 120000, ""engine_load"": 0.5123825, ""external_airflow_factor"": 0, ""road_slope_percent"": 0, ""start_ms"": 87100, ""vehicle_speed_kph"": 53.199999999999996}]","[[30000, 99], [60000, 92]]",authorized_updates,1804,120000,0:0:6000,ad3945fdab5c8caed04021a822add6028f006cd6f641eaabcc09b010609b2a92,01294e24f42ffec38bff7268999e4836b28d87c98e347f4fb11fe30222f937f8,0
current_0548,SENSOR_CONTROL,sensor_interface_intermittent,permanent,0.5,0,24700,18500,operating_family_4,development-validation,current_profile_0548,"[{""ambient_temp_c"": 27.168, ""end_ms"": 18100, ""engine_load"": 0.37226879999999996, ""external_airflow_factor"": 0, ""road_slope_percent"": 0, ""start_ms"": 0, ""vehicle_speed_kph"": 38.64}, {""ambient_temp_c"": 27.168, ""end_ms"": 49300, ""engine_load"": 0.53952, ""external_airflow_factor"": 0, ""road_slope_percent"": 0, ""start_ms"": 18100, ""vehicle_speed_kph"": 56}, {""ambient_temp_c"": 27.168, ""end_ms"": 87100, ""engine_load"": 0.44780159999999997, ""external_airflow_factor"": 0, ""road_slope_percent"": 0, ""start_ms"": 49300, ""vehicle_speed_kph"": 46.48}, {""ambient_temp_c"": 27.168, ""end_ms"": 120000, ""engine_load"": 0.512544, ""external_airflow_factor"": 0, ""road_slope_percent"": 0, ""start_ms"": 87100, ""vehicle_speed_kph"": 53.199999999999996}]",[],static_target,1805,120000,0:0:6000,8d2860aadf725a7c8523f4120077bf4e415f2b7724d1d6fb6543f40cea56f8fb,79d24caac669cb601b0fb1faadd27e964cf645b7f0ff96de5ac4c459afda1ef9,0
current_0549,SENSOR_CONTROL,sensor_interface_intermittent,permanent,1.5,0,25000,9700,operating_family_4,development-validation,current_profile_0549,"[{""ambient_temp_c"": 27.171, ""end_ms"": 18100, ""engine_load"": 0.3723861, ""external_airflow_factor"": 0, ""road_slope_percent"": 0, ""start_ms"": 0, ""vehicle_speed_kph"": 38.64}, {""ambient_temp_c"": 27.171, ""end_ms"": 49300, ""engine_load"": 0.53969, ""external_airflow_factor"": 0, ""road_slope_percent"": 0, ""start_ms"": 18100, ""vehicle_speed_kph"": 56}, {""ambient_temp_c"": 27.171, ""end_ms"": 87100, ""engine_load"": 0.44794269999999997, ""external_airflow_factor"": 0, ""road_slope_percent"": 0, ""start_ms"": 49300, ""vehicle_speed_kph"": 46.48}, {""ambient_temp_c"": 27.171, ""end_ms"": 120000, ""engine_load"": 0.5127054999999999, ""external_airflow_factor"": 0, ""road_slope_percent"": 0, ""start_ms"": 87100, ""vehicle_speed_kph"": 53.199999999999996}]","[[30000, 99], [60000, 92]]",authorized_updates,1806,120000,0:0:6000,a0343f89c300db20c5ec55ae52a1ca73fd32ce199436deb55a41f53ba75f020e,fe4c03ebdb3011e512433e213980019636a238597f4c91cdef9666ff33865b41,0
current_0550,SENSOR_CONTROL,sensor_interface_intermittent,permanent,4.1,0,25300,13700,operating_family_4,development-validation,current_profile_0550,"[{""ambient_temp_c"": 27.174, ""end_ms"": 18100, ""engine_load"": 0.3725034, ""external_airflow_factor"": 0, ""road_slope_percent"": 0, ""start_ms"": 0, ""vehicle_speed_kph"": 38.64}, {""ambient_temp_c"": 27.174, ""end_ms"": 49300, ""engine_load"": 0.53986, ""external_airflow_factor"": 0, ""road_slope_percent"": 0, ""start_ms"": 18100, ""vehicle_speed_kph"": 56}, {""ambient_temp_c"": 27.174, ""end_ms"": 87100, ""engine_load"": 0.4480838, ""external_airflow_factor"": 0, ""road_slope_percent"": 0, ""start_ms"": 49300, ""vehicle_speed_kph"": 46.48}, {""ambient_temp_c"": 27.174, ""end_ms"": 120000, ""engine_load"": 0.512867, ""external_airflow_factor"": 0, ""road_slope_percent"": 0, ""start_ms"": 87100, ""vehicle_speed_kph"": 53.199999999999996}]",[],static_target,1807,120000,0:0:6000,e50b99b04c7f0a56aae3af398640b4479deeacfe2276b2c0c68ae19296335841,acf63d368fb8ceb70a5fc238df57bf8397c2453f16b27a67072d090e6c13cfba,0
current_0551,SENSOR_CONTROL,sensor_interface_intermittent,permanent,8.1,0,25600,18500,operating_family_4,development-validation,current_profile_0551,"[{""ambient_temp_c"": 27.177, ""end_ms"": 18100, ""engine_load"": 0.37262069999999997, ""external_airflow_factor"": 0, ""road_slope_percent"": 0, ""start_ms"": 0, ""vehicle_speed_kph"": 38.64}, {""ambient_temp_c"": 27.177, ""end_ms"": 49300, ""engine_load"": 0.54003, ""external_airflow_factor"": 0, ""road_slope_percent"": 0, ""start_ms"": 18100, ""vehicle_speed_kph"": 56}, {""ambient_temp_c"": 27.177, ""end_ms"": 87100, ""engine_load"": 0.4482249, ""external_airflow_factor"": 0, ""road_slope_percent"": 0, ""start_ms"": 49300, ""vehicle_speed_kph"": 46.48}, {""ambient_temp_c"": 27.177, ""end_ms"": 120000, ""engine_load"": 0.5130285, ""external_airflow_factor"": 0, ""road_slope_percent"": 0, ""start_ms"": 87100, ""vehicle_speed_kph"": 53.199999999999996}]","[[30000, 99], [60000, 92]]",authorized_updates,1808,120000,0:0:6000,6edc07c5e81700dff6320ddd97d543a56d04b7e68390365e91a0886f85d9a153,0ba7ad95b97bf791e951926ff787b98b13dfaf1eef5665bb287a4c968ea98bf0,0
current_0552,COMMUNICATION,delayed_update,transient,100,0,25900,9700,operating_family_4,development-validation,current_profile_0552,"[{""ambient_temp_c"": 27.18, ""end_ms"": 18100, ""engine_load"": 0.37273799999999996, ""external_airflow_factor"": 0, ""road_slope_percent"": 0, ""start_ms"": 0, ""vehicle_speed_kph"": 38.64}, {""ambient_temp_c"": 27.18, ""end_ms"": 49300, ""engine_load"": 0.5402, ""external_airflow_factor"": 0, ""road_slope_percent"": 0, ""start_ms"": 18100, ""vehicle_speed_kph"": 56}, {""ambient_temp_c"": 27.18, ""end_ms"": 87100, ""engine_load"": 0.448366, ""external_airflow_factor"": 0, ""road_slope_percent"": 0, ""start_ms"": 49300, ""vehicle_speed_kph"": 46.48}, {""ambient_temp_c"": 27.18, ""end_ms"": 120000, ""engine_load"": 0.51319, ""external_airflow_factor"": 0, ""road_slope_percent"": 0, ""start_ms"": 87100, ""vehicle_speed_kph"": 53.199999999999996}]",[],static_target,1809,120000,0:0:6000,93e9bd53d8c15c30649b57ac3be4d2f757eed0dc2817eaf32f037da991a62f9f,2f21b695bbabc1c6a74ab9b67190e2d74b8b6887f56a2943c9b6593970ce5ca1,0
current_0553,COMMUNICATION,delayed_update,transient,200,0,26200,13700,operating_family_4,development-validation,current_profile_0553,"[{""ambient_temp_c"": 27.183, ""end_ms"": 18100, ""engine_load"": 0.3728553, ""external_airflow_factor"": 0, ""road_slope_percent"": 0, ""start_ms"": 0, ""vehicle_speed_kph"": 38.64}, {""ambient_temp_c"": 27.183, ""end_ms"": 49300, ""engine_load"": 0.54037, ""external_airflow_factor"": 0, ""road_slope_percent"": 0, ""start_ms"": 18100, ""vehicle_speed_kph"": 56}, {""ambient_temp_c"": 27.183, ""end_ms"": 87100, ""engine_load"": 0.4485071, ""external_airflow_factor"": 0, ""road_slope_percent"": 0, ""start_ms"": 49300, ""vehicle_speed_kph"": 46.48}, {""ambient_temp_c"": 27.183, ""end_ms"": 120000, ""engine_load"": 0.5133515, ""external_airflow_factor"": 0, ""road_slope_percent"": 0, ""start_ms"": 87100, ""vehicle_speed_kph"": 53.199999999999996}]","[[30000, 99], [60000, 92]]",authorized_updates,1810,120000,0:0:6000,6c5a016ee492deb60fb4fee23f6e3e3e347f4e6a25475e98feec3013fa5fb29b,ad491b9029740919754a906a262292ee656ddfd3358b320d8a508aca5eb039e9,0
current_0554,COMMUNICATION,delayed_update,transient,500,0,26500,18500,operating_family_4,development-validation,current_profile_0554,"[{""ambient_temp_c"": 27.186, ""end_ms"": 18100, ""engine_load"": 0.3729726, ""external_airflow_factor"": 0, ""road_slope_percent"": 0, ""start_ms"": 0, ""vehicle_speed_kph"": 38.64}, {""ambient_temp_c"": 27.186, ""end_ms"": 49300, ""engine_load"": 0.54054, ""external_airflow_factor"": 0, ""road_slope_percent"": 0, ""start_ms"": 18100, ""vehicle_speed_kph"": 56}, {""ambient_temp_c"": 27.186, ""end_ms"": 87100, ""engine_load"": 0.4486482, ""external_airflow_factor"": 0, ""road_slope_percent"": 0, ""start_ms"": 49300, ""vehicle_speed_kph"": 46.48}, {""ambient_temp_c"": 27.186, ""end_ms"": 120000, ""engine_load"": 0.513513, ""external_airflow_factor"": 0, ""road_slope_percent"": 0, ""start_ms"": 87100, ""vehicle_speed_kph"": 53.199999999999996}]",[],static_target,1811,120000,0:0:6000,70b8166f806a8fca534ef693eb9d7acce4adeddacf40f37544d0af914d0b6142,20927cbfed1e0820e67f8d9bced6d185ceacef6b7361fcf8ed2d859dac48e792,0
current_0555,COMMUNICATION,delayed_update,intermittent,100,0,26800,9700,operating_family_4,development-validation,current_profile_0555,"[{""ambient_temp_c"": 27.189, ""end_ms"": 18100, ""engine_load"": 0.3730899, ""external_airflow_factor"": 0, ""road_slope_percent"": 0, ""start_ms"": 0, ""vehicle_speed_kph"": 38.64}, {""ambient_temp_c"": 27.189, ""end_ms"": 49300, ""engine_load"": 0.54071, ""external_airflow_factor"": 0, ""road_slope_percent"": 0, ""start_ms"": 18100, ""vehicle_speed_kph"": 56}, {""ambient_temp_c"": 27.189, ""end_ms"": 87100, ""engine_load"": 0.4487893, ""external_airflow_factor"": 0, ""road_slope_percent"": 0, ""start_ms"": 49300, ""vehicle_speed_kph"": 46.48}, {""ambient_temp_c"": 27.189, ""end_ms"": 120000, ""engine_load"": 0.5136745, ""external_airflow_factor"": 0, ""road_slope_percent"": 0, ""start_ms"": 87100, ""vehicle_speed_kph"": 53.199999999999996}]","[[30000, 99], [60000, 92]]",authorized_updates,1812,120000,0:0:6000,afd72b57a227b9a32e4e9dd43a5e8a222c8989236540cb024f4e896961043c87,2b48c6ca2ec48e9b17aac16bf6bdc28d003f90636bb6eaf8dac99e78b7fe7de6,0
current_0556,COMMUNICATION,delayed_update,intermittent,200,0,24700,13700,operating_family_4,development-validation,current_profile_0556,"[{""ambient_temp_c"": 27.192, ""end_ms"": 18100, ""engine_load"": 0.3732072, ""external_airflow_factor"": 0, ""road_slope_percent"": 0, ""start_ms"": 0, ""vehicle_speed_kph"": 38.64}, {""ambient_temp_c"": 27.192, ""end_ms"": 49300, ""engine_load"": 0.54088, ""external_airflow_factor"": 0, ""road_slope_percent"": 0, ""start_ms"": 18100, ""vehicle_speed_kph"": 56}, {""ambient_temp_c"": 27.192, ""end_ms"": 87100, ""engine_load"": 0.4489304, ""external_airflow_factor"": 0, ""road_slope_percent"": 0, ""start_ms"": 49300, ""vehicle_speed_kph"": 46.48}, {""ambient_temp_c"": 27.192, ""end_ms"": 120000, ""engine_load"": 0.513836, ""external_airflow_factor"": 0, ""road_slope_percent"": 0, ""start_ms"": 87100, ""vehicle_speed_kph"": 53.199999999999996}]",[],static_target,1813,120000,0:0:6000,52e4be94b3c886d792a6f35a1287d65aefc7b8e852e28895d32e34e33238f07f,591e1aad1b038bc488c9104fb15ca8aacd67817251d3f946ae276281d1eacef6,0
current_0557,COMMUNICATION,delayed_update,intermittent,500,0,25000,18500,operating_family_4,development-validation,current_profile_0557,"[{""ambient_temp_c"": 27.195, ""end_ms"": 18100, ""engine_load"": 0.3733245, ""external_airflow_factor"": 0, ""road_slope_percent"": 0, ""start_ms"": 0, ""vehicle_speed_kph"": 38.64}, {""ambient_temp_c"": 27.195, ""end_ms"": 49300, ""engine_load"": 0.54105, ""external_airflow_factor"": 0, ""road_slope_percent"": 0, ""start_ms"": 18100, ""vehicle_speed_kph"": 56}, {""ambient_temp_c"": 27.195, ""end_ms"": 87100, ""engine_load"": 0.4490715, ""external_airflow_factor"": 0, ""road_slope_percent"": 0, ""start_ms"": 49300, ""vehicle_speed_kph"": 46.48}, {""ambient_temp_c"": 27.195, ""end_ms"": 120000, ""engine_load"": 0.5139975, ""external_airflow_factor"": 0, ""road_slope_percent"": 0, ""start_ms"": 87100, ""vehicle_speed_kph"": 53.199999999999996}]","[[30000, 99], [60000, 92]]",authorized_updates,1814,120000,0:0:6000,57e0e1a8a7f638e351f1ce644cd4665a287e26cbedc7a42e50372f6eedef27b4,234d3ef051ea0d60e1604c8bbc033502eeac51749468ef4bb0b5b57f31cfc929,0
current_0558,COMMUNICATION,delayed_update,permanent,100,0,25300,9700,operating_family_4,development-validation,current_profile_0558,"[{""ambient_temp_c"": 27.198, ""end_ms"": 18100, ""engine_load"": 0.3734418, ""external_airflow_factor"": 0, ""road_slope_percent"": 0, ""start_ms"": 0, ""vehicle_speed_kph"": 38.64}, {""ambient_temp_c"": 27.198, ""end_ms"": 49300, ""engine_load"": 0.54122, ""external_airflow_factor"": 0, ""road_slope_percent"": 0, ""start_ms"": 18100, ""vehicle_speed_kph"": 56}, {""ambient_temp_c"": 27.198, ""end_ms"": 87100, ""engine_load"": 0.4492126, ""external_airflow_factor"": 0, ""road_slope_percent"": 0, ""start_ms"": 49300, ""vehicle_speed_kph"": 46.48}, {""ambient_temp_c"": 27.198, ""end_ms"": 120000, ""engine_load"": 0.514159, ""external_airflow_factor"": 0, ""road_slope_percent"": 0, ""start_ms"": 87100, ""vehicle_speed_kph"": 53.199999999999996}]",[],static_target,1815,120000,0:0:6000,745ed6bb294c3077ca08d5e0041b5c281b0589dcadb59b4f371d8313d579f603,d7271a6de8e3cc64ebecb669025f4559397c995387125bb023825921739f8152,0
current_0559,COMMUNICATION,delayed_update,permanent,200,0,25600,13700,operating_family_4,development-validation,current_profile_0559,"[{""ambient_temp_c"": 27.201, ""end_ms"": 18100, ""engine_load"": 0.3735591, ""external_airflow_factor"": 0, ""road_slope_percent"": 0, ""start_ms"": 0, ""vehicle_speed_kph"": 38.64}, {""ambient_temp_c"": 27.201, ""end_ms"": 49300, ""engine_load"": 0.54139, ""external_airflow_factor"": 0, ""road_slope_percent"": 0, ""start_ms"": 18100, ""vehicle_speed_kph"": 56}, {""ambient_temp_c"": 27.201, ""end_ms"": 87100, ""engine_load"": 0.4493537, ""external_airflow_factor"": 0, ""road_slope_percent"": 0, ""start_ms"": 49300, ""vehicle_speed_kph"": 46.48}, {""ambient_temp_c"": 27.201, ""end_ms"": 120000, ""engine_load"": 0.5143205, ""external_airflow_factor"": 0, ""road_slope_percent"": 0, ""start_ms"": 87100, ""vehicle_speed_kph"": 53.199999999999996}]","[[30000, 99], [60000, 92]]",authorized_updates,1816,120000,0:0:6000,c952e85d7d0d2bdf74ca74308e2e915a33cc1381e3aa86446e6724386703c53f,b1a50431918919f74c1c13be031ac81858435592c0583bd0358bb9b78f00b810,0
current_0560,COMMUNICATION,delayed_update,permanent,500,0,25900,18500,operating_family_4,development-validation,current_profile_0560,"[{""ambient_temp_c"": 27.204, ""end_ms"": 18100, ""engine_load"": 0.3736764, ""external_airflow_factor"": 0, ""road_slope_percent"": 0, ""start_ms"": 0, ""vehicle_speed_kph"": 38.64}, {""ambient_temp_c"": 27.204, ""end_ms"": 49300, ""engine_load"": 0.54156, ""external_airflow_factor"": 0, ""road_slope_percent"": 0, ""start_ms"": 18100, ""vehicle_speed_kph"": 56}, {""ambient_temp_c"": 27.204, ""end_ms"": 87100, ""engine_load"": 0.4494948, ""external_airflow_factor"": 0, ""road_slope_percent"": 0, ""start_ms"": 49300, ""vehicle_speed_kph"": 46.48}, {""ambient_temp_c"": 27.204, ""end_ms"": 120000, ""engine_load"": 0.514482, ""external_airflow_factor"": 0, ""road_slope_percent"": 0, ""start_ms"": 87100, ""vehicle_speed_kph"": 53.199999999999996}]",[],static_target,1817,120000,0:0:6000,7a92907bd3c17d05435a71e56af08336f1643a5f56d8ebf5f0d8f7712053925a,ea8d54a64d0aeb4c061a968bd158aef455d1e79a140702c6697cdaef07075e86,0
current_0561,COMMUNICATION,dropped_update,transient,1,0,26200,9700,operating_family_4,development-validation,current_profile_0561,"[{""ambient_temp_c"": 27.207, ""end_ms"": 18100, ""engine_load"": 0.3737937, ""external_airflow_factor"": 0, ""road_slope_percent"": 0, ""start_ms"": 0, ""vehicle_speed_kph"": 38.64}, {""ambient_temp_c"": 27.207, ""end_ms"": 49300, ""engine_load"": 0.54173, ""external_airflow_factor"": 0, ""road_slope_percent"": 0, ""start_ms"": 18100, ""vehicle_speed_kph"": 56}, {""ambient_temp_c"": 27.207, ""end_ms"": 87100, ""engine_load"": 0.44963590000000003, ""external_airflow_factor"": 0, ""road_slope_percent"": 0, ""start_ms"": 49300, ""vehicle_speed_kph"": 46.48}, {""ambient_temp_c"": 27.207, ""end_ms"": 120000, ""engine_load"": 0.5146435, ""external_airflow_factor"": 0, ""road_slope_percent"": 0, ""start_ms"": 87100, ""vehicle_speed_kph"": 53.199999999999996}]","[[30000, 99], [60000, 92]]",authorized_updates,1818,120000,0:0:6000,1ce1c3abedf718cf733767cd3b42d11e1bf673e60c1c585e93a4d5d6dbf720f9,d739f052b723a96f5e2b29651cc0cdc89616578cf5374305a47229785a899fd5,0
current_0562,COMMUNICATION,dropped_update,transient,3,0,26500,13700,operating_family_4,development-validation,current_profile_0562,"[{""ambient_temp_c"": 27.21, ""end_ms"": 18100, ""engine_load"": 0.373911, ""external_airflow_factor"": 0, ""road_slope_percent"": 0, ""start_ms"": 0, ""vehicle_speed_kph"": 38.64}, {""ambient_temp_c"": 27.21, ""end_ms"": 49300, ""engine_load"": 0.5419, ""external_airflow_factor"": 0, ""road_slope_percent"": 0, ""start_ms"": 18100, ""vehicle_speed_kph"": 56}, {""ambient_temp_c"": 27.21, ""end_ms"": 87100, ""engine_load"": 0.44977700000000004, ""external_airflow_factor"": 0, ""road_slope_percent"": 0, ""start_ms"": 49300, ""vehicle_speed_kph"": 46.48}, {""ambient_temp_c"": 27.21, ""end_ms"": 120000, ""engine_load"": 0.5148050000000001, ""external_airflow_factor"": 0, ""road_slope_percent"": 0, ""start_ms"": 87100, ""vehicle_speed_kph"": 53.199999999999996}]",[],static_target,1819,120000,0:0:6000,6c77cd00342ee61aa691255176a9463f91782d3446cecceed1383cb1b0528ad6,903232107bdcf92a4d78ef2648ea086fd0719d82f509d75480ca9f69c26a1a49,0
current_0563,COMMUNICATION,dropped_update,transient,7,0,26800,18500,operating_family_4,development-validation,current_profile_0563,"[{""ambient_temp_c"": 27.213, ""end_ms"": 18100, ""engine_load"": 0.3740283, ""external_airflow_factor"": 0, ""road_slope_percent"": 0, ""start_ms"": 0, ""vehicle_speed_kph"": 38.64}, {""ambient_temp_c"": 27.213, ""end_ms"": 49300, ""engine_load"": 0.54207, ""external_airflow_factor"": 0, ""road_slope_percent"": 0, ""start_ms"": 18100, ""vehicle_speed_kph"": 56}, {""ambient_temp_c"": 27.213, ""end_ms"": 87100, ""engine_load"": 0.44991810000000004, ""external_airflow_factor"": 0, ""road_slope_percent"": 0, ""start_ms"": 49300, ""vehicle_speed_kph"": 46.48}, {""ambient_temp_c"": 27.213, ""end_ms"": 120000, ""engine_load"": 0.5149665, ""external_airflow_factor"": 0, ""road_slope_percent"": 0, ""start_ms"": 87100, ""vehicle_speed_kph"": 53.199999999999996}]","[[30000, 99], [60000, 92]]",authorized_updates,1820,120000,0:0:6000,c767c0f71816c44fdffb2d176c79571ecbb4a81a546e6f89abdb36350b972855,390ca6632ca557b8c37a3dbd818b118a1ea24256e64d00c4dd1d1e974bed728d,0
current_0564,COMMUNICATION,dropped_update,intermittent,1,0,24700,9700,operating_family_4,development-validation,current_profile_0564,"[{""ambient_temp_c"": 27.216, ""end_ms"": 18100, ""engine_load"": 0.3741456, ""external_airflow_factor"": 0, ""road_slope_percent"": 0, ""start_ms"": 0, ""vehicle_speed_kph"": 38.64}, {""ambient_temp_c"": 27.216, ""end_ms"": 49300, ""engine_load"": 0.54224, ""external_airflow_factor"": 0, ""road_slope_percent"": 0, ""start_ms"": 18100, ""vehicle_speed_kph"": 56}, {""ambient_temp_c"": 27.216, ""end_ms"": 87100, ""engine_load"": 0.45005920000000005, ""external_airflow_factor"": 0, ""road_slope_percent"": 0, ""start_ms"": 49300, ""vehicle_speed_kph"": 46.48}, {""ambient_temp_c"": 27.216, ""end_ms"": 120000, ""engine_load"": 0.515128, ""external_airflow_factor"": 0, ""road_slope_percent"": 0, ""start_ms"": 87100, ""vehicle_speed_kph"": 53.199999999999996}]",[],static_target,1821,120000,0:0:6000,8ea6b48b079bcdbf4363bd67912d1693d68b69907130bd04aad1a19501d3dc26,6e5eccad2995b640d2749d5117cb03d80e7091f69fed66908ab9c856af834df9,0
current_0565,COMMUNICATION,dropped_update,intermittent,3,0,25000,13700,operating_family_4,development-validation,current_profile_0565,"[{""ambient_temp_c"": 27.219, ""end_ms"": 18100, ""engine_load"": 0.3742629, ""external_airflow_factor"": 0, ""road_slope_percent"": 0, ""start_ms"": 0, ""vehicle_speed_kph"": 38.64}, {""ambient_temp_c"": 27.219, ""end_ms"": 49300, ""engine_load"": 0.5424100000000001, ""external_airflow_factor"": 0, ""road_slope_percent"": 0, ""start_ms"": 18100, ""vehicle_speed_kph"": 56}, {""ambient_temp_c"": 27.219, ""end_ms"": 87100, ""engine_load"": 0.45020030000000005, ""external_airflow_factor"": 0, ""road_slope_percent"": 0, ""start_ms"": 49300, ""vehicle_speed_kph"": 46.48}, {""ambient_temp_c"": 27.219, ""end_ms"": 120000, ""engine_load"": 0.5152895000000001, ""external_airflow_factor"": 0, ""road_slope_percent"": 0, ""start_ms"": 87100, ""vehicle_speed_kph"": 53.199999999999996}]","[[30000, 99], [60000, 92]]",authorized_updates,1822,120000,0:0:6000,43f45bbbb2d4b240864835d7e9926455b66369a3cd2772ccbca4d99bc4acc862,014cc5e4b0faba77465e9ef47e2070293a48121a4d7e20a0e8b51064104b87bd,0
current_0566,COMMUNICATION,dropped_update,intermittent,7,0,25300,18500,operating_family_4,development-validation,current_profile_0566,"[{""ambient_temp_c"": 27.222, ""end_ms"": 18100, ""engine_load"": 0.3743802, ""external_airflow_factor"": 0, ""road_slope_percent"": 0, ""start_ms"": 0, ""vehicle_speed_kph"": 38.64}, {""ambient_temp_c"": 27.222, ""end_ms"": 49300, ""engine_load"": 0.5425800000000001, ""external_airflow_factor"": 0, ""road_slope_percent"": 0, ""start_ms"": 18100, ""vehicle_speed_kph"": 56}, {""ambient_temp_c"": 27.222, ""end_ms"": 87100, ""engine_load"": 0.4503414, ""external_airflow_factor"": 0, ""road_slope_percent"": 0, ""start_ms"": 49300, ""vehicle_speed_kph"": 46.48}, {""ambient_temp_c"": 27.222, ""end_ms"": 120000, ""engine_load"": 0.515451, ""external_airflow_factor"": 0, ""road_slope_percent"": 0, ""start_ms"": 87100, ""vehicle_speed_kph"": 53.199999999999996}]",[],static_target,1823,120000,0:0:6000,ba7c7abd6a3b9a6085a6cd2478b2665f56ac550d27989636ef35b8eda693e038,0058ea04f4b8b44c3d0460a8ee4e91f1fa45f97fceb535ce495b86f098c55fbb,0
current_0567,COMMUNICATION,dropped_update,permanent,1,0,25600,9700,operating_family_4,development-validation,current_profile_0567,"[{""ambient_temp_c"": 27.225, ""end_ms"": 18100, ""engine_load"": 0.37449750000000004, ""external_airflow_factor"": 0, ""road_slope_percent"": 0, ""start_ms"": 0, ""vehicle_speed_kph"": 38.64}, {""ambient_temp_c"": 27.225, ""end_ms"": 49300, ""engine_load"": 0.5427500000000001, ""external_airflow_factor"": 0, ""road_slope_percent"": 0, ""start_ms"": 18100, ""vehicle_speed_kph"": 56}, {""ambient_temp_c"": 27.225, ""end_ms"": 87100, ""engine_load"": 0.4504825, ""external_airflow_factor"": 0, ""road_slope_percent"": 0, ""start_ms"": 49300, ""vehicle_speed_kph"": 46.48}, {""ambient_temp_c"": 27.225, ""end_ms"": 120000, ""engine_load"": 0.5156125, ""external_airflow_factor"": 0, ""road_slope_percent"": 0, ""start_ms"": 87100, ""vehicle_speed_kph"": 53.199999999999996}]","[[30000, 99], [60000, 92]]",authorized_updates,1824,120000,0:0:6000,b2557f099f477381e377e7015a14c3aa27f02340d0ec8a7750faee4676334ea0,3d8c338365b717e20e94262cb308885ae45a727d9df4a2d3507a7069bdb8aaec,0
current_0568,COMMUNICATION,dropped_update,permanent,3,0,25900,13700,operating_family_4,development-validation,current_profile_0568,"[{""ambient_temp_c"": 27.228, ""end_ms"": 18100, ""engine_load"": 0.3746148, ""external_airflow_factor"": 0, ""road_slope_percent"": 0, ""start_ms"": 0, ""vehicle_speed_kph"": 38.64}, {""ambient_temp_c"": 27.228, ""end_ms"": 49300, ""engine_load"": 0.5429200000000001, ""external_airflow_factor"": 0, ""road_slope_percent"": 0, ""start_ms"": 18100, ""vehicle_speed_kph"": 56}, {""ambient_temp_c"": 27.228, ""end_ms"": 87100, ""engine_load"": 0.4506236, ""external_airflow_factor"": 0, ""road_slope_percent"": 0, ""start_ms"": 49300, ""vehicle_speed_kph"": 46.48}, {""ambient_temp_c"": 27.228, ""end_ms"": 120000, ""engine_load"": 0.5157740000000001, ""external_airflow_factor"": 0, ""road_slope_percent"": 0, ""start_ms"": 87100, ""vehicle_speed_kph"": 53.199999999999996}]",[],static_target,1825,120000,0:0:6000,ba80ff087282f505f0c8323cb0df92d656800045dbd7b93dcdf2ec58681265e5,50548b065622d2af63e1d176e27b781846ade6d248de3ef4f88e8d6f3c5b38b7,0
current_0569,COMMUNICATION,dropped_update,permanent,7,0,26200,18500,operating_family_4,development-validation,current_profile_0569,"[{""ambient_temp_c"": 27.231, ""end_ms"": 18100, ""engine_load"": 0.3747321, ""external_airflow_factor"": 0, ""road_slope_percent"": 0, ""start_ms"": 0, ""vehicle_speed_kph"": 38.64}, {""ambient_temp_c"": 27.231, ""end_ms"": 49300, ""engine_load"": 0.5430900000000001, ""external_airflow_factor"": 0, ""road_slope_percent"": 0, ""start_ms"": 18100, ""vehicle_speed_kph"": 56}, {""ambient_temp_c"": 27.231, ""end_ms"": 87100, ""engine_load"": 0.4507647, ""external_airflow_factor"": 0, ""road_slope_percent"": 0, ""start_ms"": 49300, ""vehicle_speed_kph"": 46.48}, {""ambient_temp_c"": 27.231, ""end_ms"": 120000, ""engine_load"": 0.5159355, ""external_airflow_factor"": 0, ""road_slope_percent"": 0, ""start_ms"": 87100, ""vehicle_speed_kph"": 53.199999999999996}]","[[30000, 99], [60000, 92]]",authorized_updates,1826,120000,0:0:6000,81dd3eece6444eb90cce34826c80e530e90a8bb1b9cfa66bd93be451dabb9076,5193389d5365601b1becf86c2f48e1b9a136a4549c088be7252d7db31cb1388c,0
current_0570,COMMUNICATION,replayed_sample,transient,100,0,26500,9700,operating_family_4,development-validation,current_profile_0570,"[{""ambient_temp_c"": 27.234, ""end_ms"": 18100, ""engine_load"": 0.3748494, ""external_airflow_factor"": 0, ""road_slope_percent"": 0, ""start_ms"": 0, ""vehicle_speed_kph"": 38.64}, {""ambient_temp_c"": 27.234, ""end_ms"": 49300, ""engine_load"": 0.5432600000000001, ""external_airflow_factor"": 0, ""road_slope_percent"": 0, ""start_ms"": 18100, ""vehicle_speed_kph"": 56}, {""ambient_temp_c"": 27.234, ""end_ms"": 87100, ""engine_load"": 0.4509058, ""external_airflow_factor"": 0, ""road_slope_percent"": 0, ""start_ms"": 49300, ""vehicle_speed_kph"": 46.48}, {""ambient_temp_c"": 27.234, ""end_ms"": 120000, ""engine_load"": 0.516097, ""external_airflow_factor"": 0, ""road_slope_percent"": 0, ""start_ms"": 87100, ""vehicle_speed_kph"": 53.199999999999996}]",[],static_target,1827,120000,0:0:6000,d787b21eee6864fac4c18317409d254d48e8c57ca0c5d6b4b9266b5cb2fae7f8,691d35c4d857c1c12142a09c62b8c5868b5a66af937d94715bbf1845a63cbedd,0
current_0571,COMMUNICATION,replayed_sample,transient,300,0,26800,13700,operating_family_4,development-validation,current_profile_0571,"[{""ambient_temp_c"": 27.237, ""end_ms"": 18100, ""engine_load"": 0.37496670000000004, ""external_airflow_factor"": 0, ""road_slope_percent"": 0, ""start_ms"": 0, ""vehicle_speed_kph"": 38.64}, {""ambient_temp_c"": 27.237, ""end_ms"": 49300, ""engine_load"": 0.5434300000000001, ""external_airflow_factor"": 0, ""road_slope_percent"": 0, ""start_ms"": 18100, ""vehicle_speed_kph"": 56}, {""ambient_temp_c"": 27.237, ""end_ms"": 87100, ""engine_load"": 0.45104690000000003, ""external_airflow_factor"": 0, ""road_slope_percent"": 0, ""start_ms"": 49300, ""vehicle_speed_kph"": 46.48}, {""ambient_temp_c"": 27.237, ""end_ms"": 120000, ""engine_load"": 0.5162585000000001, ""external_airflow_factor"": 0, ""road_slope_percent"": 0, ""start_ms"": 87100, ""vehicle_speed_kph"": 53.199999999999996}]","[[30000, 99], [60000, 92]]",authorized_updates,1828,120000,0:0:6000,db72250a2c0aab90c577ee08ce32c389d81e3b0aa12888fc9270a07b9e27c4ed,5b51223e3473beb688e49769cc9f44fd788df8e029979b9c19230dfcb62b6996,0
current_0572,COMMUNICATION,replayed_sample,transient,1300,0,24700,18500,operating_family_4,development-validation,current_profile_0572,"[{""ambient_temp_c"": 27.24, ""end_ms"": 18100, ""engine_load"": 0.37508400000000003, ""external_airflow_factor"": 0, ""road_slope_percent"": 0, ""start_ms"": 0, ""vehicle_speed_kph"": 38.64}, {""ambient_temp_c"": 27.24, ""end_ms"": 49300, ""engine_load"": 0.5436000000000001, ""external_airflow_factor"": 0, ""road_slope_percent"": 0, ""start_ms"": 18100, ""vehicle_speed_kph"": 56}, {""ambient_temp_c"": 27.24, ""end_ms"": 87100, ""engine_load"": 0.45118800000000003, ""external_airflow_factor"": 0, ""road_slope_percent"": 0, ""start_ms"": 49300, ""vehicle_speed_kph"": 46.48}, {""ambient_temp_c"": 27.24, ""end_ms"": 120000, ""engine_load"": 0.5164200000000001, ""external_airflow_factor"": 0, ""road_slope_percent"": 0, ""start_ms"": 87100, ""vehicle_speed_kph"": 53.199999999999996}]",[],static_target,1829,120000,0:0:6000,789da2fee2ef9e66b5fead6850f9a5e281a34c914ea2bf5ed4ee3e0bb9dd646e,16d43d26f9cb78c7da0393ea21490bbc5f88a9320d243b53de92da6961f2e71f,0
current_0573,COMMUNICATION,replayed_sample,intermittent,100,0,25000,9700,operating_family_4,development-validation,current_profile_0573,"[{""ambient_temp_c"": 27.243, ""end_ms"": 18100, ""engine_load"": 0.37520129999999996, ""external_airflow_factor"": 0, ""road_slope_percent"": 0, ""start_ms"": 0, ""vehicle_speed_kph"": 38.64}, {""ambient_temp_c"": 27.243, ""end_ms"": 49300, ""engine_load"": 0.54377, ""external_airflow_factor"": 0, ""road_slope_percent"": 0, ""start_ms"": 18100, ""vehicle_speed_kph"": 56}, {""ambient_temp_c"": 27.243, ""end_ms"": 87100, ""engine_load"": 0.4513291, ""external_airflow_factor"": 0, ""road_slope_percent"": 0, ""start_ms"": 49300, ""vehicle_speed_kph"": 46.48}, {""ambient_temp_c"": 27.243, ""end_ms"": 120000, ""engine_load"": 0.5165814999999999, ""external_airflow_factor"": 0, ""road_slope_percent"": 0, ""start_ms"": 87100, ""vehicle_speed_kph"": 53.199999999999996}]","[[30000, 99], [60000, 92]]",authorized_updates,1830,120000,0:0:6000,23a2f97d9d081c74f8553ccb92fa4a5a7ee5098151acbcdd2c77e608367d277e,90d956c6064a87b584dbb585986fbadf2f5c46dfff43f704596146b387b2b6c9,0
current_0574,COMMUNICATION,replayed_sample,intermittent,300,0,25300,13700,operating_family_4,development-validation,current_profile_0574,"[{""ambient_temp_c"": 27.246, ""end_ms"": 18100, ""engine_load"": 0.37531859999999995, ""external_airflow_factor"": 0, ""road_slope_percent"": 0, ""start_ms"": 0, ""vehicle_speed_kph"": 38.64}, {""ambient_temp_c"": 27.246, ""end_ms"": 49300, ""engine_load"": 0.54394, ""external_airflow_factor"": 0, ""road_slope_percent"": 0, ""start_ms"": 18100, ""vehicle_speed_kph"": 56}, {""ambient_temp_c"": 27.246, ""end_ms"": 87100, ""engine_load"": 0.4514702, ""external_airflow_factor"": 0, ""road_slope_percent"": 0, ""start_ms"": 49300, ""vehicle_speed_kph"": 46.48}, {""ambient_temp_c"": 27.246, ""end_ms"": 120000, ""engine_load"": 0.516743, ""external_airflow_factor"": 0, ""road_slope_percent"": 0, ""start_ms"": 87100, ""vehicle_speed_kph"": 53.199999999999996}]",[],static_target,1831,120000,0:0:6000,0db7d16d19791825d9c9257b9753539fe2505d8443f119635c77533f5b71f339,2204916ae735facde52885c9483c64cf0adde895d0fb8d634f6210e97207e764,0
current_0575,COMMUNICATION,replayed_sample,intermittent,1300,0,25600,18500,operating_family_4,development-validation,current_profile_0575,"[{""ambient_temp_c"": 27.249, ""end_ms"": 18100, ""engine_load"": 0.37543589999999993, ""external_airflow_factor"": 0, ""road_slope_percent"": 0, ""start_ms"": 0, ""vehicle_speed_kph"": 38.64}, {""ambient_temp_c"": 27.249, ""end_ms"": 49300, ""engine_load"": 0.54411, ""external_airflow_factor"": 0, ""road_slope_percent"": 0, ""start_ms"": 18100, ""vehicle_speed_kph"": 56}, {""ambient_temp_c"": 27.249, ""end_ms"": 87100, ""engine_load"": 0.45161129999999994, ""external_airflow_factor"": 0, ""road_slope_percent"": 0, ""start_ms"": 49300, ""vehicle_speed_kph"": 46.48}, {""ambient_temp_c"": 27.249, ""end_ms"": 120000, ""engine_load"": 0.5169045, ""external_airflow_factor"": 0, ""road_slope_percent"": 0, ""start_ms"": 87100, ""vehicle_speed_kph"": 53.199999999999996}]","[[30000, 99], [60000, 92]]",authorized_updates,1832,120000,0:0:6000,8777e5ffce1b870e791bc7c96f8c7a113b542b1aaa351e81649c56f29b0eb262,750c33c12daf2cbcec4171e5ccf6961ba0161b5cac249ea4511b65eafabda5ea,0
current_0576,COMMUNICATION,replayed_sample,permanent,100,0,25900,9700,operating_family_4,development-validation,current_profile_0576,"[{""ambient_temp_c"": 27.252, ""end_ms"": 18100, ""engine_load"": 0.3755532, ""external_airflow_factor"": 0, ""road_slope_percent"": 0, ""start_ms"": 0, ""vehicle_speed_kph"": 38.64}, {""ambient_temp_c"": 27.252, ""end_ms"": 49300, ""engine_load"": 0.54428, ""external_airflow_factor"": 0, ""road_slope_percent"": 0, ""start_ms"": 18100, ""vehicle_speed_kph"": 56}, {""ambient_temp_c"": 27.252, ""end_ms"": 87100, ""engine_load"": 0.45175239999999994, ""external_airflow_factor"": 0, ""road_slope_percent"": 0, ""start_ms"": 49300, ""vehicle_speed_kph"": 46.48}, {""ambient_temp_c"": 27.252, ""end_ms"": 120000, ""engine_load"": 0.5170659999999999, ""external_airflow_factor"": 0, ""road_slope_percent"": 0, ""start_ms"": 87100, ""vehicle_speed_kph"": 53.199999999999996}]",[],static_target,1833,120000,0:0:6000,19dd9f499167bd23b9982812e9bc725ecec5ddbe5dce4b4908f25602048a2bd1,6ce84d9eb754b05378eca42e5210498efae05c2f97bb9c94e8590f82cfec61f1,0
current_0577,COMMUNICATION,replayed_sample,permanent,300,0,26200,13700,operating_family_4,development-validation,current_profile_0577,"[{""ambient_temp_c"": 27.255, ""end_ms"": 18100, ""engine_load"": 0.37567049999999996, ""external_airflow_factor"": 0, ""road_slope_percent"": 0, ""start_ms"": 0, ""vehicle_speed_kph"": 38.64}, {""ambient_temp_c"": 27.255, ""end_ms"": 49300, ""engine_load"": 0.54445, ""external_airflow_factor"": 0, ""road_slope_percent"": 0, ""start_ms"": 18100, ""vehicle_speed_kph"": 56}, {""ambient_temp_c"": 27.255, ""end_ms"": 87100, ""engine_load"": 0.45189349999999995, ""external_airflow_factor"": 0, ""road_slope_percent"": 0, ""start_ms"": 49300, ""vehicle_speed_kph"": 46.48}, {""ambient_temp_c"": 27.255, ""end_ms"": 120000, ""engine_load"": 0.5172275, ""external_airflow_factor"": 0, ""road_slope_percent"": 0, ""start_ms"": 87100, ""vehicle_speed_kph"": 53.199999999999996}]","[[30000, 99], [60000, 92]]",authorized_updates,1834,120000,0:0:6000,13a239e77f741934262c4e0e10d692c2021fa90242c45887a72c2673d89de818,4eb46c5275652d7a75ee19143e36171acc02cab8aa179cc87800f267a5143302,0
current_0578,COMMUNICATION,replayed_sample,permanent,1300,0,26500,18500,operating_family_4,development-validation,current_profile_0578,"[{""ambient_temp_c"": 27.258, ""end_ms"": 18100, ""engine_load"": 0.37578779999999995, ""external_airflow_factor"": 0, ""road_slope_percent"": 0, ""start_ms"": 0, ""vehicle_speed_kph"": 38.64}, {""ambient_temp_c"": 27.258, ""end_ms"": 49300, ""engine_load"": 0.54462, ""external_airflow_factor"": 0, ""road_slope_percent"": 0, ""start_ms"": 18100, ""vehicle_speed_kph"": 56}, {""ambient_temp_c"": 27.258, ""end_ms"": 87100, ""engine_load"": 0.45203459999999995, ""external_airflow_factor"": 0, ""road_slope_percent"": 0, ""start_ms"": 49300, ""vehicle_speed_kph"": 46.48}, {""ambient_temp_c"": 27.258, ""end_ms"": 120000, ""engine_load"": 0.517389, ""external_airflow_factor"": 0, ""road_slope_percent"": 0, ""start_ms"": 87100, ""vehicle_speed_kph"": 53.199999999999996}]",[],static_target,1835,120000,0:0:6000,da91c8092bcd858e5ee13c44ece4c138ff609eb602ee998f637696ad8990ff63,58e7ec1b9e12152def6662805e982e939ea1a622971bdabc80000e398bf5ae8d,0
current_0579,ACTUATOR,pump_degraded,transient,0.968,0,26800,9700,operating_family_4,development-validation,current_profile_0579,"[{""ambient_temp_c"": 27.261, ""end_ms"": 18100, ""engine_load"": 0.3759051, ""external_airflow_factor"": 0, ""road_slope_percent"": 0, ""start_ms"": 0, ""vehicle_speed_kph"": 38.64}, {""ambient_temp_c"": 27.261, ""end_ms"": 49300, ""engine_load"": 0.54479, ""external_airflow_factor"": 0, ""road_slope_percent"": 0, ""start_ms"": 18100, ""vehicle_speed_kph"": 56}, {""ambient_temp_c"": 27.261, ""end_ms"": 87100, ""engine_load"": 0.45217569999999996, ""external_airflow_factor"": 0, ""road_slope_percent"": 0, ""start_ms"": 49300, ""vehicle_speed_kph"": 46.48}, {""ambient_temp_c"": 27.261, ""end_ms"": 120000, ""engine_load"": 0.5175505, ""external_airflow_factor"": 0, ""road_slope_percent"": 0, ""start_ms"": 87100, ""vehicle_speed_kph"": 53.199999999999996}]","[[30000, 99], [60000, 92]]",authorized_updates,1836,120000,0:0:6000,b11be2f8608f037e91d5a06396a8a2e9313bbed43d7658d1252c5cb16183d7cf,4c03887034f467ff35f3fbd856af89fc02b76a8a1e32a3e990f8f0ade9f8766e,0
current_0580,ACTUATOR,pump_degraded,transient,0.69,0,24700,13700,operating_family_4,development-validation,current_profile_0580,"[{""ambient_temp_c"": 27.264, ""end_ms"": 18100, ""engine_load"": 0.3760224, ""external_airflow_factor"": 0, ""road_slope_percent"": 0, ""start_ms"": 0, ""vehicle_speed_kph"": 38.64}, {""ambient_temp_c"": 27.264, ""end_ms"": 49300, ""engine_load"": 0.54496, ""external_airflow_factor"": 0, ""road_slope_percent"": 0, ""start_ms"": 18100, ""vehicle_speed_kph"": 56}, {""ambient_temp_c"": 27.264, ""end_ms"": 87100, ""engine_load"": 0.45231679999999996, ""external_airflow_factor"": 0, ""road_slope_percent"": 0, ""start_ms"": 49300, ""vehicle_speed_kph"": 46.48}, {""ambient_temp_c"": 27.264, ""end_ms"": 120000, ""engine_load"": 0.517712, ""external_airflow_factor"": 0, ""road_slope_percent"": 0, ""start_ms"": 87100, ""vehicle_speed_kph"": 53.199999999999996}]",[],static_target,1837,120000,0:0:6000,32b3da4d8c5193c8f17734f0e0d65fd189d6abac0d18ef35f05fd5ec7ef26fe9,ae04963ccfb5069ef354002ea23cc55e970e8fc7346bcf361d97dfb9987ece36,0
current_0581,ACTUATOR,pump_degraded,intermittent,0.968,0,25000,18500,operating_family_4,development-validation,current_profile_0581,"[{""ambient_temp_c"": 27.267, ""end_ms"": 18100, ""engine_load"": 0.37613969999999997, ""external_airflow_factor"": 0, ""road_slope_percent"": 0, ""start_ms"": 0, ""vehicle_speed_kph"": 38.64}, {""ambient_temp_c"": 27.267, ""end_ms"": 49300, ""engine_load"": 0.54513, ""external_airflow_factor"": 0, ""road_slope_percent"": 0, ""start_ms"": 18100, ""vehicle_speed_kph"": 56}, {""ambient_temp_c"": 27.267, ""end_ms"": 87100, ""engine_load"": 0.45245789999999997, ""external_airflow_factor"": 0, ""road_slope_percent"": 0, ""start_ms"": 49300, ""vehicle_speed_kph"": 46.48}, {""ambient_temp_c"": 27.267, ""end_ms"": 120000, ""engine_load"": 0.5178735, ""external_airflow_factor"": 0, ""road_slope_percent"": 0, ""start_ms"": 87100, ""vehicle_speed_kph"": 53.199999999999996}]","[[30000, 99], [60000, 92]]",authorized_updates,1838,120000,0:0:6000,30a74a22e81569aa81dd303b4c24a69a3607d1461a10bb579fd4f587ac92c4a8,7538050ba3186e12c042ec65ae4731f09730a6923cecc987791fddd12af8b3ed,0
current_0582,ACTUATOR,pump_degraded,intermittent,0.69,0,25300,9700,operating_family_4,development-validation,current_profile_0582,"[{""ambient_temp_c"": 27.27, ""end_ms"": 18100, ""engine_load"": 0.37625699999999995, ""external_airflow_factor"": 0, ""road_slope_percent"": 0, ""start_ms"": 0, ""vehicle_speed_kph"": 38.64}, {""ambient_temp_c"": 27.27, ""end_ms"": 49300, ""engine_load"": 0.5453, ""external_airflow_factor"": 0, ""road_slope_percent"": 0, ""start_ms"": 18100, ""vehicle_speed_kph"": 56}, {""ambient_temp_c"": 27.27, ""end_ms"": 87100, ""engine_load"": 0.452599, ""external_airflow_factor"": 0, ""road_slope_percent"": 0, ""start_ms"": 49300, ""vehicle_speed_kph"": 46.48}, {""ambient_temp_c"": 27.27, ""end_ms"": 120000, ""engine_load"": 0.518035, ""external_airflow_factor"": 0, ""road_slope_percent"": 0, ""start_ms"": 87100, ""vehicle_speed_kph"": 53.199999999999996}]",[],static_target,1839,120000,0:0:6000,ec85b92fd8c75f5a8acb12ff1adbb743b9ded509b3d5311e3056e7aea350af6e,9dae781e6c294597ab145b2992a4d007183eca57537b39b892c9683b7a6421d4,0
current_0583,ACTUATOR,pump_degraded,permanent,0.968,0,25600,13700,operating_family_4,development-validation,current_profile_0583,"[{""ambient_temp_c"": 27.273, ""end_ms"": 18100, ""engine_load"": 0.3763743, ""external_airflow_factor"": 0, ""road_slope_percent"": 0, ""start_ms"": 0, ""vehicle_speed_kph"": 38.64}, {""ambient_temp_c"": 27.273, ""end_ms"": 49300, ""engine_load"": 0.54547, ""external_airflow_factor"": 0, ""road_slope_percent"": 0, ""start_ms"": 18100, ""vehicle_speed_kph"": 56}, {""ambient_temp_c"": 27.273, ""end_ms"": 87100, ""engine_load"": 0.4527401, ""external_airflow_factor"": 0, ""road_slope_percent"": 0, ""start_ms"": 49300, ""vehicle_speed_kph"": 46.48}, {""ambient_temp_c"": 27.273, ""end_ms"": 120000, ""engine_load"": 0.5181965, ""external_airflow_factor"": 0, ""road_slope_percent"": 0, ""start_ms"": 87100, ""vehicle_speed_kph"": 53.199999999999996}]","[[30000, 99], [60000, 92]]",authorized_updates,1840,120000,0:0:6000,fe2e2d7aaacb7b595cafda2f8c1cf314c3cd582b0ce9cbb82acae41f5e4884f4,8efdb8a84f243b5a9b3b20a24da1cb780cb506cf1b0d506292f2b1cef2948e74,0
current_0584,ACTUATOR,pump_degraded,permanent,0.69,0,25900,18500,operating_family_4,development-validation,current_profile_0584,"[{""ambient_temp_c"": 27.276, ""end_ms"": 18100, ""engine_load"": 0.3764916, ""external_airflow_factor"": 0, ""road_slope_percent"": 0, ""start_ms"": 0, ""vehicle_speed_kph"": 38.64}, {""ambient_temp_c"": 27.276, ""end_ms"": 49300, ""engine_load"": 0.54564, ""external_airflow_factor"": 0, ""road_slope_percent"": 0, ""start_ms"": 18100, ""vehicle_speed_kph"": 56}, {""ambient_temp_c"": 27.276, ""end_ms"": 87100, ""engine_load"": 0.4528812, ""external_airflow_factor"": 0, ""road_slope_percent"": 0, ""start_ms"": 49300, ""vehicle_speed_kph"": 46.48}, {""ambient_temp_c"": 27.276, ""end_ms"": 120000, ""engine_load"": 0.518358, ""external_airflow_factor"": 0, ""road_slope_percent"": 0, ""start_ms"": 87100, ""vehicle_speed_kph"": 53.199999999999996}]",[],static_target,1841,120000,0:0:6000,3e988db554d12e1992e92d974952ae7e3c1b7cef9bbdfa7e76f9af4eee68d3d4,104a4a2c39b537d85135d7534b0304465ec0a6015331287f1e70d38d99417bc5,0
current_0585,ACTUATOR,fan_stuck_off,transient,0,0,26200,9700,operating_family_4,development-validation,current_profile_0585,"[{""ambient_temp_c"": 27.279, ""end_ms"": 18100, ""engine_load"": 0.37660889999999997, ""external_airflow_factor"": 0, ""road_slope_percent"": 0, ""start_ms"": 0, ""vehicle_speed_kph"": 38.64}, {""ambient_temp_c"": 27.279, ""end_ms"": 49300, ""engine_load"": 0.54581, ""external_airflow_factor"": 0, ""road_slope_percent"": 0, ""start_ms"": 18100, ""vehicle_speed_kph"": 56}, {""ambient_temp_c"": 27.279, ""end_ms"": 87100, ""engine_load"": 0.4530223, ""external_airflow_factor"": 0, ""road_slope_percent"": 0, ""start_ms"": 49300, ""vehicle_speed_kph"": 46.48}, {""ambient_temp_c"": 27.279, ""end_ms"": 120000, ""engine_load"": 0.5185195, ""external_airflow_factor"": 0, ""road_slope_percent"": 0, ""start_ms"": 87100, ""vehicle_speed_kph"": 53.199999999999996}]","[[30000, 99], [60000, 92]]",authorized_updates,1842,120000,0:0:6000,4519fd1457144c3037ca978ac42a33fde8b8443038ddd8b575b738b91af20265,1298392089003075a329586018d7e65d551d439ecf03ac484e002b5cfa4434eb,0
current_0586,ACTUATOR,fan_stuck_off,transient,0,0,26500,13700,operating_family_4,development-validation,current_profile_0586,"[{""ambient_temp_c"": 27.282, ""end_ms"": 18100, ""engine_load"": 0.3767262, ""external_airflow_factor"": 0, ""road_slope_percent"": 0, ""start_ms"": 0, ""vehicle_speed_kph"": 38.64}, {""ambient_temp_c"": 27.282, ""end_ms"": 49300, ""engine_load"": 0.54598, ""external_airflow_factor"": 0, ""road_slope_percent"": 0, ""start_ms"": 18100, ""vehicle_speed_kph"": 56}, {""ambient_temp_c"": 27.282, ""end_ms"": 87100, ""engine_load"": 0.4531634, ""external_airflow_factor"": 0, ""road_slope_percent"": 0, ""start_ms"": 49300, ""vehicle_speed_kph"": 46.48}, {""ambient_temp_c"": 27.282, ""end_ms"": 120000, ""engine_load"": 0.518681, ""external_airflow_factor"": 0, ""road_slope_percent"": 0, ""start_ms"": 87100, ""vehicle_speed_kph"": 53.199999999999996}]",[],static_target,1843,120000,0:0:6000,4d0d48a5f103b54b245b2dad115ca4a4ecc38a34271b83e3fe8135744298ece8,a23e2bd468d8627a23ad1164e02abe07793a2620ef59eee07f67f02822187230,0
current_0587,ACTUATOR,fan_stuck_off,intermittent,0,0,26800,18500,operating_family_4,development-validation,current_profile_0587,"[{""ambient_temp_c"": 27.285, ""end_ms"": 18100, ""engine_load"": 0.3768435, ""external_airflow_factor"": 0, ""road_slope_percent"": 0, ""start_ms"": 0, ""vehicle_speed_kph"": 38.64}, {""ambient_temp_c"": 27.285, ""end_ms"": 49300, ""engine_load"": 0.54615, ""external_airflow_factor"": 0, ""road_slope_percent"": 0, ""start_ms"": 18100, ""vehicle_speed_kph"": 56}, {""ambient_temp_c"": 27.285, ""end_ms"": 87100, ""engine_load"": 0.4533045, ""external_airflow_factor"": 0, ""road_slope_percent"": 0, ""start_ms"": 49300, ""vehicle_speed_kph"": 46.48}, {""ambient_temp_c"": 27.285, ""end_ms"": 120000, ""engine_load"": 0.5188425, ""external_airflow_factor"": 0, ""road_slope_percent"": 0, ""start_ms"": 87100, ""vehicle_speed_kph"": 53.199999999999996}]","[[30000, 99], [60000, 92]]",authorized_updates,1844,120000,0:0:6000,10de7746439c20a93a4c8403de395527dc1b42cf941b21ae37eb9c10f3da679f,a3a341a47bb788c9a304360acb395c51fd91c7015d372964f4246fb82a2d659d,0
current_0588,ACTUATOR,fan_stuck_off,intermittent,0,0,24700,9700,operating_family_4,development-validation,current_profile_0588,"[{""ambient_temp_c"": 27.288, ""end_ms"": 18100, ""engine_load"": 0.3769608, ""external_airflow_factor"": 0, ""road_slope_percent"": 0, ""start_ms"": 0, ""vehicle_speed_kph"": 38.64}, {""ambient_temp_c"": 27.288, ""end_ms"": 49300, ""engine_load"": 0.54632, ""external_airflow_factor"": 0, ""road_slope_percent"": 0, ""start_ms"": 18100, ""vehicle_speed_kph"": 56}, {""ambient_temp_c"": 27.288, ""end_ms"": 87100, ""engine_load"": 0.4534456, ""external_airflow_factor"": 0, ""road_slope_percent"": 0, ""start_ms"": 49300, ""vehicle_speed_kph"": 46.48}, {""ambient_temp_c"": 27.288, ""end_ms"": 120000, ""engine_load"": 0.519004, ""external_airflow_factor"": 0, ""road_slope_percent"": 0, ""start_ms"": 87100, ""vehicle_speed_kph"": 53.199999999999996}]",[],static_target,1845,120000,0:0:6000,eecc1d969c0dc2989e9ee14d49809e93b3eca0946de61ef5702afbc2b60e04de,f78a19230c3252737f5c3dad2459f1416cc4cad0bef1132239c8b8f339710822,0
current_0589,ACTUATOR,fan_stuck_off,permanent,0,0,25000,13700,operating_family_4,development-validation,current_profile_0589,"[{""ambient_temp_c"": 27.291, ""end_ms"": 18100, ""engine_load"": 0.37707809999999997, ""external_airflow_factor"": 0, ""road_slope_percent"": 0, ""start_ms"": 0, ""vehicle_speed_kph"": 38.64}, {""ambient_temp_c"": 27.291, ""end_ms"": 49300, ""engine_load"": 0.54649, ""external_airflow_factor"": 0, ""road_slope_percent"": 0, ""start_ms"": 18100, ""vehicle_speed_kph"": 56}, {""ambient_temp_c"": 27.291, ""end_ms"": 87100, ""engine_load"": 0.4535867, ""external_airflow_factor"": 0, ""road_slope_percent"": 0, ""start_ms"": 49300, ""vehicle_speed_kph"": 46.48}, {""ambient_temp_c"": 27.291, ""end_ms"": 120000, ""engine_load"": 0.5191655000000001, ""external_airflow_factor"": 0, ""road_slope_percent"": 0, ""start_ms"": 87100, ""vehicle_speed_kph"": 53.199999999999996}]","[[30000, 99], [60000, 92]]",authorized_updates,1846,120000,0:0:6000,432192a8522fc09d008eef272f3850f3fe30898f81183fa743aa2e8bd04c65d1,8a44a0eb4399f8cd7e3b0121efe8ad9d40e5d19d7a6db48e954966f163377537,0
current_0590,ACTUATOR,fan_stuck_off,permanent,0,0,25300,18500,operating_family_4,development-validation,current_profile_0590,"[{""ambient_temp_c"": 27.294, ""end_ms"": 18100, ""engine_load"": 0.3771954, ""external_airflow_factor"": 0, ""road_slope_percent"": 0, ""start_ms"": 0, ""vehicle_speed_kph"": 38.64}, {""ambient_temp_c"": 27.294, ""end_ms"": 49300, ""engine_load"": 0.54666, ""external_airflow_factor"": 0, ""road_slope_percent"": 0, ""start_ms"": 18100, ""vehicle_speed_kph"": 56}, {""ambient_temp_c"": 27.294, ""end_ms"": 87100, ""engine_load"": 0.4537278, ""external_airflow_factor"": 0, ""road_slope_percent"": 0, ""start_ms"": 49300, ""vehicle_speed_kph"": 46.48}, {""ambient_temp_c"": 27.294, ""end_ms"": 120000, ""engine_load"": 0.519327, ""external_airflow_factor"": 0, ""road_slope_percent"": 0, ""start_ms"": 87100, ""vehicle_speed_kph"": 53.199999999999996}]",[],static_target,1847,120000,0:0:6000,25e40989da5cebe11c00405d099f53c54e47262ef4e98008d4cdd014c9b01564,cbd63c68b981d5e9077bbf62d32920ae6bacaac37e791249b3ca88fc9b8d37b3,0
current_0591,TIMING,deadline_miss,transient,0,0,25600,100,operating_family_4,development-validation,current_profile_0591,"[{""ambient_temp_c"": 27.297, ""end_ms"": 18100, ""engine_load"": 0.3773127, ""external_airflow_factor"": 0, ""road_slope_percent"": 0, ""start_ms"": 0, ""vehicle_speed_kph"": 38.64}, {""ambient_temp_c"": 27.297, ""end_ms"": 49300, ""engine_load"": 0.54683, ""external_airflow_factor"": 0, ""road_slope_percent"": 0, ""start_ms"": 18100, ""vehicle_speed_kph"": 56}, {""ambient_temp_c"": 27.297, ""end_ms"": 87100, ""engine_load"": 0.4538689, ""external_airflow_factor"": 0, ""road_slope_percent"": 0, ""start_ms"": 49300, ""vehicle_speed_kph"": 46.48}, {""ambient_temp_c"": 27.297, ""end_ms"": 120000, ""engine_load"": 0.5194885, ""external_airflow_factor"": 0, ""road_slope_percent"": 0, ""start_ms"": 87100, ""vehicle_speed_kph"": 53.199999999999996}]","[[30000, 99], [60000, 92]]",authorized_updates,1848,120000,0:0:6000,42a707a9939147cf15000910256b085e9e14effa9643d4ca184910dcf7b19cb8,2b0c02be1aa80d088e55b9ff6be6d6be8fe2fe55b3b72754eb7bee7553d09a14,0
current_0592,TIMING,deadline_miss,intermittent,0,0,25900,13700,operating_family_4,development-validation,current_profile_0592,"[{""ambient_temp_c"": 27.3, ""end_ms"": 18100, ""engine_load"": 0.37743, ""external_airflow_factor"": 0, ""road_slope_percent"": 0, ""start_ms"": 0, ""vehicle_speed_kph"": 38.64}, {""ambient_temp_c"": 27.3, ""end_ms"": 49300, ""engine_load"": 0.547, ""external_airflow_factor"": 0, ""road_slope_percent"": 0, ""start_ms"": 18100, ""vehicle_speed_kph"": 56}, {""ambient_temp_c"": 27.3, ""end_ms"": 87100, ""engine_load"": 0.45401, ""external_airflow_factor"": 0, ""road_slope_percent"": 0, ""start_ms"": 49300, ""vehicle_speed_kph"": 46.48}, {""ambient_temp_c"": 27.3, ""end_ms"": 120000, ""engine_load"": 0.5196500000000001, ""external_airflow_factor"": 0, ""road_slope_percent"": 0, ""start_ms"": 87100, ""vehicle_speed_kph"": 53.199999999999996}]",[],static_target,1849,120000,0:0:6000,d748cdb9105afca28ffc8f73629831a018882e32e4d7ee4ee2b7a8ab2c95759b,a40b078a6bfd9bd6bc03d31669f819f9595b4cc8f8ca056cd1048670075516db,0
current_0593,TIMING,deadline_miss,permanent,0,0,26200,18500,operating_family_4,development-validation,current_profile_0593,"[{""ambient_temp_c"": 27.303, ""end_ms"": 18100, ""engine_load"": 0.3775473, ""external_airflow_factor"": 0, ""road_slope_percent"": 0, ""start_ms"": 0, ""vehicle_speed_kph"": 38.64}, {""ambient_temp_c"": 27.303, ""end_ms"": 49300, ""engine_load"": 0.54717, ""external_airflow_factor"": 0, ""road_slope_percent"": 0, ""start_ms"": 18100, ""vehicle_speed_kph"": 56}, {""ambient_temp_c"": 27.303, ""end_ms"": 87100, ""engine_load"": 0.45415110000000003, ""external_airflow_factor"": 0, ""road_slope_percent"": 0, ""start_ms"": 49300, ""vehicle_speed_kph"": 46.48}, {""ambient_temp_c"": 27.303, ""end_ms"": 120000, ""engine_load"": 0.5198115, ""external_airflow_factor"": 0, ""road_slope_percent"": 0, ""start_ms"": 87100, ""vehicle_speed_kph"": 53.199999999999996}]","[[30000, 99], [60000, 92]]",authorized_updates,1850,120000,0:0:6000,00b5041813d31f965e95579956da859c8464a0312f0e0af4e481c3fa0e8cb85f,5607a686ba83e825b4a1e32108c7ad8e7dfd4ab21982b394165bff88857022d7,0
current_0594,TIMING,task_delay,transient,500,0,26500,9700,operating_family_4,development-validation,current_profile_0594,"[{""ambient_temp_c"": 27.306, ""end_ms"": 18100, ""engine_load"": 0.3776646, ""external_airflow_factor"": 0, ""road_slope_percent"": 0, ""start_ms"": 0, ""vehicle_speed_kph"": 38.64}, {""ambient_temp_c"": 27.306, ""end_ms"": 49300, ""engine_load"": 0.54734, ""external_airflow_factor"": 0, ""road_slope_percent"": 0, ""start_ms"": 18100, ""vehicle_speed_kph"": 56}, {""ambient_temp_c"": 27.306, ""end_ms"": 87100, ""engine_load"": 0.45429220000000003, ""external_airflow_factor"": 0, ""road_slope_percent"": 0, ""start_ms"": 49300, ""vehicle_speed_kph"": 46.48}, {""ambient_temp_c"": 27.306, ""end_ms"": 120000, ""engine_load"": 0.519973, ""external_airflow_factor"": 0, ""road_slope_percent"": 0, ""start_ms"": 87100, ""vehicle_speed_kph"": 53.199999999999996}]",[],static_target,1851,120000,0:0:6000,28607f4e7fdf2f8b09286dc9a5a5233b510546b73db99b3cc6c9f60a59b94e97,edfc64a7d49011d0b2dd26e75f6adc2dc74f853c8f0269cf6d7c29671d0be5ba,0
current_0595,TIMING,task_delay,intermittent,500,0,26800,13700,operating_family_4,development-validation,current_profile_0595,"[{""ambient_temp_c"": 27.309, ""end_ms"": 18100, ""engine_load"": 0.3777819, ""external_airflow_factor"": 0, ""road_slope_percent"": 0, ""start_ms"": 0, ""vehicle_speed_kph"": 38.64}, {""ambient_temp_c"": 27.309, ""end_ms"": 49300, ""engine_load"": 0.54751, ""external_airflow_factor"": 0, ""road_slope_percent"": 0, ""start_ms"": 18100, ""vehicle_speed_kph"": 56}, {""ambient_temp_c"": 27.309, ""end_ms"": 87100, ""engine_load"": 0.45443330000000004, ""external_airflow_factor"": 0, ""road_slope_percent"": 0, ""start_ms"": 49300, ""vehicle_speed_kph"": 46.48}, {""ambient_temp_c"": 27.309, ""end_ms"": 120000, ""engine_load"": 0.5201345, ""external_airflow_factor"": 0, ""road_slope_percent"": 0, ""start_ms"": 87100, ""vehicle_speed_kph"": 53.199999999999996}]","[[30000, 99], [60000, 92]]",authorized_updates,1852,120000,0:0:6000,45b7596d041a3483d3462a6e512ae0de82a865c117c33fddb07199cafd762b22,2c560b7428386736bfd0c90a62d59c25e2ddb457fe59d11d75c5662a58436d3a,0
current_0596,TIMING,task_delay,permanent,500,0,24700,18500,operating_family_4,development-validation,current_profile_0596,"[{""ambient_temp_c"": 27.312, ""end_ms"": 18100, ""engine_load"": 0.3778992, ""external_airflow_factor"": 0, ""road_slope_percent"": 0, ""start_ms"": 0, ""vehicle_speed_kph"": 38.64}, {""ambient_temp_c"": 27.312, ""end_ms"": 49300, ""engine_load"": 0.5476800000000001, ""external_airflow_factor"": 0, ""road_slope_percent"": 0, ""start_ms"": 18100, ""vehicle_speed_kph"": 56}, {""ambient_temp_c"": 27.312, ""end_ms"": 87100, ""engine_load"": 0.45457440000000005, ""external_airflow_factor"": 0, ""road_slope_percent"": 0, ""start_ms"": 49300, ""vehicle_speed_kph"": 46.48}, {""ambient_temp_c"": 27.312, ""end_ms"": 120000, ""engine_load"": 0.520296, ""external_airflow_factor"": 0, ""road_slope_percent"": 0, ""start_ms"": 87100, ""vehicle_speed_kph"": 53.199999999999996}]",[],static_target,1853,120000,0:0:6000,da2b23768f24b6cd51f079bb6775dd89173697e3d0dec1689fcc243a1c32a05f,a99fa30e0fc2aa11ecf44212b479142fb576b5ad8cdf8cef69e2bd5817afcf9d,0
current_0597,NORMAL,baseline,none,0,0,120100,9700,operating_family_4,development-validation,current_profile_0597,"[{""ambient_temp_c"": 27.315, ""end_ms"": 18100, ""engine_load"": 0.37801650000000003, ""external_airflow_factor"": 0, ""road_slope_percent"": 0, ""start_ms"": 0, ""vehicle_speed_kph"": 38.64}, {""ambient_temp_c"": 27.315, ""end_ms"": 49300, ""engine_load"": 0.5478500000000001, ""external_airflow_factor"": 0, ""road_slope_percent"": 0, ""start_ms"": 18100, ""vehicle_speed_kph"": 56}, {""ambient_temp_c"": 27.315, ""end_ms"": 87100, ""engine_load"": 0.45471550000000005, ""external_airflow_factor"": 0, ""road_slope_percent"": 0, ""start_ms"": 49300, ""vehicle_speed_kph"": 46.48}, {""ambient_temp_c"": 27.315, ""end_ms"": 120000, ""engine_load"": 0.5204575, ""external_airflow_factor"": 0, ""road_slope_percent"": 0, ""start_ms"": 87100, ""vehicle_speed_kph"": 53.199999999999996}]","[[30000, 99], [60000, 92]]",authorized_updates,1854,120000,0:0:6000,32af4121dfb6543f3fb9c3895975e8e6ce4b6856abb11e77a8f2ae7d9d42f085,612b2708f430b4dd8aee0d005cddf904b9d1449cd31d99573dde89d953d69aae,0
current_0598,NORMAL,baseline,none,0,0,120100,13700,operating_family_4,development-validation,current_profile_0598,"[{""ambient_temp_c"": 27.318, ""end_ms"": 18100, ""engine_load"": 0.3781338, ""external_airflow_factor"": 0, ""road_slope_percent"": 0, ""start_ms"": 0, ""vehicle_speed_kph"": 38.64}, {""ambient_temp_c"": 27.318, ""end_ms"": 49300, ""engine_load"": 0.5480200000000001, ""external_airflow_factor"": 0, ""road_slope_percent"": 0, ""start_ms"": 18100, ""vehicle_speed_kph"": 56}, {""ambient_temp_c"": 27.318, ""end_ms"": 87100, ""engine_load"": 0.45485660000000006, ""external_airflow_factor"": 0, ""road_slope_percent"": 0, ""start_ms"": 49300, ""vehicle_speed_kph"": 46.48}, {""ambient_temp_c"": 27.318, ""end_ms"": 120000, ""engine_load"": 0.520619, ""external_airflow_factor"": 0, ""road_slope_percent"": 0, ""start_ms"": 87100, ""vehicle_speed_kph"": 53.199999999999996}]",[],static_target,1855,120000,0:0:6000,98327f6a571bb4961d279f41a5e741e07b7efc9ed0a148db2cdc73d9a4e82c78,fb5e841697e6c37f693ba62a3de2079a7f320539d2fe023cc0ffeb8539e587a6,0
current_0599,NORMAL,baseline,none,0,0,120100,18500,operating_family_4,development-validation,current_profile_0599,"[{""ambient_temp_c"": 27.321, ""end_ms"": 18100, ""engine_load"": 0.3782511, ""external_airflow_factor"": 0, ""road_slope_percent"": 0, ""start_ms"": 0, ""vehicle_speed_kph"": 38.64}, {""ambient_temp_c"": 27.321, ""end_ms"": 49300, ""engine_load"": 0.5481900000000001, ""external_airflow_factor"": 0, ""road_slope_percent"": 0, ""start_ms"": 18100, ""vehicle_speed_kph"": 56}, {""ambient_temp_c"": 27.321, ""end_ms"": 87100, ""engine_load"": 0.45499770000000006, ""external_airflow_factor"": 0, ""road_slope_percent"": 0, ""start_ms"": 49300, ""vehicle_speed_kph"": 46.48}, {""ambient_temp_c"": 27.321, ""end_ms"": 120000, ""engine_load"": 0.5207805000000001, ""external_airflow_factor"": 0, ""road_slope_percent"": 0, ""start_ms"": 87100, ""vehicle_speed_kph"": 53.199999999999996}]","[[30000, 99], [60000, 92]]",authorized_updates,1856,120000,0:0:6000,6443b11d71ed5753ea8491d3b40b242d267c375b151e78e58d9b32b3d5c31044,9354a8b6823d9547688a297c819060ac4b86449ac1a0369a6433034db8ae37ab,0
current_0600,NORMAL,baseline,none,0,0,120100,9700,operating_family_4,development-validation,current_profile_0600,"[{""ambient_temp_c"": 27.324, ""end_ms"": 18100, ""engine_load"": 0.3783684, ""external_airflow_factor"": 0, ""road_slope_percent"": 0, ""start_ms"": 0, ""vehicle_speed_kph"": 38.64}, {""ambient_temp_c"": 27.324, ""end_ms"": 49300, ""engine_load"": 0.5483600000000001, ""external_airflow_factor"": 0, ""road_slope_percent"": 0, ""start_ms"": 18100, ""vehicle_speed_kph"": 56}, {""ambient_temp_c"": 27.324, ""end_ms"": 87100, ""engine_load"": 0.4551388, ""external_airflow_factor"": 0, ""road_slope_percent"": 0, ""start_ms"": 49300, ""vehicle_speed_kph"": 46.48}, {""ambient_temp_c"": 27.324, ""end_ms"": 120000, ""engine_load"": 0.520942, ""external_airflow_factor"": 0, ""road_slope_percent"": 0, ""start_ms"": 87100, ""vehicle_speed_kph"": 53.199999999999996}]",[],static_target,1857,120000,0.02:0:6000,f30aee61e17c1471255264b5bf8d618b28b17716911acf197e4362931dcb693e,267fe86cd111f13a79d88050f1a77d0db2c71709564f7b0ade7c28d65525016a,0
current_0601,NORMAL,baseline,none,0,0,120100,13700,operating_family_4,development-validation,current_profile_0601,"[{""ambient_temp_c"": 27.327, ""end_ms"": 18100, ""engine_load"": 0.37848570000000004, ""external_airflow_factor"": 0, ""road_slope_percent"": 0, ""start_ms"": 0, ""vehicle_speed_kph"": 38.64}, {""ambient_temp_c"": 27.327, ""end_ms"": 49300, ""engine_load"": 0.5485300000000001, ""external_airflow_factor"": 0, ""road_slope_percent"": 0, ""start_ms"": 18100, ""vehicle_speed_kph"": 56}, {""ambient_temp_c"": 27.327, ""end_ms"": 87100, ""engine_load"": 0.4552799, ""external_airflow_factor"": 0, ""road_slope_percent"": 0, ""start_ms"": 49300, ""vehicle_speed_kph"": 46.48}, {""ambient_temp_c"": 27.327, ""end_ms"": 120000, ""engine_load"": 0.5211035, ""external_airflow_factor"": 0, ""road_slope_percent"": 0, ""start_ms"": 87100, ""vehicle_speed_kph"": 53.199999999999996}]","[[30000, 99], [60000, 92]]",authorized_updates,1858,120000,0.02:0:6000,07fe0a7b12bf75d9ae97f086bb3ce3ef1fe879c946092985df016b49a23a737c,3486509f04f79903602b8195104e33c4b5a2487551fb73e62a777c8a46446116,0
current_0602,NORMAL,baseline,none,0,0,120100,18500,operating_family_4,development-validation,current_profile_0602,"[{""ambient_temp_c"": 27.33, ""end_ms"": 18100, ""engine_load"": 0.378603, ""external_airflow_factor"": 0, ""road_slope_percent"": 0, ""start_ms"": 0, ""vehicle_speed_kph"": 38.64}, {""ambient_temp_c"": 27.33, ""end_ms"": 49300, ""engine_load"": 0.5487000000000001, ""external_airflow_factor"": 0, ""road_slope_percent"": 0, ""start_ms"": 18100, ""vehicle_speed_kph"": 56}, {""ambient_temp_c"": 27.33, ""end_ms"": 87100, ""engine_load"": 0.455421, ""external_airflow_factor"": 0, ""road_slope_percent"": 0, ""start_ms"": 49300, ""vehicle_speed_kph"": 46.48}, {""ambient_temp_c"": 27.33, ""end_ms"": 120000, ""engine_load"": 0.5212650000000001, ""external_airflow_factor"": 0, ""road_slope_percent"": 0, ""start_ms"": 87100, ""vehicle_speed_kph"": 53.199999999999996}]",[],static_target,1859,120000,0.02:0:6000,5fd9bfc00218488b62722c7ec0b5913dee32797e68a9447dffca8ff504b3878c,8c3841b2a055d3e106357f06f0b35eddd62bf7d3d0bb9b22840e18b2e4fe83bd,0
current_0603,NORMAL,baseline,none,0,0,120100,9700,operating_family_4,development-validation,current_profile_0603,"[{""ambient_temp_c"": 27.333, ""end_ms"": 18100, ""engine_load"": 0.3787203, ""external_airflow_factor"": 0, ""road_slope_percent"": 0, ""start_ms"": 0, ""vehicle_speed_kph"": 38.64}, {""ambient_temp_c"": 27.333, ""end_ms"": 49300, ""engine_load"": 0.5488700000000001, ""external_airflow_factor"": 0, ""road_slope_percent"": 0, ""start_ms"": 18100, ""vehicle_speed_kph"": 56}, {""ambient_temp_c"": 27.333, ""end_ms"": 87100, ""engine_load"": 0.4555621, ""external_airflow_factor"": 0, ""road_slope_percent"": 0, ""start_ms"": 49300, ""vehicle_speed_kph"": 46.48}, {""ambient_temp_c"": 27.333, ""end_ms"": 120000, ""engine_load"": 0.5214265, ""external_airflow_factor"": 0, ""road_slope_percent"": 0, ""start_ms"": 87100, ""vehicle_speed_kph"": 53.199999999999996}]","[[30000, 99], [60000, 92]]",authorized_updates,1860,120000,0.05:0:6000,6a8d2beac1e0006ef8918e1f07929faf4da2c208c216b983a4fe270d0931cc9d,1deb080edaa8406760564ad97600b6e3a7f9e6f69231f81655fb4d742fcd9168,0
current_0604,NORMAL,baseline,none,0,0,120100,13700,operating_family_4,development-validation,current_profile_0604,"[{""ambient_temp_c"": 27.336, ""end_ms"": 18100, ""engine_load"": 0.37883759999999994, ""external_airflow_factor"": 0, ""road_slope_percent"": 0, ""start_ms"": 0, ""vehicle_speed_kph"": 38.64}, {""ambient_temp_c"": 27.336, ""end_ms"": 49300, ""engine_load"": 0.54904, ""external_airflow_factor"": 0, ""road_slope_percent"": 0, ""start_ms"": 18100, ""vehicle_speed_kph"": 56}, {""ambient_temp_c"": 27.336, ""end_ms"": 87100, ""engine_load"": 0.4557032, ""external_airflow_factor"": 0, ""road_slope_percent"": 0, ""start_ms"": 49300, ""vehicle_speed_kph"": 46.48}, {""ambient_temp_c"": 27.336, ""end_ms"": 120000, ""engine_load"": 0.5215879999999999, ""external_airflow_factor"": 0, ""road_slope_percent"": 0, ""start_ms"": 87100, ""vehicle_speed_kph"": 53.199999999999996}]",[],static_target,1861,120000,0.05:0:6000,06f2fd8353a427f7e21d718495ce3426bb5c3bf819b703572a5e7f5a8dc71f50,c97a20ea50796b70aff3a336c01aba3567870e135d80284f86b260e42bbe24a5,0
current_0605,NORMAL,baseline,none,0,0,120100,18500,operating_family_4,development-validation,current_profile_0605,"[{""ambient_temp_c"": 27.339, ""end_ms"": 18100, ""engine_load"": 0.37895489999999993, ""external_airflow_factor"": 0, ""road_slope_percent"": 0, ""start_ms"": 0, ""vehicle_speed_kph"": 38.64}, {""ambient_temp_c"": 27.339, ""end_ms"": 49300, ""engine_load"": 0.54921, ""external_airflow_factor"": 0, ""road_slope_percent"": 0, ""start_ms"": 18100, ""vehicle_speed_kph"": 56}, {""ambient_temp_c"": 27.339, ""end_ms"": 87100, ""engine_load"": 0.4558443, ""external_airflow_factor"": 0, ""road_slope_percent"": 0, ""start_ms"": 49300, ""vehicle_speed_kph"": 46.48}, {""ambient_temp_c"": 27.339, ""end_ms"": 120000, ""engine_load"": 0.5217495, ""external_airflow_factor"": 0, ""road_slope_percent"": 0, ""start_ms"": 87100, ""vehicle_speed_kph"": 53.199999999999996}]","[[30000, 99], [60000, 92]]",authorized_updates,1862,120000,0.05:0:6000,826e38314e6306ed945814e90a171d1e2c783a34a69bde23f8c5b01201852192,96be27347c6b821a38f06acdd4cf714a5db3affc4457dc4e2fdcfb3316b177c6,0
current_0606,NORMAL,baseline,none,0,0,120100,9700,operating_family_4,development-validation,current_profile_0606,"[{""ambient_temp_c"": 27.342, ""end_ms"": 18100, ""engine_load"": 0.37907219999999997, ""external_airflow_factor"": 0, ""road_slope_percent"": 0, ""start_ms"": 0, ""vehicle_speed_kph"": 38.64}, {""ambient_temp_c"": 27.342, ""end_ms"": 49300, ""engine_load"": 0.54938, ""external_airflow_factor"": 0, ""road_slope_percent"": 0, ""start_ms"": 18100, ""vehicle_speed_kph"": 56}, {""ambient_temp_c"": 27.342, ""end_ms"": 87100, ""engine_load"": 0.4559854, ""external_airflow_factor"": 0, ""road_slope_percent"": 0, ""start_ms"": 49300, ""vehicle_speed_kph"": 46.48}, {""ambient_temp_c"": 27.342, ""end_ms"": 120000, ""engine_load"": 0.5219109999999999, ""external_airflow_factor"": 0, ""road_slope_percent"": 0, ""start_ms"": 87100, ""vehicle_speed_kph"": 53.199999999999996}]",[],static_target,1863,120000,0.10:0:6000,26d7b6879f9b51871ebb3d6f03399ae34cb0f6ef42fd3dd218b6275232e7d306,749892f91573575c25565e24bc8331d299caabe5bb17a1437fdfaf2d761a427f,0
current_0607,NORMAL,baseline,none,0,0,120100,13700,operating_family_4,development-validation,current_profile_0607,"[{""ambient_temp_c"": 27.345, ""end_ms"": 18100, ""engine_load"": 0.37918949999999996, ""external_airflow_factor"": 0, ""road_slope_percent"": 0, ""start_ms"": 0, ""vehicle_speed_kph"": 38.64}, {""ambient_temp_c"": 27.345, ""end_ms"": 49300, ""engine_load"": 0.54955, ""external_airflow_factor"": 0, ""road_slope_percent"": 0, ""start_ms"": 18100, ""vehicle_speed_kph"": 56}, {""ambient_temp_c"": 27.345, ""end_ms"": 87100, ""engine_load"": 0.4561265, ""external_airflow_factor"": 0, ""road_slope_percent"": 0, ""start_ms"": 49300, ""vehicle_speed_kph"": 46.48}, {""ambient_temp_c"": 27.345, ""end_ms"": 120000, ""engine_load"": 0.5220724999999999, ""external_airflow_factor"": 0, ""road_slope_percent"": 0, ""start_ms"": 87100, ""vehicle_speed_kph"": 53.199999999999996}]","[[30000, 99], [60000, 92]]",authorized_updates,1864,120000,0.10:0:6000,32f596ba49dfaaad8ad0af8df94dcdd1d5c1413a0f2e9bb17ba8a299fa6b6e5e,5d210a90a880bdc197f88de711e5541c82c5bc730c65bdcff040a9d0bec589dc,0
current_0608,NORMAL,baseline,none,0,0,120100,18500,operating_family_4,development-validation,current_profile_0608,"[{""ambient_temp_c"": 27.348, ""end_ms"": 18100, ""engine_load"": 0.37930679999999994, ""external_airflow_factor"": 0, ""road_slope_percent"": 0, ""start_ms"": 0, ""vehicle_speed_kph"": 38.64}, {""ambient_temp_c"": 27.348, ""end_ms"": 49300, ""engine_load"": 0.54972, ""external_airflow_factor"": 0, ""road_slope_percent"": 0, ""start_ms"": 18100, ""vehicle_speed_kph"": 56}, {""ambient_temp_c"": 27.348, ""end_ms"": 87100, ""engine_load"": 0.45626759999999994, ""external_airflow_factor"": 0, ""road_slope_percent"": 0, ""start_ms"": 49300, ""vehicle_speed_kph"": 46.48}, {""ambient_temp_c"": 27.348, ""end_ms"": 120000, ""engine_load"": 0.522234, ""external_airflow_factor"": 0, ""road_slope_percent"": 0, ""start_ms"": 87100, ""vehicle_speed_kph"": 53.199999999999996}]",[],static_target,1865,120000,0.10:0:6000,1372a8d8219f9ca3e70c77e963e505e75c7656b08514b9c16542e2e5ec647b56,b3eb4c7e9d0fab43040ad980abd5c951e7de0f9cf7c7b37e55d5947dfdbb9bf5,0
current_0609,NORMAL,baseline,none,0,0,120100,9700,operating_family_4,development-validation,current_profile_0609,"[{""ambient_temp_c"": 27.351, ""end_ms"": 18100, ""engine_load"": 0.3794241, ""external_airflow_factor"": 0, ""road_slope_percent"": 0, ""start_ms"": 0, ""vehicle_speed_kph"": 38.64}, {""ambient_temp_c"": 27.351, ""end_ms"": 49300, ""engine_load"": 0.54989, ""external_airflow_factor"": 0, ""road_slope_percent"": 0, ""start_ms"": 18100, ""vehicle_speed_kph"": 56}, {""ambient_temp_c"": 27.351, ""end_ms"": 87100, ""engine_load"": 0.45640869999999994, ""external_airflow_factor"": 0, ""road_slope_percent"": 0, ""start_ms"": 49300, ""vehicle_speed_kph"": 46.48}, {""ambient_temp_c"": 27.351, ""end_ms"": 120000, ""engine_load"": 0.5223955, ""external_airflow_factor"": 0, ""road_slope_percent"": 0, ""start_ms"": 87100, ""vehicle_speed_kph"": 53.199999999999996}]","[[30000, 99], [60000, 92]]",authorized_updates,1866,120000,0.02:0.6:12000,ca6b81efe92a226302a6b8437d4ccdf9a97903f040e8880a5a98df5aad704150,ab65d565b89074cf4e961be1189af7966076264ae872e8eaad8aafa1769111ec,0
current_0610,NORMAL,baseline,none,0,0,120100,13700,operating_family_4,development-validation,current_profile_0610,"[{""ambient_temp_c"": 27.354, ""end_ms"": 18100, ""engine_load"": 0.3795414, ""external_airflow_factor"": 0, ""road_slope_percent"": 0, ""start_ms"": 0, ""vehicle_speed_kph"": 38.64}, {""ambient_temp_c"": 27.354, ""end_ms"": 49300, ""engine_load"": 0.55006, ""external_airflow_factor"": 0, ""road_slope_percent"": 0, ""start_ms"": 18100, ""vehicle_speed_kph"": 56}, {""ambient_temp_c"": 27.354, ""end_ms"": 87100, ""engine_load"": 0.45654979999999995, ""external_airflow_factor"": 0, ""road_slope_percent"": 0, ""start_ms"": 49300, ""vehicle_speed_kph"": 46.48}, {""ambient_temp_c"": 27.354, ""end_ms"": 120000, ""engine_load"": 0.5225569999999999, ""external_airflow_factor"": 0, ""road_slope_percent"": 0, ""start_ms"": 87100, ""vehicle_speed_kph"": 53.199999999999996}]",[],static_target,1867,120000,0.02:0.6:12000,ef20c026781fa704abb74652097f93b830c5c075444618bd4cb7f98b5dcb1c0e,767733ca866163df9abb0ae9f510469a503c2a573631a96a7ce38b108c16733a,0
current_0611,NORMAL,baseline,none,0,0,120100,18500,operating_family_4,development-validation,current_profile_0611,"[{""ambient_temp_c"": 27.357, ""end_ms"": 18100, ""engine_load"": 0.37965869999999996, ""external_airflow_factor"": 0, ""road_slope_percent"": 0, ""start_ms"": 0, ""vehicle_speed_kph"": 38.64}, {""ambient_temp_c"": 27.357, ""end_ms"": 49300, ""engine_load"": 0.55023, ""external_airflow_factor"": 0, ""road_slope_percent"": 0, ""start_ms"": 18100, ""vehicle_speed_kph"": 56}, {""ambient_temp_c"": 27.357, ""end_ms"": 87100, ""engine_load"": 0.45669089999999996, ""external_airflow_factor"": 0, ""road_slope_percent"": 0, ""start_ms"": 49300, ""vehicle_speed_kph"": 46.48}, {""ambient_temp_c"": 27.357, ""end_ms"": 120000, ""engine_load"": 0.5227185, ""external_airflow_factor"": 0, ""road_slope_percent"": 0, ""start_ms"": 87100, ""vehicle_speed_kph"": 53.199999999999996}]","[[30000, 99], [60000, 92]]",authorized_updates,1868,120000,0.02:0.6:12000,a1d9466b95c214af54807d7ba4738fb007619275e5bdc4ee3b1bdc4bce0f9c3c,c24607f20b2de0503a154b6f9ac3cdf7a40e4c8c2b91501459c4fbf96ef79e7e,0
current_0612,NORMAL,baseline,none,0,0,120100,9700,operating_family_4,development-validation,current_profile_0612,"[{""ambient_temp_c"": 27.36, ""end_ms"": 18100, ""engine_load"": 0.37977599999999995, ""external_airflow_factor"": 0, ""road_slope_percent"": 0, ""start_ms"": 0, ""vehicle_speed_kph"": 38.64}, {""ambient_temp_c"": 27.36, ""end_ms"": 49300, ""engine_load"": 0.5504, ""external_airflow_factor"": 0, ""road_slope_percent"": 0, ""start_ms"": 18100, ""vehicle_speed_kph"": 56}, {""ambient_temp_c"": 27.36, ""end_ms"": 87100, ""engine_load"": 0.45683199999999996, ""external_airflow_factor"": 0, ""road_slope_percent"": 0, ""start_ms"": 49300, ""vehicle_speed_kph"": 46.48}, {""ambient_temp_c"": 27.36, ""end_ms"": 120000, ""engine_load"": 0.52288, ""external_airflow_factor"": 0, ""road_slope_percent"": 0, ""start_ms"": 87100, ""vehicle_speed_kph"": 53.199999999999996}]",[],static_target,1869,120000,0.05:1.2:18000,29d6de5114467263cada88344c7762fd8544b418f9e7e2098e0c03932a70593e,d83d628cbbcaf9970d8c3ab9e7416f12ec14f29275f0fd73e1daa6f11bcef379,0
current_0613,NORMAL,baseline,none,0,0,120100,13700,operating_family_4,development-validation,current_profile_0613,"[{""ambient_temp_c"": 27.363, ""end_ms"": 18100, ""engine_load"": 0.3798933, ""external_airflow_factor"": 0, ""road_slope_percent"": 0, ""start_ms"": 0, ""vehicle_speed_kph"": 38.64}, {""ambient_temp_c"": 27.363, ""end_ms"": 49300, ""engine_load"": 0.55057, ""external_airflow_factor"": 0, ""road_slope_percent"": 0, ""start_ms"": 18100, ""vehicle_speed_kph"": 56}, {""ambient_temp_c"": 27.363, ""end_ms"": 87100, ""engine_load"": 0.45697309999999997, ""external_airflow_factor"": 0, ""road_slope_percent"": 0, ""start_ms"": 49300, ""vehicle_speed_kph"": 46.48}, {""ambient_temp_c"": 27.363, ""end_ms"": 120000, ""engine_load"": 0.5230414999999999, ""external_airflow_factor"": 0, ""road_slope_percent"": 0, ""start_ms"": 87100, ""vehicle_speed_kph"": 53.199999999999996}]","[[30000, 99], [60000, 92]]",authorized_updates,1870,120000,0.05:1.2:18000,ee3c61d1cbc199d7dc640fc1d382652c8996d8eaed2624677e75ae5fd0f19e3f,ca4349dfd6a72f54bac3e4ffb2967c4cc06ade820e60daebd9e005fe240a3132,0
current_0614,NORMAL,baseline,none,0,0,120100,18500,operating_family_4,development-validation,current_profile_0614,"[{""ambient_temp_c"": 27.366, ""end_ms"": 18100, ""engine_load"": 0.3800106, ""external_airflow_factor"": 0, ""road_slope_percent"": 0, ""start_ms"": 0, ""vehicle_speed_kph"": 38.64}, {""ambient_temp_c"": 27.366, ""end_ms"": 49300, ""engine_load"": 0.55074, ""external_airflow_factor"": 0, ""road_slope_percent"": 0, ""start_ms"": 18100, ""vehicle_speed_kph"": 56}, {""ambient_temp_c"": 27.366, ""end_ms"": 87100, ""engine_load"": 0.45711419999999997, ""external_airflow_factor"": 0, ""road_slope_percent"": 0, ""start_ms"": 49300, ""vehicle_speed_kph"": 46.48}, {""ambient_temp_c"": 27.366, ""end_ms"": 120000, ""engine_load"": 0.523203, ""external_airflow_factor"": 0, ""road_slope_percent"": 0, ""start_ms"": 87100, ""vehicle_speed_kph"": 53.199999999999996}]",[],static_target,1871,120000,0.05:1.2:18000,17d64ffd04ec866b7b8b774c6882671115724b8a8e593a46aed14a1ab0c7d323,cf0510f2408645f5e14a344641e9fa171e6acfa0aedf1619d8904585c9a5ad7d,0
current_0615,MEMORY,stuck_bit,transient,0,0,24700,9700,operating_family_5,development-validation,current_profile_0615,"[{""ambient_temp_c"": 40.0, ""end_ms"": 18100, ""engine_load"": 0.6416999999999999, ""external_airflow_factor"": 0, ""road_slope_percent"": 0, ""start_ms"": 0, ""vehicle_speed_kph"": 9.66}, {""ambient_temp_c"": 40.0, ""end_ms"": 49300, ""engine_load"": 0.93, ""external_airflow_factor"": 0, ""road_slope_percent"": 0, ""start_ms"": 18100, ""vehicle_speed_kph"": 14}, {""ambient_temp_c"": 40.0, ""end_ms"": 87100, ""engine_load"": 0.7719, ""external_airflow_factor"": 0, ""road_slope_percent"": 0, ""start_ms"": 49300, ""vehicle_speed_kph"": 11.62}, {""ambient_temp_c"": 40.0, ""end_ms"": 120000, ""engine_load"": 0.8835, ""external_airflow_factor"": 0, ""road_slope_percent"": 0, ""start_ms"": 87100, ""vehicle_speed_kph"": 13.299999999999999}]","[[30000, 99], [60000, 92]]",authorized_updates,1886,120000,0:0:6000,154a7099065ef259d4e0e466cef54600db858a170362e8ad015f2884d8fa4a0d,bf04517f95e9ae991428ff1c30169d03267ddbac570e90d36fe838d91a90b5d8,1
current_0616,MEMORY,stuck_bit,intermittent,0,0,25000,13700,operating_family_5,development-validation,current_profile_0616,"[{""ambient_temp_c"": 40.003, ""end_ms"": 18100, ""engine_load"": 0.6418173, ""external_airflow_factor"": 0, ""road_slope_percent"": 0, ""start_ms"": 0, ""vehicle_speed_kph"": 9.66}, {""ambient_temp_c"": 40.003, ""end_ms"": 49300, ""engine_load"": 0.93017, ""external_airflow_factor"": 0, ""road_slope_percent"": 0, ""start_ms"": 18100, ""vehicle_speed_kph"": 14}, {""ambient_temp_c"": 40.003, ""end_ms"": 87100, ""engine_load"": 0.7720411, ""external_airflow_factor"": 0, ""road_slope_percent"": 0, ""start_ms"": 49300, ""vehicle_speed_kph"": 11.62}, {""ambient_temp_c"": 40.003, ""end_ms"": 120000, ""engine_load"": 0.8836615, ""external_airflow_factor"": 0, ""road_slope_percent"": 0, ""start_ms"": 87100, ""vehicle_speed_kph"": 13.299999999999999}]",[],static_target,1887,120000,0:0:6000,102dd5f1dc1c088ebdee252be93586a493e59b15085f803dfa5703078edd048d,5390dfa7b8f7a5307f8a2c0cfbccff9f0136a5ffa6f8731e770eee41cc8e814c,1
current_0617,MEMORY,stuck_bit,permanent,0,0,25300,18500,operating_family_5,development-validation,current_profile_0617,"[{""ambient_temp_c"": 40.006, ""end_ms"": 18100, ""engine_load"": 0.6419346, ""external_airflow_factor"": 0, ""road_slope_percent"": 0, ""start_ms"": 0, ""vehicle_speed_kph"": 9.66}, {""ambient_temp_c"": 40.006, ""end_ms"": 49300, ""engine_load"": 0.9303400000000001, ""external_airflow_factor"": 0, ""road_slope_percent"": 0, ""start_ms"": 18100, ""vehicle_speed_kph"": 14}, {""ambient_temp_c"": 40.006, ""end_ms"": 87100, ""engine_load"": 0.7721822, ""external_airflow_factor"": 0, ""road_slope_percent"": 0, ""start_ms"": 49300, ""vehicle_speed_kph"": 11.62}, {""ambient_temp_c"": 40.006, ""end_ms"": 120000, ""engine_load"": 0.883823, ""external_airflow_factor"": 0, ""road_slope_percent"": 0, ""start_ms"": 87100, ""vehicle_speed_kph"": 13.299999999999999}]","[[30000, 99], [60000, 92]]",authorized_updates,1888,120000,0:0:6000,5dd826a76d6b6d43cfff6f3c0a4918888c24daeb36ef1917dc81dd411ec06eb7,4770826d01b606c90fb856d3a00ce9d1b92ee71853a8646792ac08667976be3e,1
current_0618,MEMORY,stuck_bit,transient,0,1,25600,9700,operating_family_5,development-validation,current_profile_0618,"[{""ambient_temp_c"": 40.009, ""end_ms"": 18100, ""engine_load"": 0.6420519, ""external_airflow_factor"": 0, ""road_slope_percent"": 0, ""start_ms"": 0, ""vehicle_speed_kph"": 9.66}, {""ambient_temp_c"": 40.009, ""end_ms"": 49300, ""engine_load"": 0.9305100000000001, ""external_airflow_factor"": 0, ""road_slope_percent"": 0, ""start_ms"": 18100, ""vehicle_speed_kph"": 14}, {""ambient_temp_c"": 40.009, ""end_ms"": 87100, ""engine_load"": 0.7723233, ""external_airflow_factor"": 0, ""road_slope_percent"": 0, ""start_ms"": 49300, ""vehicle_speed_kph"": 11.62}, {""ambient_temp_c"": 40.009, ""end_ms"": 120000, ""engine_load"": 0.8839845000000001, ""external_airflow_factor"": 0, ""road_slope_percent"": 0, ""start_ms"": 87100, ""vehicle_speed_kph"": 13.299999999999999}]",[],static_target,1889,120000,0:0:6000,3048c2c79e83c0198972d5ebc03f126a35cc371d14c0280b50f7fe8fa21e7c56,3b4ef3c38e49b23a9ac499de8900155611e4774f48cf1f2b53e3e7567f56a540,0
current_0619,MEMORY,stuck_bit,intermittent,0,1,25900,13700,operating_family_5,development-validation,current_profile_0619,"[{""ambient_temp_c"": 40.012, ""end_ms"": 18100, ""engine_load"": 0.6421692, ""external_airflow_factor"": 0, ""road_slope_percent"": 0, ""start_ms"": 0, ""vehicle_speed_kph"": 9.66}, {""ambient_temp_c"": 40.012, ""end_ms"": 49300, ""engine_load"": 0.9306800000000001, ""external_airflow_factor"": 0, ""road_slope_percent"": 0, ""start_ms"": 18100, ""vehicle_speed_kph"": 14}, {""ambient_temp_c"": 40.012, ""end_ms"": 87100, ""engine_load"": 0.7724644, ""external_airflow_factor"": 0, ""road_slope_percent"": 0, ""start_ms"": 49300, ""vehicle_speed_kph"": 11.62}, {""ambient_temp_c"": 40.012, ""end_ms"": 120000, ""engine_load"": 0.884146, ""external_airflow_factor"": 0, ""road_slope_percent"": 0, ""start_ms"": 87100, ""vehicle_speed_kph"": 13.299999999999999}]","[[30000, 99], [60000, 92]]",authorized_updates,1890,120000,0:0:6000,d73a3291e16e13e5a6fbf4566bda3bce1e43f79f4d96448846ed7d47d1c608d8,3b1b159f7dca0ffd6d9c35411c991d56071ecd3c8bd5c67930a3c6ef47c3b5fd,0
current_0620,MEMORY,stuck_bit,permanent,0,1,26200,18500,operating_family_5,development-validation,current_profile_0620,"[{""ambient_temp_c"": 40.015, ""end_ms"": 18100, ""engine_load"": 0.6422865, ""external_airflow_factor"": 0, ""road_slope_percent"": 0, ""start_ms"": 0, ""vehicle_speed_kph"": 9.66}, {""ambient_temp_c"": 40.015, ""end_ms"": 49300, ""engine_load"": 0.9308500000000001, ""external_airflow_factor"": 0, ""road_slope_percent"": 0, ""start_ms"": 18100, ""vehicle_speed_kph"": 14}, {""ambient_temp_c"": 40.015, ""end_ms"": 87100, ""engine_load"": 0.7726055000000001, ""external_airflow_factor"": 0, ""road_slope_percent"": 0, ""start_ms"": 49300, ""vehicle_speed_kph"": 11.62}, {""ambient_temp_c"": 40.015, ""end_ms"": 120000, ""engine_load"": 0.8843075, ""external_airflow_factor"": 0, ""road_slope_percent"": 0, ""start_ms"": 87100, ""vehicle_speed_kph"": 13.299999999999999}]",[],static_target,1891,120000,0:0:6000,2a51b78de57b4babc79b554318d93e81e05330a216fc3dec7cbe4296676ba69c,3ac435efcf302ad9d980c8ee8ee44455931852192163b824b33c246a6221bf95,0
current_0621,MEMORY,stuck_bit,transient,1,0,26500,9700,operating_family_5,development-validation,current_profile_0621,"[{""ambient_temp_c"": 40.018, ""end_ms"": 18100, ""engine_load"": 0.6424038, ""external_airflow_factor"": 0, ""road_slope_percent"": 0, ""start_ms"": 0, ""vehicle_speed_kph"": 9.66}, {""ambient_temp_c"": 40.018, ""end_ms"": 49300, ""engine_load"": 0.9310200000000001, ""external_airflow_factor"": 0, ""road_slope_percent"": 0, ""start_ms"": 18100, ""vehicle_speed_kph"": 14}, {""ambient_temp_c"": 40.018, ""end_ms"": 87100, ""engine_load"": 0.7727466000000001, ""external_airflow_factor"": 0, ""road_slope_percent"": 0, ""start_ms"": 49300, ""vehicle_speed_kph"": 11.62}, {""ambient_temp_c"": 40.018, ""end_ms"": 120000, ""engine_load"": 0.8844690000000001, ""external_airflow_factor"": 0, ""road_slope_percent"": 0, ""start_ms"": 87100, ""vehicle_speed_kph"": 13.299999999999999}]","[[30000, 99], [60000, 92]]",authorized_updates,1892,120000,0:0:6000,54f7a7ae0565093cc48cdcb74eb09266187520cfd5866a29cce8df3aa63ae742,e73d8d063758236aea2a6b0a4cd882f38f9991a59fe69ebde7e97a984ba7d43c,1
current_0622,MEMORY,stuck_bit,intermittent,1,0,26800,13700,operating_family_5,development-validation,current_profile_0622,"[{""ambient_temp_c"": 40.021, ""end_ms"": 18100, ""engine_load"": 0.6425211, ""external_airflow_factor"": 0, ""road_slope_percent"": 0, ""start_ms"": 0, ""vehicle_speed_kph"": 9.66}, {""ambient_temp_c"": 40.021, ""end_ms"": 49300, ""engine_load"": 0.9311900000000001, ""external_airflow_factor"": 0, ""road_slope_percent"": 0, ""start_ms"": 18100, ""vehicle_speed_kph"": 14}, {""ambient_temp_c"": 40.021, ""end_ms"": 87100, ""engine_load"": 0.7728877000000001, ""external_airflow_factor"": 0, ""road_slope_percent"": 0, ""start_ms"": 49300, ""vehicle_speed_kph"": 11.62}, {""ambient_temp_c"": 40.021, ""end_ms"": 120000, ""engine_load"": 0.8846305, ""external_airflow_factor"": 0, ""road_slope_percent"": 0, ""start_ms"": 87100, ""vehicle_speed_kph"": 13.299999999999999}]",[],static_target,1893,120000,0:0:6000,d779ebf36b51df7a1385eb0b0351d16ec530387267ba2d23561c634a8d0046a2,6f8c942d920ba8e5c4d5dc05a172ed7aadbbcec9361070c0aab94e6827bd29e9,1
current_0623,MEMORY,stuck_bit,permanent,1,0,24700,18500,operating_family_5,development-validation,current_profile_0623,"[{""ambient_temp_c"": 40.024, ""end_ms"": 18100, ""engine_load"": 0.6426384, ""external_airflow_factor"": 0, ""road_slope_percent"": 0, ""start_ms"": 0, ""vehicle_speed_kph"": 9.66}, {""ambient_temp_c"": 40.024, ""end_ms"": 49300, ""engine_load"": 0.9313600000000001, ""external_airflow_factor"": 0, ""road_slope_percent"": 0, ""start_ms"": 18100, ""vehicle_speed_kph"": 14}, {""ambient_temp_c"": 40.024, ""end_ms"": 87100, ""engine_load"": 0.7730288000000001, ""external_airflow_factor"": 0, ""road_slope_percent"": 0, ""start_ms"": 49300, ""vehicle_speed_kph"": 11.62}, {""ambient_temp_c"": 40.024, ""end_ms"": 120000, ""engine_load"": 0.884792, ""external_airflow_factor"": 0, ""road_slope_percent"": 0, ""start_ms"": 87100, ""vehicle_speed_kph"": 13.299999999999999}]","[[30000, 99], [60000, 92]]",authorized_updates,1894,120000,0:0:6000,91e31796075c1f9dae324ac65d6ea1f8064dc1e61efc38821ab092313b5ad845,2c61193716f072836f804aa263b28a113f6f22da2986e70e4c5db4fb4a1b1bbd,1
current_0624,MEMORY,stuck_bit,transient,1,1,25000,9700,operating_family_5,development-validation,current_profile_0624,"[{""ambient_temp_c"": 40.027, ""end_ms"": 18100, ""engine_load"": 0.6427557, ""external_airflow_factor"": 0, ""road_slope_percent"": 0, ""start_ms"": 0, ""vehicle_speed_kph"": 9.66}, {""ambient_temp_c"": 40.027, ""end_ms"": 49300, ""engine_load"": 0.9315300000000001, ""external_airflow_factor"": 0, ""road_slope_percent"": 0, ""start_ms"": 18100, ""vehicle_speed_kph"": 14}, {""ambient_temp_c"": 40.027, ""end_ms"": 87100, ""engine_load"": 0.7731699000000001, ""external_airflow_factor"": 0, ""road_slope_percent"": 0, ""start_ms"": 49300, ""vehicle_speed_kph"": 11.62}, {""ambient_temp_c"": 40.027, ""end_ms"": 120000, ""engine_load"": 0.8849535000000001, ""external_airflow_factor"": 0, ""road_slope_percent"": 0, ""start_ms"": 87100, ""vehicle_speed_kph"": 13.299999999999999}]",[],static_target,1895,120000,0:0:6000,87d33ead36ed9fb7e1da9c8060147bd69ed09fc6bc778fea7c7cd7ee8af85d6a,4f0102e5d06121f21a9ff64b41e3f0e204b48ca324dae0b5afc53a499feb2337,0
current_0625,MEMORY,stuck_bit,intermittent,1,1,25300,13700,operating_family_5,development-validation,current_profile_0625,"[{""ambient_temp_c"": 40.03, ""end_ms"": 18100, ""engine_load"": 0.642873, ""external_airflow_factor"": 0, ""road_slope_percent"": 0, ""start_ms"": 0, ""vehicle_speed_kph"": 9.66}, {""ambient_temp_c"": 40.03, ""end_ms"": 49300, ""engine_load"": 0.9317000000000001, ""external_airflow_factor"": 0, ""road_slope_percent"": 0, ""start_ms"": 18100, ""vehicle_speed_kph"": 14}, {""ambient_temp_c"": 40.03, ""end_ms"": 87100, ""engine_load"": 0.7733110000000001, ""external_airflow_factor"": 0, ""road_slope_percent"": 0, ""start_ms"": 49300, ""vehicle_speed_kph"": 11.62}, {""ambient_temp_c"": 40.03, ""end_ms"": 120000, ""engine_load"": 0.885115, ""external_airflow_factor"": 0, ""road_slope_percent"": 0, ""start_ms"": 87100, ""vehicle_speed_kph"": 13.299999999999999}]","[[30000, 99], [60000, 92]]",authorized_updates,1896,120000,0:0:6000,40e405fbd9e72b2a5652a0bd2bcb8bd6243362cd7edfb4df942c2e5425e5838d,946b57e7bb329a700ef63a06d29d37e489c1184245c335b4d6e80ce161ac1916,0
current_0626,MEMORY,stuck_bit,permanent,1,1,25600,18500,operating_family_5,development-validation,current_profile_0626,"[{""ambient_temp_c"": 40.033, ""end_ms"": 18100, ""engine_load"": 0.6429903, ""external_airflow_factor"": 0, ""road_slope_percent"": 0, ""start_ms"": 0, ""vehicle_speed_kph"": 9.66}, {""ambient_temp_c"": 40.033, ""end_ms"": 49300, ""engine_load"": 0.9318700000000001, ""external_airflow_factor"": 0, ""road_slope_percent"": 0, ""start_ms"": 18100, ""vehicle_speed_kph"": 14}, {""ambient_temp_c"": 40.033, ""end_ms"": 87100, ""engine_load"": 0.7734521000000001, ""external_airflow_factor"": 0, ""road_slope_percent"": 0, ""start_ms"": 49300, ""vehicle_speed_kph"": 11.62}, {""ambient_temp_c"": 40.033, ""end_ms"": 120000, ""engine_load"": 0.8852765, ""external_airflow_factor"": 0, ""road_slope_percent"": 0, ""start_ms"": 87100, ""vehicle_speed_kph"": 13.299999999999999}]",[],static_target,1897,120000,0:0:6000,ba3be317b975e6e0b07ba8b198c038bc2affa521c3bf8d14ad28083176397614,568cf4969858f9caa13af95b0fedf40640d0b974821c3276b00c3b4008e86a30,0
current_0627,MEMORY,stuck_bit,transient,2,0,25900,9700,operating_family_5,development-validation,current_profile_0627,"[{""ambient_temp_c"": 40.036, ""end_ms"": 18100, ""engine_load"": 0.6431076, ""external_airflow_factor"": 0, ""road_slope_percent"": 0, ""start_ms"": 0, ""vehicle_speed_kph"": 9.66}, {""ambient_temp_c"": 40.036, ""end_ms"": 49300, ""engine_load"": 0.9320400000000001, ""external_airflow_factor"": 0, ""road_slope_percent"": 0, ""start_ms"": 18100, ""vehicle_speed_kph"": 14}, {""ambient_temp_c"": 40.036, ""end_ms"": 87100, ""engine_load"": 0.7735932000000001, ""external_airflow_factor"": 0, ""road_slope_percent"": 0, ""start_ms"": 49300, ""vehicle_speed_kph"": 11.62}, {""ambient_temp_c"": 40.036, ""end_ms"": 120000, ""engine_load"": 0.8854380000000001, ""external_airflow_factor"": 0, ""road_slope_percent"": 0, ""start_ms"": 87100, ""vehicle_speed_kph"": 13.299999999999999}]","[[30000, 99], [60000, 92]]",authorized_updates,1898,120000,0:0:6000,96a581fc9f9bc368c89c77f7703431043d34c500dc93db71def348b97fbe69ca,c8b062e6010e4f37abd7c69b927600ea453650fafb3b5796ab86068d5da9f079,0
current_0628,MEMORY,stuck_bit,intermittent,2,0,26200,13700,operating_family_5,development-validation,current_profile_0628,"[{""ambient_temp_c"": 40.039, ""end_ms"": 18100, ""engine_load"": 0.6432249, ""external_airflow_factor"": 0, ""road_slope_percent"": 0, ""start_ms"": 0, ""vehicle_speed_kph"": 9.66}, {""ambient_temp_c"": 40.039, ""end_ms"": 49300, ""engine_load"": 0.9322100000000001, ""external_airflow_factor"": 0, ""road_slope_percent"": 0, ""start_ms"": 18100, ""vehicle_speed_kph"": 14}, {""ambient_temp_c"": 40.039, ""end_ms"": 87100, ""engine_load"": 0.7737343, ""external_airflow_factor"": 0, ""road_slope_percent"": 0, ""start_ms"": 49300, ""vehicle_speed_kph"": 11.62}, {""ambient_temp_c"": 40.039, ""end_ms"": 120000, ""engine_load"": 0.8855995000000001, ""external_airflow_factor"": 0, ""road_slope_percent"": 0, ""start_ms"": 87100, ""vehicle_speed_kph"": 13.299999999999999}]",[],static_target,1899,120000,0:0:6000,8bc6cce068902cf68f705709dc02ae0674f58c8ea6d0102a22f2aa64d2f77fe3,6f4bb0665c5b98c21e30d8cef64ed9996d26df8a4fd0896663b7a008ad7b95af,0
current_0629,MEMORY,stuck_bit,permanent,2,0,26500,18500,operating_family_5,development-validation,current_profile_0629,"[{""ambient_temp_c"": 40.042, ""end_ms"": 18100, ""engine_load"": 0.6433422, ""external_airflow_factor"": 0, ""road_slope_percent"": 0, ""start_ms"": 0, ""vehicle_speed_kph"": 9.66}, {""ambient_temp_c"": 40.042, ""end_ms"": 49300, ""engine_load"": 0.9323800000000001, ""external_airflow_factor"": 0, ""road_slope_percent"": 0, ""start_ms"": 18100, ""vehicle_speed_kph"": 14}, {""ambient_temp_c"": 40.042, ""end_ms"": 87100, ""engine_load"": 0.7738754, ""external_airflow_factor"": 0, ""road_slope_percent"": 0, ""start_ms"": 49300, ""vehicle_speed_kph"": 11.62}, {""ambient_temp_c"": 40.042, ""end_ms"": 120000, ""engine_load"": 0.885761, ""external_airflow_factor"": 0, ""road_slope_percent"": 0, ""start_ms"": 87100, ""vehicle_speed_kph"": 13.299999999999999}]","[[30000, 99], [60000, 92]]",authorized_updates,1900,120000,0:0:6000,d0cedc12efd5a1be50c5b54a167471dd7974bfbb049c0be24976af63fb52854a,5700328ffb05d23013939cfb76971161f25e406b4f66df6cb71ed8d9aaefa2bf,0
current_0630,MEMORY,stuck_bit,transient,2,1,26800,9700,operating_family_5,development-validation,current_profile_0630,"[{""ambient_temp_c"": 40.045, ""end_ms"": 18100, ""engine_load"": 0.6434595000000001, ""external_airflow_factor"": 0, ""road_slope_percent"": 0, ""start_ms"": 0, ""vehicle_speed_kph"": 9.66}, {""ambient_temp_c"": 40.045, ""end_ms"": 49300, ""engine_load"": 0.9325500000000001, ""external_airflow_factor"": 0, ""road_slope_percent"": 0, ""start_ms"": 18100, ""vehicle_speed_kph"": 14}, {""ambient_temp_c"": 40.045, ""end_ms"": 87100, ""engine_load"": 0.7740165, ""external_airflow_factor"": 0, ""road_slope_percent"": 0, ""start_ms"": 49300, ""vehicle_speed_kph"": 11.62}, {""ambient_temp_c"": 40.045, ""end_ms"": 120000, ""engine_load"": 0.8859225000000001, ""external_airflow_factor"": 0, ""road_slope_percent"": 0, ""start_ms"": 87100, ""vehicle_speed_kph"": 13.299999999999999}]",[],static_target,1901,120000,0:0:6000,23f74190250e1e23ea66d772cc7eeb34bb2e20006712a92920ad52c45013e36d,c8ceff7082ba38f69baed94c19b76a0abdfad7ff8c2e24993ddf76102e5d2c3a,1
current_0631,MEMORY,stuck_bit,intermittent,2,1,24700,13700,operating_family_5,development-validation,current_profile_0631,"[{""ambient_temp_c"": 40.048, ""end_ms"": 18100, ""engine_load"": 0.6435768, ""external_airflow_factor"": 0, ""road_slope_percent"": 0, ""start_ms"": 0, ""vehicle_speed_kph"": 9.66}, {""ambient_temp_c"": 40.048, ""end_ms"": 49300, ""engine_load"": 0.93272, ""external_airflow_factor"": 0, ""road_slope_percent"": 0, ""start_ms"": 18100, ""vehicle_speed_kph"": 14}, {""ambient_temp_c"": 40.048, ""end_ms"": 87100, ""engine_load"": 0.7741576, ""external_airflow_factor"": 0, ""road_slope_percent"": 0, ""start_ms"": 49300, ""vehicle_speed_kph"": 11.62}, {""ambient_temp_c"": 40.048, ""end_ms"": 120000, ""engine_load"": 0.886084, ""external_airflow_factor"": 0, ""road_slope_percent"": 0, ""start_ms"": 87100, ""vehicle_speed_kph"": 13.299999999999999}]","[[30000, 99], [60000, 92]]",authorized_updates,1902,120000,0:0:6000,d5d929891935234e1652bdd80a882d9f2aa46d18e0611f02061c12ee7e0aacd8,5f158e8dbf5285677e8228c1d8f92d5f4e0bd4d73db0c0adaa33026cf9d05d89,1
current_0632,MEMORY,stuck_bit,permanent,2,1,25000,18500,operating_family_5,development-validation,current_profile_0632,"[{""ambient_temp_c"": 40.051, ""end_ms"": 18100, ""engine_load"": 0.6436940999999999, ""external_airflow_factor"": 0, ""road_slope_percent"": 0, ""start_ms"": 0, ""vehicle_speed_kph"": 9.66}, {""ambient_temp_c"": 40.051, ""end_ms"": 49300, ""engine_load"": 0.93289, ""external_airflow_factor"": 0, ""road_slope_percent"": 0, ""start_ms"": 18100, ""vehicle_speed_kph"": 14}, {""ambient_temp_c"": 40.051, ""end_ms"": 87100, ""engine_load"": 0.7742987, ""external_airflow_factor"": 0, ""road_slope_percent"": 0, ""start_ms"": 49300, ""vehicle_speed_kph"": 11.62}, {""ambient_temp_c"": 40.051, ""end_ms"": 120000, ""engine_load"": 0.8862454999999999, ""external_airflow_factor"": 0, ""road_slope_percent"": 0, ""start_ms"": 87100, ""vehicle_speed_kph"": 13.299999999999999}]",[],static_target,1903,120000,0:0:6000,6fe2b9385c29a752b3988a00a980999162d7fe6d2443069c0b6cbbafafbdd14e,2d1595bf261b801fe9c83fd6a8789148e22af78eb44b076125a50022d64f838d,1
current_0633,MEMORY,stuck_bit,transient,3,0,25300,9700,operating_family_5,development-validation,current_profile_0633,"[{""ambient_temp_c"": 40.054, ""end_ms"": 18100, ""engine_load"": 0.6438113999999999, ""external_airflow_factor"": 0, ""road_slope_percent"": 0, ""start_ms"": 0, ""vehicle_speed_kph"": 9.66}, {""ambient_temp_c"": 40.054, ""end_ms"": 49300, ""engine_load"": 0.93306, ""external_airflow_factor"": 0, ""road_slope_percent"": 0, ""start_ms"": 18100, ""vehicle_speed_kph"": 14}, {""ambient_temp_c"": 40.054, ""end_ms"": 87100, ""engine_load"": 0.7744398, ""external_airflow_factor"": 0, ""road_slope_percent"": 0, ""start_ms"": 49300, ""vehicle_speed_kph"": 11.62}, {""ambient_temp_c"": 40.054, ""end_ms"": 120000, ""engine_load"": 0.886407, ""external_airflow_factor"": 0, ""road_slope_percent"": 0, ""start_ms"": 87100, ""vehicle_speed_kph"": 13.299999999999999}]","[[30000, 99], [60000, 92]]",authorized_updates,1904,120000,0:0:6000,7144de2f681c90d4a1515e708798e68647191ce75d1bf0cdc1a0ce21e60dc0ca,a3c09936ae003b842b52ecdb8129334268ed434bc188297dcca7e319013939fd,0
current_0634,MEMORY,stuck_bit,intermittent,3,0,25600,13700,operating_family_5,development-validation,current_profile_0634,"[{""ambient_temp_c"": 40.057, ""end_ms"": 18100, ""engine_load"": 0.6439286999999999, ""external_airflow_factor"": 0, ""road_slope_percent"": 0, ""start_ms"": 0, ""vehicle_speed_kph"": 9.66}, {""ambient_temp_c"": 40.057, ""end_ms"": 49300, ""engine_load"": 0.93323, ""external_airflow_factor"": 0, ""road_slope_percent"": 0, ""start_ms"": 18100, ""vehicle_speed_kph"": 14}, {""ambient_temp_c"": 40.057, ""end_ms"": 87100, ""engine_load"": 0.7745809, ""external_airflow_factor"": 0, ""road_slope_percent"": 0, ""start_ms"": 49300, ""vehicle_speed_kph"": 11.62}, {""ambient_temp_c"": 40.057, ""end_ms"": 120000, ""engine_load"": 0.8865685, ""external_airflow_factor"": 0, ""road_slope_percent"": 0, ""start_ms"": 87100, ""vehicle_speed_kph"": 13.299999999999999}]",[],static_target,1905,120000,0:0:6000,0801aca2c95838b9d1d242886da9bab8bee46648dee221bfa97f58008e167199,5e5f37858b35ea3f85cb11352266dea42c923756026ac68a877e76ab428ae42f,0
current_0635,MEMORY,stuck_bit,permanent,3,0,25900,18500,operating_family_5,development-validation,current_profile_0635,"[{""ambient_temp_c"": 40.06, ""end_ms"": 18100, ""engine_load"": 0.644046, ""external_airflow_factor"": 0, ""road_slope_percent"": 0, ""start_ms"": 0, ""vehicle_speed_kph"": 9.66}, {""ambient_temp_c"": 40.06, ""end_ms"": 49300, ""engine_load"": 0.9334, ""external_airflow_factor"": 0, ""road_slope_percent"": 0, ""start_ms"": 18100, ""vehicle_speed_kph"": 14}, {""ambient_temp_c"": 40.06, ""end_ms"": 87100, ""engine_load"": 0.774722, ""external_airflow_factor"": 0, ""road_slope_percent"": 0, ""start_ms"": 49300, ""vehicle_speed_kph"": 11.62}, {""ambient_temp_c"": 40.06, ""end_ms"": 120000, ""engine_load"": 0.88673, ""external_airflow_factor"": 0, ""road_slope_percent"": 0, ""start_ms"": 87100, ""vehicle_speed_kph"": 13.299999999999999}]","[[30000, 99], [60000, 92]]",authorized_updates,1906,120000,0:0:6000,f06e997ab4a4422e8380dc4d0e1960989550e72ac28057754b69db5968caf086,8c8f90086792bcf99a455fbfa319158ea1422bb20aa9a33f7214edd4f2d243e1,0
current_0636,MEMORY,stuck_bit,transient,3,1,26200,9700,operating_family_5,development-validation,current_profile_0636,"[{""ambient_temp_c"": 40.063, ""end_ms"": 18100, ""engine_load"": 0.6441633, ""external_airflow_factor"": 0, ""road_slope_percent"": 0, ""start_ms"": 0, ""vehicle_speed_kph"": 9.66}, {""ambient_temp_c"": 40.063, ""end_ms"": 49300, ""engine_load"": 0.93357, ""external_airflow_factor"": 0, ""road_slope_percent"": 0, ""start_ms"": 18100, ""vehicle_speed_kph"": 14}, {""ambient_temp_c"": 40.063, ""end_ms"": 87100, ""engine_load"": 0.7748631, ""external_airflow_factor"": 0, ""road_slope_percent"": 0, ""start_ms"": 49300, ""vehicle_speed_kph"": 11.62}, {""ambient_temp_c"": 40.063, ""end_ms"": 120000, ""engine_load"": 0.8868914999999999, ""external_airflow_factor"": 0, ""road_slope_percent"": 0, ""start_ms"": 87100, ""vehicle_speed_kph"": 13.299999999999999}]",[],static_target,1907,120000,0:0:6000,e17107aa279e1bc7dede1f5243aeb241b16bb5f2aec284e00592587ebc32e68a,487c6eea1ca1af203aa9aa3ebb0fbe11b7433b7f139b3eba31b3ba017bd3c384,1
current_0637,MEMORY,stuck_bit,intermittent,3,1,26500,13700,operating_family_5,development-validation,current_profile_0637,"[{""ambient_temp_c"": 40.066, ""end_ms"": 18100, ""engine_load"": 0.6442806, ""external_airflow_factor"": 0, ""road_slope_percent"": 0, ""start_ms"": 0, ""vehicle_speed_kph"": 9.66}, {""ambient_temp_c"": 40.066, ""end_ms"": 49300, ""engine_load"": 0.93374, ""external_airflow_factor"": 0, ""road_slope_percent"": 0, ""start_ms"": 18100, ""vehicle_speed_kph"": 14}, {""ambient_temp_c"": 40.066, ""end_ms"": 87100, ""engine_load"": 0.7750041999999999, ""external_airflow_factor"": 0, ""road_slope_percent"": 0, ""start_ms"": 49300, ""vehicle_speed_kph"": 11.62}, {""ambient_temp_c"": 40.066, ""end_ms"": 120000, ""engine_load"": 0.887053, ""external_airflow_factor"": 0, ""road_slope_percent"": 0, ""start_ms"": 87100, ""vehicle_speed_kph"": 13.299999999999999}]","[[30000, 99], [60000, 92]]",authorized_updates,1908,120000,0:0:6000,61b54bdd98c4ca35c315fda6a1aec00db78184f64a8bd06343670fc144bbcb9c,d47118c8032b5cd04d85eb092a67100deb4f564d963e13e71c89f304c78a1552,1
current_0638,MEMORY,stuck_bit,permanent,3,1,26800,18500,operating_family_5,development-validation,current_profile_0638,"[{""ambient_temp_c"": 40.069, ""end_ms"": 18100, ""engine_load"": 0.6443979, ""external_airflow_factor"": 0, ""road_slope_percent"": 0, ""start_ms"": 0, ""vehicle_speed_kph"": 9.66}, {""ambient_temp_c"": 40.069, ""end_ms"": 49300, ""engine_load"": 0.93391, ""external_airflow_factor"": 0, ""road_slope_percent"": 0, ""start_ms"": 18100, ""vehicle_speed_kph"": 14}, {""ambient_temp_c"": 40.069, ""end_ms"": 87100, ""engine_load"": 0.7751452999999999, ""external_airflow_factor"": 0, ""road_slope_percent"": 0, ""start_ms"": 49300, ""vehicle_speed_kph"": 11.62}, {""ambient_temp_c"": 40.069, ""end_ms"": 120000, ""engine_load"": 0.8872145, ""external_airflow_factor"": 0, ""road_slope_percent"": 0, ""start_ms"": 87100, ""vehicle_speed_kph"": 13.299999999999999}]",[],static_target,1909,120000,0:0:6000,310674b5a670e3a133dbf413d277a1b1ba3e2cdc914e8fb45ceb9c9cc8671051,c96cd4b3addc4bf71ae2dd6f7a85e887bb22246093a991495bd1b7a4b8318e3c,1
current_0639,MEMORY,stuck_bit,transient,4,0,24700,9700,operating_family_5,development-validation,current_profile_0639,"[{""ambient_temp_c"": 40.072, ""end_ms"": 18100, ""engine_load"": 0.6445152, ""external_airflow_factor"": 0, ""road_slope_percent"": 0, ""start_ms"": 0, ""vehicle_speed_kph"": 9.66}, {""ambient_temp_c"": 40.072, ""end_ms"": 49300, ""engine_load"": 0.93408, ""external_airflow_factor"": 0, ""road_slope_percent"": 0, ""start_ms"": 18100, ""vehicle_speed_kph"": 14}, {""ambient_temp_c"": 40.072, ""end_ms"": 87100, ""engine_load"": 0.7752863999999999, ""external_airflow_factor"": 0, ""road_slope_percent"": 0, ""start_ms"": 49300, ""vehicle_speed_kph"": 11.62}, {""ambient_temp_c"": 40.072, ""end_ms"": 120000, ""engine_load"": 0.8873759999999999, ""external_airflow_factor"": 0, ""road_slope_percent"": 0, ""start_ms"": 87100, ""vehicle_speed_kph"": 13.299999999999999}]","[[30000, 99], [60000, 92]]",authorized_updates,1910,120000,0:0:6000,388cd13d3ecc65e9e57d4e60df272f6e7a4c00e89e4efe955a01415dabd37970,27d35ae72ad0b4c1c93a181bbd15b09cd28433b74f3fbc018f6fd8be8716a638,0
current_0640,MEMORY,stuck_bit,intermittent,4,0,25000,13700,operating_family_5,development-validation,current_profile_0640,"[{""ambient_temp_c"": 40.075, ""end_ms"": 18100, ""engine_load"": 0.6446324999999999, ""external_airflow_factor"": 0, ""road_slope_percent"": 0, ""start_ms"": 0, ""vehicle_speed_kph"": 9.66}, {""ambient_temp_c"": 40.075, ""end_ms"": 49300, ""engine_load"": 0.93425, ""external_airflow_factor"": 0, ""road_slope_percent"": 0, ""start_ms"": 18100, ""vehicle_speed_kph"": 14}, {""ambient_temp_c"": 40.075, ""end_ms"": 87100, ""engine_load"": 0.7754274999999999, ""external_airflow_factor"": 0, ""road_slope_percent"": 0, ""start_ms"": 49300, ""vehicle_speed_kph"": 11.62}, {""ambient_temp_c"": 40.075, ""end_ms"": 120000, ""engine_load"": 0.8875375, ""external_airflow_factor"": 0, ""road_slope_percent"": 0, ""start_ms"": 87100, ""vehicle_speed_kph"": 13.299999999999999}]",[],static_target,1911,120000,0:0:6000,3d85c27e96e1c3f31541804459f4b7e99b729c001808e7f0c58805e192fca981,901e715bee22813ad6381f28d86368814ce33f6cd761254e73ffbb9035ca3cd4,0
current_0641,MEMORY,stuck_bit,permanent,4,0,25300,18500,operating_family_5,development-validation,current_profile_0641,"[{""ambient_temp_c"": 40.078, ""end_ms"": 18100, ""engine_load"": 0.6447497999999999, ""external_airflow_factor"": 0, ""road_slope_percent"": 0, ""start_ms"": 0, ""vehicle_speed_kph"": 9.66}, {""ambient_temp_c"": 40.078, ""end_ms"": 49300, ""engine_load"": 0.93442, ""external_airflow_factor"": 0, ""road_slope_percent"": 0, ""start_ms"": 18100, ""vehicle_speed_kph"": 14}, {""ambient_temp_c"": 40.078, ""end_ms"": 87100, ""engine_load"": 0.7755685999999999, ""external_airflow_factor"": 0, ""road_slope_percent"": 0, ""start_ms"": 49300, ""vehicle_speed_kph"": 11.62}, {""ambient_temp_c"": 40.078, ""end_ms"": 120000, ""engine_load"": 0.887699, ""external_airflow_factor"": 0, ""road_slope_percent"": 0, ""start_ms"": 87100, ""vehicle_speed_kph"": 13.299999999999999}]","[[30000, 99], [60000, 92]]",authorized_updates,1912,120000,0:0:6000,9cf4a75bd98be595abd33793a7bc3211390f96e6dd1c6083bde630acfde0d590,9217655eecde79e14904c76117cba4b326ecaba02d03a49da310fb6779f3d519,0
current_0642,MEMORY,stuck_bit,transient,4,1,25600,9700,operating_family_5,development-validation,current_profile_0642,"[{""ambient_temp_c"": 40.081, ""end_ms"": 18100, ""engine_load"": 0.6448671, ""external_airflow_factor"": 0, ""road_slope_percent"": 0, ""start_ms"": 0, ""vehicle_speed_kph"": 9.66}, {""ambient_temp_c"": 40.081, ""end_ms"": 49300, ""engine_load"": 0.93459, ""external_airflow_factor"": 0, ""road_slope_percent"": 0, ""start_ms"": 18100, ""vehicle_speed_kph"": 14}, {""ambient_temp_c"": 40.081, ""end_ms"": 87100, ""engine_load"": 0.7757097, ""external_airflow_factor"": 0, ""road_slope_percent"": 0, ""start_ms"": 49300, ""vehicle_speed_kph"": 11.62}, {""ambient_temp_c"": 40.081, ""end_ms"": 120000, ""engine_load"": 0.8878604999999999, ""external_airflow_factor"": 0, ""road_slope_percent"": 0, ""start_ms"": 87100, ""vehicle_speed_kph"": 13.299999999999999}]",[],static_target,1913,120000,0:0:6000,4396eea27b416a8862fdc56bee96f5a9230778fdea8f6ef42bdb72d5d2bef4cd,99dc9d7c8e3e4d98bcab69fb400b5048742b4ac0d868a59848956474de0d767d,1
current_0643,MEMORY,stuck_bit,intermittent,4,1,25900,13700,operating_family_5,development-validation,current_profile_0643,"[{""ambient_temp_c"": 40.084, ""end_ms"": 18100, ""engine_load"": 0.6449844, ""external_airflow_factor"": 0, ""road_slope_percent"": 0, ""start_ms"": 0, ""vehicle_speed_kph"": 9.66}, {""ambient_temp_c"": 40.084, ""end_ms"": 49300, ""engine_load"": 0.93476, ""external_airflow_factor"": 0, ""road_slope_percent"": 0, ""start_ms"": 18100, ""vehicle_speed_kph"": 14}, {""ambient_temp_c"": 40.084, ""end_ms"": 87100, ""engine_load"": 0.7758508, ""external_airflow_factor"": 0, ""road_slope_percent"": 0, ""start_ms"": 49300, ""vehicle_speed_kph"": 11.62}, {""ambient_temp_c"": 40.084, ""end_ms"": 120000, ""engine_load"": 0.888022, ""external_airflow_factor"": 0, ""road_slope_percent"": 0, ""start_ms"": 87100, ""vehicle_speed_kph"": 13.299999999999999}]","[[30000, 99], [60000, 92]]",authorized_updates,1914,120000,0:0:6000,aeea35131defdb6644115268c51bd0ff77f1bece8335cfd18dcc0c6991edf016,5c38d44508e958910bade185f895b6d3a891ae50e36406ed2573c30119df2491,1
current_0644,MEMORY,stuck_bit,permanent,4,1,26200,18500,operating_family_5,development-validation,current_profile_0644,"[{""ambient_temp_c"": 40.087, ""end_ms"": 18100, ""engine_load"": 0.6451017, ""external_airflow_factor"": 0, ""road_slope_percent"": 0, ""start_ms"": 0, ""vehicle_speed_kph"": 9.66}, {""ambient_temp_c"": 40.087, ""end_ms"": 49300, ""engine_load"": 0.93493, ""external_airflow_factor"": 0, ""road_slope_percent"": 0, ""start_ms"": 18100, ""vehicle_speed_kph"": 14}, {""ambient_temp_c"": 40.087, ""end_ms"": 87100, ""engine_load"": 0.7759919, ""external_airflow_factor"": 0, ""road_slope_percent"": 0, ""start_ms"": 49300, ""vehicle_speed_kph"": 11.62}, {""ambient_temp_c"": 40.087, ""end_ms"": 120000, ""engine_load"": 0.8881835, ""external_airflow_factor"": 0, ""road_slope_percent"": 0, ""start_ms"": 87100, ""vehicle_speed_kph"": 13.299999999999999}]",[],static_target,1915,120000,0:0:6000,c3070646bf33d38cce9da258107d42c8600a665770126552afd1186fc2ba52c3,269428038cad44d740d9bd8077f293b1c1990d405afa2523edf9282abcdbe440,1
current_0645,MEMORY,bit_flip,transient,0,0,26500,9700,operating_family_5,development-validation,current_profile_0645,"[{""ambient_temp_c"": 40.09, ""end_ms"": 18100, ""engine_load"": 0.645219, ""external_airflow_factor"": 0, ""road_slope_percent"": 0, ""start_ms"": 0, ""vehicle_speed_kph"": 9.66}, {""ambient_temp_c"": 40.09, ""end_ms"": 49300, ""engine_load"": 0.9351, ""external_airflow_factor"": 0, ""road_slope_percent"": 0, ""start_ms"": 18100, ""vehicle_speed_kph"": 14}, {""ambient_temp_c"": 40.09, ""end_ms"": 87100, ""engine_load"": 0.776133, ""external_airflow_factor"": 0, ""road_slope_percent"": 0, ""start_ms"": 49300, ""vehicle_speed_kph"": 11.62}, {""ambient_temp_c"": 40.09, ""end_ms"": 120000, ""engine_load"": 0.888345, ""external_airflow_factor"": 0, ""road_slope_percent"": 0, ""start_ms"": 87100, ""vehicle_speed_kph"": 13.299999999999999}]","[[30000, 99], [60000, 92]]",authorized_updates,1916,120000,0:0:6000,cc918e995f79a6d126363e40f098b3c43c4fd48eb223a42954e1c4e8abc08869,055463b0ccbfd322c3388325d1ffc6609024439d338b1cb28620d509d5347247,0
current_0646,MEMORY,bit_flip,intermittent,0,0,26800,13700,operating_family_5,development-validation,current_profile_0646,"[{""ambient_temp_c"": 40.093, ""end_ms"": 18100, ""engine_load"": 0.6453363, ""external_airflow_factor"": 0, ""road_slope_percent"": 0, ""start_ms"": 0, ""vehicle_speed_kph"": 9.66}, {""ambient_temp_c"": 40.093, ""end_ms"": 49300, ""engine_load"": 0.93527, ""external_airflow_factor"": 0, ""road_slope_percent"": 0, ""start_ms"": 18100, ""vehicle_speed_kph"": 14}, {""ambient_temp_c"": 40.093, ""end_ms"": 87100, ""engine_load"": 0.7762741, ""external_airflow_factor"": 0, ""road_slope_percent"": 0, ""start_ms"": 49300, ""vehicle_speed_kph"": 11.62}, {""ambient_temp_c"": 40.093, ""end_ms"": 120000, ""engine_load"": 0.8885065, ""external_airflow_factor"": 0, ""road_slope_percent"": 0, ""start_ms"": 87100, ""vehicle_speed_kph"": 13.299999999999999}]",[],static_target,1917,120000,0:0:6000,fb6a55761c08634af591516bdbbaa410401ae52e0bf600739a176581efa5437e,02d758148af5978893f539751f33d82a79ccc99dca6d944a7c15d23149f3e2b1,0
current_0647,MEMORY,bit_flip,permanent,0,0,24700,18500,operating_family_5,development-validation,current_profile_0647,"[{""ambient_temp_c"": 40.096, ""end_ms"": 18100, ""engine_load"": 0.6454536, ""external_airflow_factor"": 0, ""road_slope_percent"": 0, ""start_ms"": 0, ""vehicle_speed_kph"": 9.66}, {""ambient_temp_c"": 40.096, ""end_ms"": 49300, ""engine_load"": 0.93544, ""external_airflow_factor"": 0, ""road_slope_percent"": 0, ""start_ms"": 18100, ""vehicle_speed_kph"": 14}, {""ambient_temp_c"": 40.096, ""end_ms"": 87100, ""engine_load"": 0.7764152, ""external_airflow_factor"": 0, ""road_slope_percent"": 0, ""start_ms"": 49300, ""vehicle_speed_kph"": 11.62}, {""ambient_temp_c"": 40.096, ""end_ms"": 120000, ""engine_load"": 0.888668, ""external_airflow_factor"": 0, ""road_slope_percent"": 0, ""start_ms"": 87100, ""vehicle_speed_kph"": 13.299999999999999}]","[[30000, 99], [60000, 92]]",authorized_updates,1918,120000,0:0:6000,4c2f5d164c3c649c1c1fd899374f157e0bca5055bf55ad81bbb11f87d9dd4ecf,ed33c391bb18a07c2d60a92f06764686a5da944e86815f931da40716683adde9,0
current_0648,MEMORY,bit_flip,transient,1,0,25000,9700,operating_family_5,development-validation,current_profile_0648,"[{""ambient_temp_c"": 40.099, ""end_ms"": 18100, ""engine_load"": 0.6455709, ""external_airflow_factor"": 0, ""road_slope_percent"": 0, ""start_ms"": 0, ""vehicle_speed_kph"": 9.66}, {""ambient_temp_c"": 40.099, ""end_ms"": 49300, ""engine_load"": 0.93561, ""external_airflow_factor"": 0, ""road_slope_percent"": 0, ""start_ms"": 18100, ""vehicle_speed_kph"": 14}, {""ambient_temp_c"": 40.099, ""end_ms"": 87100, ""engine_load"": 0.7765563, ""external_airflow_factor"": 0, ""road_slope_percent"": 0, ""start_ms"": 49300, ""vehicle_speed_kph"": 11.62}, {""ambient_temp_c"": 40.099, ""end_ms"": 120000, ""engine_load"": 0.8888295, ""external_airflow_factor"": 0, ""road_slope_percent"": 0, ""start_ms"": 87100, ""vehicle_speed_kph"": 13.299999999999999}]",[],static_target,1919,120000,0:0:6000,ad23ce95e8dc83f37ca66d7336fcff2d4c1d10ab2f75261fea12e98cf5b27717,9c4ceb6a6f78163833e68267d366931443c4594d44d723b18ef0949a5c310a86,0
current_0649,MEMORY,bit_flip,intermittent,1,0,25300,13700,operating_family_5,development-validation,current_profile_0649,"[{""ambient_temp_c"": 40.102, ""end_ms"": 18100, ""engine_load"": 0.6456881999999999, ""external_airflow_factor"": 0, ""road_slope_percent"": 0, ""start_ms"": 0, ""vehicle_speed_kph"": 9.66}, {""ambient_temp_c"": 40.102, ""end_ms"": 49300, ""engine_load"": 0.9357800000000001, ""external_airflow_factor"": 0, ""road_slope_percent"": 0, ""start_ms"": 18100, ""vehicle_speed_kph"": 14}, {""ambient_temp_c"": 40.102, ""end_ms"": 87100, ""engine_load"": 0.7766974, ""external_airflow_factor"": 0, ""road_slope_percent"": 0, ""start_ms"": 49300, ""vehicle_speed_kph"": 11.62}, {""ambient_temp_c"": 40.102, ""end_ms"": 120000, ""engine_load"": 0.888991, ""external_airflow_factor"": 0, ""road_slope_percent"": 0, ""start_ms"": 87100, ""vehicle_speed_kph"": 13.299999999999999}]","[[30000, 99], [60000, 92]]",authorized_updates,1920,120000,0:0:6000,2a81179228f44493c50f381857d2bf0271a6e4246472d785393f0a1c4d250dad,661a0552a4b6ee24cb06dd34b53542b2d03f2f303a87b3fd531d4300bc332182,0
current_0650,MEMORY,bit_flip,permanent,1,0,25600,18500,operating_family_5,development-validation,current_profile_0650,"[{""ambient_temp_c"": 40.105, ""end_ms"": 18100, ""engine_load"": 0.6458055, ""external_airflow_factor"": 0, ""road_slope_percent"": 0, ""start_ms"": 0, ""vehicle_speed_kph"": 9.66}, {""ambient_temp_c"": 40.105, ""end_ms"": 49300, ""engine_load"": 0.9359500000000001, ""external_airflow_factor"": 0, ""road_slope_percent"": 0, ""start_ms"": 18100, ""vehicle_speed_kph"": 14}, {""ambient_temp_c"": 40.105, ""end_ms"": 87100, ""engine_load"": 0.7768385, ""external_airflow_factor"": 0, ""road_slope_percent"": 0, ""start_ms"": 49300, ""vehicle_speed_kph"": 11.62}, {""ambient_temp_c"": 40.105, ""end_ms"": 120000, ""engine_load"": 0.8891525, ""external_airflow_factor"": 0, ""road_slope_percent"": 0, ""start_ms"": 87100, ""vehicle_speed_kph"": 13.299999999999999}]",[],static_target,1921,120000,0:0:6000,451a80768549c8cb5fd8f33c17fff81224deba6b0381c287b23afc61f188aa44,2f215d7d059bbc6acafc7cef3a9b47d865606e6fb8c6fd11eca2837872dbd369,0
current_0651,SENSOR_CONTROL,sensor_bias,transient,-1.2,0,25900,9700,operating_family_5,development-validation,current_profile_0651,"[{""ambient_temp_c"": 40.108, ""end_ms"": 18100, ""engine_load"": 0.6459228, ""external_airflow_factor"": 0, ""road_slope_percent"": 0, ""start_ms"": 0, ""vehicle_speed_kph"": 9.66}, {""ambient_temp_c"": 40.108, ""end_ms"": 49300, ""engine_load"": 0.9361200000000001, ""external_airflow_factor"": 0, ""road_slope_percent"": 0, ""start_ms"": 18100, ""vehicle_speed_kph"": 14}, {""ambient_temp_c"": 40.108, ""end_ms"": 87100, ""engine_load"": 0.7769796, ""external_airflow_factor"": 0, ""road_slope_percent"": 0, ""start_ms"": 49300, ""vehicle_speed_kph"": 11.62}, {""ambient_temp_c"": 40.108, ""end_ms"": 120000, ""engine_load"": 0.889314, ""external_airflow_factor"": 0, ""road_slope_percent"": 0, ""start_ms"": 87100, ""vehicle_speed_kph"": 13.299999999999999}]","[[30000, 99], [60000, 92]]",authorized_updates,1922,120000,0:0:6000,ecc0cf1c2c6706562565f9186fc8db937532c2f7fdd6c38a5b427016a6d9629f,dc23a0869cd7e85d9cfd7d7405fd1730338cc4b89d5c5fabbda2d87078dda00e,0
current_0652,SENSOR_CONTROL,sensor_bias,transient,1.2,0,26200,13700,operating_family_5,development-validation,current_profile_0652,"[{""ambient_temp_c"": 40.111, ""end_ms"": 18100, ""engine_load"": 0.6460401, ""external_airflow_factor"": 0, ""road_slope_percent"": 0, ""start_ms"": 0, ""vehicle_speed_kph"": 9.66}, {""ambient_temp_c"": 40.111, ""end_ms"": 49300, ""engine_load"": 0.9362900000000001, ""external_airflow_factor"": 0, ""road_slope_percent"": 0, ""start_ms"": 18100, ""vehicle_speed_kph"": 14}, {""ambient_temp_c"": 40.111, ""end_ms"": 87100, ""engine_load"": 0.7771207, ""external_airflow_factor"": 0, ""road_slope_percent"": 0, ""start_ms"": 49300, ""vehicle_speed_kph"": 11.62}, {""ambient_temp_c"": 40.111, ""end_ms"": 120000, ""engine_load"": 0.8894755, ""external_airflow_factor"": 0, ""road_slope_percent"": 0, ""start_ms"": 87100, ""vehicle_speed_kph"": 13.299999999999999}]",[],static_target,1923,120000,0:0:6000,d2f395b441a3a148a93eb8913b8dea347b54cc59250f795321a357891a3442d8,61ca03e3d1f737a0ac93c8b77cecc4da4b013a14edbb23bf73b239a93ad6f06f,0
current_0653,SENSOR_CONTROL,sensor_bias,transient,4.6,0,26500,18500,operating_family_5,development-validation,current_profile_0653,"[{""ambient_temp_c"": 40.114, ""end_ms"": 18100, ""engine_load"": 0.6461574, ""external_airflow_factor"": 0, ""road_slope_percent"": 0, ""start_ms"": 0, ""vehicle_speed_kph"": 9.66}, {""ambient_temp_c"": 40.114, ""end_ms"": 49300, ""engine_load"": 0.9364600000000001, ""external_airflow_factor"": 0, ""road_slope_percent"": 0, ""start_ms"": 18100, ""vehicle_speed_kph"": 14}, {""ambient_temp_c"": 40.114, ""end_ms"": 87100, ""engine_load"": 0.7772618, ""external_airflow_factor"": 0, ""road_slope_percent"": 0, ""start_ms"": 49300, ""vehicle_speed_kph"": 11.62}, {""ambient_temp_c"": 40.114, ""end_ms"": 120000, ""engine_load"": 0.889637, ""external_airflow_factor"": 0, ""road_slope_percent"": 0, ""start_ms"": 87100, ""vehicle_speed_kph"": 13.299999999999999}]","[[30000, 99], [60000, 92]]",authorized_updates,1924,120000,0:0:6000,943fd5100f7b3b365ae64379d613881cdd2cff771520b45955a05a877a1c281f,03612baf5a8fd51ffe9dca9a440aeba1e702c7b35fa83668fa2578ddfc086f33,0
current_0654,SENSOR_CONTROL,sensor_bias,transient,8.9,0,26800,9700,operating_family_5,development-validation,current_profile_0654,"[{""ambient_temp_c"": 40.117, ""end_ms"": 18100, ""engine_load"": 0.6462747, ""external_airflow_factor"": 0, ""road_slope_percent"": 0, ""start_ms"": 0, ""vehicle_speed_kph"": 9.66}, {""ambient_temp_c"": 40.117, ""end_ms"": 49300, ""engine_load"": 0.9366300000000001, ""external_airflow_factor"": 0, ""road_slope_percent"": 0, ""start_ms"": 18100, ""vehicle_speed_kph"": 14}, {""ambient_temp_c"": 40.117, ""end_ms"": 87100, ""engine_load"": 0.7774029, ""external_airflow_factor"": 0, ""road_slope_percent"": 0, ""start_ms"": 49300, ""vehicle_speed_kph"": 11.62}, {""ambient_temp_c"": 40.117, ""end_ms"": 120000, ""engine_load"": 0.8897985, ""external_airflow_factor"": 0, ""road_slope_percent"": 0, ""start_ms"": 87100, ""vehicle_speed_kph"": 13.299999999999999}]",[],static_target,1925,120000,0:0:6000,177514b86755edd9df72281ab27bcbaa949135cb0c9fc0262cccc8e407ba03a8,fa1db7cbfbccc21d66bd4b42749bb532eb1b8ab41b901fe96575effe02a51827,0
current_0655,SENSOR_CONTROL,sensor_bias,intermittent,-1.2,0,24700,13700,operating_family_5,development-validation,current_profile_0655,"[{""ambient_temp_c"": 40.12, ""end_ms"": 18100, ""engine_load"": 0.646392, ""external_airflow_factor"": 0, ""road_slope_percent"": 0, ""start_ms"": 0, ""vehicle_speed_kph"": 9.66}, {""ambient_temp_c"": 40.12, ""end_ms"": 49300, ""engine_load"": 0.9368000000000001, ""external_airflow_factor"": 0, ""road_slope_percent"": 0, ""start_ms"": 18100, ""vehicle_speed_kph"": 14}, {""ambient_temp_c"": 40.12, ""end_ms"": 87100, ""engine_load"": 0.777544, ""external_airflow_factor"": 0, ""road_slope_percent"": 0, ""start_ms"": 49300, ""vehicle_speed_kph"": 11.62}, {""ambient_temp_c"": 40.12, ""end_ms"": 120000, ""engine_load"": 0.8899600000000001, ""external_airflow_factor"": 0, ""road_slope_percent"": 0, ""start_ms"": 87100, ""vehicle_speed_kph"": 13.299999999999999}]","[[30000, 99], [60000, 92]]",authorized_updates,1926,120000,0:0:6000,343624f340f4d8434958fab12d5ddefe7262a53715f6158f8df53fc61e62958e,1e7eeeae134675f1001741dea4865049631f290aeb5f56f2542eb67f7ef7c3df,0
current_0656,SENSOR_CONTROL,sensor_bias,intermittent,1.2,0,25000,18500,operating_family_5,development-validation,current_profile_0656,"[{""ambient_temp_c"": 40.123, ""end_ms"": 18100, ""engine_load"": 0.6465093, ""external_airflow_factor"": 0, ""road_slope_percent"": 0, ""start_ms"": 0, ""vehicle_speed_kph"": 9.66}, {""ambient_temp_c"": 40.123, ""end_ms"": 49300, ""engine_load"": 0.9369700000000001, ""external_airflow_factor"": 0, ""road_slope_percent"": 0, ""start_ms"": 18100, ""vehicle_speed_kph"": 14}, {""ambient_temp_c"": 40.123, ""end_ms"": 87100, ""engine_load"": 0.7776851, ""external_airflow_factor"": 0, ""road_slope_percent"": 0, ""start_ms"": 49300, ""vehicle_speed_kph"": 11.62}, {""ambient_temp_c"": 40.123, ""end_ms"": 120000, ""engine_load"": 0.8901215, ""external_airflow_factor"": 0, ""road_slope_percent"": 0, ""start_ms"": 87100, ""vehicle_speed_kph"": 13.299999999999999}]",[],static_target,1927,120000,0:0:6000,dc13eba517121354401d961055579f1a2aeced503a2b1839ae27fe023bf9c084,bb0dcb16595089ef04be2f168edd294cb592579d256409ed22bb897ec98eee03,0
current_0657,SENSOR_CONTROL,sensor_bias,intermittent,4.6,0,25300,9700,operating_family_5,development-validation,current_profile_0657,"[{""ambient_temp_c"": 40.126, ""end_ms"": 18100, ""engine_load"": 0.6466266, ""external_airflow_factor"": 0, ""road_slope_percent"": 0, ""start_ms"": 0, ""vehicle_speed_kph"": 9.66}, {""ambient_temp_c"": 40.126, ""end_ms"": 49300, ""engine_load"": 0.9371400000000001, ""external_airflow_factor"": 0, ""road_slope_percent"": 0, ""start_ms"": 18100, ""vehicle_speed_kph"": 14}, {""ambient_temp_c"": 40.126, ""end_ms"": 87100, ""engine_load"": 0.7778262, ""external_airflow_factor"": 0, ""road_slope_percent"": 0, ""start_ms"": 49300, ""vehicle_speed_kph"": 11.62}, {""ambient_temp_c"": 40.126, ""end_ms"": 120000, ""engine_load"": 0.890283, ""external_airflow_factor"": 0, ""road_slope_percent"": 0, ""start_ms"": 87100, ""vehicle_speed_kph"": 13.299999999999999}]","[[30000, 99], [60000, 92]]",authorized_updates,1928,120000,0:0:6000,8814013a8363d4f0fb502fef1824f33673f1ef61c40ab509e5da57f04eab2744,81ac6f26d7f88a7b0ad652c94122e4ea8a32e651173f2f0445ba864c98d4bede,0
current_0658,SENSOR_CONTROL,sensor_bias,intermittent,8.9,0,25600,13700,operating_family_5,development-validation,current_profile_0658,"[{""ambient_temp_c"": 40.129, ""end_ms"": 18100, ""engine_load"": 0.6467439, ""external_airflow_factor"": 0, ""road_slope_percent"": 0, ""start_ms"": 0, ""vehicle_speed_kph"": 9.66}, {""ambient_temp_c"": 40.129, ""end_ms"": 49300, ""engine_load"": 0.9373100000000001, ""external_airflow_factor"": 0, ""road_slope_percent"": 0, ""start_ms"": 18100, ""vehicle_speed_kph"": 14}, {""ambient_temp_c"": 40.129, ""end_ms"": 87100, ""engine_load"": 0.7779673, ""external_airflow_factor"": 0, ""road_slope_percent"": 0, ""start_ms"": 49300, ""vehicle_speed_kph"": 11.62}, {""ambient_temp_c"": 40.129, ""end_ms"": 120000, ""engine_load"": 0.8904445000000001, ""external_airflow_factor"": 0, ""road_slope_percent"": 0, ""start_ms"": 87100, ""vehicle_speed_kph"": 13.299999999999999}]",[],static_target,1929,120000,0:0:6000,badbad9933a96eb25eceb3fec5197a993ab100d627fa13178cd08bfda6bd7648,b92b0d29a0ab366a37c559962228f47df74c43ce4c10cf863d4a420f4b676f7d,0
current_0659,SENSOR_CONTROL,sensor_bias,permanent,-1.2,0,25900,18500,operating_family_5,development-validation,current_profile_0659,"[{""ambient_temp_c"": 40.132, ""end_ms"": 18100, ""engine_load"": 0.6468612, ""external_airflow_factor"": 0, ""road_slope_percent"": 0, ""start_ms"": 0, ""vehicle_speed_kph"": 9.66}, {""ambient_temp_c"": 40.132, ""end_ms"": 49300, ""engine_load"": 0.9374800000000001, ""external_airflow_factor"": 0, ""road_slope_percent"": 0, ""start_ms"": 18100, ""vehicle_speed_kph"": 14}, {""ambient_temp_c"": 40.132, ""end_ms"": 87100, ""engine_load"": 0.7781084, ""external_airflow_factor"": 0, ""road_slope_percent"": 0, ""start_ms"": 49300, ""vehicle_speed_kph"": 11.62}, {""ambient_temp_c"": 40.132, ""end_ms"": 120000, ""engine_load"": 0.890606, ""external_airflow_factor"": 0, ""road_slope_percent"": 0, ""start_ms"": 87100, ""vehicle_speed_kph"": 13.299999999999999}]","[[30000, 99], [60000, 92]]",authorized_updates,1930,120000,0:0:6000,fd3d1818786a90f6dd513b713da6056d45b9b4a67abbeede35d277ff4e7f63a3,5583f5540f42a4fc13395d54359a32d23d87c7bc23560388af3fce409e2a7da2,0
current_0660,SENSOR_CONTROL,sensor_bias,permanent,1.2,0,26200,9700,operating_family_5,development-validation,current_profile_0660,"[{""ambient_temp_c"": 40.135, ""end_ms"": 18100, ""engine_load"": 0.6469785, ""external_airflow_factor"": 0, ""road_slope_percent"": 0, ""start_ms"": 0, ""vehicle_speed_kph"": 9.66}, {""ambient_temp_c"": 40.135, ""end_ms"": 49300, ""engine_load"": 0.9376500000000001, ""external_airflow_factor"": 0, ""road_slope_percent"": 0, ""start_ms"": 18100, ""vehicle_speed_kph"": 14}, {""ambient_temp_c"": 40.135, ""end_ms"": 87100, ""engine_load"": 0.7782495, ""external_airflow_factor"": 0, ""road_slope_percent"": 0, ""start_ms"": 49300, ""vehicle_speed_kph"": 11.62}, {""ambient_temp_c"": 40.135, ""end_ms"": 120000, ""engine_load"": 0.8907675, ""external_airflow_factor"": 0, ""road_slope_percent"": 0, ""start_ms"": 87100, ""vehicle_speed_kph"": 13.299999999999999}]",[],static_target,1931,120000,0:0:6000,4280c00a73b5f9d9e68231e59e9889552a7aec0b3b295aedf63b5129e76f0b81,879c55f52b109a7dedcdbd6e5dee94d272e2c9c6355ac611a32e6f7361782e52,0
current_0661,SENSOR_CONTROL,sensor_bias,permanent,4.6,0,26500,13700,operating_family_5,development-validation,current_profile_0661,"[{""ambient_temp_c"": 40.138, ""end_ms"": 18100, ""engine_load"": 0.6470958, ""external_airflow_factor"": 0, ""road_slope_percent"": 0, ""start_ms"": 0, ""vehicle_speed_kph"": 9.66}, {""ambient_temp_c"": 40.138, ""end_ms"": 49300, ""engine_load"": 0.9378200000000001, ""external_airflow_factor"": 0, ""road_slope_percent"": 0, ""start_ms"": 18100, ""vehicle_speed_kph"": 14}, {""ambient_temp_c"": 40.138, ""end_ms"": 87100, ""engine_load"": 0.7783906, ""external_airflow_factor"": 0, ""road_slope_percent"": 0, ""start_ms"": 49300, ""vehicle_speed_kph"": 11.62}, {""ambient_temp_c"": 40.138, ""end_ms"": 120000, ""engine_load"": 0.8909290000000001, ""external_airflow_factor"": 0, ""road_slope_percent"": 0, ""start_ms"": 87100, ""vehicle_speed_kph"": 13.299999999999999}]","[[30000, 99], [60000, 92]]",authorized_updates,1932,120000,0:0:6000,cb24a9cad0b5cf9c7504581d0a9a4f74053e48f3c1fd1df49c26b79a88c9aedf,5acdb9b1afdd7d4b8f0d1d779d967aace91dccefc9d3ee9ac14ab51e897c68df,0
current_0662,SENSOR_CONTROL,sensor_bias,permanent,8.9,0,26800,18500,operating_family_5,development-validation,current_profile_0662,"[{""ambient_temp_c"": 40.141, ""end_ms"": 18100, ""engine_load"": 0.6472131, ""external_airflow_factor"": 0, ""road_slope_percent"": 0, ""start_ms"": 0, ""vehicle_speed_kph"": 9.66}, {""ambient_temp_c"": 40.141, ""end_ms"": 49300, ""engine_load"": 0.9379900000000001, ""external_airflow_factor"": 0, ""road_slope_percent"": 0, ""start_ms"": 18100, ""vehicle_speed_kph"": 14}, {""ambient_temp_c"": 40.141, ""end_ms"": 87100, ""engine_load"": 0.7785317, ""external_airflow_factor"": 0, ""road_slope_percent"": 0, ""start_ms"": 49300, ""vehicle_speed_kph"": 11.62}, {""ambient_temp_c"": 40.141, ""end_ms"": 120000, ""engine_load"": 0.8910905, ""external_airflow_factor"": 0, ""road_slope_percent"": 0, ""start_ms"": 87100, ""vehicle_speed_kph"": 13.299999999999999}]",[],static_target,1933,120000,0:0:6000,5ebb9b1f87ec33de2eb176c2af3161cc5cfe0ce4dd6c5a77094b06695bb96e41,61a0bc7fa5c6ebc0cb60de85007faf4b10af17002714821c6eb6db9c1f342481,0
current_0663,SENSOR_CONTROL,sensor_interface_intermittent,transient,0.5,0,24700,9700,operating_family_5,development-validation,current_profile_0663,"[{""ambient_temp_c"": 40.144, ""end_ms"": 18100, ""engine_load"": 0.6473304, ""external_airflow_factor"": 0, ""road_slope_percent"": 0, ""start_ms"": 0, ""vehicle_speed_kph"": 9.66}, {""ambient_temp_c"": 40.144, ""end_ms"": 49300, ""engine_load"": 0.9381600000000001, ""external_airflow_factor"": 0, ""road_slope_percent"": 0, ""start_ms"": 18100, ""vehicle_speed_kph"": 14}, {""ambient_temp_c"": 40.144, ""end_ms"": 87100, ""engine_load"": 0.7786728, ""external_airflow_factor"": 0, ""road_slope_percent"": 0, ""start_ms"": 49300, ""vehicle_speed_kph"": 11.62}, {""ambient_temp_c"": 40.144, ""end_ms"": 120000, ""engine_load"": 0.891252, ""external_airflow_factor"": 0, ""road_slope_percent"": 0, ""start_ms"": 87100, ""vehicle_speed_kph"": 13.299999999999999}]","[[30000, 99], [60000, 92]]",authorized_updates,1934,120000,0:0:6000,054b360f73004409d10ea79b21f85aa0c36f63228f912cdadbc23af070a87554,45a9f2281146660e37e2860fd58bdd59366559afbd3587113faac8d3a8b883eb,0
current_0664,SENSOR_CONTROL,sensor_interface_intermittent,transient,1.5,0,25000,13700,operating_family_5,development-validation,current_profile_0664,"[{""ambient_temp_c"": 40.147, ""end_ms"": 18100, ""engine_load"": 0.6474477, ""external_airflow_factor"": 0, ""road_slope_percent"": 0, ""start_ms"": 0, ""vehicle_speed_kph"": 9.66}, {""ambient_temp_c"": 40.147, ""end_ms"": 49300, ""engine_load"": 0.93833, ""external_airflow_factor"": 0, ""road_slope_percent"": 0, ""start_ms"": 18100, ""vehicle_speed_kph"": 14}, {""ambient_temp_c"": 40.147, ""end_ms"": 87100, ""engine_load"": 0.7788139, ""external_airflow_factor"": 0, ""road_slope_percent"": 0, ""start_ms"": 49300, ""vehicle_speed_kph"": 11.62}, {""ambient_temp_c"": 40.147, ""end_ms"": 120000, ""engine_load"": 0.8914135, ""external_airflow_factor"": 0, ""road_slope_percent"": 0, ""start_ms"": 87100, ""vehicle_speed_kph"": 13.299999999999999}]",[],static_target,1935,120000,0:0:6000,4c9a0c113e70aff5b963655b6857618c4685e2e28fe5fa23990fac66b6e56717,992d654871c176edc7d49eb53441812db72926247df9432079de337385bb518a,0
current_0665,SENSOR_CONTROL,sensor_interface_intermittent,transient,4.1,0,25300,18500,operating_family_5,development-validation,current_profile_0665,"[{""ambient_temp_c"": 40.15, ""end_ms"": 18100, ""engine_load"": 0.647565, ""external_airflow_factor"": 0, ""road_slope_percent"": 0, ""start_ms"": 0, ""vehicle_speed_kph"": 9.66}, {""ambient_temp_c"": 40.15, ""end_ms"": 49300, ""engine_load"": 0.9385, ""external_airflow_factor"": 0, ""road_slope_percent"": 0, ""start_ms"": 18100, ""vehicle_speed_kph"": 14}, {""ambient_temp_c"": 40.15, ""end_ms"": 87100, ""engine_load"": 0.778955, ""external_airflow_factor"": 0, ""road_slope_percent"": 0, ""start_ms"": 49300, ""vehicle_speed_kph"": 11.62}, {""ambient_temp_c"": 40.15, ""end_ms"": 120000, ""engine_load"": 0.891575, ""external_airflow_factor"": 0, ""road_slope_percent"": 0, ""start_ms"": 87100, ""vehicle_speed_kph"": 13.299999999999999}]","[[30000, 99], [60000, 92]]",authorized_updates,1936,120000,0:0:6000,c4bc70b8a44cef8e384544dd7cbbea84f5ba7554f176237ca6555a2a616fd71a,7e4adf26fac9f5dd1c4600116fba77e9a2d89e3154cc454f275b9b049dd9614e,0
current_0666,SENSOR_CONTROL,sensor_interface_intermittent,transient,8.1,0,25600,9700,operating_family_5,development-validation,current_profile_0666,"[{""ambient_temp_c"": 40.153, ""end_ms"": 18100, ""engine_load"": 0.6476822999999999, ""external_airflow_factor"": 0, ""road_slope_percent"": 0, ""start_ms"": 0, ""vehicle_speed_kph"": 9.66}, {""ambient_temp_c"": 40.153, ""end_ms"": 49300, ""engine_load"": 0.93867, ""external_airflow_factor"": 0, ""road_slope_percent"": 0, ""start_ms"": 18100, ""vehicle_speed_kph"": 14}, {""ambient_temp_c"": 40.153, ""end_ms"": 87100, ""engine_load"": 0.7790961, ""external_airflow_factor"": 0, ""road_slope_percent"": 0, ""start_ms"": 49300, ""vehicle_speed_kph"": 11.62}, {""ambient_temp_c"": 40.153, ""end_ms"": 120000, ""engine_load"": 0.8917364999999999, ""external_airflow_factor"": 0, ""road_slope_percent"": 0, ""start_ms"": 87100, ""vehicle_speed_kph"": 13.299999999999999}]",[],static_target,1937,120000,0:0:6000,b8ba9e7b28041b4822de3bd08072221f1b28903d8e440642c9f7066dd492cf37,4df91980ec657ef0e02277ee865f74c3ddfdc30e1f889288358694b8e7d1e7a3,0
current_0667,SENSOR_CONTROL,sensor_interface_intermittent,intermittent,0.5,0,25900,13700,operating_family_5,development-validation,current_profile_0667,"[{""ambient_temp_c"": 40.156, ""end_ms"": 18100, ""engine_load"": 0.6477995999999999, ""external_airflow_factor"": 0, ""road_slope_percent"": 0, ""start_ms"": 0, ""vehicle_speed_kph"": 9.66}, {""ambient_temp_c"": 40.156, ""end_ms"": 49300, ""engine_load"": 0.93884, ""external_airflow_factor"": 0, ""road_slope_percent"": 0, ""start_ms"": 18100, ""vehicle_speed_kph"": 14}, {""ambient_temp_c"": 40.156, ""end_ms"": 87100, ""engine_load"": 0.7792372, ""external_airflow_factor"": 0, ""road_slope_percent"": 0, ""start_ms"": 49300, ""vehicle_speed_kph"": 11.62}, {""ambient_temp_c"": 40.156, ""end_ms"": 120000, ""engine_load"": 0.891898, ""external_airflow_factor"": 0, ""road_slope_percent"": 0, ""start_ms"": 87100, ""vehicle_speed_kph"": 13.299999999999999}]","[[30000, 99], [60000, 92]]",authorized_updates,1938,120000,0:0:6000,e7b75d43246dd1798d519fe7e6cf970ecfd15214199c4277ea9fd85ffffcf9e2,73775b5261a34bbd04d7f32e32970275f3cd02a45f48b5fff1482487236a9f33,0
current_0668,SENSOR_CONTROL,sensor_interface_intermittent,intermittent,1.5,0,26200,18500,operating_family_5,development-validation,current_profile_0668,"[{""ambient_temp_c"": 40.159, ""end_ms"": 18100, ""engine_load"": 0.6479168999999999, ""external_airflow_factor"": 0, ""road_slope_percent"": 0, ""start_ms"": 0, ""vehicle_speed_kph"": 9.66}, {""ambient_temp_c"": 40.159, ""end_ms"": 49300, ""engine_load"": 0.93901, ""external_airflow_factor"": 0, ""road_slope_percent"": 0, ""start_ms"": 18100, ""vehicle_speed_kph"": 14}, {""ambient_temp_c"": 40.159, ""end_ms"": 87100, ""engine_load"": 0.7793783, ""external_airflow_factor"": 0, ""road_slope_percent"": 0, ""start_ms"": 49300, ""vehicle_speed_kph"": 11.62}, {""ambient_temp_c"": 40.159, ""end_ms"": 120000, ""engine_load"": 0.8920595, ""external_airflow_factor"": 0, ""road_slope_percent"": 0, ""start_ms"": 87100, ""vehicle_speed_kph"": 13.299999999999999}]",[],static_target,1939,120000,0:0:6000,b759e3245d53a261153b94038775b761837af76fe18d3e8b3a9e60d66325eb3d,04671561f489fcc51aaf3e3b1a32822453f64f658a0392fed9cced57e21b73b3,0
current_0669,SENSOR_CONTROL,sensor_interface_intermittent,intermittent,4.1,0,26500,9700,operating_family_5,development-validation,current_profile_0669,"[{""ambient_temp_c"": 40.162, ""end_ms"": 18100, ""engine_load"": 0.6480342, ""external_airflow_factor"": 0, ""road_slope_percent"": 0, ""start_ms"": 0, ""vehicle_speed_kph"": 9.66}, {""ambient_temp_c"": 40.162, ""end_ms"": 49300, ""engine_load"": 0.93918, ""external_airflow_factor"": 0, ""road_slope_percent"": 0, ""start_ms"": 18100, ""vehicle_speed_kph"": 14}, {""ambient_temp_c"": 40.162, ""end_ms"": 87100, ""engine_load"": 0.7795194, ""external_airflow_factor"": 0, ""road_slope_percent"": 0, ""start_ms"": 49300, ""vehicle_speed_kph"": 11.62}, {""ambient_temp_c"": 40.162, ""end_ms"": 120000, ""engine_load"": 0.8922209999999999, ""external_airflow_factor"": 0, ""road_slope_percent"": 0, ""start_ms"": 87100, ""vehicle_speed_kph"": 13.299999999999999}]","[[30000, 99], [60000, 92]]",authorized_updates,1940,120000,0:0:6000,b9d4b7a57b15b8e7ac2075d4aaabaa874f21a3f80ae531700866e63443562282,874fa6162456ef470218e7508616fece5fcc0cd529b00be05bfe476e6dd8443a,0
current_0670,SENSOR_CONTROL,sensor_interface_intermittent,intermittent,8.1,0,26800,13700,operating_family_5,development-validation,current_profile_0670,"[{""ambient_temp_c"": 40.165, ""end_ms"": 18100, ""engine_load"": 0.6481515, ""external_airflow_factor"": 0, ""road_slope_percent"": 0, ""start_ms"": 0, ""vehicle_speed_kph"": 9.66}, {""ambient_temp_c"": 40.165, ""end_ms"": 49300, ""engine_load"": 0.93935, ""external_airflow_factor"": 0, ""road_slope_percent"": 0, ""start_ms"": 18100, ""vehicle_speed_kph"": 14}, {""ambient_temp_c"": 40.165, ""end_ms"": 87100, ""engine_load"": 0.7796605, ""external_airflow_factor"": 0, ""road_slope_percent"": 0, ""start_ms"": 49300, ""vehicle_speed_kph"": 11.62}, {""ambient_temp_c"": 40.165, ""end_ms"": 120000, ""engine_load"": 0.8923825, ""external_airflow_factor"": 0, ""road_slope_percent"": 0, ""start_ms"": 87100, ""vehicle_speed_kph"": 13.299999999999999}]",[],static_target,1941,120000,0:0:6000,1979db272f17b12d8cdbca6b9efb75ef71f5a9819720bbbd4eb2e957c7de84f9,52b9653d2946d5e55275654340814514ebe7ba4a295bda49e344029457522e3b,0
current_0671,SENSOR_CONTROL,sensor_interface_intermittent,permanent,0.5,0,24700,18500,operating_family_5,development-validation,current_profile_0671,"[{""ambient_temp_c"": 40.168, ""end_ms"": 18100, ""engine_load"": 0.6482688, ""external_airflow_factor"": 0, ""road_slope_percent"": 0, ""start_ms"": 0, ""vehicle_speed_kph"": 9.66}, {""ambient_temp_c"": 40.168, ""end_ms"": 49300, ""engine_load"": 0.93952, ""external_airflow_factor"": 0, ""road_slope_percent"": 0, ""start_ms"": 18100, ""vehicle_speed_kph"": 14}, {""ambient_temp_c"": 40.168, ""end_ms"": 87100, ""engine_load"": 0.7798016, ""external_airflow_factor"": 0, ""road_slope_percent"": 0, ""start_ms"": 49300, ""vehicle_speed_kph"": 11.62}, {""ambient_temp_c"": 40.168, ""end_ms"": 120000, ""engine_load"": 0.892544, ""external_airflow_factor"": 0, ""road_slope_percent"": 0, ""start_ms"": 87100, ""vehicle_speed_kph"": 13.299999999999999}]","[[30000, 99], [60000, 92]]",authorized_updates,1942,120000,0:0:6000,8b4ef1ecedb2f6f589b8aa7619b595d825b89f8d95dc840a753e1bbc89f0c98a,ac908b4e74681e14de629325de009d03a9db6caede42f568efba61bb8e195905,0
current_0672,SENSOR_CONTROL,sensor_interface_intermittent,permanent,1.5,0,25000,9700,operating_family_5,development-validation,current_profile_0672,"[{""ambient_temp_c"": 40.171, ""end_ms"": 18100, ""engine_load"": 0.6483861, ""external_airflow_factor"": 0, ""road_slope_percent"": 0, ""start_ms"": 0, ""vehicle_speed_kph"": 9.66}, {""ambient_temp_c"": 40.171, ""end_ms"": 49300, ""engine_load"": 0.93969, ""external_airflow_factor"": 0, ""road_slope_percent"": 0, ""start_ms"": 18100, ""vehicle_speed_kph"": 14}, {""ambient_temp_c"": 40.171, ""end_ms"": 87100, ""engine_load"": 0.7799427, ""external_airflow_factor"": 0, ""road_slope_percent"": 0, ""start_ms"": 49300, ""vehicle_speed_kph"": 11.62}, {""ambient_temp_c"": 40.171, ""end_ms"": 120000, ""engine_load"": 0.8927054999999999, ""external_airflow_factor"": 0, ""road_slope_percent"": 0, ""start_ms"": 87100, ""vehicle_speed_kph"": 13.299999999999999}]",[],static_target,1943,120000,0:0:6000,99e2404785e9f294784808ca9bffe3dd1c72010fd9e7a7ef297bc2a0e3beba1b,b0222167da7faee8771ae59cd15489d636ead75803508def2bac894c237f767e,0
current_0673,SENSOR_CONTROL,sensor_interface_intermittent,permanent,4.1,0,25300,13700,operating_family_5,development-validation,current_profile_0673,"[{""ambient_temp_c"": 40.174, ""end_ms"": 18100, ""engine_load"": 0.6485034, ""external_airflow_factor"": 0, ""road_slope_percent"": 0, ""start_ms"": 0, ""vehicle_speed_kph"": 9.66}, {""ambient_temp_c"": 40.174, ""end_ms"": 49300, ""engine_load"": 0.93986, ""external_airflow_factor"": 0, ""road_slope_percent"": 0, ""start_ms"": 18100, ""vehicle_speed_kph"": 14}, {""ambient_temp_c"": 40.174, ""end_ms"": 87100, ""engine_load"": 0.7800838, ""external_airflow_factor"": 0, ""road_slope_percent"": 0, ""start_ms"": 49300, ""vehicle_speed_kph"": 11.62}, {""ambient_temp_c"": 40.174, ""end_ms"": 120000, ""engine_load"": 0.892867, ""external_airflow_factor"": 0, ""road_slope_percent"": 0, ""start_ms"": 87100, ""vehicle_speed_kph"": 13.299999999999999}]","[[30000, 99], [60000, 92]]",authorized_updates,1944,120000,0:0:6000,788e88ec86e93bac374674c78dcbe4145f0b4bf06b62230ceea33ceb2e3e065e,b626a5f210704cf2eeb6c57841f6a95c50af02d2b7fbc70e009d5ceae0349835,0
current_0674,SENSOR_CONTROL,sensor_interface_intermittent,permanent,8.1,0,25600,18500,operating_family_5,development-validation,current_profile_0674,"[{""ambient_temp_c"": 40.177, ""end_ms"": 18100, ""engine_load"": 0.6486206999999999, ""external_airflow_factor"": 0, ""road_slope_percent"": 0, ""start_ms"": 0, ""vehicle_speed_kph"": 9.66}, {""ambient_temp_c"": 40.177, ""end_ms"": 49300, ""engine_load"": 0.94003, ""external_airflow_factor"": 0, ""road_slope_percent"": 0, ""start_ms"": 18100, ""vehicle_speed_kph"": 14}, {""ambient_temp_c"": 40.177, ""end_ms"": 87100, ""engine_load"": 0.7802249, ""external_airflow_factor"": 0, ""road_slope_percent"": 0, ""start_ms"": 49300, ""vehicle_speed_kph"": 11.62}, {""ambient_temp_c"": 40.177, ""end_ms"": 120000, ""engine_load"": 0.8930285, ""external_airflow_factor"": 0, ""road_slope_percent"": 0, ""start_ms"": 87100, ""vehicle_speed_kph"": 13.299999999999999}]",[],static_target,1945,120000,0:0:6000,c35f789d2d53e85a15b1438c98ea6ac0647aa0cb100dec7322f6a31ba989e0e0,0ee1730eb0b59dfa3414b2b682d7a069dc037f51ed4c4218a4fab993abf88951,0
current_0675,COMMUNICATION,delayed_update,transient,100,0,25900,9700,operating_family_5,development-validation,current_profile_0675,"[{""ambient_temp_c"": 40.18, ""end_ms"": 18100, ""engine_load"": 0.6487379999999999, ""external_airflow_factor"": 0, ""road_slope_percent"": 0, ""start_ms"": 0, ""vehicle_speed_kph"": 9.66}, {""ambient_temp_c"": 40.18, ""end_ms"": 49300, ""engine_load"": 0.9402, ""external_airflow_factor"": 0, ""road_slope_percent"": 0, ""start_ms"": 18100, ""vehicle_speed_kph"": 14}, {""ambient_temp_c"": 40.18, ""end_ms"": 87100, ""engine_load"": 0.780366, ""external_airflow_factor"": 0, ""road_slope_percent"": 0, ""start_ms"": 49300, ""vehicle_speed_kph"": 11.62}, {""ambient_temp_c"": 40.18, ""end_ms"": 120000, ""engine_load"": 0.89319, ""external_airflow_factor"": 0, ""road_slope_percent"": 0, ""start_ms"": 87100, ""vehicle_speed_kph"": 13.299999999999999}]","[[30000, 99], [60000, 92]]",authorized_updates,1946,120000,0:0:6000,ed8c321d442e0637e55c4d18e4ec4559047ea7bbfe7c43aab4fe8844f85c04b9,799c128d318b551f6f9f26d028ee1832d0a5824692efae57268446aeccb6f354,0
current_0676,COMMUNICATION,delayed_update,transient,200,0,26200,13700,operating_family_5,development-validation,current_profile_0676,"[{""ambient_temp_c"": 40.183, ""end_ms"": 18100, ""engine_load"": 0.6488553, ""external_airflow_factor"": 0, ""road_slope_percent"": 0, ""start_ms"": 0, ""vehicle_speed_kph"": 9.66}, {""ambient_temp_c"": 40.183, ""end_ms"": 49300, ""engine_load"": 0.94037, ""external_airflow_factor"": 0, ""road_slope_percent"": 0, ""start_ms"": 18100, ""vehicle_speed_kph"": 14}, {""ambient_temp_c"": 40.183, ""end_ms"": 87100, ""engine_load"": 0.7805071, ""external_airflow_factor"": 0, ""road_slope_percent"": 0, ""start_ms"": 49300, ""vehicle_speed_kph"": 11.62}, {""ambient_temp_c"": 40.183, ""end_ms"": 120000, ""engine_load"": 0.8933515, ""external_airflow_factor"": 0, ""road_slope_percent"": 0, ""start_ms"": 87100, ""vehicle_speed_kph"": 13.299999999999999}]",[],static_target,1947,120000,0:0:6000,2a2024c5882bc9661f079beccf3d49136942e95f4bfa0f2fbdf0d5ae62af5342,c04e9394cab0c7819fe8b6ed09719418e2893c5c3bc48b252d6e5ac8b323a805,0
current_0677,COMMUNICATION,delayed_update,transient,500,0,26500,18500,operating_family_5,development-validation,current_profile_0677,"[{""ambient_temp_c"": 40.186, ""end_ms"": 18100, ""engine_load"": 0.6489726, ""external_airflow_factor"": 0, ""road_slope_percent"": 0, ""start_ms"": 0, ""vehicle_speed_kph"": 9.66}, {""ambient_temp_c"": 40.186, ""end_ms"": 49300, ""engine_load"": 0.94054, ""external_airflow_factor"": 0, ""road_slope_percent"": 0, ""start_ms"": 18100, ""vehicle_speed_kph"": 14}, {""ambient_temp_c"": 40.186, ""end_ms"": 87100, ""engine_load"": 0.7806482, ""external_airflow_factor"": 0, ""road_slope_percent"": 0, ""start_ms"": 49300, ""vehicle_speed_kph"": 11.62}, {""ambient_temp_c"": 40.186, ""end_ms"": 120000, ""engine_load"": 0.893513, ""external_airflow_factor"": 0, ""road_slope_percent"": 0, ""start_ms"": 87100, ""vehicle_speed_kph"": 13.299999999999999}]","[[30000, 99], [60000, 92]]",authorized_updates,1948,120000,0:0:6000,a0b506c9516b12d2601a9ec0175ec7a77a7d748c5a16c29a9e2831657610c874,a38cf6a2b13635b23d0a1709e59646a320618fd92ad26108ca56f38f5f9070ec,0
current_0678,COMMUNICATION,delayed_update,intermittent,100,0,26800,9700,operating_family_5,development-validation,current_profile_0678,"[{""ambient_temp_c"": 40.189, ""end_ms"": 18100, ""engine_load"": 0.6490899, ""external_airflow_factor"": 0, ""road_slope_percent"": 0, ""start_ms"": 0, ""vehicle_speed_kph"": 9.66}, {""ambient_temp_c"": 40.189, ""end_ms"": 49300, ""engine_load"": 0.94071, ""external_airflow_factor"": 0, ""road_slope_percent"": 0, ""start_ms"": 18100, ""vehicle_speed_kph"": 14}, {""ambient_temp_c"": 40.189, ""end_ms"": 87100, ""engine_load"": 0.7807893, ""external_airflow_factor"": 0, ""road_slope_percent"": 0, ""start_ms"": 49300, ""vehicle_speed_kph"": 11.62}, {""ambient_temp_c"": 40.189, ""end_ms"": 120000, ""engine_load"": 0.8936745, ""external_airflow_factor"": 0, ""road_slope_percent"": 0, ""start_ms"": 87100, ""vehicle_speed_kph"": 13.299999999999999}]",[],static_target,1949,120000,0:0:6000,02b24500ed54ce32b2a4584e6b00b08c3683b3f300d0d4d7d424360cc71d92a4,0f2635ba09c1d3995b536084b1846afb5e1105e06e19c79521228205477de4b9,0
current_0679,COMMUNICATION,delayed_update,intermittent,200,0,24700,13700,operating_family_5,development-validation,current_profile_0679,"[{""ambient_temp_c"": 40.192, ""end_ms"": 18100, ""engine_load"": 0.6492072, ""external_airflow_factor"": 0, ""road_slope_percent"": 0, ""start_ms"": 0, ""vehicle_speed_kph"": 9.66}, {""ambient_temp_c"": 40.192, ""end_ms"": 49300, ""engine_load"": 0.94088, ""external_airflow_factor"": 0, ""road_slope_percent"": 0, ""start_ms"": 18100, ""vehicle_speed_kph"": 14}, {""ambient_temp_c"": 40.192, ""end_ms"": 87100, ""engine_load"": 0.7809304, ""external_airflow_factor"": 0, ""road_slope_percent"": 0, ""start_ms"": 49300, ""vehicle_speed_kph"": 11.62}, {""ambient_temp_c"": 40.192, ""end_ms"": 120000, ""engine_load"": 0.893836, ""external_airflow_factor"": 0, ""road_slope_percent"": 0, ""start_ms"": 87100, ""vehicle_speed_kph"": 13.299999999999999}]","[[30000, 99], [60000, 92]]",authorized_updates,1950,120000,0:0:6000,7e171dd17284e7a5cb25d5c34915d8d1beeda986fb54a5f3ab62c9be0d3928a1,69e8c2962cb65a52ef4d8967b6f302d7c4ec988959b74a26626b8207c0cd1685,0
current_0680,COMMUNICATION,delayed_update,intermittent,500,0,25000,18500,operating_family_5,development-validation,current_profile_0680,"[{""ambient_temp_c"": 40.195, ""end_ms"": 18100, ""engine_load"": 0.6493245, ""external_airflow_factor"": 0, ""road_slope_percent"": 0, ""start_ms"": 0, ""vehicle_speed_kph"": 9.66}, {""ambient_temp_c"": 40.195, ""end_ms"": 49300, ""engine_load"": 0.94105, ""external_airflow_factor"": 0, ""road_slope_percent"": 0, ""start_ms"": 18100, ""vehicle_speed_kph"": 14}, {""ambient_temp_c"": 40.195, ""end_ms"": 87100, ""engine_load"": 0.7810715, ""external_airflow_factor"": 0, ""road_slope_percent"": 0, ""start_ms"": 49300, ""vehicle_speed_kph"": 11.62}, {""ambient_temp_c"": 40.195, ""end_ms"": 120000, ""engine_load"": 0.8939975, ""external_airflow_factor"": 0, ""road_slope_percent"": 0, ""start_ms"": 87100, ""vehicle_speed_kph"": 13.299999999999999}]",[],static_target,1951,120000,0:0:6000,096896c39043db1e785339375316025f33a8351c18ef0879b033d4e678ae65b5,88916e0c3ee419f1da5861f7be52cccf743935f1897c35b2f25bce2c38e5589f,0
current_0681,COMMUNICATION,delayed_update,permanent,100,0,25300,9700,operating_family_5,development-validation,current_profile_0681,"[{""ambient_temp_c"": 40.198, ""end_ms"": 18100, ""engine_load"": 0.6494418, ""external_airflow_factor"": 0, ""road_slope_percent"": 0, ""start_ms"": 0, ""vehicle_speed_kph"": 9.66}, {""ambient_temp_c"": 40.198, ""end_ms"": 49300, ""engine_load"": 0.9412200000000001, ""external_airflow_factor"": 0, ""road_slope_percent"": 0, ""start_ms"": 18100, ""vehicle_speed_kph"": 14}, {""ambient_temp_c"": 40.198, ""end_ms"": 87100, ""engine_load"": 0.7812126, ""external_airflow_factor"": 0, ""road_slope_percent"": 0, ""start_ms"": 49300, ""vehicle_speed_kph"": 11.62}, {""ambient_temp_c"": 40.198, ""end_ms"": 120000, ""engine_load"": 0.894159, ""external_airflow_factor"": 0, ""road_slope_percent"": 0, ""start_ms"": 87100, ""vehicle_speed_kph"": 13.299999999999999}]","[[30000, 99], [60000, 92]]",authorized_updates,1952,120000,0:0:6000,5471975e3e04bc03a937135f461b2dbf6a9fab00373284cb35e07792d2b4a609,103bf809463108daf61c991346420a48bbf7f4e494e727481f5adef6347173c5,0
current_0682,COMMUNICATION,delayed_update,permanent,200,0,25600,13700,operating_family_5,development-validation,current_profile_0682,"[{""ambient_temp_c"": 40.201, ""end_ms"": 18100, ""engine_load"": 0.6495591, ""external_airflow_factor"": 0, ""road_slope_percent"": 0, ""start_ms"": 0, ""vehicle_speed_kph"": 9.66}, {""ambient_temp_c"": 40.201, ""end_ms"": 49300, ""engine_load"": 0.9413900000000001, ""external_airflow_factor"": 0, ""road_slope_percent"": 0, ""start_ms"": 18100, ""vehicle_speed_kph"": 14}, {""ambient_temp_c"": 40.201, ""end_ms"": 87100, ""engine_load"": 0.7813537, ""external_airflow_factor"": 0, ""road_slope_percent"": 0, ""start_ms"": 49300, ""vehicle_speed_kph"": 11.62}, {""ambient_temp_c"": 40.201, ""end_ms"": 120000, ""engine_load"": 0.8943205, ""external_airflow_factor"": 0, ""road_slope_percent"": 0, ""start_ms"": 87100, ""vehicle_speed_kph"": 13.299999999999999}]",[],static_target,1953,120000,0:0:6000,2e4241468ab4d042cfe279a79f84e29a36b2e3def8e66a860477ab1e5a0dbb4a,7b990e513bbcf6c67587d1a8d10c6bc027628c4110b677d39475713f2c609ef5,0
current_0683,COMMUNICATION,delayed_update,permanent,500,0,25900,18500,operating_family_5,development-validation,current_profile_0683,"[{""ambient_temp_c"": 40.204, ""end_ms"": 18100, ""engine_load"": 0.6496764, ""external_airflow_factor"": 0, ""road_slope_percent"": 0, ""start_ms"": 0, ""vehicle_speed_kph"": 9.66}, {""ambient_temp_c"": 40.204, ""end_ms"": 49300, ""engine_load"": 0.9415600000000001, ""external_airflow_factor"": 0, ""road_slope_percent"": 0, ""start_ms"": 18100, ""vehicle_speed_kph"": 14}, {""ambient_temp_c"": 40.204, ""end_ms"": 87100, ""engine_load"": 0.7814948, ""external_airflow_factor"": 0, ""road_slope_percent"": 0, ""start_ms"": 49300, ""vehicle_speed_kph"": 11.62}, {""ambient_temp_c"": 40.204, ""end_ms"": 120000, ""engine_load"": 0.894482, ""external_airflow_factor"": 0, ""road_slope_percent"": 0, ""start_ms"": 87100, ""vehicle_speed_kph"": 13.299999999999999}]","[[30000, 99], [60000, 92]]",authorized_updates,1954,120000,0:0:6000,d0670d93d39361072b39724f0ab7f2f7cfb034b0720fe608c62a4b3bef63ce60,160a4c08ea8d46cd3629ac0b8520e551895c3d33f8691cd1bb42323d2e8dccbf,0
current_0684,COMMUNICATION,dropped_update,transient,1,0,26200,9700,operating_family_5,development-validation,current_profile_0684,"[{""ambient_temp_c"": 40.207, ""end_ms"": 18100, ""engine_load"": 0.6497937, ""external_airflow_factor"": 0, ""road_slope_percent"": 0, ""start_ms"": 0, ""vehicle_speed_kph"": 9.66}, {""ambient_temp_c"": 40.207, ""end_ms"": 49300, ""engine_load"": 0.9417300000000001, ""external_airflow_factor"": 0, ""road_slope_percent"": 0, ""start_ms"": 18100, ""vehicle_speed_kph"": 14}, {""ambient_temp_c"": 40.207, ""end_ms"": 87100, ""engine_load"": 0.7816359, ""external_airflow_factor"": 0, ""road_slope_percent"": 0, ""start_ms"": 49300, ""vehicle_speed_kph"": 11.62}, {""ambient_temp_c"": 40.207, ""end_ms"": 120000, ""engine_load"": 0.8946435, ""external_airflow_factor"": 0, ""road_slope_percent"": 0, ""start_ms"": 87100, ""vehicle_speed_kph"": 13.299999999999999}]",[],static_target,1955,120000,0:0:6000,9d1b194136892cbd92e1f6b6a0f5e92a6c9756cf5c47524d9eaa602087c1bf17,f1e7926e379ef8424ae4a9e47ebbabc541a0830112f87ecd3f31ee263df5b643,0
current_0685,COMMUNICATION,dropped_update,transient,3,0,26500,13700,operating_family_5,development-validation,current_profile_0685,"[{""ambient_temp_c"": 40.21, ""end_ms"": 18100, ""engine_load"": 0.649911, ""external_airflow_factor"": 0, ""road_slope_percent"": 0, ""start_ms"": 0, ""vehicle_speed_kph"": 9.66}, {""ambient_temp_c"": 40.21, ""end_ms"": 49300, ""engine_load"": 0.9419000000000001, ""external_airflow_factor"": 0, ""road_slope_percent"": 0, ""start_ms"": 18100, ""vehicle_speed_kph"": 14}, {""ambient_temp_c"": 40.21, ""end_ms"": 87100, ""engine_load"": 0.781777, ""external_airflow_factor"": 0, ""road_slope_percent"": 0, ""start_ms"": 49300, ""vehicle_speed_kph"": 11.62}, {""ambient_temp_c"": 40.21, ""end_ms"": 120000, ""engine_load"": 0.8948050000000001, ""external_airflow_factor"": 0, ""road_slope_percent"": 0, ""start_ms"": 87100, ""vehicle_speed_kph"": 13.299999999999999}]","[[30000, 99], [60000, 92]]",authorized_updates,1956,120000,0:0:6000,7defab5b1594f0aed32a58b3f6629fa0bad4eda56e334decb901be61c1c5475a,6c763c25c24f88908542a6e7c3765ade1613e1a93bdb5a2ec7b47c9c8107d03e,0
current_0686,COMMUNICATION,dropped_update,transient,7,0,26800,18500,operating_family_5,development-validation,current_profile_0686,"[{""ambient_temp_c"": 40.213, ""end_ms"": 18100, ""engine_load"": 0.6500283, ""external_airflow_factor"": 0, ""road_slope_percent"": 0, ""start_ms"": 0, ""vehicle_speed_kph"": 9.66}, {""ambient_temp_c"": 40.213, ""end_ms"": 49300, ""engine_load"": 0.9420700000000001, ""external_airflow_factor"": 0, ""road_slope_percent"": 0, ""start_ms"": 18100, ""vehicle_speed_kph"": 14}, {""ambient_temp_c"": 40.213, ""end_ms"": 87100, ""engine_load"": 0.7819181000000001, ""external_airflow_factor"": 0, ""road_slope_percent"": 0, ""start_ms"": 49300, ""vehicle_speed_kph"": 11.62}, {""ambient_temp_c"": 40.213, ""end_ms"": 120000, ""engine_load"": 0.8949665, ""external_airflow_factor"": 0, ""road_slope_percent"": 0, ""start_ms"": 87100, ""vehicle_speed_kph"": 13.299999999999999}]",[],static_target,1957,120000,0:0:6000,931c9077f9aabaaf2bb28f9fcb34c400138854527a66cae3eec4aa205629ab06,41a69ed13595e522fdaeead174d7b4b7d5c2a191e2b90620b95f9da5051dd7af,0
current_0687,COMMUNICATION,dropped_update,intermittent,1,0,24700,9700,operating_family_5,development-validation,current_profile_0687,"[{""ambient_temp_c"": 40.216, ""end_ms"": 18100, ""engine_load"": 0.6501456, ""external_airflow_factor"": 0, ""road_slope_percent"": 0, ""start_ms"": 0, ""vehicle_speed_kph"": 9.66}, {""ambient_temp_c"": 40.216, ""end_ms"": 49300, ""engine_load"": 0.9422400000000001, ""external_airflow_factor"": 0, ""road_slope_percent"": 0, ""start_ms"": 18100, ""vehicle_speed_kph"": 14}, {""ambient_temp_c"": 40.216, ""end_ms"": 87100, ""engine_load"": 0.7820592000000001, ""external_airflow_factor"": 0, ""road_slope_percent"": 0, ""start_ms"": 49300, ""vehicle_speed_kph"": 11.62}, {""ambient_temp_c"": 40.216, ""end_ms"": 120000, ""engine_load"": 0.895128, ""external_airflow_factor"": 0, ""road_slope_percent"": 0, ""start_ms"": 87100, ""vehicle_speed_kph"": 13.299999999999999}]","[[30000, 99], [60000, 92]]",authorized_updates,1958,120000,0:0:6000,46deea293ed4d5411dbe413c96e4b4aff45d31b2e30f405da38200ba51429023,774a11895a042aab5fd08dfea2090a43bd28be6c1e552bc4b99c8502b7945ece,0
current_0688,COMMUNICATION,dropped_update,intermittent,3,0,25000,13700,operating_family_5,development-validation,current_profile_0688,"[{""ambient_temp_c"": 40.219, ""end_ms"": 18100, ""engine_load"": 0.6502629, ""external_airflow_factor"": 0, ""road_slope_percent"": 0, ""start_ms"": 0, ""vehicle_speed_kph"": 9.66}, {""ambient_temp_c"": 40.219, ""end_ms"": 49300, ""engine_load"": 0.9424100000000001, ""external_airflow_factor"": 0, ""road_slope_percent"": 0, ""start_ms"": 18100, ""vehicle_speed_kph"": 14}, {""ambient_temp_c"": 40.219, ""end_ms"": 87100, ""engine_load"": 0.7822003000000001, ""external_airflow_factor"": 0, ""road_slope_percent"": 0, ""start_ms"": 49300, ""vehicle_speed_kph"": 11.62}, {""ambient_temp_c"": 40.219, ""end_ms"": 120000, ""engine_load"": 0.8952895000000001, ""external_airflow_factor"": 0, ""road_slope_percent"": 0, ""start_ms"": 87100, ""vehicle_speed_kph"": 13.299999999999999}]",[],static_target,1959,120000,0:0:6000,e1b04957003f28979221dad343dc552ffd917caeaabe0b1c4541d316ec66e87a,bba73d233027ed8f8b94f6d98811dd317ccb50602c2cbd860586f059f3b8adad,0
current_0689,COMMUNICATION,dropped_update,intermittent,7,0,25300,18500,operating_family_5,development-validation,current_profile_0689,"[{""ambient_temp_c"": 40.222, ""end_ms"": 18100, ""engine_load"": 0.6503802, ""external_airflow_factor"": 0, ""road_slope_percent"": 0, ""start_ms"": 0, ""vehicle_speed_kph"": 9.66}, {""ambient_temp_c"": 40.222, ""end_ms"": 49300, ""engine_load"": 0.9425800000000001, ""external_airflow_factor"": 0, ""road_slope_percent"": 0, ""start_ms"": 18100, ""vehicle_speed_kph"": 14}, {""ambient_temp_c"": 40.222, ""end_ms"": 87100, ""engine_load"": 0.7823414000000001, ""external_airflow_factor"": 0, ""road_slope_percent"": 0, ""start_ms"": 49300, ""vehicle_speed_kph"": 11.62}, {""ambient_temp_c"": 40.222, ""end_ms"": 120000, ""engine_load"": 0.895451, ""external_airflow_factor"": 0, ""road_slope_percent"": 0, ""start_ms"": 87100, ""vehicle_speed_kph"": 13.299999999999999}]","[[30000, 99], [60000, 92]]",authorized_updates,1960,120000,0:0:6000,7bbe853941691d1c1dec537f3e97a3ab281b7299dae5c817111471bf261f1478,24dc49f1613f10789bbee495e9c898bb98c9e47d68891d162fce28e1ceed03a2,0
current_0690,COMMUNICATION,dropped_update,permanent,1,0,25600,9700,operating_family_5,development-validation,current_profile_0690,"[{""ambient_temp_c"": 40.225, ""end_ms"": 18100, ""engine_load"": 0.6504975000000001, ""external_airflow_factor"": 0, ""road_slope_percent"": 0, ""start_ms"": 0, ""vehicle_speed_kph"": 9.66}, {""ambient_temp_c"": 40.225, ""end_ms"": 49300, ""engine_load"": 0.9427500000000001, ""external_airflow_factor"": 0, ""road_slope_percent"": 0, ""start_ms"": 18100, ""vehicle_speed_kph"": 14}, {""ambient_temp_c"": 40.225, ""end_ms"": 87100, ""engine_load"": 0.7824825000000001, ""external_airflow_factor"": 0, ""road_slope_percent"": 0, ""start_ms"": 49300, ""vehicle_speed_kph"": 11.62}, {""ambient_temp_c"": 40.225, ""end_ms"": 120000, ""engine_load"": 0.8956125, ""external_airflow_factor"": 0, ""road_slope_percent"": 0, ""start_ms"": 87100, ""vehicle_speed_kph"": 13.299999999999999}]",[],static_target,1961,120000,0:0:6000,7d4db4b2b69a0e03b7f67c783cb63b86117b6b4acddbc242156ccd4b0bf72bfa,fe911138fdd34fd6ec6c0ccc3f92ec48351af2f70482c47a64156d7ac05ba9db,0
current_0691,COMMUNICATION,dropped_update,permanent,3,0,25900,13700,operating_family_5,development-validation,current_profile_0691,"[{""ambient_temp_c"": 40.228, ""end_ms"": 18100, ""engine_load"": 0.6506148, ""external_airflow_factor"": 0, ""road_slope_percent"": 0, ""start_ms"": 0, ""vehicle_speed_kph"": 9.66}, {""ambient_temp_c"": 40.228, ""end_ms"": 49300, ""engine_load"": 0.9429200000000001, ""external_airflow_factor"": 0, ""road_slope_percent"": 0, ""start_ms"": 18100, ""vehicle_speed_kph"": 14}, {""ambient_temp_c"": 40.228, ""end_ms"": 87100, ""engine_load"": 0.7826236000000001, ""external_airflow_factor"": 0, ""road_slope_percent"": 0, ""start_ms"": 49300, ""vehicle_speed_kph"": 11.62}, {""ambient_temp_c"": 40.228, ""end_ms"": 120000, ""engine_load"": 0.8957740000000001, ""external_airflow_factor"": 0, ""road_slope_percent"": 0, ""start_ms"": 87100, ""vehicle_speed_kph"": 13.299999999999999}]","[[30000, 99], [60000, 92]]",authorized_updates,1962,120000,0:0:6000,b1d5462b0acf705da558e9a0daaccd1f271ccab99f644b7d1998988b4ad24f0e,e0579cf8dda0a4a05796933bd7dbfe85b76fafad5085f29ff5e651f261acfe1c,0
current_0692,COMMUNICATION,dropped_update,permanent,7,0,26200,18500,operating_family_5,development-validation,current_profile_0692,"[{""ambient_temp_c"": 40.231, ""end_ms"": 18100, ""engine_load"": 0.6507321, ""external_airflow_factor"": 0, ""road_slope_percent"": 0, ""start_ms"": 0, ""vehicle_speed_kph"": 9.66}, {""ambient_temp_c"": 40.231, ""end_ms"": 49300, ""engine_load"": 0.9430900000000001, ""external_airflow_factor"": 0, ""road_slope_percent"": 0, ""start_ms"": 18100, ""vehicle_speed_kph"": 14}, {""ambient_temp_c"": 40.231, ""end_ms"": 87100, ""engine_load"": 0.7827647000000001, ""external_airflow_factor"": 0, ""road_slope_percent"": 0, ""start_ms"": 49300, ""vehicle_speed_kph"": 11.62}, {""ambient_temp_c"": 40.231, ""end_ms"": 120000, ""engine_load"": 0.8959355, ""external_airflow_factor"": 0, ""road_slope_percent"": 0, ""start_ms"": 87100, ""vehicle_speed_kph"": 13.299999999999999}]",[],static_target,1963,120000,0:0:6000,9ef14f28e990d218fbb5ef3a025585f1f6cc7fc2d0c94a3d1d16d46e7d5a131d,ce71dd92d4076a617cef6bf4eb97b0ed98452a5984dc7b80542be20ef86a4eba,0
current_0693,COMMUNICATION,replayed_sample,transient,100,0,26500,9700,operating_family_5,development-validation,current_profile_0693,"[{""ambient_temp_c"": 40.234, ""end_ms"": 18100, ""engine_load"": 0.6508494, ""external_airflow_factor"": 0, ""road_slope_percent"": 0, ""start_ms"": 0, ""vehicle_speed_kph"": 9.66}, {""ambient_temp_c"": 40.234, ""end_ms"": 49300, ""engine_load"": 0.9432600000000001, ""external_airflow_factor"": 0, ""road_slope_percent"": 0, ""start_ms"": 18100, ""vehicle_speed_kph"": 14}, {""ambient_temp_c"": 40.234, ""end_ms"": 87100, ""engine_load"": 0.7829058000000001, ""external_airflow_factor"": 0, ""road_slope_percent"": 0, ""start_ms"": 49300, ""vehicle_speed_kph"": 11.62}, {""ambient_temp_c"": 40.234, ""end_ms"": 120000, ""engine_load"": 0.896097, ""external_airflow_factor"": 0, ""road_slope_percent"": 0, ""start_ms"": 87100, ""vehicle_speed_kph"": 13.299999999999999}]","[[30000, 99], [60000, 92]]",authorized_updates,1964,120000,0:0:6000,4a7acefa21df258f3191a9db49140055aa6db75d5b76a9512c980b9cbb9f2fb8,38427dd68e30bb7d7bf3bbc19572d2b212e9fa29d110598756a11ca93d5a676c,0
current_0694,COMMUNICATION,replayed_sample,transient,300,0,26800,13700,operating_family_5,development-validation,current_profile_0694,"[{""ambient_temp_c"": 40.237, ""end_ms"": 18100, ""engine_load"": 0.6509667, ""external_airflow_factor"": 0, ""road_slope_percent"": 0, ""start_ms"": 0, ""vehicle_speed_kph"": 9.66}, {""ambient_temp_c"": 40.237, ""end_ms"": 49300, ""engine_load"": 0.9434300000000001, ""external_airflow_factor"": 0, ""road_slope_percent"": 0, ""start_ms"": 18100, ""vehicle_speed_kph"": 14}, {""ambient_temp_c"": 40.237, ""end_ms"": 87100, ""engine_load"": 0.7830469000000001, ""external_airflow_factor"": 0, ""road_slope_percent"": 0, ""start_ms"": 49300, ""vehicle_speed_kph"": 11.62}, {""ambient_temp_c"": 40.237, ""end_ms"": 120000, ""engine_load"": 0.8962585000000001, ""external_airflow_factor"": 0, ""road_slope_percent"": 0, ""start_ms"": 87100, ""vehicle_speed_kph"": 13.299999999999999}]",[],static_target,1965,120000,0:0:6000,34bc91a8905b445133d6e71fd4e62d0b30ae6cee3b45ad9b4b58aea71c2e3b29,8c7706bba23405c6a3e8bd75ac42d0c25e87a938101ab22f32e1221b42d32613,0
current_0695,COMMUNICATION,replayed_sample,transient,1300,0,24700,18500,operating_family_5,development-validation,current_profile_0695,"[{""ambient_temp_c"": 40.24, ""end_ms"": 18100, ""engine_load"": 0.651084, ""external_airflow_factor"": 0, ""road_slope_percent"": 0, ""start_ms"": 0, ""vehicle_speed_kph"": 9.66}, {""ambient_temp_c"": 40.24, ""end_ms"": 49300, ""engine_load"": 0.9436, ""external_airflow_factor"": 0, ""road_slope_percent"": 0, ""start_ms"": 18100, ""vehicle_speed_kph"": 14}, {""ambient_temp_c"": 40.24, ""end_ms"": 87100, ""engine_load"": 0.783188, ""external_airflow_factor"": 0, ""road_slope_percent"": 0, ""start_ms"": 49300, ""vehicle_speed_kph"": 11.62}, {""ambient_temp_c"": 40.24, ""end_ms"": 120000, ""engine_load"": 0.89642, ""external_airflow_factor"": 0, ""road_slope_percent"": 0, ""start_ms"": 87100, ""vehicle_speed_kph"": 13.299999999999999}]","[[30000, 99], [60000, 92]]",authorized_updates,1966,120000,0:0:6000,5ca05c9e22a67c29025ab6c0966b9111b3d9edccacf772cf6ac4df84f2d74acc,4e352a000e133fd2e7ae1c4529d44a5fc3b78e00e51ea87a4f0a3c8ed2d97a82,0
current_0696,COMMUNICATION,replayed_sample,intermittent,100,0,25000,9700,operating_family_5,development-validation,current_profile_0696,"[{""ambient_temp_c"": 40.243, ""end_ms"": 18100, ""engine_load"": 0.6512013, ""external_airflow_factor"": 0, ""road_slope_percent"": 0, ""start_ms"": 0, ""vehicle_speed_kph"": 9.66}, {""ambient_temp_c"": 40.243, ""end_ms"": 49300, ""engine_load"": 0.94377, ""external_airflow_factor"": 0, ""road_slope_percent"": 0, ""start_ms"": 18100, ""vehicle_speed_kph"": 14}, {""ambient_temp_c"": 40.243, ""end_ms"": 87100, ""engine_load"": 0.7833291, ""external_airflow_factor"": 0, ""road_slope_percent"": 0, ""start_ms"": 49300, ""vehicle_speed_kph"": 11.62}, {""ambient_temp_c"": 40.243, ""end_ms"": 120000, ""engine_load"": 0.8965814999999999, ""external_airflow_factor"": 0, ""road_slope_percent"": 0, ""start_ms"": 87100, ""vehicle_speed_kph"": 13.299999999999999}]",[],static_target,1967,120000,0:0:6000,a849aaa18865487e6f750fa243e3a8a5e19a3ead40f11414e91cb540bd652f79,f81ecd10c7fb6a200357e01c6dbef16842e8be46c03b9fabab355a0822b04286,0
current_0697,COMMUNICATION,replayed_sample,intermittent,300,0,25300,13700,operating_family_5,development-validation,current_profile_0697,"[{""ambient_temp_c"": 40.246, ""end_ms"": 18100, ""engine_load"": 0.6513186, ""external_airflow_factor"": 0, ""road_slope_percent"": 0, ""start_ms"": 0, ""vehicle_speed_kph"": 9.66}, {""ambient_temp_c"": 40.246, ""end_ms"": 49300, ""engine_load"": 0.94394, ""external_airflow_factor"": 0, ""road_slope_percent"": 0, ""start_ms"": 18100, ""vehicle_speed_kph"": 14}, {""ambient_temp_c"": 40.246, ""end_ms"": 87100, ""engine_load"": 0.7834702, ""external_airflow_factor"": 0, ""road_slope_percent"": 0, ""start_ms"": 49300, ""vehicle_speed_kph"": 11.62}, {""ambient_temp_c"": 40.246, ""end_ms"": 120000, ""engine_load"": 0.896743, ""external_airflow_factor"": 0, ""road_slope_percent"": 0, ""start_ms"": 87100, ""vehicle_speed_kph"": 13.299999999999999}]","[[30000, 99], [60000, 92]]",authorized_updates,1968,120000,0:0:6000,c63901c745e7a2ea21370ecf29bb50526c2080d869bc57beb8b8b5d1adac7f58,ae33f1bc3b4f1ce65682c10d3b402138a22e9efef97e0ea001076d8be7e770bf,0
current_0698,COMMUNICATION,replayed_sample,intermittent,1300,0,25600,18500,operating_family_5,development-validation,current_profile_0698,"[{""ambient_temp_c"": 40.249, ""end_ms"": 18100, ""engine_load"": 0.6514359, ""external_airflow_factor"": 0, ""road_slope_percent"": 0, ""start_ms"": 0, ""vehicle_speed_kph"": 9.66}, {""ambient_temp_c"": 40.249, ""end_ms"": 49300, ""engine_load"": 0.94411, ""external_airflow_factor"": 0, ""road_slope_percent"": 0, ""start_ms"": 18100, ""vehicle_speed_kph"": 14}, {""ambient_temp_c"": 40.249, ""end_ms"": 87100, ""engine_load"": 0.7836113, ""external_airflow_factor"": 0, ""road_slope_percent"": 0, ""start_ms"": 49300, ""vehicle_speed_kph"": 11.62}, {""ambient_temp_c"": 40.249, ""end_ms"": 120000, ""engine_load"": 0.8969045, ""external_airflow_factor"": 0, ""road_slope_percent"": 0, ""start_ms"": 87100, ""vehicle_speed_kph"": 13.299999999999999}]",[],static_target,1969,120000,0:0:6000,261b1cc17a78bf73072494926320c8572a50a845dbcccba25c84968b0040809f,1301778b243deed18afc29b0949fcdd140548900324412fc0944e67512f16bf1,0
current_0699,COMMUNICATION,replayed_sample,permanent,100,0,25900,9700,operating_family_5,development-validation,current_profile_0699,"[{""ambient_temp_c"": 40.252, ""end_ms"": 18100, ""engine_load"": 0.6515531999999999, ""external_airflow_factor"": 0, ""road_slope_percent"": 0, ""start_ms"": 0, ""vehicle_speed_kph"": 9.66}, {""ambient_temp_c"": 40.252, ""end_ms"": 49300, ""engine_load"": 0.94428, ""external_airflow_factor"": 0, ""road_slope_percent"": 0, ""start_ms"": 18100, ""vehicle_speed_kph"": 14}, {""ambient_temp_c"": 40.252, ""end_ms"": 87100, ""engine_load"": 0.7837524, ""external_airflow_factor"": 0, ""road_slope_percent"": 0, ""start_ms"": 49300, ""vehicle_speed_kph"": 11.62}, {""ambient_temp_c"": 40.252, ""end_ms"": 120000, ""engine_load"": 0.8970659999999999, ""external_airflow_factor"": 0, ""road_slope_percent"": 0, ""start_ms"": 87100, ""vehicle_speed_kph"": 13.299999999999999}]","[[30000, 99], [60000, 92]]",authorized_updates,1970,120000,0:0:6000,eaa7b913191fbdfbf61528db26ead2ae388c3f3050d958c31630aa676f7420d7,106d8f12401627b17128993ef353ea84e52986584fcbc82a5218a81498d57743,0
current_0700,COMMUNICATION,replayed_sample,permanent,300,0,26200,13700,operating_family_5,development-validation,current_profile_0700,"[{""ambient_temp_c"": 40.255, ""end_ms"": 18100, ""engine_load"": 0.6516704999999999, ""external_airflow_factor"": 0, ""road_slope_percent"": 0, ""start_ms"": 0, ""vehicle_speed_kph"": 9.66}, {""ambient_temp_c"": 40.255, ""end_ms"": 49300, ""engine_load"": 0.94445, ""external_airflow_factor"": 0, ""road_slope_percent"": 0, ""start_ms"": 18100, ""vehicle_speed_kph"": 14}, {""ambient_temp_c"": 40.255, ""end_ms"": 87100, ""engine_load"": 0.7838935, ""external_airflow_factor"": 0, ""road_slope_percent"": 0, ""start_ms"": 49300, ""vehicle_speed_kph"": 11.62}, {""ambient_temp_c"": 40.255, ""end_ms"": 120000, ""engine_load"": 0.8972275, ""external_airflow_factor"": 0, ""road_slope_percent"": 0, ""start_ms"": 87100, ""vehicle_speed_kph"": 13.299999999999999}]",[],static_target,1971,120000,0:0:6000,99ab219a655850887123aa53d6ebfe8687337928e6fda8103b7a6c8f3ab99088,868b665dc53dca202c4108f5531d8b87b70aa2624779e232b5090e8432b9512b,0
current_0701,COMMUNICATION,replayed_sample,permanent,1300,0,26500,18500,operating_family_5,development-validation,current_profile_0701,"[{""ambient_temp_c"": 40.258, ""end_ms"": 18100, ""engine_load"": 0.6517877999999999, ""external_airflow_factor"": 0, ""road_slope_percent"": 0, ""start_ms"": 0, ""vehicle_speed_kph"": 9.66}, {""ambient_temp_c"": 40.258, ""end_ms"": 49300, ""engine_load"": 0.94462, ""external_airflow_factor"": 0, ""road_slope_percent"": 0, ""start_ms"": 18100, ""vehicle_speed_kph"": 14}, {""ambient_temp_c"": 40.258, ""end_ms"": 87100, ""engine_load"": 0.7840346, ""external_airflow_factor"": 0, ""road_slope_percent"": 0, ""start_ms"": 49300, ""vehicle_speed_kph"": 11.62}, {""ambient_temp_c"": 40.258, ""end_ms"": 120000, ""engine_load"": 0.897389, ""external_airflow_factor"": 0, ""road_slope_percent"": 0, ""start_ms"": 87100, ""vehicle_speed_kph"": 13.299999999999999}]","[[30000, 99], [60000, 92]]",authorized_updates,1972,120000,0:0:6000,b6cd3b4dcfec3d6323fc97c349c966742b7cab75cf5948e7efb8a4b444d50b6f,02cd97d7c47075683babe871f1db85aec763174dd94015f57841fbaa57aeb282,0
current_0702,ACTUATOR,pump_degraded,transient,0.968,0,26800,9700,operating_family_5,development-validation,current_profile_0702,"[{""ambient_temp_c"": 40.261, ""end_ms"": 18100, ""engine_load"": 0.6519051, ""external_airflow_factor"": 0, ""road_slope_percent"": 0, ""start_ms"": 0, ""vehicle_speed_kph"": 9.66}, {""ambient_temp_c"": 40.261, ""end_ms"": 49300, ""engine_load"": 0.94479, ""external_airflow_factor"": 0, ""road_slope_percent"": 0, ""start_ms"": 18100, ""vehicle_speed_kph"": 14}, {""ambient_temp_c"": 40.261, ""end_ms"": 87100, ""engine_load"": 0.7841757, ""external_airflow_factor"": 0, ""road_slope_percent"": 0, ""start_ms"": 49300, ""vehicle_speed_kph"": 11.62}, {""ambient_temp_c"": 40.261, ""end_ms"": 120000, ""engine_load"": 0.8975505, ""external_airflow_factor"": 0, ""road_slope_percent"": 0, ""start_ms"": 87100, ""vehicle_speed_kph"": 13.299999999999999}]",[],static_target,1973,120000,0:0:6000,1b5b7b578c686354d459426c24a3d8962fcce7f725c0693f5aadb1da081c19ca,da2264f437e9fb33be9eee797dc61124df093776933dc78e8f92075b3e9d323b,0
current_0703,ACTUATOR,pump_degraded,transient,0.69,0,24700,13700,operating_family_5,development-validation,current_profile_0703,"[{""ambient_temp_c"": 40.264, ""end_ms"": 18100, ""engine_load"": 0.6520224, ""external_airflow_factor"": 0, ""road_slope_percent"": 0, ""start_ms"": 0, ""vehicle_speed_kph"": 9.66}, {""ambient_temp_c"": 40.264, ""end_ms"": 49300, ""engine_load"": 0.94496, ""external_airflow_factor"": 0, ""road_slope_percent"": 0, ""start_ms"": 18100, ""vehicle_speed_kph"": 14}, {""ambient_temp_c"": 40.264, ""end_ms"": 87100, ""engine_load"": 0.7843167999999999, ""external_airflow_factor"": 0, ""road_slope_percent"": 0, ""start_ms"": 49300, ""vehicle_speed_kph"": 11.62}, {""ambient_temp_c"": 40.264, ""end_ms"": 120000, ""engine_load"": 0.897712, ""external_airflow_factor"": 0, ""road_slope_percent"": 0, ""start_ms"": 87100, ""vehicle_speed_kph"": 13.299999999999999}]","[[30000, 99], [60000, 92]]",authorized_updates,1974,120000,0:0:6000,acb59a5b4671e857a283bc6fbc8657ef784eae40c00aa0436e6906f2b4a474b2,a648472e23ba017e44fce0fc154e93cc49464f47977997a341f3125e6102046d,0
current_0704,ACTUATOR,pump_degraded,intermittent,0.968,0,25000,18500,operating_family_5,development-validation,current_profile_0704,"[{""ambient_temp_c"": 40.267, ""end_ms"": 18100, ""engine_load"": 0.6521397, ""external_airflow_factor"": 0, ""road_slope_percent"": 0, ""start_ms"": 0, ""vehicle_speed_kph"": 9.66}, {""ambient_temp_c"": 40.267, ""end_ms"": 49300, ""engine_load"": 0.94513, ""external_airflow_factor"": 0, ""road_slope_percent"": 0, ""start_ms"": 18100, ""vehicle_speed_kph"": 14}, {""ambient_temp_c"": 40.267, ""end_ms"": 87100, ""engine_load"": 0.7844578999999999, ""external_airflow_factor"": 0, ""road_slope_percent"": 0, ""start_ms"": 49300, ""vehicle_speed_kph"": 11.62}, {""ambient_temp_c"": 40.267, ""end_ms"": 120000, ""engine_load"": 0.8978735, ""external_airflow_factor"": 0, ""road_slope_percent"": 0, ""start_ms"": 87100, ""vehicle_speed_kph"": 13.299999999999999}]",[],static_target,1975,120000,0:0:6000,82abeff5d68e674ac9b162401caca449424e64ccc53f6df21e0ed094c93fdeab,5458533751de730a7ed00522a8c171c1e84642c5d0743fa99c7a7de3517a3e93,0
current_0705,ACTUATOR,pump_degraded,intermittent,0.69,0,25300,9700,operating_family_5,development-validation,current_profile_0705,"[{""ambient_temp_c"": 40.27, ""end_ms"": 18100, ""engine_load"": 0.652257, ""external_airflow_factor"": 0, ""road_slope_percent"": 0, ""start_ms"": 0, ""vehicle_speed_kph"": 9.66}, {""ambient_temp_c"": 40.27, ""end_ms"": 49300, ""engine_load"": 0.9453, ""external_airflow_factor"": 0, ""road_slope_percent"": 0, ""start_ms"": 18100, ""vehicle_speed_kph"": 14}, {""ambient_temp_c"": 40.27, ""end_ms"": 87100, ""engine_load"": 0.7845989999999999, ""external_airflow_factor"": 0, ""road_slope_percent"": 0, ""start_ms"": 49300, ""vehicle_speed_kph"": 11.62}, {""ambient_temp_c"": 40.27, ""end_ms"": 120000, ""engine_load"": 0.898035, ""external_airflow_factor"": 0, ""road_slope_percent"": 0, ""start_ms"": 87100, ""vehicle_speed_kph"": 13.299999999999999}]","[[30000, 99], [60000, 92]]",authorized_updates,1976,120000,0:0:6000,fbecb6c4ba03ba8d78382325637da05925d983fb6bfb1b36b6149d94e82cd6b1,9fe6b2e26f1722e013a0fba6078b9b55094cfe771861f1701bc80430fcb63b5b,0
current_0706,ACTUATOR,pump_degraded,permanent,0.968,0,25600,13700,operating_family_5,development-validation,current_profile_0706,"[{""ambient_temp_c"": 40.273, ""end_ms"": 18100, ""engine_load"": 0.6523743, ""external_airflow_factor"": 0, ""road_slope_percent"": 0, ""start_ms"": 0, ""vehicle_speed_kph"": 9.66}, {""ambient_temp_c"": 40.273, ""end_ms"": 49300, ""engine_load"": 0.94547, ""external_airflow_factor"": 0, ""road_slope_percent"": 0, ""start_ms"": 18100, ""vehicle_speed_kph"": 14}, {""ambient_temp_c"": 40.273, ""end_ms"": 87100, ""engine_load"": 0.7847400999999999, ""external_airflow_factor"": 0, ""road_slope_percent"": 0, ""start_ms"": 49300, ""vehicle_speed_kph"": 11.62}, {""ambient_temp_c"": 40.273, ""end_ms"": 120000, ""engine_load"": 0.8981965, ""external_airflow_factor"": 0, ""road_slope_percent"": 0, ""start_ms"": 87100, ""vehicle_speed_kph"": 13.299999999999999}]",[],static_target,1977,120000,0:0:6000,ff5418eb261cebf66a4a6c83cf9f1ae470d499fc5f677cbe26534d39092d524c,358dd38a66f1f88a09ec87b01a98e8222a416910c1feb3b4e698e5eec1e44783,0
current_0707,ACTUATOR,pump_degraded,permanent,0.69,0,25900,18500,operating_family_5,development-validation,current_profile_0707,"[{""ambient_temp_c"": 40.276, ""end_ms"": 18100, ""engine_load"": 0.6524916, ""external_airflow_factor"": 0, ""road_slope_percent"": 0, ""start_ms"": 0, ""vehicle_speed_kph"": 9.66}, {""ambient_temp_c"": 40.276, ""end_ms"": 49300, ""engine_load"": 0.94564, ""external_airflow_factor"": 0, ""road_slope_percent"": 0, ""start_ms"": 18100, ""vehicle_speed_kph"": 14}, {""ambient_temp_c"": 40.276, ""end_ms"": 87100, ""engine_load"": 0.7848812, ""external_airflow_factor"": 0, ""road_slope_percent"": 0, ""start_ms"": 49300, ""vehicle_speed_kph"": 11.62}, {""ambient_temp_c"": 40.276, ""end_ms"": 120000, ""engine_load"": 0.898358, ""external_airflow_factor"": 0, ""road_slope_percent"": 0, ""start_ms"": 87100, ""vehicle_speed_kph"": 13.299999999999999}]","[[30000, 99], [60000, 92]]",authorized_updates,1978,120000,0:0:6000,5265def713a566cdecb2915723ff8b2e2065a502df11c04746a602a111af1ff8,d50bbe914e39e251e5c404d80176317033d7d418a962cc7c1f7ba379e2c3db18,0
current_0708,ACTUATOR,fan_stuck_off,transient,0,0,26200,9700,operating_family_5,development-validation,current_profile_0708,"[{""ambient_temp_c"": 40.279, ""end_ms"": 18100, ""engine_load"": 0.6526088999999999, ""external_airflow_factor"": 0, ""road_slope_percent"": 0, ""start_ms"": 0, ""vehicle_speed_kph"": 9.66}, {""ambient_temp_c"": 40.279, ""end_ms"": 49300, ""engine_load"": 0.94581, ""external_airflow_factor"": 0, ""road_slope_percent"": 0, ""start_ms"": 18100, ""vehicle_speed_kph"": 14}, {""ambient_temp_c"": 40.279, ""end_ms"": 87100, ""engine_load"": 0.7850223, ""external_airflow_factor"": 0, ""road_slope_percent"": 0, ""start_ms"": 49300, ""vehicle_speed_kph"": 11.62}, {""ambient_temp_c"": 40.279, ""end_ms"": 120000, ""engine_load"": 0.8985195, ""external_airflow_factor"": 0, ""road_slope_percent"": 0, ""start_ms"": 87100, ""vehicle_speed_kph"": 13.299999999999999}]",[],static_target,1979,120000,0:0:6000,7ae8953b7ec639ddf8a56d47b03fb41c1ba870e33dbfa2f78813067391409c36,dd011ad99389ecf19255fffb745d8b03570cb0a5adc09333bb1a7707e0ed57c2,0
current_0709,ACTUATOR,fan_stuck_off,transient,0,0,26500,13700,operating_family_5,development-validation,current_profile_0709,"[{""ambient_temp_c"": 40.282, ""end_ms"": 18100, ""engine_load"": 0.6527262, ""external_airflow_factor"": 0, ""road_slope_percent"": 0, ""start_ms"": 0, ""vehicle_speed_kph"": 9.66}, {""ambient_temp_c"": 40.282, ""end_ms"": 49300, ""engine_load"": 0.94598, ""external_airflow_factor"": 0, ""road_slope_percent"": 0, ""start_ms"": 18100, ""vehicle_speed_kph"": 14}, {""ambient_temp_c"": 40.282, ""end_ms"": 87100, ""engine_load"": 0.7851634, ""external_airflow_factor"": 0, ""road_slope_percent"": 0, ""start_ms"": 49300, ""vehicle_speed_kph"": 11.62}, {""ambient_temp_c"": 40.282, ""end_ms"": 120000, ""engine_load"": 0.898681, ""external_airflow_factor"": 0, ""road_slope_percent"": 0, ""start_ms"": 87100, ""vehicle_speed_kph"": 13.299999999999999}]","[[30000, 99], [60000, 92]]",authorized_updates,1980,120000,0:0:6000,ca87d670f543581a3817f98c1dc60a5d0fcd3da6bf0aa909bacf6f8443585fbb,c71b337af12c791c1eec79ce978229c38b232c0a7e0d66295cb352aef0e890ac,0
current_0710,ACTUATOR,fan_stuck_off,intermittent,0,0,26800,18500,operating_family_5,development-validation,current_profile_0710,"[{""ambient_temp_c"": 40.285, ""end_ms"": 18100, ""engine_load"": 0.6528435, ""external_airflow_factor"": 0, ""road_slope_percent"": 0, ""start_ms"": 0, ""vehicle_speed_kph"": 9.66}, {""ambient_temp_c"": 40.285, ""end_ms"": 49300, ""engine_load"": 0.94615, ""external_airflow_factor"": 0, ""road_slope_percent"": 0, ""start_ms"": 18100, ""vehicle_speed_kph"": 14}, {""ambient_temp_c"": 40.285, ""end_ms"": 87100, ""engine_load"": 0.7853045, ""external_airflow_factor"": 0, ""road_slope_percent"": 0, ""start_ms"": 49300, ""vehicle_speed_kph"": 11.62}, {""ambient_temp_c"": 40.285, ""end_ms"": 120000, ""engine_load"": 0.8988425, ""external_airflow_factor"": 0, ""road_slope_percent"": 0, ""start_ms"": 87100, ""vehicle_speed_kph"": 13.299999999999999}]",[],static_target,1981,120000,0:0:6000,9a06a95c58fd14750dfa0629d2876b88d8890042ad7a5cdecffeb706a5dbb671,075db5b54153b00669fb6d1915b69e583a586a6b475b5a2459d32a8ae91fd73e,0
current_0711,ACTUATOR,fan_stuck_off,intermittent,0,0,24700,9700,operating_family_5,development-validation,current_profile_0711,"[{""ambient_temp_c"": 40.288, ""end_ms"": 18100, ""engine_load"": 0.6529608, ""external_airflow_factor"": 0, ""road_slope_percent"": 0, ""start_ms"": 0, ""vehicle_speed_kph"": 9.66}, {""ambient_temp_c"": 40.288, ""end_ms"": 49300, ""engine_load"": 0.94632, ""external_airflow_factor"": 0, ""road_slope_percent"": 0, ""start_ms"": 18100, ""vehicle_speed_kph"": 14}, {""ambient_temp_c"": 40.288, ""end_ms"": 87100, ""engine_load"": 0.7854456, ""external_airflow_factor"": 0, ""road_slope_percent"": 0, ""start_ms"": 49300, ""vehicle_speed_kph"": 11.62}, {""ambient_temp_c"": 40.288, ""end_ms"": 120000, ""engine_load"": 0.899004, ""external_airflow_factor"": 0, ""road_slope_percent"": 0, ""start_ms"": 87100, ""vehicle_speed_kph"": 13.299999999999999}]","[[30000, 99], [60000, 92]]",authorized_updates,1982,120000,0:0:6000,54b6e807a58340b12160d80ecddfa5ed94c2050ba4ae121a1bc0f7032803fc8e,e276d421ceed2f0345083c715236880a985e354c712503c64060b83793067c0c,0
current_0712,ACTUATOR,fan_stuck_off,permanent,0,0,25000,13700,operating_family_5,development-validation,current_profile_0712,"[{""ambient_temp_c"": 40.291, ""end_ms"": 18100, ""engine_load"": 0.6530781, ""external_airflow_factor"": 0, ""road_slope_percent"": 0, ""start_ms"": 0, ""vehicle_speed_kph"": 9.66}, {""ambient_temp_c"": 40.291, ""end_ms"": 49300, ""engine_load"": 0.94649, ""external_airflow_factor"": 0, ""road_slope_percent"": 0, ""start_ms"": 18100, ""vehicle_speed_kph"": 14}, {""ambient_temp_c"": 40.291, ""end_ms"": 87100, ""engine_load"": 0.7855867, ""external_airflow_factor"": 0, ""road_slope_percent"": 0, ""start_ms"": 49300, ""vehicle_speed_kph"": 11.62}, {""ambient_temp_c"": 40.291, ""end_ms"": 120000, ""engine_load"": 0.8991655000000001, ""external_airflow_factor"": 0, ""road_slope_percent"": 0, ""start_ms"": 87100, ""vehicle_speed_kph"": 13.299999999999999}]",[],static_target,1983,120000,0:0:6000,1c7f58900fb50a3538907547e1a9ef89da89954305143d462aff14826aa53b65,973d5bdb94d3a27d935a429030de6234b4f1e5afc07ffa84dc392ff6a239e8c5,0
current_0713,ACTUATOR,fan_stuck_off,permanent,0,0,25300,18500,operating_family_5,development-validation,current_profile_0713,"[{""ambient_temp_c"": 40.294, ""end_ms"": 18100, ""engine_load"": 0.6531954, ""external_airflow_factor"": 0, ""road_slope_percent"": 0, ""start_ms"": 0, ""vehicle_speed_kph"": 9.66}, {""ambient_temp_c"": 40.294, ""end_ms"": 49300, ""engine_load"": 0.9466600000000001, ""external_airflow_factor"": 0, ""road_slope_percent"": 0, ""start_ms"": 18100, ""vehicle_speed_kph"": 14}, {""ambient_temp_c"": 40.294, ""end_ms"": 87100, ""engine_load"": 0.7857278, ""external_airflow_factor"": 0, ""road_slope_percent"": 0, ""start_ms"": 49300, ""vehicle_speed_kph"": 11.62}, {""ambient_temp_c"": 40.294, ""end_ms"": 120000, ""engine_load"": 0.899327, ""external_airflow_factor"": 0, ""road_slope_percent"": 0, ""start_ms"": 87100, ""vehicle_speed_kph"": 13.299999999999999}]","[[30000, 99], [60000, 92]]",authorized_updates,1984,120000,0:0:6000,f49d12b8c39074abe004208e9bc6624ecbaa81a52c8cabd9c11be7733c4e1168,3232c95552bf2d7e707bcd07e9fd810a96dd021437bcf0bc80f29bf205b1b513,0
current_0714,TIMING,deadline_miss,transient,0,0,25600,100,operating_family_5,development-validation,current_profile_0714,"[{""ambient_temp_c"": 40.297, ""end_ms"": 18100, ""engine_load"": 0.6533127, ""external_airflow_factor"": 0, ""road_slope_percent"": 0, ""start_ms"": 0, ""vehicle_speed_kph"": 9.66}, {""ambient_temp_c"": 40.297, ""end_ms"": 49300, ""engine_load"": 0.9468300000000001, ""external_airflow_factor"": 0, ""road_slope_percent"": 0, ""start_ms"": 18100, ""vehicle_speed_kph"": 14}, {""ambient_temp_c"": 40.297, ""end_ms"": 87100, ""engine_load"": 0.7858689, ""external_airflow_factor"": 0, ""road_slope_percent"": 0, ""start_ms"": 49300, ""vehicle_speed_kph"": 11.62}, {""ambient_temp_c"": 40.297, ""end_ms"": 120000, ""engine_load"": 0.8994885, ""external_airflow_factor"": 0, ""road_slope_percent"": 0, ""start_ms"": 87100, ""vehicle_speed_kph"": 13.299999999999999}]",[],static_target,1985,120000,0:0:6000,f01ce6c0e9d8c66ff063fe77fad2272745b7d6d2674ce7b2bef4cba1bcff785d,e7e08a9a6f72cae9582ea6d38f0f7c43797cd1592006fed8717be9a666531df9,0
current_0715,TIMING,deadline_miss,intermittent,0,0,25900,13700,operating_family_5,development-validation,current_profile_0715,"[{""ambient_temp_c"": 40.3, ""end_ms"": 18100, ""engine_load"": 0.65343, ""external_airflow_factor"": 0, ""road_slope_percent"": 0, ""start_ms"": 0, ""vehicle_speed_kph"": 9.66}, {""ambient_temp_c"": 40.3, ""end_ms"": 49300, ""engine_load"": 0.9470000000000001, ""external_airflow_factor"": 0, ""road_slope_percent"": 0, ""start_ms"": 18100, ""vehicle_speed_kph"": 14}, {""ambient_temp_c"": 40.3, ""end_ms"": 87100, ""engine_load"": 0.78601, ""external_airflow_factor"": 0, ""road_slope_percent"": 0, ""start_ms"": 49300, ""vehicle_speed_kph"": 11.62}, {""ambient_temp_c"": 40.3, ""end_ms"": 120000, ""engine_load"": 0.8996500000000001, ""external_airflow_factor"": 0, ""road_slope_percent"": 0, ""start_ms"": 87100, ""vehicle_speed_kph"": 13.299999999999999}]","[[30000, 99], [60000, 92]]",authorized_updates,1986,120000,0:0:6000,4afae99f028d1584cd640ece3464f4a2cd750785ee225661f067aed534ae3d34,6f3f5a16016bd7b4edd46cae60ef1ca0031f53ca773684647effb9ec9cf18616,0
current_0716,TIMING,deadline_miss,permanent,0,0,26200,18500,operating_family_5,development-validation,current_profile_0716,"[{""ambient_temp_c"": 40.303, ""end_ms"": 18100, ""engine_load"": 0.6535472999999999, ""external_airflow_factor"": 0, ""road_slope_percent"": 0, ""start_ms"": 0, ""vehicle_speed_kph"": 9.66}, {""ambient_temp_c"": 40.303, ""end_ms"": 49300, ""engine_load"": 0.9471700000000001, ""external_airflow_factor"": 0, ""road_slope_percent"": 0, ""start_ms"": 18100, ""vehicle_speed_kph"": 14}, {""ambient_temp_c"": 40.303, ""end_ms"": 87100, ""engine_load"": 0.7861511, ""external_airflow_factor"": 0, ""road_slope_percent"": 0, ""start_ms"": 49300, ""vehicle_speed_kph"": 11.62}, {""ambient_temp_c"": 40.303, ""end_ms"": 120000, ""engine_load"": 0.8998115, ""external_airflow_factor"": 0, ""road_slope_percent"": 0, ""start_ms"": 87100, ""vehicle_speed_kph"": 13.299999999999999}]",[],static_target,1987,120000,0:0:6000,c0ae78e63d0fb4144509752ded24821fdba926a02029c8604bc6120ef33ad6bb,482d3bf715806ed24125dced3a4ae8a5209796d5b1ad7a1b18e2c0cb4f38a345,0
current_0717,TIMING,task_delay,transient,500,0,26500,9700,operating_family_5,development-validation,current_profile_0717,"[{""ambient_temp_c"": 40.306, ""end_ms"": 18100, ""engine_load"": 0.6536646, ""external_airflow_factor"": 0, ""road_slope_percent"": 0, ""start_ms"": 0, ""vehicle_speed_kph"": 9.66}, {""ambient_temp_c"": 40.306, ""end_ms"": 49300, ""engine_load"": 0.9473400000000001, ""external_airflow_factor"": 0, ""road_slope_percent"": 0, ""start_ms"": 18100, ""vehicle_speed_kph"": 14}, {""ambient_temp_c"": 40.306, ""end_ms"": 87100, ""engine_load"": 0.7862922, ""external_airflow_factor"": 0, ""road_slope_percent"": 0, ""start_ms"": 49300, ""vehicle_speed_kph"": 11.62}, {""ambient_temp_c"": 40.306, ""end_ms"": 120000, ""engine_load"": 0.899973, ""external_airflow_factor"": 0, ""road_slope_percent"": 0, ""start_ms"": 87100, ""vehicle_speed_kph"": 13.299999999999999}]","[[30000, 99], [60000, 92]]",authorized_updates,1988,120000,0:0:6000,860f2241c54590f1697eb02d9fb3acdee20f649918c936b1da65a961facb8f6f,2a33a9a3bbd14108194b10b58a3767a36b97e7d682db86ffef458bdd42087847,0
current_0718,TIMING,task_delay,intermittent,500,0,26800,13700,operating_family_5,development-validation,current_profile_0718,"[{""ambient_temp_c"": 40.309, ""end_ms"": 18100, ""engine_load"": 0.6537819, ""external_airflow_factor"": 0, ""road_slope_percent"": 0, ""start_ms"": 0, ""vehicle_speed_kph"": 9.66}, {""ambient_temp_c"": 40.309, ""end_ms"": 49300, ""engine_load"": 0.9475100000000001, ""external_airflow_factor"": 0, ""road_slope_percent"": 0, ""start_ms"": 18100, ""vehicle_speed_kph"": 14}, {""ambient_temp_c"": 40.309, ""end_ms"": 87100, ""engine_load"": 0.7864333, ""external_airflow_factor"": 0, ""road_slope_percent"": 0, ""start_ms"": 49300, ""vehicle_speed_kph"": 11.62}, {""ambient_temp_c"": 40.309, ""end_ms"": 120000, ""engine_load"": 0.9001345000000001, ""external_airflow_factor"": 0, ""road_slope_percent"": 0, ""start_ms"": 87100, ""vehicle_speed_kph"": 13.299999999999999}]",[],static_target,1989,120000,0:0:6000,04394a11659a7db8b2340b26860e584518593903a78f0a0932ca70d662ca2b73,3dc5645e63daee876436b6f18115023437cbad9218919a2de28eb87007556df4,0
current_0719,TIMING,task_delay,permanent,500,0,24700,18500,operating_family_5,development-validation,current_profile_0719,"[{""ambient_temp_c"": 40.312, ""end_ms"": 18100, ""engine_load"": 0.6538992, ""external_airflow_factor"": 0, ""road_slope_percent"": 0, ""start_ms"": 0, ""vehicle_speed_kph"": 9.66}, {""ambient_temp_c"": 40.312, ""end_ms"": 49300, ""engine_load"": 0.9476800000000001, ""external_airflow_factor"": 0, ""road_slope_percent"": 0, ""start_ms"": 18100, ""vehicle_speed_kph"": 14}, {""ambient_temp_c"": 40.312, ""end_ms"": 87100, ""engine_load"": 0.7865744, ""external_airflow_factor"": 0, ""road_slope_percent"": 0, ""start_ms"": 49300, ""vehicle_speed_kph"": 11.62}, {""ambient_temp_c"": 40.312, ""end_ms"": 120000, ""engine_load"": 0.900296, ""external_airflow_factor"": 0, ""road_slope_percent"": 0, ""start_ms"": 87100, ""vehicle_speed_kph"": 13.299999999999999}]","[[30000, 99], [60000, 92]]",authorized_updates,1990,120000,0:0:6000,786dc8c0fcc2cd3605dbb97ea7f935e2f01c54072fb0c49839326e07a60aa75c,91125caa3ae7b061f08a1fc8340a6adb11c454280ca04e7def390d75b44f4e28,0
current_0720,NORMAL,baseline,none,0,0,120100,9700,operating_family_5,development-validation,current_profile_0720,"[{""ambient_temp_c"": 40.315, ""end_ms"": 18100, ""engine_load"": 0.6540165, ""external_airflow_factor"": 0, ""road_slope_percent"": 0, ""start_ms"": 0, ""vehicle_speed_kph"": 9.66}, {""ambient_temp_c"": 40.315, ""end_ms"": 49300, ""engine_load"": 0.9478500000000001, ""external_airflow_factor"": 0, ""road_slope_percent"": 0, ""start_ms"": 18100, ""vehicle_speed_kph"": 14}, {""ambient_temp_c"": 40.315, ""end_ms"": 87100, ""engine_load"": 0.7867155, ""external_airflow_factor"": 0, ""road_slope_percent"": 0, ""start_ms"": 49300, ""vehicle_speed_kph"": 11.62}, {""ambient_temp_c"": 40.315, ""end_ms"": 120000, ""engine_load"": 0.9004575, ""external_airflow_factor"": 0, ""road_slope_percent"": 0, ""start_ms"": 87100, ""vehicle_speed_kph"": 13.299999999999999}]",[],static_target,1991,120000,0:0:6000,07facac489c1f25c9198919ea0bf886bf69f7404f5678ea5e56f4a48a8a12536,06bab036adb46784909ae80cc55c0b234758d7d24900194925aa9219bf631bbb,0
current_0721,NORMAL,baseline,none,0,0,120100,13700,operating_family_5,development-validation,current_profile_0721,"[{""ambient_temp_c"": 40.318, ""end_ms"": 18100, ""engine_load"": 0.6541338, ""external_airflow_factor"": 0, ""road_slope_percent"": 0, ""start_ms"": 0, ""vehicle_speed_kph"": 9.66}, {""ambient_temp_c"": 40.318, ""end_ms"": 49300, ""engine_load"": 0.9480200000000001, ""external_airflow_factor"": 0, ""road_slope_percent"": 0, ""start_ms"": 18100, ""vehicle_speed_kph"": 14}, {""ambient_temp_c"": 40.318, ""end_ms"": 87100, ""engine_load"": 0.7868566, ""external_airflow_factor"": 0, ""road_slope_percent"": 0, ""start_ms"": 49300, ""vehicle_speed_kph"": 11.62}, {""ambient_temp_c"": 40.318, ""end_ms"": 120000, ""engine_load"": 0.9006190000000001, ""external_airflow_factor"": 0, ""road_slope_percent"": 0, ""start_ms"": 87100, ""vehicle_speed_kph"": 13.299999999999999}]","[[30000, 99], [60000, 92]]",authorized_updates,1992,120000,0:0:6000,273275c6d7d603bffc36c47d762844c23f30f7711eb47a1eff25a50fe7665a72,4eec2a8c31a7ef68a718f56422bd0dbbcf50cc5e4249dc3124078fae4a0a878e,0
current_0722,NORMAL,baseline,none,0,0,120100,18500,operating_family_5,development-validation,current_profile_0722,"[{""ambient_temp_c"": 40.321, ""end_ms"": 18100, ""engine_load"": 0.6542511, ""external_airflow_factor"": 0, ""road_slope_percent"": 0, ""start_ms"": 0, ""vehicle_speed_kph"": 9.66}, {""ambient_temp_c"": 40.321, ""end_ms"": 49300, ""engine_load"": 0.9481900000000001, ""external_airflow_factor"": 0, ""road_slope_percent"": 0, ""start_ms"": 18100, ""vehicle_speed_kph"": 14}, {""ambient_temp_c"": 40.321, ""end_ms"": 87100, ""engine_load"": 0.7869977, ""external_airflow_factor"": 0, ""road_slope_percent"": 0, ""start_ms"": 49300, ""vehicle_speed_kph"": 11.62}, {""ambient_temp_c"": 40.321, ""end_ms"": 120000, ""engine_load"": 0.9007805000000001, ""external_airflow_factor"": 0, ""road_slope_percent"": 0, ""start_ms"": 87100, ""vehicle_speed_kph"": 13.299999999999999}]",[],static_target,1993,120000,0:0:6000,37c87ce62851184dfad66b3b2c9ca1f5e426fec9366e92e4b1898db8fdb9b041,f9e1e47e7ff1c999bcdd7250f33cdcb3426860fd76918690117b752c0408297b,0
current_0723,NORMAL,baseline,none,0,0,120100,9700,operating_family_5,development-validation,current_profile_0723,"[{""ambient_temp_c"": 40.324, ""end_ms"": 18100, ""engine_load"": 0.6543684, ""external_airflow_factor"": 0, ""road_slope_percent"": 0, ""start_ms"": 0, ""vehicle_speed_kph"": 9.66}, {""ambient_temp_c"": 40.324, ""end_ms"": 49300, ""engine_load"": 0.9483600000000001, ""external_airflow_factor"": 0, ""road_slope_percent"": 0, ""start_ms"": 18100, ""vehicle_speed_kph"": 14}, {""ambient_temp_c"": 40.324, ""end_ms"": 87100, ""engine_load"": 0.7871388, ""external_airflow_factor"": 0, ""road_slope_percent"": 0, ""start_ms"": 49300, ""vehicle_speed_kph"": 11.62}, {""ambient_temp_c"": 40.324, ""end_ms"": 120000, ""engine_load"": 0.900942, ""external_airflow_factor"": 0, ""road_slope_percent"": 0, ""start_ms"": 87100, ""vehicle_speed_kph"": 13.299999999999999}]","[[30000, 99], [60000, 92]]",authorized_updates,1994,120000,0.02:0:6000,c17da7ff7ae863a4441fde88de544d0ac9b1511f66c12f0afddcd7cb9994ec24,c6066a6cf87f25f4f23ac1d271cf5ca339cb46fe867a628514abb3fad1628720,0
current_0724,NORMAL,baseline,none,0,0,120100,13700,operating_family_5,development-validation,current_profile_0724,"[{""ambient_temp_c"": 40.327, ""end_ms"": 18100, ""engine_load"": 0.6544857000000001, ""external_airflow_factor"": 0, ""road_slope_percent"": 0, ""start_ms"": 0, ""vehicle_speed_kph"": 9.66}, {""ambient_temp_c"": 40.327, ""end_ms"": 49300, ""engine_load"": 0.9485300000000001, ""external_airflow_factor"": 0, ""road_slope_percent"": 0, ""start_ms"": 18100, ""vehicle_speed_kph"": 14}, {""ambient_temp_c"": 40.327, ""end_ms"": 87100, ""engine_load"": 0.7872799, ""external_airflow_factor"": 0, ""road_slope_percent"": 0, ""start_ms"": 49300, ""vehicle_speed_kph"": 11.62}, {""ambient_temp_c"": 40.327, ""end_ms"": 120000, ""engine_load"": 0.9011035000000001, ""external_airflow_factor"": 0, ""road_slope_percent"": 0, ""start_ms"": 87100, ""vehicle_speed_kph"": 13.299999999999999}]",[],static_target,1995,120000,0.02:0:6000,e1b0b37534614d73198cc6984b89c22e5ce15f654ba26e5f312d85eacda27271,19045c81d04f988f5a7214cf3cde15f197cf46da52fc7f3a287752408fe03653,0
current_0725,NORMAL,baseline,none,0,0,120100,18500,operating_family_5,development-validation,current_profile_0725,"[{""ambient_temp_c"": 40.33, ""end_ms"": 18100, ""engine_load"": 0.654603, ""external_airflow_factor"": 0, ""road_slope_percent"": 0, ""start_ms"": 0, ""vehicle_speed_kph"": 9.66}, {""ambient_temp_c"": 40.33, ""end_ms"": 49300, ""engine_load"": 0.9487000000000001, ""external_airflow_factor"": 0, ""road_slope_percent"": 0, ""start_ms"": 18100, ""vehicle_speed_kph"": 14}, {""ambient_temp_c"": 40.33, ""end_ms"": 87100, ""engine_load"": 0.787421, ""external_airflow_factor"": 0, ""road_slope_percent"": 0, ""start_ms"": 49300, ""vehicle_speed_kph"": 11.62}, {""ambient_temp_c"": 40.33, ""end_ms"": 120000, ""engine_load"": 0.9012650000000001, ""external_airflow_factor"": 0, ""road_slope_percent"": 0, ""start_ms"": 87100, ""vehicle_speed_kph"": 13.299999999999999}]","[[30000, 99], [60000, 92]]",authorized_updates,1996,120000,0.02:0:6000,02adbdf39711331bfd1ea457cebe444bcb00b2ed0e8bffeb31cc4c89112c38ea,d963dae8b7adabce59891c3cd808b7f0c137a6812f7216b09e7edb5ae2dc6d62,0
current_0726,NORMAL,baseline,none,0,0,120100,9700,operating_family_5,development-validation,current_profile_0726,"[{""ambient_temp_c"": 40.333, ""end_ms"": 18100, ""engine_load"": 0.6547203, ""external_airflow_factor"": 0, ""road_slope_percent"": 0, ""start_ms"": 0, ""vehicle_speed_kph"": 9.66}, {""ambient_temp_c"": 40.333, ""end_ms"": 49300, ""engine_load"": 0.9488700000000001, ""external_airflow_factor"": 0, ""road_slope_percent"": 0, ""start_ms"": 18100, ""vehicle_speed_kph"": 14}, {""ambient_temp_c"": 40.333, ""end_ms"": 87100, ""engine_load"": 0.7875621, ""external_airflow_factor"": 0, ""road_slope_percent"": 0, ""start_ms"": 49300, ""vehicle_speed_kph"": 11.62}, {""ambient_temp_c"": 40.333, ""end_ms"": 120000, ""engine_load"": 0.9014265, ""external_airflow_factor"": 0, ""road_slope_percent"": 0, ""start_ms"": 87100, ""vehicle_speed_kph"": 13.299999999999999}]",[],static_target,1997,120000,0.05:0:6000,5af271015190249bc52e3ff91d76fb4f2db89c0906b1498592cdf1fcbe8ad211,1e657dc3aa2e7c292d75005b71c98ff1cfdfa2988459fc6d6be6b9f17951bc47,0
current_0727,NORMAL,baseline,none,0,0,120100,13700,operating_family_5,development-validation,current_profile_0727,"[{""ambient_temp_c"": 40.336, ""end_ms"": 18100, ""engine_load"": 0.6548376, ""external_airflow_factor"": 0, ""road_slope_percent"": 0, ""start_ms"": 0, ""vehicle_speed_kph"": 9.66}, {""ambient_temp_c"": 40.336, ""end_ms"": 49300, ""engine_load"": 0.9490400000000001, ""external_airflow_factor"": 0, ""road_slope_percent"": 0, ""start_ms"": 18100, ""vehicle_speed_kph"": 14}, {""ambient_temp_c"": 40.336, ""end_ms"": 87100, ""engine_load"": 0.7877032, ""external_airflow_factor"": 0, ""road_slope_percent"": 0, ""start_ms"": 49300, ""vehicle_speed_kph"": 11.62}, {""ambient_temp_c"": 40.336, ""end_ms"": 120000, ""engine_load"": 0.9015880000000001, ""external_airflow_factor"": 0, ""road_slope_percent"": 0, ""start_ms"": 87100, ""vehicle_speed_kph"": 13.299999999999999}]","[[30000, 99], [60000, 92]]",authorized_updates,1998,120000,0.05:0:6000,d06dd11a59a99ba3e23c08b7d1df205d79f0f001bfff8363a5fee0b1240b63bf,7d006821d5895f74739c6840d7b3ae29d3ccecc249f304a03f6dbfae2ead1c28,0
current_0728,NORMAL,baseline,none,0,0,120100,18500,operating_family_5,development-validation,current_profile_0728,"[{""ambient_temp_c"": 40.339, ""end_ms"": 18100, ""engine_load"": 0.6549548999999999, ""external_airflow_factor"": 0, ""road_slope_percent"": 0, ""start_ms"": 0, ""vehicle_speed_kph"": 9.66}, {""ambient_temp_c"": 40.339, ""end_ms"": 49300, ""engine_load"": 0.94921, ""external_airflow_factor"": 0, ""road_slope_percent"": 0, ""start_ms"": 18100, ""vehicle_speed_kph"": 14}, {""ambient_temp_c"": 40.339, ""end_ms"": 87100, ""engine_load"": 0.7878442999999999, ""external_airflow_factor"": 0, ""road_slope_percent"": 0, ""start_ms"": 49300, ""vehicle_speed_kph"": 11.62}, {""ambient_temp_c"": 40.339, ""end_ms"": 120000, ""engine_load"": 0.9017495, ""external_airflow_factor"": 0, ""road_slope_percent"": 0, ""start_ms"": 87100, ""vehicle_speed_kph"": 13.299999999999999}]",[],static_target,1999,120000,0.05:0:6000,53e381b6a6daab80e2dcf3d3bcca77f1f9fd306e6c3cbd501a677ac847799e72,ab0a9aac7d3503ba04806c671c5716e4a7ca48f52421aeeee464b344f28b09b1,0
current_0729,NORMAL,baseline,none,0,0,120100,9700,operating_family_5,development-validation,current_profile_0729,"[{""ambient_temp_c"": 40.342, ""end_ms"": 18100, ""engine_load"": 0.6550722, ""external_airflow_factor"": 0, ""road_slope_percent"": 0, ""start_ms"": 0, ""vehicle_speed_kph"": 9.66}, {""ambient_temp_c"": 40.342, ""end_ms"": 49300, ""engine_load"": 0.94938, ""external_airflow_factor"": 0, ""road_slope_percent"": 0, ""start_ms"": 18100, ""vehicle_speed_kph"": 14}, {""ambient_temp_c"": 40.342, ""end_ms"": 87100, ""engine_load"": 0.7879854, ""external_airflow_factor"": 0, ""road_slope_percent"": 0, ""start_ms"": 49300, ""vehicle_speed_kph"": 11.62}, {""ambient_temp_c"": 40.342, ""end_ms"": 120000, ""engine_load"": 0.9019109999999999, ""external_airflow_factor"": 0, ""road_slope_percent"": 0, ""start_ms"": 87100, ""vehicle_speed_kph"": 13.299999999999999}]","[[30000, 99], [60000, 92]]",authorized_updates,2000,120000,0.10:0:6000,f7061503339b379ea36c0d22581fe0003429a808f6549272e0a72bdb376c75bd,c563499173ffa3eff9efd2df579cdda77ebb0876e0e5edb68c820bebda049bd3,0
current_0730,NORMAL,baseline,none,0,0,120100,13700,operating_family_5,development-validation,current_profile_0730,"[{""ambient_temp_c"": 40.345, ""end_ms"": 18100, ""engine_load"": 0.6551895, ""external_airflow_factor"": 0, ""road_slope_percent"": 0, ""start_ms"": 0, ""vehicle_speed_kph"": 9.66}, {""ambient_temp_c"": 40.345, ""end_ms"": 49300, ""engine_load"": 0.94955, ""external_airflow_factor"": 0, ""road_slope_percent"": 0, ""start_ms"": 18100, ""vehicle_speed_kph"": 14}, {""ambient_temp_c"": 40.345, ""end_ms"": 87100, ""engine_load"": 0.7881265, ""external_airflow_factor"": 0, ""road_slope_percent"": 0, ""start_ms"": 49300, ""vehicle_speed_kph"": 11.62}, {""ambient_temp_c"": 40.345, ""end_ms"": 120000, ""engine_load"": 0.9020724999999999, ""external_airflow_factor"": 0, ""road_slope_percent"": 0, ""start_ms"": 87100, ""vehicle_speed_kph"": 13.299999999999999}]",[],static_target,2001,120000,0.10:0:6000,e99369f0efe1bba642de419c2c336df7ed50ec5f1a6cb0374223da56d0a240ba,70b65222c401bdbfd684f636072e325dbf78641368b02a9d1ce7f5ceb909559d,0
current_0731,NORMAL,baseline,none,0,0,120100,18500,operating_family_5,development-validation,current_profile_0731,"[{""ambient_temp_c"": 40.348, ""end_ms"": 18100, ""engine_load"": 0.6553068, ""external_airflow_factor"": 0, ""road_slope_percent"": 0, ""start_ms"": 0, ""vehicle_speed_kph"": 9.66}, {""ambient_temp_c"": 40.348, ""end_ms"": 49300, ""engine_load"": 0.94972, ""external_airflow_factor"": 0, ""road_slope_percent"": 0, ""start_ms"": 18100, ""vehicle_speed_kph"": 14}, {""ambient_temp_c"": 40.348, ""end_ms"": 87100, ""engine_load"": 0.7882676, ""external_airflow_factor"": 0, ""road_slope_percent"": 0, ""start_ms"": 49300, ""vehicle_speed_kph"": 11.62}, {""ambient_temp_c"": 40.348, ""end_ms"": 120000, ""engine_load"": 0.902234, ""external_airflow_factor"": 0, ""road_slope_percent"": 0, ""start_ms"": 87100, ""vehicle_speed_kph"": 13.299999999999999}]","[[30000, 99], [60000, 92]]",authorized_updates,2002,120000,0.10:0:6000,3e025d6bf58eb075105e0c9fbe6e4a13ca2427879afeb374a839925ba2d6ffe2,d138df31c64266e3ee7a06cb7ab97be04e07ec027ab25873ad81517fbfdb7e40,0
current_0732,NORMAL,baseline,none,0,0,120100,9700,operating_family_5,development-validation,current_profile_0732,"[{""ambient_temp_c"": 40.351, ""end_ms"": 18100, ""engine_load"": 0.6554241, ""external_airflow_factor"": 0, ""road_slope_percent"": 0, ""start_ms"": 0, ""vehicle_speed_kph"": 9.66}, {""ambient_temp_c"": 40.351, ""end_ms"": 49300, ""engine_load"": 0.94989, ""external_airflow_factor"": 0, ""road_slope_percent"": 0, ""start_ms"": 18100, ""vehicle_speed_kph"": 14}, {""ambient_temp_c"": 40.351, ""end_ms"": 87100, ""engine_load"": 0.7884087, ""external_airflow_factor"": 0, ""road_slope_percent"": 0, ""start_ms"": 49300, ""vehicle_speed_kph"": 11.62}, {""ambient_temp_c"": 40.351, ""end_ms"": 120000, ""engine_load"": 0.9023955, ""external_airflow_factor"": 0, ""road_slope_percent"": 0, ""start_ms"": 87100, ""vehicle_speed_kph"": 13.299999999999999}]",[],static_target,2003,120000,0.02:0.6:12000,bb513893a80c6e467d8b46db4a6819b3907638a00b6b87e283d2079565158b6e,f86bba886ffdf14029d4b30f9f89d5d4d67281dc7b18aa950581ead77985a63d,0
current_0733,NORMAL,baseline,none,0,0,120100,13700,operating_family_5,development-validation,current_profile_0733,"[{""ambient_temp_c"": 40.354, ""end_ms"": 18100, ""engine_load"": 0.6555413999999999, ""external_airflow_factor"": 0, ""road_slope_percent"": 0, ""start_ms"": 0, ""vehicle_speed_kph"": 9.66}, {""ambient_temp_c"": 40.354, ""end_ms"": 49300, ""engine_load"": 0.95006, ""external_airflow_factor"": 0, ""road_slope_percent"": 0, ""start_ms"": 18100, ""vehicle_speed_kph"": 14}, {""ambient_temp_c"": 40.354, ""end_ms"": 87100, ""engine_load"": 0.7885498, ""external_airflow_factor"": 0, ""road_slope_percent"": 0, ""start_ms"": 49300, ""vehicle_speed_kph"": 11.62}, {""ambient_temp_c"": 40.354, ""end_ms"": 120000, ""engine_load"": 0.9025569999999999, ""external_airflow_factor"": 0, ""road_slope_percent"": 0, ""start_ms"": 87100, ""vehicle_speed_kph"": 13.299999999999999}]","[[30000, 99], [60000, 92]]",authorized_updates,2004,120000,0.02:0.6:12000,9655978fd197581e2d906d6adf1893dd51dae90e16ec9d6ae453a441e8561f88,ac29b847cbdc8005b32a857b9575eb3600682ac3e503e863a559fcca3b512c17,0
current_0734,NORMAL,baseline,none,0,0,120100,18500,operating_family_5,development-validation,current_profile_0734,"[{""ambient_temp_c"": 40.357, ""end_ms"": 18100, ""engine_load"": 0.6556586999999999, ""external_airflow_factor"": 0, ""road_slope_percent"": 0, ""start_ms"": 0, ""vehicle_speed_kph"": 9.66}, {""ambient_temp_c"": 40.357, ""end_ms"": 49300, ""engine_load"": 0.95023, ""external_airflow_factor"": 0, ""road_slope_percent"": 0, ""start_ms"": 18100, ""vehicle_speed_kph"": 14}, {""ambient_temp_c"": 40.357, ""end_ms"": 87100, ""engine_load"": 0.7886909, ""external_airflow_factor"": 0, ""road_slope_percent"": 0, ""start_ms"": 49300, ""vehicle_speed_kph"": 11.62}, {""ambient_temp_c"": 40.357, ""end_ms"": 120000, ""engine_load"": 0.9027185, ""external_airflow_factor"": 0, ""road_slope_percent"": 0, ""start_ms"": 87100, ""vehicle_speed_kph"": 13.299999999999999}]",[],static_target,2005,120000,0.02:0.6:12000,9e5c8c0cfbc53c3d208a6845e634021daaac004a6a1c58aeefe6eaf7ac0801f3,6ab707acb49830d8d75b228305ea46898d5c5bf3ba686076aabf4562dd0777c8,0
current_0735,NORMAL,baseline,none,0,0,120100,9700,operating_family_5,development-validation,current_profile_0735,"[{""ambient_temp_c"": 40.36, ""end_ms"": 18100, ""engine_load"": 0.6557759999999999, ""external_airflow_factor"": 0, ""road_slope_percent"": 0, ""start_ms"": 0, ""vehicle_speed_kph"": 9.66}, {""ambient_temp_c"": 40.36, ""end_ms"": 49300, ""engine_load"": 0.9504, ""external_airflow_factor"": 0, ""road_slope_percent"": 0, ""start_ms"": 18100, ""vehicle_speed_kph"": 14}, {""ambient_temp_c"": 40.36, ""end_ms"": 87100, ""engine_load"": 0.788832, ""external_airflow_factor"": 0, ""road_slope_percent"": 0, ""start_ms"": 49300, ""vehicle_speed_kph"": 11.62}, {""ambient_temp_c"": 40.36, ""end_ms"": 120000, ""engine_load"": 0.90288, ""external_airflow_factor"": 0, ""road_slope_percent"": 0, ""start_ms"": 87100, ""vehicle_speed_kph"": 13.299999999999999}]","[[30000, 99], [60000, 92]]",authorized_updates,2006,120000,0.05:1.2:18000,61b2d571da8c361a6708e94f1aa19984f6d6ab36bc2d4c70836dec6d7309c84e,a264d678d616212036133ef137ae818c869235d48e9179619a096235a98b85e4,0
current_0736,NORMAL,baseline,none,0,0,120100,13700,operating_family_5,development-validation,current_profile_0736,"[{""ambient_temp_c"": 40.363, ""end_ms"": 18100, ""engine_load"": 0.6558933, ""external_airflow_factor"": 0, ""road_slope_percent"": 0, ""start_ms"": 0, ""vehicle_speed_kph"": 9.66}, {""ambient_temp_c"": 40.363, ""end_ms"": 49300, ""engine_load"": 0.95057, ""external_airflow_factor"": 0, ""road_slope_percent"": 0, ""start_ms"": 18100, ""vehicle_speed_kph"": 14}, {""ambient_temp_c"": 40.363, ""end_ms"": 87100, ""engine_load"": 0.7889731, ""external_airflow_factor"": 0, ""road_slope_percent"": 0, ""start_ms"": 49300, ""vehicle_speed_kph"": 11.62}, {""ambient_temp_c"": 40.363, ""end_ms"": 120000, ""engine_load"": 0.9030414999999999, ""external_airflow_factor"": 0, ""road_slope_percent"": 0, ""start_ms"": 87100, ""vehicle_speed_kph"": 13.299999999999999}]",[],static_target,2007,120000,0.05:1.2:18000,d17f79a64b32a80a7424df85565d1d7277d21ab4bc384d5655ade940a3a9cd42,21fdf66d7978d80998af359c38cfb6daaf6cd297ca41552b5ae5ee6252f19271,0
current_0737,NORMAL,baseline,none,0,0,120100,18500,operating_family_5,development-validation,current_profile_0737,"[{""ambient_temp_c"": 40.366, ""end_ms"": 18100, ""engine_load"": 0.6560106, ""external_airflow_factor"": 0, ""road_slope_percent"": 0, ""start_ms"": 0, ""vehicle_speed_kph"": 9.66}, {""ambient_temp_c"": 40.366, ""end_ms"": 49300, ""engine_load"": 0.95074, ""external_airflow_factor"": 0, ""road_slope_percent"": 0, ""start_ms"": 18100, ""vehicle_speed_kph"": 14}, {""ambient_temp_c"": 40.366, ""end_ms"": 87100, ""engine_load"": 0.7891142, ""external_airflow_factor"": 0, ""road_slope_percent"": 0, ""start_ms"": 49300, ""vehicle_speed_kph"": 11.62}, {""ambient_temp_c"": 40.366, ""end_ms"": 120000, ""engine_load"": 0.903203, ""external_airflow_factor"": 0, ""road_slope_percent"": 0, ""start_ms"": 87100, ""vehicle_speed_kph"": 13.299999999999999}]","[[30000, 99], [60000, 92]]",authorized_updates,2008,120000,0.05:1.2:18000,c8a5f6599669e0c1f30b68b3fd5fbc6d654c67bff05f5e16f95c680d9782bb68,61c996bfc2cf3abc69d65a93fe7b690d0ae6c0330384bdd54c47b5a3822bec76,0
