time_ms,detector_state,anomaly_belief,anomaly_plausibility,anomaly_decision_score,anomaly_ignorance,detection_conflict,estimated_origin,origin_score,origin_belief,origin_plausibility,origin_margin,origin_ignorance,localization_conflict,propagation_support,observed_evidence_path,alarm,localization_valid,alarm_timestamp_ms,localization_timestamp_ms,detection_fallback,localization_fallback,timing_evidence,timing_detection_reliability,timing_origin_reliability,communication_evidence,communication_detection_reliability,communication_origin_reliability,memory_control_evidence,memory_control_detection_reliability,memory_control_origin_reliability,sensor_control_evidence,sensor_control_detection_reliability,sensor_control_origin_reliability,actuator_evidence,actuator_detection_reliability,actuator_origin_reliability,plant_evidence,plant_detection_reliability,plant_origin_reliability,detection_K_0,localization_K_0,detection_K_1,localization_K_1,detection_K_2,localization_K_2,detection_K_3,localization_K_3,detection_K_4,localization_K_4,detection_K_5,localization_K_5,detection_K_6,localization_K_6,origin_mass_1,origin_mass_2,origin_mass_3,origin_mass_4,origin_mass_5,origin_mass_6,origin_mass_7,origin_mass_8,origin_mass_9,origin_mass_10,origin_mass_11,origin_mass_12,origin_mass_13,origin_mass_14,origin_mass_15,origin_mass_16,origin_mass_17,origin_mass_18,origin_mass_19,origin_mass_20,origin_mass_21,origin_mass_22,origin_mass_23,origin_mass_24,origin_mass_25,origin_mass_26,origin_mass_27,origin_mass_28,origin_mass_29,origin_mass_30,origin_mass_31,detection_mass_normal,detection_mass_abnormal,detection_mass_ignorance
0,NORMAL,0,1,0,1,0,UNKNOWN,0.20000000000000001,0,1,0,1,0,0,0,0,0,-1,-1,0,0,0,1,1,0,1,1,0,1,1,0,1,1,0,1,1,0,1,1,0,0,0,0,0,0,0,0,0,0,0,0,0,0,0,0,0,0,0,0,0,0,0,0,0,0,0,0,0,0,0,0,0,0,0,0,0,0,0,0,0,0,0,0,1,0,0,1
100,NORMAL,0.015438079833984375,1,0.015438079833984375,0.98456192016601562,0,UNKNOWN,0.20463142395019532,0,1,0,0.98456192016601562,0,0,0,0,0,-1,-1,0,0,0,1,1,0,1,1,0,1,1,0.015438079833984375,1,1,0,1,1,0,1,1,0,0,0,0,0,0,0,0,0,0,0,0,0,0,0,0,0,0,0,0,0,0,0,0,0,0.015438079833984375,0,0,0,0,0,0,0,0,0,0,0,0,0,0,0,0,0,0,0.98456192016601562,0,0.015438079833984375,0.98456192016601562
200,NORMAL,0.023886806028895084,1,0.023886806028895084,0.97611319397110496,0,UNKNOWN,0.20716604180866854,0,1,0,0.97611319397110496,0,0,0,0,0,-1,-1,0,0,0,1,1,0,1,1,0,1,1,0.01168060302734375,1,1,0,1,1,0,1,1,0,0,0,0,0,0,0,0,0,0,0,0,0,0,0,0,0,0,0,0,0,0,0,0,0,0.023886806028895084,0,0,0,0,0,0,0,0,0,0,0,0,0,0,0,0,0,0,0.97611319397110496,0,0.023886806028895084,0.97611319397110496
300,NORMAL,0.026982193114483272,1,0.026982193114483272,0.97301780688551676,0,UNKNOWN,0.20809465793434501,0,1,0,0.97301780688551676,0,0,0,0,0,-1,-1,0,0,0,1,1,0,1,1,0,1,1,0.008026123046875,1,1,0,1,1,0,1,1,0,0,0,0,0,0,0,0,0,0,0,0,0,0,0,0,0,0,0,0,0,0,0,0,0,0.026982193114483272,0,0,0,0,0,0,0,0,0,0,0,0,0,0,0,0,0,0,0.97301780688551676,0,0.026982193114483272,0.97301780688551676
400,NORMAL,0.025956341197711313,1,0.025956341197711313,0.97404365880228871,0,UNKNOWN,0.20778690235931341,0,1,0,0.97404365880228871,0,0,0,0,0,-1,-1,0,0,0,1,1,0,1,1,0,1,1,0.004467010498046875,1,1,0,1,1,0,1,1,0,0,0,0,0,0,0,0,0,0,0,0,0,0,0,0,0,0,0,0,0,0,0,0,0,0.025956341197711313,0,0,0,0,0,0,0,0,0,0,0,0,0,0,0,0,0,0,0.97404365880228871,0,0.025956341197711313,0.97404365880228871
500,NORMAL,0.021747505460198477,1,0.021747505460198477,0.97825249453980156,0,UNKNOWN,0.20652425163805957,0,1,0,0.97825249453980156,0,0,0,0,0,-1,-1,0,0,0,1,1,0,1,1,0,1,1,0.001003265380859375,1,1,0,1,1,0,1,1,0,0,0,0,0,0,0,0,0,0,0,0,0,0,0,0,0,0,0,0,0,0,0,0,0,0.021747505460198477,0,0,0,0,0,0,0,0,0,0,0,0,0,0,0,0,0,0,0.97825249453980156,0,0.021747505460198477,0.97825249453980156
600,NORMAL,0.017398004368158783,1,0.017398004368158783,0.98260199563184125,0,UNKNOWN,0.20521940131044766,0,1,0,0.98260199563184125,0,0,0,0,0,-1,-1,0,0,0,1,1,0,1,1,0,1,1,0,1,1,0,1,1,0,1,1,0,0,0,0,0,0,0,0,0,0,0,0,0,0,0,0,0,0,0,0,0,0,0,0,0,0.017398004368158783,0,0,0,0,0,0,0,0,0,0,0,0,0,0,0,0,0,0,0.98260199563184125,0,0.017398004368158783,0.98260199563184125
700,NORMAL,0.013918403494527026,1,0.013918403494527026,0.986081596505473,0,UNKNOWN,0.20417552104835812,0,1,0,0.986081596505473,0,0,0,0,0,-1,-1,0,0,0,1,1,0,1,1,0,1,1,0,1,1,0,1,1,0,1,1,0,0,0,0,0,0,0,0,0,0,0,0,0,0,0,0,0,0,0,0,0,0,0,0,0,0.013918403494527026,0,0,0,0,0,0,0,0,0,0,0,0,0,0,0,0,0,0,0.986081596505473,0,0.013918403494527026,0.986081596505473
800,NORMAL,0.011134722795621622,1,0.011134722795621622,0.98886527720437845,0,UNKNOWN,0.20334041683868651,0,1,0,0.98886527720437845,0,0,0,0,0,-1,-1,0,0,0,1,1,0,1,1,0,1,1,0,1,1,0,1,1,0,1,1,0,0,0,0,0,0,0,0,0,0,0,0,0,0,0,0,0,0,0,0,0,0,0,0,0,0.011134722795621622,0,0,0,0,0,0,0,0,0,0,0,0,0,0,0,0,0,0,0.98886527720437845,0,0.011134722795621622,0.98886527720437845
900,NORMAL,0.0089077782364972973,1,0.0089077782364972973,0.99109222176350276,0,UNKNOWN,0.20267233347094921,0,1,0,0.99109222176350276,0,0,0,0,0,-1,-1,0,0,0,1,1,0,1,1,0,1,1,0,1,1,0,1,1,0,1,1,0,0,0,0,0,0,0,0,0,0,0,0,0,0,0,0,0,0,0,0,0,0,0,0,0,0.0089077782364972973,0,0,0,0,0,0,0,0,0,0,0,0,0,0,0,0,0,0,0.99109222176350276,0,0.0089077782364972973,0.99109222176350276
1000,NORMAL,0.0071262225891978379,1,0.0071262225891978379,0.99287377741080218,0,UNKNOWN,0.20213786677675935,0,1,0,0.99287377741080218,0,0,0,0,0,-1,-1,0,0,0,1,1,0,1,1,0,1,1,0,1,1,0,1,1,0,1,1,0,0,0,0,0,0,0,0,0,0,0,0,0,0,0,0,0,0,0,0,0,0,0,0,0,0.0071262225891978379,0,0,0,0,0,0,0,0,0,0,0,0,0,0,0,0,0,0,0.99287377741080218,0,0.0071262225891978379,0.99287377741080218
1100,NORMAL,0.0057009780713582706,1,0.0057009780713582706,0.99429902192864172,0,UNKNOWN,0.20171029342140748,0,1,0,0.99429902192864172,0,0,0,0,0,-1,-1,0,0,0,1,1,0,1,1,0,1,1,0,1,1,0,1,1,0,1,1,0,0,0,0,0,0,0,0,0,0,0,0,0,0,0,0,0,0,0,0,0,0,0,0,0,0.0057009780713582706,0,0,0,0,0,0,0,0,0,0,0,0,0,0,0,0,0,0,0.99429902192864172,0,0.0057009780713582706,0.99429902192864172
1200,NORMAL,0.004560782457086617,1,0.004560782457086617,0.99543921754291342,0,UNKNOWN,0.20136823473712601,0,1,0,0.99543921754291342,0,0,0,0,0,-1,-1,0,0,0,1,1,0,1,1,0,1,1,0,1,1,0,1,1,0,1,1,0,0,0,0,0,0,0,0,0,0,0,0,0,0,0,0,0,0,0,0,0,0,0,0,0,0.004560782457086617,0,0,0,0,0,0,0,0,0,0,0,0,0,0,0,0,0,0,0.99543921754291342,0,0.004560782457086617,0.99543921754291342
1300,NORMAL,0.0036486259656692936,1,0.0036486259656692936,0.99635137403433072,0,UNKNOWN,0.2010945877897008,0,1,0,0.99635137403433072,0,0,0,0,0,-1,-1,0,0,0,1,1,0,1,1,0,1,1,0,1,1,0,1,1,0,1,1,0,0,0,0,0,0,0,0,0,0,0,0,0,0,0,0,0,0,0,0,0,0,0,0,0,0.0036486259656692936,0,0,0,0,0,0,0,0,0,0,0,0,0,0,0,0,0,0,0.99635137403433072,0,0.0036486259656692936,0.99635137403433072
1400,NORMAL,0.0029189007725354352,1,0.0029189007725354352,0.99708109922746457,0,UNKNOWN,0.20087567023176062,0,1,0,0.99708109922746457,0,0,0,0,0,-1,-1,0,0,0,1,1,0,1,1,0,1,1,0,1,1,0,1,1,0,1,1,0,0,0,0,0,0,0,0,0,0,0,0,0,0,0,0,0,0,0,0,0,0,0,0,0,0.0029189007725354352,0,0,0,0,0,0,0,0,0,0,0,0,0,0,0,0,0,0,0.99708109922746457,0,0.0029189007725354352,0.99708109922746457
1500,NORMAL,0.0023351206180283481,1,0.0023351206180283481,0.99766487938197168,0,UNKNOWN,0.20070053618540853,0,1,0,0.99766487938197168,0,0,0,0,0,-1,-1,0,0,0,1,1,0,1,1,0,1,1,0,1,1,0,1,1,0,1,1,0,0,0,0,0,0,0,0,0,0,0,0,0,0,0,0,0,0,0,0,0,0,0,0,0,0.0023351206180283481,0,0,0,0,0,0,0,0,0,0,0,0,0,0,0,0,0,0,0.99766487938197168,0,0.0023351206180283481,0.99766487938197168
1600,NORMAL,0.0018680964944226787,1,0.0018680964944226787,0.99813190350557734,0,UNKNOWN,0.20056042894832679,0,1,0,0.99813190350557734,0,0,0,0,0,-1,-1,0,0,0,1,1,0,1,1,0,1,1,0,1,1,0,1,1,0,1,1,0,0,0,0,0,0,0,0,0,0,0,0,0,0,0,0,0,0,0,0,0,0,0,0,0,0.0018680964944226787,0,0,0,0,0,0,0,0,0,0,0,0,0,0,0,0,0,0,0.99813190350557734,0,0.0018680964944226787,0.99813190350557734
1700,NORMAL,0.0014944771955381431,1,0.0014944771955381431,0.99850552280446192,0,UNKNOWN,0.20044834315866145,0,1,0,0.99850552280446192,0,0,0,0,0,-1,-1,0,0,0,1,1,0,1,1,0,1,1,0,1,1,0,1,1,0,1,1,0,0,0,0,0,0,0,0,0,0,0,0,0,0,0,0,0,0,0,0,0,0,0,0,0,0.0014944771955381431,0,0,0,0,0,0,0,0,0,0,0,0,0,0,0,0,0,0,0.99850552280446192,0,0.0014944771955381431,0.99850552280446192
1800,NORMAL,0.0011955817564305146,1,0.0011955817564305146,0.99880441824356958,0,UNKNOWN,0.20035867452692918,0,1,0,0.99880441824356958,0,0,0,0,0,-1,-1,0,0,0,1,1,0,1,1,0,1,1,0,1,1,0,1,1,0,1,1,0,0,0,0,0,0,0,0,0,0,0,0,0,0,0,0,0,0,0,0,0,0,0,0,0,0.0011955817564305146,0,0,0,0,0,0,0,0,0,0,0,0,0,0,0,0,0,0,0.99880441824356958,0,0.0011955817564305146,0.99880441824356958
1900,NORMAL,0.00095646540514441171,1,0.00095646540514441171,0.99904353459485562,0,UNKNOWN,0.20028693962154334,0,1,0,0.99904353459485562,0,0,0,0,0,-1,-1,0,0,0,1,1,0,1,1,0,1,1,0,1,1,0,1,1,0,1,1,0,0,0,0,0,0,0,0,0,0,0,0,0,0,0,0,0,0,0,0,0,0,0,0,0,0.00095646540514441171,0,0,0,0,0,0,0,0,0,0,0,0,0,0,0,0,0,0,0.99904353459485562,0,0.00095646540514441171,0.99904353459485562
2000,NORMAL,0.00076517232411552939,1,0.00076517232411552939,0.99923482767588445,0,UNKNOWN,0.20022955169723466,0,1,0,0.99923482767588445,0,0,0,0,0,-1,-1,0,0,0,1,1,0,1,1,0,1,1,0,1,1,0,1,1,0,1,1,0,0,0,0,0,0,0,0,0,0,0,0,0,0,0,0,0,0,0,0,0,0,0,0,0,0.00076517232411552939,0,0,0,0,0,0,0,0,0,0,0,0,0,0,0,0,0,0,0.99923482767588445,0,0.00076517232411552939,0.99923482767588445
2100,NORMAL,0.00061213785929242369,1,0.00061213785929242369,0.99938786214070763,0,UNKNOWN,0.20018364135778774,0,1,0,0.99938786214070763,0,0,0,0,0,-1,-1,0,0,0,1,1,0,1,1,0,1,1,0,1,1,0,1,1,0,1,1,0,0,0,0,0,0,0,0,0,0,0,0,0,0,0,0,0,0,0,0,0,0,0,0,0,0.00061213785929242369,0,0,0,0,0,0,0,0,0,0,0,0,0,0,0,0,0,0,0.99938786214070763,0,0.00061213785929242369,0.99938786214070763
2200,NORMAL,0.00048971028743393893,1,0.00048971028743393893,0.99951028971256606,0,UNKNOWN,0.20014691308623017,0,1,0,0.99951028971256606,0,0,0,0,0,-1,-1,0,0,0,1,1,0,1,1,0,1,1,0,1,1,0,1,1,0,1,1,0,0,0,0,0,0,0,0,0,0,0,0,0,0,0,0,0,0,0,0,0,0,0,0,0,0.00048971028743393893,0,0,0,0,0,0,0,0,0,0,0,0,0,0,0,0,0,0,0.99951028971256606,0,0.00048971028743393893,0.99951028971256606
2300,NORMAL,0.00039176822994715118,1,0.00039176822994715118,0.99960823177005287,0,UNKNOWN,0.20011753046898414,0,1,0,0.99960823177005287,0,0,0,0,0,-1,-1,0,0,0,1,1,0,1,1,0,1,1,0,1,1,0,1,1,0,1,1,0,0,0,0,0,0,0,0,0,0,0,0,0,0,0,0,0,0,0,0,0,0,0,0,0,0.00039176822994715118,0,0,0,0,0,0,0,0,0,0,0,0,0,0,0,0,0,0,0.99960823177005287,0,0.00039176822994715118,0.99960823177005287
2400,NORMAL,0.00031341458395772097,1,0.00031341458395772097,0.99968658541604227,0,UNKNOWN,0.20009402437518731,0,1,0,0.99968658541604227,0,0,0,0,0,-1,-1,0,0,0,1,1,0,1,1,0,1,1,0,1,1,0,1,1,0,1,1,0,0,0,0,0,0,0,0,0,0,0,0,0,0,0,0,0,0,0,0,0,0,0,0,0,0.00031341458395772097,0,0,0,0,0,0,0,0,0,0,0,0,0,0,0,0,0,0,0.99968658541604227,0,0.00031341458395772097,0.99968658541604227
2500,NORMAL,0.00025073166716617676,1,0.00025073166716617676,0.99974926833283384,0,UNKNOWN,0.20007521950014984,0,1,0,0.99974926833283384,0,0,0,0,0,-1,-1,0,0,0,1,1,0,1,1,0,1,1,0,1,1,0,1,1,0,1,1,0,0,0,0,0,0,0,0,0,0,0,0,0,0,0,0,0,0,0,0,0,0,0,0,0,0.00025073166716617676,0,0,0,0,0,0,0,0,0,0,0,0,0,0,0,0,0,0,0.99974926833283384,0,0.00025073166716617676,0.99974926833283384
2600,NORMAL,0.00020058533373294143,1,0.00020058533373294143,0.99979941466626709,0,UNKNOWN,0.2000601756001199,0,1,0,0.99979941466626709,0,0,0,0,0,-1,-1,0,0,0,1,1,0,1,1,0,1,1,0,1,1,0,1,1,0,1,1,0,0,0,0,0,0,0,0,0,0,0,0,0,0,0,0,0,0,0,0,0,0,0,0,0,0.00020058533373294143,0,0,0,0,0,0,0,0,0,0,0,0,0,0,0,0,0,0,0.99979941466626709,0,0.00020058533373294143,0.99979941466626709
2700,NORMAL,0.00016046826698635315,1,0.00016046826698635315,0.99983953173301365,0,UNKNOWN,0.20004814048009589,0,1,0,0.99983953173301365,0,0,0,0,0,-1,-1,0,0,0,1,1,0,1,1,0,1,1,0,1,1,0,1,1,0,1,1,0,0,0,0,0,0,0,0,0,0,0,0,0,0,0,0,0,0,0,0,0,0,0,0,0,0.00016046826698635315,0,0,0,0,0,0,0,0,0,0,0,0,0,0,0,0,0,0,0.99983953173301365,0,0.00016046826698635315,0.99983953173301365
2800,NORMAL,0.00012837461358908251,1,0.00012837461358908251,0.99987162538641094,0,UNKNOWN,0.20003851238407672,0,1,0,0.99987162538641094,0,0,0,0,0,-1,-1,0,0,0,1,1,0,1,1,0,1,1,0,1,1,0,1,1,0,1,1,0,0,0,0,0,0,0,0,0,0,0,0,0,0,0,0,0,0,0,0,0,0,0,0,0,0.00012837461358908251,0,0,0,0,0,0,0,0,0,0,0,0,0,0,0,0,0,0,0.99987162538641094,0,0.00012837461358908251,0.99987162538641094
2900,NORMAL,0.00010269969087126601,1,0.00010269969087126601,0.99989730030912871,0,UNKNOWN,0.20003080990726138,0,1,0,0.99989730030912871,0,0,0,0,0,-1,-1,0,0,0,1,1,0,1,1,0,1,1,0,1,1,0,1,1,0,1,1,0,0,0,0,0,0,0,0,0,0,0,0,0,0,0,0,0,0,0,0,0,0,0,0,0,0.00010269969087126601,0,0,0,0,0,0,0,0,0,0,0,0,0,0,0,0,0,0,0.99989730030912871,0,0.00010269969087126601,0.99989730030912871
3000,NORMAL,8.2159752697012815e-05,1,8.2159752697012815e-05,0.99991784024730301,0,UNKNOWN,0.2000246479258091,0,1,0,0.99991784024730301,0,0,0,0,0,-1,-1,0,0,0,1,1,0,1,1,0,1,1,0,1,1,0,1,1,0,1,1,0,0,0,0,0,0,0,0,0,0,0,0,0,0,0,0,0,0,0,0,0,0,0,0,0,8.2159752697012815e-05,0,0,0,0,0,0,0,0,0,0,0,0,0,0,0,0,0,0,0.99991784024730301,0,8.2159752697012815e-05,0.99991784024730301
3100,NORMAL,6.5727802157610249e-05,1,6.5727802157610249e-05,0.99993427219784237,0,UNKNOWN,0.2000197183406473,0,1,0,0.99993427219784237,0,0,0,0,0,-1,-1,0,0,0,1,1,0,1,1,0,1,1,0,1,1,0,1,1,0,1,1,0,0,0,0,0,0,0,0,0,0,0,0,0,0,0,0,0,0,0,0,0,0,0,0,0,6.5727802157610249e-05,0,0,0,0,0,0,0,0,0,0,0,0,0,0,0,0,0,0,0.99993427219784237,0,6.5727802157610249e-05,0.99993427219784237
3200,NORMAL,5.2582241726088201e-05,1,5.2582241726088201e-05,0.99994741775827389,0,UNKNOWN,0.20001577467251783,0,1,0,0.99994741775827389,0,0,0,0,0,-1,-1,0,0,0,1,1,0,1,1,0,1,1,0,1,1,0,1,1,0,1,1,0,0,0,0,0,0,0,0,0,0,0,0,0,0,0,0,0,0,0,0,0,0,0,0,0,5.2582241726088201e-05,0,0,0,0,0,0,0,0,0,0,0,0,0,0,0,0,0,0,0.99994741775827389,0,5.2582241726088201e-05,0.99994741775827389
3300,NORMAL,4.2065793380870561e-05,1,4.2065793380870561e-05,0.99995793420661916,0,UNKNOWN,0.20001261973801429,0,1,0,0.99995793420661916,0,0,0,0,0,-1,-1,0,0,0,1,1,0,1,1,0,1,1,0,1,1,0,1,1,0,1,1,0,0,0,0,0,0,0,0,0,0,0,0,0,0,0,0,0,0,0,0,0,0,0,0,0,4.2065793380870561e-05,0,0,0,0,0,0,0,0,0,0,0,0,0,0,0,0,0,0,0.99995793420661916,0,4.2065793380870561e-05,0.99995793420661916
3400,NORMAL,3.365263470469645e-05,1,3.365263470469645e-05,0.99996634736529533,0,UNKNOWN,0.2000100957904114,0,1,0,0.99996634736529533,0,0,0,0,0,-1,-1,0,0,0,1,1,0,1,1,0,1,1,0,1,1,0,1,1,0,1,1,0,0,0,0,0,0,0,0,0,0,0,0,0,0,0,0,0,0,0,0,0,0,0,0,0,3.365263470469645e-05,0,0,0,0,0,0,0,0,0,0,0,0,0,0,0,0,0,0,0.99996634736529533,0,3.365263470469645e-05,0.99996634736529533
3500,NORMAL,2.6922107763757161e-05,1,2.6922107763757161e-05,0.99997307789223622,0,UNKNOWN,0.20000807663232914,0,1,0,0.99997307789223622,0,0,0,0,0,-1,-1,0,0,0,1,1,0,1,1,0,1,1,0,1,1,0,1,1,0,1,1,0,0,0,0,0,0,0,0,0,0,0,0,0,0,0,0,0,0,0,0,0,0,0,0,0,2.6922107763757161e-05,0,0,0,0,0,0,0,0,0,0,0,0,0,0,0,0,0,0,0.99997307789223622,0,2.6922107763757161e-05,0.99997307789223622
3600,NORMAL,2.153768621100573e-05,1,2.153768621100573e-05,0.99997846231378895,0,UNKNOWN,0.20000646130586328,0,1,0,0.99997846231378895,0,0,0,0,0,-1,-1,0,0,0,1,1,0,1,1,0,1,1,0,1,1,0,1,1,0,1,1,0,0,0,0,0,0,0,0,0,0,0,0,0,0,0,0,0,0,0,0,0,0,0,0,0,2.153768621100573e-05,0,0,0,0,0,0,0,0,0,0,0,0,0,0,0,0,0,0,0.99997846231378895,0,2.153768621100573e-05,0.99997846231378895
3700,NORMAL,1.7230148968804583e-05,1,1.7230148968804583e-05,0.99998276985103118,0,UNKNOWN,0.20000516904469065,0,1,0,0.99998276985103118,0,0,0,0,0,-1,-1,0,0,0,1,1,0,1,1,0,1,1,0,1,1,0,1,1,0,1,1,0,0,0,0,0,0,0,0,0,0,0,0,0,0,0,0,0,0,0,0,0,0,0,0,0,1.7230148968804583e-05,0,0,0,0,0,0,0,0,0,0,0,0,0,0,0,0,0,0,0.99998276985103118,0,1.7230148968804583e-05,0.99998276985103118
3800,NORMAL,1.3784119175043668e-05,1,1.3784119175043668e-05,0.99998621588082492,0,UNKNOWN,0.2000041352357525,0,1,0,0.99998621588082492,0,0,0,0,0,-1,-1,0,0,0,1,1,0,1,1,0,1,1,0,1,1,0,1,1,0,1,1,0,0,0,0,0,0,0,0,0,0,0,0,0,0,0,0,0,0,0,0,0,0,0,0,0,1.3784119175043668e-05,0,0,0,0,0,0,0,0,0,0,0,0,0,0,0,0,0,0,0.99998621588082492,0,1.3784119175043668e-05,0.99998621588082492
3900,NORMAL,1.1027295340034934e-05,1,1.1027295340034934e-05,0.99998897270465992,0,UNKNOWN,0.20000330818860199,0,1,0,0.99998897270465992,0,0,0,0,0,-1,-1,0,0,0,1,1,0,1,1,0,1,1,0,1,1,0,1,1,0,1,1,0,0,0,0,0,0,0,0,0,0,0,0,0,0,0,0,0,0,0,0,0,0,0,0,0,1.1027295340034934e-05,0,0,0,0,0,0,0,0,0,0,0,0,0,0,0,0,0,0,0.99998897270465992,0,1.1027295340034934e-05,0.99998897270465992
4000,NORMAL,8.8218362720279473e-06,1,8.8218362720279473e-06,0.99999117816372796,0,UNKNOWN,0.20000264655088162,0,1,0,0.99999117816372796,0,0,0,0,0,-1,-1,0,0,0,1,1,0,1,1,0,1,1,0,1,1,0,1,1,0,1,1,0,0,0,0,0,0,0,0,0,0,0,0,0,0,0,0,0,0,0,0,0,0,0,0,0,8.8218362720279473e-06,0,0,0,0,0,0,0,0,0,0,0,0,0,0,0,0,0,0,0.99999117816372796,0,8.8218362720279473e-06,0.99999117816372796
4100,NORMAL,7.0574690176223578e-06,1,7.0574690176223578e-06,0.99999294253098236,0,UNKNOWN,0.2000021172407053,0,1,0,0.99999294253098236,0,0,0,0,0,-1,-1,0,0,0,1,1,0,1,1,0,1,1,0,1,1,0,1,1,0,1,1,0,0,0,0,0,0,0,0,0,0,0,0,0,0,0,0,0,0,0,0,0,0,0,0,0,7.0574690176223578e-06,0,0,0,0,0,0,0,0,0,0,0,0,0,0,0,0,0,0,0.99999294253098236,0,7.0574690176223578e-06,0.99999294253098236
4200,NORMAL,5.6459752140978864e-06,1,5.6459752140978864e-06,0.99999435402478587,0,UNKNOWN,0.20000169379256422,0,1,0,0.99999435402478587,0,0,0,0,0,-1,-1,0,0,0,1,1,0,1,1,0,1,1,0,1,1,0,1,1,0,1,1,0,0,0,0,0,0,0,0,0,0,0,0,0,0,0,0,0,0,0,0,0,0,0,0,0,5.6459752140978864e-06,0,0,0,0,0,0,0,0,0,0,0,0,0,0,0,0,0,0,0.99999435402478587,0,5.6459752140978864e-06,0.99999435402478587
4300,NORMAL,4.5167801712783095e-06,1,4.5167801712783095e-06,0.99999548321982867,0,UNKNOWN,0.20000135503405136,0,1,0,0.99999548321982867,0,0,0,0,0,-1,-1,0,0,0,1,1,0,1,1,0,1,1,0,1,1,0,1,1,0,1,1,0,0,0,0,0,0,0,0,0,0,0,0,0,0,0,0,0,0,0,0,0,0,0,0,0,4.5167801712783095e-06,0,0,0,0,0,0,0,0,0,0,0,0,0,0,0,0,0,0,0.99999548321982867,0,4.5167801712783095e-06,0.99999548321982867
4400,NORMAL,3.6134241370226477e-06,1,3.6134241370226477e-06,0.99999638657586298,0,UNKNOWN,0.20000108402724109,0,1,0,0.99999638657586298,0,0,0,0,0,-1,-1,0,0,0,1,1,0,1,1,0,1,1,0,1,1,0,1,1,0,1,1,0,0,0,0,0,0,0,0,0,0,0,0,0,0,0,0,0,0,0,0,0,0,0,0,0,3.6134241370226477e-06,0,0,0,0,0,0,0,0,0,0,0,0,0,0,0,0,0,0,0.99999638657586298,0,3.6134241370226477e-06,0.99999638657586298
4500,NORMAL,2.8907393096181184e-06,1,2.8907393096181184e-06,0.99999710926069041,0,UNKNOWN,0.20000086722179289,0,1,0,0.99999710926069041,0,0,0,0,0,-1,-1,0,0,0,1,1,0,1,1,0,1,1,0,1,1,0,1,1,0,1,1,0,0,0,0,0,0,0,0,0,0,0,0,0,0,0,0,0,0,0,0,0,0,0,0,0,2.8907393096181184e-06,0,0,0,0,0,0,0,0,0,0,0,0,0,0,0,0,0,0,0.99999710926069041,0,2.8907393096181184e-06,0.99999710926069041
4600,NORMAL,2.3125914476944947e-06,1,2.3125914476944947e-06,0.99999768740855233,0,UNKNOWN,0.20000069377743429,0,1,0,0.99999768740855233,0,0,0,0,0,-1,-1,0,0,0,1,1,0,1,1,0,1,1,0,1,1,0,1,1,0,1,1,0,0,0,0,0,0,0,0,0,0,0,0,0,0,0,0,0,0,0,0,0,0,0,0,0,2.3125914476944947e-06,0,0,0,0,0,0,0,0,0,0,0,0,0,0,0,0,0,0,0.99999768740855233,0,2.3125914476944947e-06,0.99999768740855233
4700,NORMAL,1.8500731581555958e-06,1,1.8500731581555958e-06,0.99999814992684188,0,UNKNOWN,0.20000055502194747,0,1,0,0.99999814992684188,0,0,0,0,0,-1,-1,0,0,0,1,1,0,1,1,0,1,1,0,1,1,0,1,1,0,1,1,0,0,0,0,0,0,0,0,0,0,0,0,0,0,0,0,0,0,0,0,0,0,0,0,0,1.8500731581555958e-06,0,0,0,0,0,0,0,0,0,0,0,0,0,0,0,0,0,0,0.99999814992684188,0,1.8500731581555958e-06,0.99999814992684188
4800,NORMAL,1.4800585265244768e-06,1,1.4800585265244768e-06,0.99999851994147348,0,UNKNOWN,0.20000044401755795,0,1,0,0.99999851994147348,0,0,0,0,0,-1,-1,0,0,0,1,1,0,1,1,0,1,1,0,1,1,0,1,1,0,1,1,0,0,0,0,0,0,0,0,0,0,0,0,0,0,0,0,0,0,0,0,0,0,0,0,0,1.4800585265244768e-06,0,0,0,0,0,0,0,0,0,0,0,0,0,0,0,0,0,0,0.99999851994147348,0,1.4800585265244768e-06,0.99999851994147348
4900,NORMAL,1.1840468212195816e-06,1,1.1840468212195816e-06,0.99999881595317874,0,UNKNOWN,0.20000035521404635,0,1,0,0.99999881595317874,0,0,0,0,0,-1,-1,0,0,0,1,1,0,1,1,0,1,1,0,1,1,0,1,1,0,1,1,0,0,0,0,0,0,0,0,0,0,0,0,0,0,0,0,0,0,0,0,0,0,0,0,0,1.1840468212195816e-06,0,0,0,0,0,0,0,0,0,0,0,0,0,0,0,0,0,0,0.99999881595317874,0,1.1840468212195816e-06,0.99999881595317874
5000,NORMAL,9.4723745697566532e-07,1,9.4723745697566532e-07,0.99999905276254297,0,UNKNOWN,0.20000028417123708,0,1,0,0.99999905276254297,0,0,0,0,0,-1,-1,0,0,0,1,1,0,1,1,0,1,1,0,1,1,0,1,1,0,1,1,0,0,0,0,0,0,0,0,0,0,0,0,0,0,0,0,0,0,0,0,0,0,0,0,0,9.4723745697566532e-07,0,0,0,0,0,0,0,0,0,0,0,0,0,0,0,0,0,0,0.99999905276254297,0,9.4723745697566532e-07,0.99999905276254297
5100,NORMAL,7.5778996558053244e-07,1,7.5778996558053244e-07,0.99999924221003444,0,UNKNOWN,0.20000022733698966,0,1,0,0.99999924221003444,0,0,0,0,0,-1,-1,0,0,0,1,1,0,1,1,0,1,1,0,1,1,0,1,1,0,1,1,0,0,0,0,0,0,0,0,0,0,0,0,0,0,0,0,0,0,0,0,0,0,0,0,0,7.5778996558053244e-07,0,0,0,0,0,0,0,0,0,0,0,0,0,0,0,0,0,0,0.99999924221003444,0,7.5778996558053244e-07,0.99999924221003444
5200,NORMAL,6.06231972464426e-07,1,6.06231972464426e-07,0.9999993937680276,0,UNKNOWN,0.20000018186959176,0,1,0,0.9999993937680276,0,0,0,0,0,-1,-1,0,0,0,1,1,0,1,1,0,1,1,0,1,1,0,1,1,0,1,1,0,0,0,0,0,0,0,0,0,0,0,0,0,0,0,0,0,0,0,0,0,0,0,0,0,6.06231972464426e-07,0,0,0,0,0,0,0,0,0,0,0,0,0,0,0,0,0,0,0.9999993937680276,0,6.06231972464426e-07,0.9999993937680276
5300,NORMAL,4.8498557797154086e-07,1,4.8498557797154086e-07,0.99999951501442208,0,UNKNOWN,0.20000014549567341,0,1,0,0.99999951501442208,0,0,0,0,0,-1,-1,0,0,0,1,1,0,1,1,0,1,1,0,1,1,0,1,1,0,1,1,0,0,0,0,0,0,0,0,0,0,0,0,0,0,0,0,0,0,0,0,0,0,0,0,0,4.8498557797154086e-07,0,0,0,0,0,0,0,0,0,0,0,0,0,0,0,0,0,0,0.99999951501442208,0,4.8498557797154086e-07,0.99999951501442208
5400,NORMAL,3.8798846237723269e-07,1,3.8798846237723269e-07,0.99999961201153764,0,UNKNOWN,0.2000001163965387,0,1,0,0.99999961201153764,0,0,0,0,0,-1,-1,0,0,0,1,1,0,1,1,0,1,1,0,1,1,0,1,1,0,1,1,0,0,0,0,0,0,0,0,0,0,0,0,0,0,0,0,0,0,0,0,0,0,0,0,0,3.8798846237723269e-07,0,0,0,0,0,0,0,0,0,0,0,0,0,0,0,0,0,0,0.99999961201153764,0,3.8798846237723269e-07,0.99999961201153764
5500,NORMAL,3.1039076990178616e-07,1,3.1039076990178616e-07,0.99999968960923014,0,UNKNOWN,0.20000009311723099,0,1,0,0.99999968960923014,0,0,0,0,0,-1,-1,0,0,0,1,1,0,1,1,0,1,1,0,1,1,0,1,1,0,1,1,0,0,0,0,0,0,0,0,0,0,0,0,0,0,0,0,0,0,0,0,0,0,0,0,0,3.1039076990178616e-07,0,0,0,0,0,0,0,0,0,0,0,0,0,0,0,0,0,0,0.99999968960923014,0,3.1039076990178616e-07,0.99999968960923014
5600,NORMAL,2.4831261592142895e-07,1,2.4831261592142895e-07,0.99999975168738409,0,UNKNOWN,0.20000007449378476,0,1,0,0.99999975168738409,0,0,0,0,0,-1,-1,0,0,0,1,1,0,1,1,0,1,1,0,1,1,0,1,1,0,1,1,0,0,0,0,0,0,0,0,0,0,0,0,0,0,0,0,0,0,0,0,0,0,0,0,0,2.4831261592142895e-07,0,0,0,0,0,0,0,0,0,0,0,0,0,0,0,0,0,0,0.99999975168738409,0,2.4831261592142895e-07,0.99999975168738409
5700,NORMAL,1.9865009273714317e-07,1,1.9865009273714317e-07,0.99999980134990729,0,UNKNOWN,0.20000005959502784,0,1,0,0.99999980134990729,0,0,0,0,0,-1,-1,0,0,0,1,1,0,1,1,0,1,1,0,1,1,0,1,1,0,1,1,0,0,0,0,0,0,0,0,0,0,0,0,0,0,0,0,0,0,0,0,0,0,0,0,0,1.9865009273714317e-07,0,0,0,0,0,0,0,0,0,0,0,0,0,0,0,0,0,0,0.99999980134990729,0,1.9865009273714317e-07,0.99999980134990729
5800,NORMAL,1.5892007418971455e-07,1,1.5892007418971455e-07,0.99999984107992579,0,UNKNOWN,0.20000004767602225,0,1,0,0.99999984107992579,0,0,0,0,0,-1,-1,0,0,0,1,1,0,1,1,0,1,1,0,1,1,0,1,1,0,1,1,0,0,0,0,0,0,0,0,0,0,0,0,0,0,0,0,0,0,0,0,0,0,0,0,0,1.5892007418971455e-07,0,0,0,0,0,0,0,0,0,0,0,0,0,0,0,0,0,0,0.99999984107992579,0,1.5892007418971455e-07,0.99999984107992579
5900,NORMAL,1.2713605935177165e-07,1,1.2713605935177165e-07,0.99999987286394065,0,UNKNOWN,0.20000003814081779,0,1,0,0.99999987286394065,0,0,0,0,0,-1,-1,0,0,0,1,1,0,1,1,0,1,1,0,1,1,0,1,1,0,1,1,0,0,0,0,0,0,0,0,0,0,0,0,0,0,0,0,0,0,0,0,0,0,0,0,0,1.2713605935177165e-07,0,0,0,0,0,0,0,0,0,0,0,0,0,0,0,0,0,0,0.99999987286394065,0,1.2713605935177165e-07,0.99999987286394065
6000,NORMAL,1.0170884748141733e-07,1,1.0170884748141733e-07,0.99999989829115254,0,UNKNOWN,0.20000003051265425,0,1,0,0.99999989829115254,0,0,0,0,0,-1,-1,0,0,0,1,1,0,1,1,0,1,1,0,1,1,0,1,1,0,1,1,0,0,0,0,0,0,0,0,0,0,0,0,0,0,0,0,0,0,0,0,0,0,0,0,0,1.0170884748141733e-07,0,0,0,0,0,0,0,0,0,0,0,0,0,0,0,0,0,0,0.99999989829115254,0,1.0170884748141733e-07,0.99999989829115254
6100,NORMAL,8.1367077985133865e-08,1,8.1367077985133865e-08,0.99999991863292204,0,UNKNOWN,0.20000002441012338,0,1,0,0.99999991863292204,0,0,0,0,0,-1,-1,0,0,0,1,1,0,1,1,0,1,1,0,1,1,0,1,1,0,1,1,0,0,0,0,0,0,0,0,0,0,0,0,0,0,0,0,0,0,0,0,0,0,0,0,0,8.1367077985133865e-08,0,0,0,0,0,0,0,0,0,0,0,0,0,0,0,0,0,0,0.99999991863292204,0,8.1367077985133865e-08,0.99999991863292204
6200,NORMAL,6.50936623881071e-08,1,6.50936623881071e-08,0.99999993490633765,0,UNKNOWN,0.20000001952809873,0,1,0,0.99999993490633765,0,0,0,0,0,-1,-1,0,0,0,1,1,0,1,1,0,1,1,0,1,1,0,1,1,0,1,1,0,0,0,0,0,0,0,0,0,0,0,0,0,0,0,0,0,0,0,0,0,0,0,0,0,6.50936623881071e-08,0,0,0,0,0,0,0,0,0,0,0,0,0,0,0,0,0,0,0.99999993490633765,0,6.50936623881071e-08,0.99999993490633765
6300,NORMAL,5.2074929910485683e-08,1,5.2074929910485683e-08,0.99999994792507008,0,UNKNOWN,0.20000001562247899,0,1,0,0.99999994792507008,0,0,0,0,0,-1,-1,0,0,0,1,1,0,1,1,0,1,1,0,1,1,0,1,1,0,1,1,0,0,0,0,0,0,0,0,0,0,0,0,0,0,0,0,0,0,0,0,0,0,0,0,0,5.2074929910485683e-08,0,0,0,0,0,0,0,0,0,0,0,0,0,0,0,0,0,0,0.99999994792507008,0,5.2074929910485683e-08,0.99999994792507008
6400,NORMAL,4.1659943928388552e-08,1,4.1659943928388552e-08,0.99999995834005606,0,UNKNOWN,0.20000001249798319,0,1,0,0.99999995834005606,0,0,0,0,0,-1,-1,0,0,0,1,1,0,1,1,0,1,1,0,1,1,0,1,1,0,1,1,0,0,0,0,0,0,0,0,0,0,0,0,0,0,0,0,0,0,0,0,0,0,0,0,0,4.1659943928388552e-08,0,0,0,0,0,0,0,0,0,0,0,0,0,0,0,0,0,0,0.99999995834005606,0,4.1659943928388552e-08,0.99999995834005606
6500,NORMAL,3.3327955142710845e-08,1,3.3327955142710845e-08,0.99999996667204483,0,UNKNOWN,0.20000000999838652,0,1,0,0.99999996667204483,0,0,0,0,0,-1,-1,0,0,0,1,1,0,1,1,0,1,1,0,1,1,0,1,1,0,1,1,0,0,0,0,0,0,0,0,0,0,0,0,0,0,0,0,0,0,0,0,0,0,0,0,0,3.3327955142710845e-08,0,0,0,0,0,0,0,0,0,0,0,0,0,0,0,0,0,0,0.99999996667204483,0,3.3327955142710845e-08,0.99999996667204483
6600,NORMAL,2.6662364114168677e-08,1,2.6662364114168677e-08,0.99999997333763591,0,UNKNOWN,0.20000000799870923,0,1,0,0.99999997333763591,0,0,0,0,0,-1,-1,0,0,0,1,1,0,1,1,0,1,1,0,1,1,0,1,1,0,1,1,0,0,0,0,0,0,0,0,0,0,0,0,0,0,0,0,0,0,0,0,0,0,0,0,0,2.6662364114168677e-08,0,0,0,0,0,0,0,0,0,0,0,0,0,0,0,0,0,0,0.99999997333763591,0,2.6662364114168677e-08,0.99999997333763591
6700,NORMAL,2.1329891291334942e-08,1,2.1329891291334942e-08,0.9999999786701087,0,UNKNOWN,0.20000000639896739,0,1,0,0.9999999786701087,0,0,0,0,0,-1,-1,0,0,0,1,1,0,1,1,0,1,1,0,1,1,0,1,1,0,1,1,0,0,0,0,0,0,0,0,0,0,0,0,0,0,0,0,0,0,0,0,0,0,0,0,0,2.1329891291334942e-08,0,0,0,0,0,0,0,0,0,0,0,0,0,0,0,0,0,0,0.9999999786701087,0,2.1329891291334942e-08,0.9999999786701087
6800,NORMAL,1.7063913033067953e-08,1,1.7063913033067953e-08,0.99999998293608694,0,UNKNOWN,0.20000000511917393,0,1,0,0.99999998293608694,0,0,0,0,0,-1,-1,0,0,0,1,1,0,1,1,0,1,1,0,1,1,0,1,1,0,1,1,0,0,0,0,0,0,0,0,0,0,0,0,0,0,0,0,0,0,0,0,0,0,0,0,0,1.7063913033067953e-08,0,0,0,0,0,0,0,0,0,0,0,0,0,0,0,0,0,0,0.99999998293608694,0,1.7063913033067953e-08,0.99999998293608694
6900,NORMAL,1.3651130426454364e-08,1,1.3651130426454364e-08,0.99999998634886955,0,UNKNOWN,0.20000000409533913,0,1,0,0.99999998634886955,0,0,0,0,0,-1,-1,0,0,0,1,1,0,1,1,0,1,1,0,1,1,0,1,1,0,1,1,0,0,0,0,0,0,0,0,0,0,0,0,0,0,0,0,0,0,0,0,0,0,0,0,0,1.3651130426454364e-08,0,0,0,0,0,0,0,0,0,0,0,0,0,0,0,0,0,0,0.99999998634886955,0,1.3651130426454364e-08,0.99999998634886955
7000,NORMAL,1.0920904341163493e-08,1,1.0920904341163493e-08,0.99999998907909571,0,UNKNOWN,0.20000000327627132,0,1,0,0.99999998907909571,0,0,0,0,0,-1,-1,0,0,0,1,1,0,1,1,0,1,1,0,1,1,0,1,1,0,1,1,0,0,0,0,0,0,0,0,0,0,0,0,0,0,0,0,0,0,0,0,0,0,0,0,0,1.0920904341163493e-08,0,0,0,0,0,0,0,0,0,0,0,0,0,0,0,0,0,0,0.99999998907909571,0,1.0920904341163493e-08,0.99999998907909571
7100,NORMAL,8.7367234729307943e-09,1,8.7367234729307943e-09,0.99999999126327654,0,UNKNOWN,0.20000000262101703,0,1,0,0.99999999126327654,0,0,0,0,0,-1,-1,0,0,0,1,1,0,1,1,0,1,1,0,1,1,0,1,1,0,1,1,0,0,0,0,0,0,0,0,0,0,0,0,0,0,0,0,0,0,0,0,0,0,0,0,0,8.7367234729307943e-09,0,0,0,0,0,0,0,0,0,0,0,0,0,0,0,0,0,0,0.99999999126327654,0,8.7367234729307943e-09,0.99999999126327654
7200,NORMAL,6.9893787783446355e-09,1,6.9893787783446355e-09,0.99999999301062126,0,UNKNOWN,0.20000000209681365,0,1,0,0.99999999301062126,0,0,0,0,0,-1,-1,0,0,0,1,1,0,1,1,0,1,1,0,1,1,0,1,1,0,1,1,0,0,0,0,0,0,0,0,0,0,0,0,0,0,0,0,0,0,0,0,0,0,0,0,0,6.9893787783446355e-09,0,0,0,0,0,0,0,0,0,0,0,0,0,0,0,0,0,0,0.99999999301062126,0,6.9893787783446355e-09,0.99999999301062126
7300,NORMAL,5.591503022675709e-09,1,5.591503022675709e-09,0.99999999440849696,0,UNKNOWN,0.20000000167745091,0,1,0,0.99999999440849696,0,0,0,0,0,-1,-1,0,0,0,1,1,0,1,1,0,1,1,0,1,1,0,1,1,0,1,1,0,0,0,0,0,0,0,0,0,0,0,0,0,0,0,0,0,0,0,0,0,0,0,0,0,5.591503022675709e-09,0,0,0,0,0,0,0,0,0,0,0,0,0,0,0,0,0,0,0.99999999440849696,0,5.591503022675709e-09,0.99999999440849696
7400,NORMAL,4.4732024181405685e-09,1,4.4732024181405685e-09,0.99999999552679764,0,UNKNOWN,0.20000000134196075,0,1,0,0.99999999552679764,0,0,0,0,0,-1,-1,0,0,0,1,1,0,1,1,0,1,1,0,1,1,0,1,1,0,1,1,0,0,0,0,0,0,0,0,0,0,0,0,0,0,0,0,0,0,0,0,0,0,0,0,0,4.4732024181405685e-09,0,0,0,0,0,0,0,0,0,0,0,0,0,0,0,0,0,0,0.99999999552679764,0,4.4732024181405685e-09,0.99999999552679764
7500,NORMAL,3.5785619345124549e-09,1,3.5785619345124549e-09,0.99999999642143811,0,UNKNOWN,0.20000000107356861,0,1,0,0.99999999642143811,0,0,0,0,0,-1,-1,0,0,0,1,1,0,1,1,0,1,1,0,1,1,0,1,1,0,1,1,0,0,0,0,0,0,0,0,0,0,0,0,0,0,0,0,0,0,0,0,0,0,0,0,0,3.5785619345124549e-09,0,0,0,0,0,0,0,0,0,0,0,0,0,0,0,0,0,0,0.99999999642143811,0,3.5785619345124549e-09,0.99999999642143811
7600,NORMAL,2.8628495476099639e-09,1,2.8628495476099639e-09,0.99999999713715049,0,UNKNOWN,0.20000000085885489,0,1,0,0.99999999713715049,0,0,0,0,0,-1,-1,0,0,0,1,1,0,1,1,0,1,1,0,1,1,0,1,1,0,1,1,0,0,0,0,0,0,0,0,0,0,0,0,0,0,0,0,0,0,0,0,0,0,0,0,0,2.8628495476099639e-09,0,0,0,0,0,0,0,0,0,0,0,0,0,0,0,0,0,0,0.99999999713715049,0,2.8628495476099639e-09,0.99999999713715049
7700,NORMAL,2.2902796380879713e-09,1,2.2902796380879713e-09,0.99999999770972037,0,UNKNOWN,0.2000000006870839,0,1,0,0.99999999770972037,0,0,0,0,0,-1,-1,0,0,0,1,1,0,1,1,0,1,1,0,1,1,0,1,1,0,1,1,0,0,0,0,0,0,0,0,0,0,0,0,0,0,0,0,0,0,0,0,0,0,0,0,0,2.2902796380879713e-09,0,0,0,0,0,0,0,0,0,0,0,0,0,0,0,0,0,0,0.99999999770972037,0,2.2902796380879713e-09,0.99999999770972037
7800,NORMAL,1.8322237104703772e-09,1,1.8322237104703772e-09,0.99999999816777629,0,UNKNOWN,0.2000000005496671,0,1,0,0.99999999816777629,0,0,0,0,0,-1,-1,0,0,0,1,1,0,1,1,0,1,1,0,1,1,0,1,1,0,1,1,0,0,0,0,0,0,0,0,0,0,0,0,0,0,0,0,0,0,0,0,0,0,0,0,0,1.8322237104703772e-09,0,0,0,0,0,0,0,0,0,0,0,0,0,0,0,0,0,0,0.99999999816777629,0,1.8322237104703772e-09,0.99999999816777629
7900,NORMAL,1.4657789683763018e-09,1,1.4657789683763018e-09,0.99999999853422106,0,UNKNOWN,0.20000000043973368,0,1,0,0.99999999853422106,0,0,0,0,0,-1,-1,0,0,0,1,1,0,1,1,0,1,1,0,1,1,0,1,1,0,1,1,0,0,0,0,0,0,0,0,0,0,0,0,0,0,0,0,0,0,0,0,0,0,0,0,0,1.4657789683763018e-09,0,0,0,0,0,0,0,0,0,0,0,0,0,0,0,0,0,0,0.99999999853422106,0,1.4657789683763018e-09,0.99999999853422106
8000,NORMAL,1.1726231747010414e-09,1,1.1726231747010414e-09,0.99999999882737689,0,UNKNOWN,0.20000000035178697,0,1,0,0.99999999882737689,0,0,0,0,0,-1,-1,0,0,0,1,1,0,1,1,0,1,1,0,1,1,0,1,1,0,1,1,0,0,0,0,0,0,0,0,0,0,0,0,0,0,0,0,0,0,0,0,0,0,0,0,0,1.1726231747010414e-09,0,0,0,0,0,0,0,0,0,0,0,0,0,0,0,0,0,0,0.99999999882737689,0,1.1726231747010414e-09,0.99999999882737689
8100,NORMAL,9.3809853976083314e-10,1,9.3809853976083314e-10,0.99999999906190151,0,UNKNOWN,0.20000000028142959,0,1,0,0.99999999906190151,0,0,0,0,0,-1,-1,0,0,0,1,1,0,1,1,0,1,1,0,1,1,0,1,1,0,1,1,0,0,0,0,0,0,0,0,0,0,0,0,0,0,0,0,0,0,0,0,0,0,0,0,0,9.3809853976083314e-10,0,0,0,0,0,0,0,0,0,0,0,0,0,0,0,0,0,0,0.99999999906190151,0,9.3809853976083314e-10,0.99999999906190151
8200,NORMAL,7.5047883180866653e-10,1,7.5047883180866653e-10,0.99999999924952121,0,UNKNOWN,0.20000000022514366,0,1,0,0.99999999924952121,0,0,0,0,0,-1,-1,0,0,0,1,1,0,1,1,0,1,1,0,1,1,0,1,1,0,1,1,0,0,0,0,0,0,0,0,0,0,0,0,0,0,0,0,0,0,0,0,0,0,0,0,0,7.5047883180866653e-10,0,0,0,0,0,0,0,0,0,0,0,0,0,0,0,0,0,0,0.99999999924952121,0,7.5047883180866653e-10,0.99999999924952121
8300,NORMAL,6.0038306544693329e-10,1,6.0038306544693329e-10,0.99999999939961692,0,UNKNOWN,0.20000000018011493,0,1,0,0.99999999939961692,0,0,0,0,0,-1,-1,0,0,0,1,1,0,1,1,0,1,1,0,1,1,0,1,1,0,1,1,0,0,0,0,0,0,0,0,0,0,0,0,0,0,0,0,0,0,0,0,0,0,0,0,0,6.0038306544693329e-10,0,0,0,0,0,0,0,0,0,0,0,0,0,0,0,0,0,0,0.99999999939961692,0,6.0038306544693329e-10,0.99999999939961692
8400,NORMAL,4.8030645235754661e-10,1,4.8030645235754661e-10,0.99999999951969354,0,UNKNOWN,0.20000000014409194,0,1,0,0.99999999951969354,0,0,0,0,0,-1,-1,0,0,0,1,1,0,1,1,0,1,1,0,1,1,0,1,1,0,1,1,0,0,0,0,0,0,0,0,0,0,0,0,0,0,0,0,0,0,0,0,0,0,0,0,0,4.8030645235754661e-10,0,0,0,0,0,0,0,0,0,0,0,0,0,0,0,0,0,0,0.99999999951969354,0,4.8030645235754661e-10,0.99999999951969354
8500,NORMAL,3.8424516188603729e-10,1,3.8424516188603729e-10,0.99999999961575481,0,UNKNOWN,0.20000000011527352,0,1,0,0.99999999961575481,0,0,0,0,0,-1,-1,0,0,0,1,1,0,1,1,0,1,1,0,1,1,0,1,1,0,1,1,0,0,0,0,0,0,0,0,0,0,0,0,0,0,0,0,0,0,0,0,0,0,0,0,0,3.8424516188603729e-10,0,0,0,0,0,0,0,0,0,0,0,0,0,0,0,0,0,0,0.99999999961575481,0,3.8424516188603729e-10,0.99999999961575481
8600,NORMAL,3.0739612950882984e-10,1,3.0739612950882984e-10,0.99999999969260389,0,UNKNOWN,0.20000000009221883,0,1,0,0.99999999969260389,0,0,0,0,0,-1,-1,0,0,0,1,1,0,1,1,0,1,1,0,1,1,0,1,1,0,1,1,0,0,0,0,0,0,0,0,0,0,0,0,0,0,0,0,0,0,0,0,0,0,0,0,0,3.0739612950882984e-10,0,0,0,0,0,0,0,0,0,0,0,0,0,0,0,0,0,0,0.99999999969260389,0,3.0739612950882984e-10,0.99999999969260389
8700,NORMAL,2.4591690360706386e-10,1,2.4591690360706386e-10,0.99999999975408316,0,UNKNOWN,0.20000000007377508,0,1,0,0.99999999975408316,0,0,0,0,0,-1,-1,0,0,0,1,1,0,1,1,0,1,1,0,1,1,0,1,1,0,1,1,0,0,0,0,0,0,0,0,0,0,0,0,0,0,0,0,0,0,0,0,0,0,0,0,0,2.4591690360706386e-10,0,0,0,0,0,0,0,0,0,0,0,0,0,0,0,0,0,0,0.99999999975408316,0,2.4591690360706386e-10,0.99999999975408316
8800,NORMAL,1.967335228856511e-10,1,1.967335228856511e-10,0.99999999980326648,0,UNKNOWN,0.20000000005902005,0,1,0,0.99999999980326648,0,0,0,0,0,-1,-1,0,0,0,1,1,0,1,1,0,1,1,0,1,1,0,1,1,0,1,1,0,0,0,0,0,0,0,0,0,0,0,0,0,0,0,0,0,0,0,0,0,0,0,0,0,1.967335228856511e-10,0,0,0,0,0,0,0,0,0,0,0,0,0,0,0,0,0,0,0.99999999980326648,0,1.967335228856511e-10,0.99999999980326648
8900,NORMAL,1.5738681830852089e-10,1,1.5738681830852089e-10,0.99999999984261323,0,UNKNOWN,0.20000000004721605,0,1,0,0.99999999984261323,0,0,0,0,0,-1,-1,0,0,0,1,1,0,1,1,0,1,1,0,1,1,0,1,1,0,1,1,0,0,0,0,0,0,0,0,0,0,0,0,0,0,0,0,0,0,0,0,0,0,0,0,0,1.5738681830852089e-10,0,0,0,0,0,0,0,0,0,0,0,0,0,0,0,0,0,0,0.99999999984261323,0,1.5738681830852089e-10,0.99999999984261323
9000,NORMAL,1.2590945464681671e-10,1,1.2590945464681671e-10,0.99999999987409061,0,UNKNOWN,0.20000000003777285,0,1,0,0.99999999987409061,0,0,0,0,0,-1,-1,0,0,0,1,1,0,1,1,0,1,1,0,1,1,0,1,1,0,1,1,0,0,0,0,0,0,0,0,0,0,0,0,0,0,0,0,0,0,0,0,0,0,0,0,0,1.2590945464681671e-10,0,0,0,0,0,0,0,0,0,0,0,0,0,0,0,0,0,0,0.99999999987409061,0,1.2590945464681671e-10,0.99999999987409061
9100,NORMAL,1.0072756371745338e-10,1,1.0072756371745338e-10,0.99999999989927246,0,UNKNOWN,0.20000000003021826,0,1,0,0.99999999989927246,0,0,0,0,0,-1,-1,0,0,0,1,1,0,1,1,0,1,1,0,1,1,0,1,1,0,1,1,0,0,0,0,0,0,0,0,0,0,0,0,0,0,0,0,0,0,0,0,0,0,0,0,0,1.0072756371745338e-10,0,0,0,0,0,0,0,0,0,0,0,0,0,0,0,0,0,0,0.99999999989927246,0,1.0072756371745338e-10,0.99999999989927246
9200,NORMAL,8.0582050973962703e-11,1,8.0582050973962703e-11,0.99999999991941801,0,UNKNOWN,0.20000000002417462,0,1,0,0.99999999991941801,0,0,0,0,0,-1,-1,0,0,0,1,1,0,1,1,0,1,1,0,1,1,0,1,1,0,1,1,0,0,0,0,0,0,0,0,0,0,0,0,0,0,0,0,0,0,0,0,0,0,0,0,0,8.0582050973962703e-11,0,0,0,0,0,0,0,0,0,0,0,0,0,0,0,0,0,0,0.99999999991941801,0,8.0582050973962703e-11,0.99999999991941801
9300,NORMAL,6.446564077917016e-11,1,6.446564077917016e-11,0.99999999993553446,0,UNKNOWN,0.20000000001933971,0,1,0,0.99999999993553446,0,0,0,0,0,-1,-1,0,0,0,1,1,0,1,1,0,1,1,0,1,1,0,1,1,0,1,1,0,0,0,0,0,0,0,0,0,0,0,0,0,0,0,0,0,0,0,0,0,0,0,0,0,6.446564077917016e-11,0,0,0,0,0,0,0,0,0,0,0,0,0,0,0,0,0,0,0.99999999993553446,0,6.446564077917016e-11,0.99999999993553446
9400,NORMAL,5.1572512623336128e-11,1,5.1572512623336128e-11,0.99999999994842759,0,UNKNOWN,0.20000000001547177,0,1,0,0.99999999994842759,0,0,0,0,0,-1,-1,0,0,0,1,1,0,1,1,0,1,1,0,1,1,0,1,1,0,1,1,0,0,0,0,0,0,0,0,0,0,0,0,0,0,0,0,0,0,0,0,0,0,0,0,0,5.1572512623336128e-11,0,0,0,0,0,0,0,0,0,0,0,0,0,0,0,0,0,0,0.99999999994842759,0,5.1572512623336128e-11,0.99999999994842759
9500,NORMAL,4.1258010098668898e-11,0.99999999999999989,4.1258010098668898e-11,0.99999999995874189,0,UNKNOWN,0.20000000001237739,0,0.99999999999999989,0,0.99999999995874189,0,0,0,0,0,-1,-1,0,0,0,1,1,0,1,1,0,1,1,0,1,1,0,1,1,0,1,1,0,0,0,0,0,0,0,0,0,0,0,0,0,0,0,0,0,0,0,0,0,0,0,0,0,4.1258010098668898e-11,0,0,0,0,0,0,0,0,0,0,0,0,0,0,0,0,0,0,0.99999999995874189,0,4.1258010098668898e-11,0.99999999995874189
9600,NORMAL,3.3006408078935124e-11,1,3.3006408078935124e-11,0.99999999996699362,0,UNKNOWN,0.20000000000990195,0,1,0,0.99999999996699362,0,0,0,0,0,-1,-1,0,0,0,1,1,0,1,1,0,1,1,0,1,1,0,1,1,0,1,1,0,0,0,0,0,0,0,0,0,0,0,0,0,0,0,0,0,0,0,0,0,0,0,0,0,3.3006408078935124e-11,0,0,0,0,0,0,0,0,0,0,0,0,0,0,0,0,0,0,0.99999999996699362,0,3.3006408078935124e-11,0.99999999996699362
9700,NORMAL,2.6405126463148099e-11,1,2.6405126463148099e-11,0.9999999999735949,0,UNKNOWN,0.20000000000792154,0,1,0,0.9999999999735949,0,0,0,0,0,-1,-1,0,0,0,1,1,0,1,1,0,1,1,0,1,1,0,1,1,0,1,1,0,0,0,0,0,0,0,0,0,0,0,0,0,0,0,0,0,0,0,0,0,0,0,0,0,2.6405126463148099e-11,0,0,0,0,0,0,0,0,0,0,0,0,0,0,0,0,0,0,0.9999999999735949,0,2.6405126463148099e-11,0.9999999999735949
9800,NORMAL,2.1124101170518481e-11,1,2.1124101170518481e-11,0.9999999999788759,0,UNKNOWN,0.20000000000633722,0,1,0,0.9999999999788759,0,0,0,0,0,-1,-1,0,0,0,1,1,0,1,1,0,1,1,0,1,1,0,1,1,0,1,1,0,0,0,0,0,0,0,0,0,0,0,0,0,0,0,0,0,0,0,0,0,0,0,0,0,2.1124101170518481e-11,0,0,0,0,0,0,0,0,0,0,0,0,0,0,0,0,0,0,0.9999999999788759,0,2.1124101170518481e-11,0.9999999999788759
9900,NORMAL,1.6899280936414784e-11,1,1.6899280936414784e-11,0.99999999998310074,0,UNKNOWN,0.20000000000506979,0,1,0,0.99999999998310074,0,0,0,0,0,-1,-1,0,0,0,1,1,0,1,1,0,1,1,0,1,1,0,1,1,0,1,1,0,0,0,0,0,0,0,0,0,0,0,0,0,0,0,0,0,0,0,0,0,0,0,0,0,1.6899280936414784e-11,0,0,0,0,0,0,0,0,0,0,0,0,0,0,0,0,0,0,0.99999999998310074,0,1.6899280936414784e-11,0.99999999998310074
10000,NORMAL,1.3519424749131828e-11,1,1.3519424749131828e-11,0.99999999998648059,0,UNKNOWN,0.20000000000405582,0,1,0,0.99999999998648059,0,0,0,0,0,-1,-1,0,0,0,1,1,0,1,1,0,1,1,0,1,1,0,1,1,0,1,1,0,0,0,0,0,0,0,0,0,0,0,0,0,0,0,0,0,0,0,0,0,0,0,0,0,1.3519424749131828e-11,0,0,0,0,0,0,0,0,0,0,0,0,0,0,0,0,0,0,0.99999999998648059,0,1.3519424749131828e-11,0.99999999998648059
10100,NORMAL,1.0815539799305464e-11,1,1.0815539799305464e-11,0.99999999998918443,0,UNKNOWN,0.20000000000324464,0,1,0,0.99999999998918443,0,0,0,0,0,-1,-1,0,0,0,1,1,0,1,1,0,1,1,0,1,1,0,1,1,0,1,1,0,0,0,0,0,0,0,0,0,0,0,0,0,0,0,0,0,0,0,0,0,0,0,0,0,1.0815539799305464e-11,0,0,0,0,0,0,0,0,0,0,0,0,0,0,0,0,0,0,0.99999999998918443,0,1.0815539799305464e-11,0.99999999998918443
10200,NORMAL,8.6524318394443712e-12,1,8.6524318394443712e-12,0.99999999999134759,0,UNKNOWN,0.20000000000259571,0,1,0,0.99999999999134759,0,0,0,0,0,-1,-1,0,0,0,1,1,0,1,1,0,1,1,0,1,1,0,1,1,0,1,1,0,0,0,0,0,0,0,0,0,0,0,0,0,0,0,0,0,0,0,0,0,0,0,0,0,8.6524318394443712e-12,0,0,0,0,0,0,0,0,0,0,0,0,0,0,0,0,0,0,0.99999999999134759,0,8.6524318394443712e-12,0.99999999999134759
10300,NORMAL,6.921945471555497e-12,1,6.921945471555497e-12,0.99999999999307809,0,UNKNOWN,0.2000000000020766,0,1,0,0.99999999999307809,0,0,0,0,0,-1,-1,0,0,0,1,1,0,1,1,0,1,1,0,1,1,0,1,1,0,1,1,0,0,0,0,0,0,0,0,0,0,0,0,0,0,0,0,0,0,0,0,0,0,0,0,0,6.921945471555497e-12,0,0,0,0,0,0,0,0,0,0,0,0,0,0,0,0,0,0,0.99999999999307809,0,6.921945471555497e-12,0.99999999999307809
10400,NORMAL,5.5375563772443979e-12,1,5.5375563772443979e-12,0.99999999999446243,0,UNKNOWN,0.20000000000166127,0,1,0,0.99999999999446243,0,0,0,0,0,-1,-1,0,0,0,1,1,0,1,1,0,1,1,0,1,1,0,1,1,0,1,1,0,0,0,0,0,0,0,0,0,0,0,0,0,0,0,0,0,0,0,0,0,0,0,0,0,5.5375563772443979e-12,0,0,0,0,0,0,0,0,0,0,0,0,0,0,0,0,0,0,0.99999999999446243,0,5.5375563772443979e-12,0.99999999999446243
10500,NORMAL,4.4300451017955188e-12,1,4.4300451017955188e-12,0.99999999999556999,0,UNKNOWN,0.20000000000132903,0,1,0,0.99999999999556999,0,0,0,0,0,-1,-1,0,0,0,1,1,0,1,1,0,1,1,0,1,1,0,1,1,0,1,1,0,0,0,0,0,0,0,0,0,0,0,0,0,0,0,0,0,0,0,0,0,0,0,0,0,4.4300451017955188e-12,0,0,0,0,0,0,0,0,0,0,0,0,0,0,0,0,0,0,0.99999999999556999,0,4.4300451017955188e-12,0.99999999999556999
10600,NORMAL,3.5440360814364152e-12,1,3.5440360814364152e-12,0.99999999999645595,0,UNKNOWN,0.20000000000106322,0,1,0,0.99999999999645595,0,0,0,0,0,-1,-1,0,0,0,1,1,0,1,1,0,1,1,0,1,1,0,1,1,0,1,1,0,0,0,0,0,0,0,0,0,0,0,0,0,0,0,0,0,0,0,0,0,0,0,0,0,3.5440360814364152e-12,0,0,0,0,0,0,0,0,0,0,0,0,0,0,0,0,0,0,0.99999999999645595,0,3.5440360814364152e-12,0.99999999999645595
10700,NORMAL,2.8352288651491327e-12,1,2.8352288651491327e-12,0.99999999999716482,0,UNKNOWN,0.20000000000085058,0,1,0,0.99999999999716482,0,0,0,0,0,-1,-1,0,0,0,1,1,0,1,1,0,1,1,0,1,1,0,1,1,0,1,1,0,0,0,0,0,0,0,0,0,0,0,0,0,0,0,0,0,0,0,0,0,0,0,0,0,2.8352288651491327e-12,0,0,0,0,0,0,0,0,0,0,0,0,0,0,0,0,0,0,0.99999999999716482,0,2.8352288651491327e-12,0.99999999999716482
10800,NORMAL,2.2681830921193064e-12,1,2.2681830921193064e-12,0.99999999999773181,0,UNKNOWN,0.20000000000068047,0,1,0,0.99999999999773181,0,0,0,0,0,-1,-1,0,0,0,1,1,0,1,1,0,1,1,0,1,1,0,1,1,0,1,1,0,0,0,0,0,0,0,0,0,0,0,0,0,0,0,0,0,0,0,0,0,0,0,0,0,2.2681830921193064e-12,0,0,0,0,0,0,0,0,0,0,0,0,0,0,0,0,0,0,0.99999999999773181,0,2.2681830921193064e-12,0.99999999999773181
10900,NORMAL,1.8145464736954453e-12,1,1.8145464736954453e-12,0.99999999999818545,0,UNKNOWN,0.20000000000054435,0,1,0,0.99999999999818545,0,0,0,0,0,-1,-1,0,0,0,1,1,0,1,1,0,1,1,0,1,1,0,1,1,0,1,1,0,0,0,0,0,0,0,0,0,0,0,0,0,0,0,0,0,0,0,0,0,0,0,0,0,1.8145464736954453e-12,0,0,0,0,0,0,0,0,0,0,0,0,0,0,0,0,0,0,0.99999999999818545,0,1.8145464736954453e-12,0.99999999999818545
11000,NORMAL,1.4516371789563562e-12,1,1.4516371789563562e-12,0.99999999999854838,0,UNKNOWN,0.2000000000004355,0,1,0,0.99999999999854838,0,0,0,0,0,-1,-1,0,0,0,1,1,0,1,1,0,1,1,0,1,1,0,1,1,0,1,1,0,0,0,0,0,0,0,0,0,0,0,0,0,0,0,0,0,0,0,0,0,0,0,0,0,1.4516371789563562e-12,0,0,0,0,0,0,0,0,0,0,0,0,0,0,0,0,0,0,0.99999999999854838,0,1.4516371789563562e-12,0.99999999999854838
11100,NORMAL,1.161309743165085e-12,1,1.161309743165085e-12,0.99999999999883871,0,UNKNOWN,0.2000000000003484,0,1,0,0.99999999999883871,0,0,0,0,0,-1,-1,0,0,0,1,1,0,1,1,0,1,1,0,1,1,0,1,1,0,1,1,0,0,0,0,0,0,0,0,0,0,0,0,0,0,0,0,0,0,0,0,0,0,0,0,0,1.161309743165085e-12,0,0,0,0,0,0,0,0,0,0,0,0,0,0,0,0,0,0,0.99999999999883871,0,1.161309743165085e-12,0.99999999999883871
11200,NORMAL,9.2904779453206807e-13,1,9.2904779453206807e-13,0.99999999999907097,0,UNKNOWN,0.2000000000002787,0,1,0,0.99999999999907097,0,0,0,0,0,-1,-1,0,0,0,1,1,0,1,1,0,1,1,0,1,1,0,1,1,0,1,1,0,0,0,0,0,0,0,0,0,0,0,0,0,0,0,0,0,0,0,0,0,0,0,0,0,9.2904779453206807e-13,0,0,0,0,0,0,0,0,0,0,0,0,0,0,0,0,0,0,0.99999999999907097,0,9.2904779453206807e-13,0.99999999999907097
11300,NORMAL,7.4323823562565454e-13,1,7.4323823562565454e-13,0.99999999999925682,0,UNKNOWN,0.20000000000022297,0,1,0,0.99999999999925682,0,0,0,0,0,-1,-1,0,0,0,1,1,0,1,1,0,1,1,0,1,1,0,1,1,0,1,1,0,0,0,0,0,0,0,0,0,0,0,0,0,0,0,0,0,0,0,0,0,0,0,0,0,7.4323823562565454e-13,0,0,0,0,0,0,0,0,0,0,0,0,0,0,0,0,0,0,0.99999999999925682,0,7.4323823562565454e-13,0.99999999999925682
11400,NORMAL,5.9459058850052365e-13,1,5.9459058850052365e-13,0.99999999999940548,0,UNKNOWN,0.2000000000001784,0,1,0,0.99999999999940548,0,0,0,0,0,-1,-1,0,0,0,1,1,0,1,1,0,1,1,0,1,1,0,1,1,0,1,1,0,0,0,0,0,0,0,0,0,0,0,0,0,0,0,0,0,0,0,0,0,0,0,0,0,5.9459058850052365e-13,0,0,0,0,0,0,0,0,0,0,0,0,0,0,0,0,0,0,0.99999999999940548,0,5.9459058850052365e-13,0.99999999999940548
11500,NORMAL,4.7567247080041892e-13,1,4.7567247080041892e-13,0.99999999999952438,0,UNKNOWN,0.2000000000001427,0,1,0,0.99999999999952438,0,0,0,0,0,-1,-1,0,0,0,1,1,0,1,1,0,1,1,0,1,1,0,1,1,0,1,1,0,0,0,0,0,0,0,0,0,0,0,0,0,0,0,0,0,0,0,0,0,0,0,0,0,4.7567247080041892e-13,0,0,0,0,0,0,0,0,0,0,0,0,0,0,0,0,0,0,0.99999999999952438,0,4.7567247080041892e-13,0.99999999999952438
11600,NORMAL,3.8053797664033516e-13,1,3.8053797664033516e-13,0.99999999999961953,0,UNKNOWN,0.20000000000011417,0,1,0,0.99999999999961953,0,0,0,0,0,-1,-1,0,0,0,1,1,0,1,1,0,1,1,0,1,1,0,1,1,0,1,1,0,0,0,0,0,0,0,0,0,0,0,0,0,0,0,0,0,0,0,0,0,0,0,0,0,3.8053797664033516e-13,0,0,0,0,0,0,0,0,0,0,0,0,0,0,0,0,0,0,0.99999999999961953,0,3.8053797664033516e-13,0.99999999999961953
11700,NORMAL,3.0443038131226813e-13,1,3.0443038131226813e-13,0.99999999999969558,0,UNKNOWN,0.20000000000009133,0,1,0,0.99999999999969558,0,0,0,0,0,-1,-1,0,0,0,1,1,0,1,1,0,1,1,0,1,1,0,1,1,0,1,1,0,0,0,0,0,0,0,0,0,0,0,0,0,0,0,0,0,0,0,0,0,0,0,0,0,3.0443038131226813e-13,0,0,0,0,0,0,0,0,0,0,0,0,0,0,0,0,0,0,0.99999999999969558,0,3.0443038131226813e-13,0.99999999999969558
11800,NORMAL,2.435443050498145e-13,1,2.435443050498145e-13,0.99999999999975642,0,UNKNOWN,0.20000000000007304,0,1,0,0.99999999999975642,0,0,0,0,0,-1,-1,0,0,0,1,1,0,1,1,0,1,1,0,1,1,0,1,1,0,1,1,0,0,0,0,0,0,0,0,0,0,0,0,0,0,0,0,0,0,0,0,0,0,0,0,0,2.435443050498145e-13,0,0,0,0,0,0,0,0,0,0,0,0,0,0,0,0,0,0,0.99999999999975642,0,2.435443050498145e-13,0.99999999999975642
11900,NORMAL,1.9483544403985161e-13,1,1.9483544403985161e-13,0.99999999999980516,0,UNKNOWN,0.20000000000005846,0,1,0,0.99999999999980516,0,0,0,0,0,-1,-1,0,0,0,1,1,0,1,1,0,1,1,0,1,1,0,1,1,0,1,1,0,0,0,0,0,0,0,0,0,0,0,0,0,0,0,0,0,0,0,0,0,0,0,0,0,1.9483544403985161e-13,0,0,0,0,0,0,0,0,0,0,0,0,0,0,0,0,0,0,0.99999999999980516,0,1.9483544403985161e-13,0.99999999999980516
12000,NORMAL,1.558683552318813e-13,1,1.558683552318813e-13,0.99999999999984412,0,UNKNOWN,0.20000000000004675,0,1,0,0.99999999999984412,0,0,0,0,0,-1,-1,0,0,0,1,1,0,1,1,0,1,1,0,1,1,0,1,1,0,1,1,0,0,0,0,0,0,0,0,0,0,0,0,0,0,0,0,0,0,0,0,0,0,0,0,0,1.558683552318813e-13,0,0,0,0,0,0,0,0,0,0,0,0,0,0,0,0,0,0,0.99999999999984412,0,1.558683552318813e-13,0.99999999999984412
12100,NORMAL,1.2469468418550506e-13,1,1.2469468418550506e-13,0.99999999999987532,0,UNKNOWN,0.2000000000000374,0,1,0,0.99999999999987532,0,0,0,0,0,-1,-1,0,0,0,1,1,0,1,1,0,1,1,0,1,1,0,1,1,0,1,1,0,0,0,0,0,0,0,0,0,0,0,0,0,0,0,0,0,0,0,0,0,0,0,0,0,1.2469468418550506e-13,0,0,0,0,0,0,0,0,0,0,0,0,0,0,0,0,0,0,0.99999999999987532,0,1.2469468418550506e-13,0.99999999999987532
12200,NORMAL,9.9755747348404052e-14,1,9.9755747348404052e-14,0.9999999999999003,0,UNKNOWN,0.20000000000002993,0,1,0,0.9999999999999003,0,0,0,0,0,-1,-1,0,0,0,1,1,0,1,1,0,1,1,0,1,1,0,1,1,0,1,1,0,0,0,0,0,0,0,0,0,0,0,0,0,0,0,0,0,0,0,0,0,0,0,0,0,9.9755747348404052e-14,0,0,0,0,0,0,0,0,0,0,0,0,0,0,0,0,0,0,0.9999999999999003,0,9.9755747348404052e-14,0.9999999999999003
12300,NORMAL,7.9804597878723242e-14,1,7.9804597878723242e-14,0.99999999999992029,0,UNKNOWN,0.20000000000002396,0,1,0,0.99999999999992029,0,0,0,0,0,-1,-1,0,0,0,1,1,0,1,1,0,1,1,0,1,1,0,1,1,0,1,1,0,0,0,0,0,0,0,0,0,0,0,0,0,0,0,0,0,0,0,0,0,0,0,0,0,7.9804597878723242e-14,0,0,0,0,0,0,0,0,0,0,0,0,0,0,0,0,0,0,0.99999999999992029,0,7.9804597878723242e-14,0.99999999999992029
12400,NORMAL,6.3843678302978581e-14,0.99999999999999989,6.3843678302978581e-14,0.99999999999993605,0,UNKNOWN,0.20000000000001913,0,0.99999999999999989,0,0.99999999999993605,0,0,0,0,0,-1,-1,0,0,0,1,1,0,1,1,0,1,1,0,1,1,0,1,1,0,1,1,0,0,0,0,0,0,0,0,0,0,0,0,0,0,0,0,0,0,0,0,0,0,0,0,0,6.3843678302978581e-14,0,0,0,0,0,0,0,0,0,0,0,0,0,0,0,0,0,0,0.99999999999993605,0,6.3843678302978581e-14,0.99999999999993605
12500,NORMAL,5.1074942642382875e-14,1,5.1074942642382875e-14,0.99999999999994893,0,UNKNOWN,0.20000000000001533,0,1,0,0.99999999999994893,0,0,0,0,0,-1,-1,0,0,0,1,1,0,1,1,0,1,1,0,1,1,0,1,1,0,1,1,0,0,0,0,0,0,0,0,0,0,0,0,0,0,0,0,0,0,0,0,0,0,0,0,0,5.1074942642382875e-14,0,0,0,0,0,0,0,0,0,0,0,0,0,0,0,0,0,0,0.99999999999994893,0,5.1074942642382875e-14,0.99999999999994893
12600,NORMAL,4.08599541139063e-14,1,4.08599541139063e-14,0.99999999999995914,0,UNKNOWN,0.20000000000001225,0,1,0,0.99999999999995914,0,0,0,0,0,-1,-1,0,0,0,1,1,0,1,1,0,1,1,0,1,1,0,1,1,0,1,1,0,0,0,0,0,0,0,0,0,0,0,0,0,0,0,0,0,0,0,0,0,0,0,0,0,4.08599541139063e-14,0,0,0,0,0,0,0,0,0,0,0,0,0,0,0,0,0,0,0.99999999999995914,0,4.08599541139063e-14,0.99999999999995914
12700,NORMAL,3.2687963291125038e-14,1,3.2687963291125038e-14,0.99999999999996736,0,UNKNOWN,0.20000000000000981,0,1,0,0.99999999999996736,0,0,0,0,0,-1,-1,0,0,0,1,1,0,1,1,0,1,1,0,1,1,0,1,1,0,1,1,0,0,0,0,0,0,0,0,0,0,0,0,0,0,0,0,0,0,0,0,0,0,0,0,0,3.2687963291125038e-14,0,0,0,0,0,0,0,0,0,0,0,0,0,0,0,0,0,0,0.99999999999996736,0,3.2687963291125038e-14,0.99999999999996736
12800,NORMAL,2.6150370632900031e-14,1,2.6150370632900031e-14,0.99999999999997391,0,UNKNOWN,0.20000000000000787,0,1,0,0.99999999999997391,0,0,0,0,0,-1,-1,0,0,0,1,1,0,1,1,0,1,1,0,1,1,0,1,1,0,1,1,0,0,0,0,0,0,0,0,0,0,0,0,0,0,0,0,0,0,0,0,0,0,0,0,0,2.6150370632900031e-14,0,0,0,0,0,0,0,0,0,0,0,0,0,0,0,0,0,0,0.99999999999997391,0,2.6150370632900031e-14,0.99999999999997391
12900,NORMAL,2.0920296506320026e-14,1,2.0920296506320026e-14,0.99999999999997913,0,UNKNOWN,0.20000000000000628,0,1,0,0.99999999999997913,0,0,0,0,0,-1,-1,0,0,0,1,1,0,1,1,0,1,1,0,1,1,0,1,1,0,1,1,0,0,0,0,0,0,0,0,0,0,0,0,0,0,0,0,0,0,0,0,0,0,0,0,0,2.0920296506320026e-14,0,0,0,0,0,0,0,0,0,0,0,0,0,0,0,0,0,0,0.99999999999997913,0,2.0920296506320026e-14,0.99999999999997913
13000,NORMAL,1.6736237205056023e-14,1,1.6736237205056023e-14,0.99999999999998335,0,UNKNOWN,0.20000000000000503,0,1,0,0.99999999999998335,0,0,0,0,0,-1,-1,0,0,0,1,1,0,1,1,0,1,1,0,1,1,0,1,1,0,1,1,0,0,0,0,0,0,0,0,0,0,0,0,0,0,0,0,0,0,0,0,0,0,0,0,0,1.6736237205056023e-14,0,0,0,0,0,0,0,0,0,0,0,0,0,0,0,0,0,0,0.99999999999998335,0,1.6736237205056023e-14,0.99999999999998335
13100,NORMAL,1.3388989764044819e-14,1,1.3388989764044819e-14,0.99999999999998668,0,UNKNOWN,0.20000000000000404,0,1,0,0.99999999999998668,0,0,0,0,0,-1,-1,0,0,0,1,1,0,1,1,0,1,1,0,1,1,0,1,1,0,1,1,0,0,0,0,0,0,0,0,0,0,0,0,0,0,0,0,0,0,0,0,0,0,0,0,0,1.3388989764044819e-14,0,0,0,0,0,0,0,0,0,0,0,0,0,0,0,0,0,0,0.99999999999998668,0,1.3388989764044819e-14,0.99999999999998668
13200,NORMAL,1.0711191811235856e-14,1,1.0711191811235856e-14,0.99999999999998934,0,UNKNOWN,0.20000000000000323,0,1,0,0.99999999999998934,0,0,0,0,0,-1,-1,0,0,0,1,1,0,1,1,0,1,1,0,1,1,0,1,1,0,1,1,0,0,0,0,0,0,0,0,0,0,0,0,0,0,0,0,0,0,0,0,0,0,0,0,0,1.0711191811235856e-14,0,0,0,0,0,0,0,0,0,0,0,0,0,0,0,0,0,0,0.99999999999998934,0,1.0711191811235856e-14,0.99999999999998934
13300,NORMAL,8.5689534489886857e-15,1,8.5689534489886857e-15,0.99999999999999145,0,UNKNOWN,0.20000000000000256,0,1,0,0.99999999999999145,0,0,0,0,0,-1,-1,0,0,0,1,1,0,1,1,0,1,1,0,1,1,0,1,1,0,1,1,0,0,0,0,0,0,0,0,0,0,0,0,0,0,0,0,0,0,0,0,0,0,0,0,0,8.5689534489886857e-15,0,0,0,0,0,0,0,0,0,0,0,0,0,0,0,0,0,0,0.99999999999999145,0,8.5689534489886857e-15,0.99999999999999145
13400,NORMAL,6.8551627591909492e-15,1,6.8551627591909492e-15,0.99999999999999312,0,UNKNOWN,0.20000000000000204,0,1,0,0.99999999999999312,0,0,0,0,0,-1,-1,0,0,0,1,1,0,1,1,0,1,1,0,1,1,0,1,1,0,1,1,0,0,0,0,0,0,0,0,0,0,0,0,0,0,0,0,0,0,0,0,0,0,0,0,0,6.8551627591909492e-15,0,0,0,0,0,0,0,0,0,0,0,0,0,0,0,0,0,0,0.99999999999999312,0,6.8551627591909492e-15,0.99999999999999312
13500,NORMAL,5.4841302073527605e-15,1,5.4841302073527605e-15,0.99999999999999456,0,UNKNOWN,0.20000000000000165,0,1,0,0.99999999999999456,0,0,0,0,0,-1,-1,0,0,0,1,1,0,1,1,0,1,1,0,1,1,0,1,1,0,1,1,0,0,0,0,0,0,0,0,0,0,0,0,0,0,0,0,0,0,0,0,0,0,0,0,0,5.4841302073527605e-15,0,0,0,0,0,0,0,0,0,0,0,0,0,0,0,0,0,0,0.99999999999999456,0,5.4841302073527605e-15,0.99999999999999456
13600,NORMAL,4.3873041658822085e-15,1,4.3873041658822085e-15,0.99999999999999567,0,UNKNOWN,0.20000000000000132,0,1,0,0.99999999999999567,0,0,0,0,0,-1,-1,0,0,0,1,1,0,1,1,0,1,1,0,1,1,0,1,1,0,1,1,0,0,0,0,0,0,0,0,0,0,0,0,0,0,0,0,0,0,0,0,0,0,0,0,0,4.3873041658822085e-15,0,0,0,0,0,0,0,0,0,0,0,0,0,0,0,0,0,0,0.99999999999999567,0,4.3873041658822085e-15,0.99999999999999567
13700,NORMAL,3.5098433327057669e-15,1,3.5098433327057669e-15,0.99999999999999656,0,UNKNOWN,0.20000000000000107,0,1,0,0.99999999999999656,0,0,0,0,0,-1,-1,0,0,0,1,1,0,1,1,0,1,1,0,1,1,0,1,1,0,1,1,0,0,0,0,0,0,0,0,0,0,0,0,0,0,0,0,0,0,0,0,0,0,0,0,0,3.5098433327057669e-15,0,0,0,0,0,0,0,0,0,0,0,0,0,0,0,0,0,0,0.99999999999999656,0,3.5098433327057669e-15,0.99999999999999656
13800,NORMAL,2.8078746661646138e-15,1,2.8078746661646138e-15,0.99999999999999722,0,UNKNOWN,0.20000000000000087,0,1,0,0.99999999999999722,0,0,0,0,0,-1,-1,0,0,0,1,1,0,1,1,0,1,1,0,1,1,0,1,1,0,1,1,0,0,0,0,0,0,0,0,0,0,0,0,0,0,0,0,0,0,0,0,0,0,0,0,0,2.8078746661646138e-15,0,0,0,0,0,0,0,0,0,0,0,0,0,0,0,0,0,0,0.99999999999999722,0,2.8078746661646138e-15,0.99999999999999722
13900,NORMAL,2.2462997329316914e-15,1,2.2462997329316914e-15,0.99999999999999778,0,UNKNOWN,0.20000000000000068,0,1,0,0.99999999999999778,0,0,0,0,0,-1,-1,0,0,0,1,1,0,1,1,0,1,1,0,1,1,0,1,1,0,1,1,0,0,0,0,0,0,0,0,0,0,0,0,0,0,0,0,0,0,0,0,0,0,0,0,0,2.2462997329316914e-15,0,0,0,0,0,0,0,0,0,0,0,0,0,0,0,0,0,0,0.99999999999999778,0,2.2462997329316914e-15,0.99999999999999778
14000,NORMAL,1.7970397863453531e-15,1,1.7970397863453531e-15,0.99999999999999822,0,UNKNOWN,0.20000000000000054,0,1,0,0.99999999999999822,0,0,0,0,0,-1,-1,0,0,0,1,1,0,1,1,0,1,1,0,1,1,0,1,1,0,1,1,0,0,0,0,0,0,0,0,0,0,0,0,0,0,0,0,0,0,0,0,0,0,0,0,0,1.7970397863453531e-15,0,0,0,0,0,0,0,0,0,0,0,0,0,0,0,0,0,0,0.99999999999999822,0,1.7970397863453531e-15,0.99999999999999822
14100,NORMAL,1.4376318290762827e-15,1,1.4376318290762827e-15,0.99999999999999856,0,UNKNOWN,0.20000000000000043,0,1,0,0.99999999999999856,0,0,0,0,0,-1,-1,0,0,0,1,1,0,1,1,0,1,1,0,1,1,0,1,1,0,1,1,0,0,0,0,0,0,0,0,0,0,0,0,0,0,0,0,0,0,0,0,0,0,0,0,0,1.4376318290762827e-15,0,0,0,0,0,0,0,0,0,0,0,0,0,0,0,0,0,0,0.99999999999999856,0,1.4376318290762827e-15,0.99999999999999856
14200,NORMAL,1.1501054632610262e-15,1,1.1501054632610262e-15,0.99999999999999889,0,UNKNOWN,0.20000000000000037,0,1,0,0.99999999999999889,0,0,0,0,0,-1,-1,0,0,0,1,1,0,1,1,0,1,1,0,1,1,0,1,1,0,1,1,0,0,0,0,0,0,0,0,0,0,0,0,0,0,0,0,0,0,0,0,0,0,0,0,0,1.1501054632610262e-15,0,0,0,0,0,0,0,0,0,0,0,0,0,0,0,0,0,0,0.99999999999999889,0,1.1501054632610262e-15,0.99999999999999889
14300,NORMAL,9.2008437060882111e-16,1,9.2008437060882111e-16,0.99999999999999911,0,UNKNOWN,0.20000000000000029,0,1,0,0.99999999999999911,0,0,0,0,0,-1,-1,0,0,0,1,1,0,1,1,0,1,1,0,1,1,0,1,1,0,1,1,0,0,0,0,0,0,0,0,0,0,0,0,0,0,0,0,0,0,0,0,0,0,0,0,0,9.2008437060882111e-16,0,0,0,0,0,0,0,0,0,0,0,0,0,0,0,0,0,0,0.99999999999999911,0,9.2008437060882111e-16,0.99999999999999911
14400,NORMAL,7.3606749648705695e-16,1,7.3606749648705695e-16,0.99999999999999933,0,UNKNOWN,0.20000000000000023,0,1,0,0.99999999999999933,0,0,0,0,0,-1,-1,0,0,0,1,1,0,1,1,0,1,1,0,1,1,0,1,1,0,1,1,0,0,0,0,0,0,0,0,0,0,0,0,0,0,0,0,0,0,0,0,0,0,0,0,0,7.3606749648705695e-16,0,0,0,0,0,0,0,0,0,0,0,0,0,0,0,0,0,0,0.99999999999999933,0,7.3606749648705695e-16,0.99999999999999933
14500,NORMAL,5.8885399718964562e-16,1,5.8885399718964562e-16,0.99999999999999944,0,UNKNOWN,0.20000000000000021,0,1,0,0.99999999999999944,0,0,0,0,0,-1,-1,0,0,0,1,1,0,1,1,0,1,1,0,1,1,0,1,1,0,1,1,0,0,0,0,0,0,0,0,0,0,0,0,0,0,0,0,0,0,0,0,0,0,0,0,0,5.8885399718964562e-16,0,0,0,0,0,0,0,0,0,0,0,0,0,0,0,0,0,0,0.99999999999999944,0,5.8885399718964562e-16,0.99999999999999944
14600,NORMAL,4.7108319775171651e-16,1,4.7108319775171651e-16,0.99999999999999956,0,UNKNOWN,0.20000000000000012,0,1,0,0.99999999999999956,0,0,0,0,0,-1,-1,0,0,0,1,1,0,1,1,0,1,1,0,1,1,0,1,1,0,1,1,0,0,0,0,0,0,0,0,0,0,0,0,0,0,0,0,0,0,0,0,0,0,0,0,0,4.7108319775171651e-16,0,0,0,0,0,0,0,0,0,0,0,0,0,0,0,0,0,0,0.99999999999999956,0,4.7108319775171651e-16,0.99999999999999956
14700,NORMAL,3.7686655820137325e-16,1,3.7686655820137325e-16,0.99999999999999967,0,UNKNOWN,0.20000000000000012,0,1,0,0.99999999999999967,0,0,0,0,0,-1,-1,0,0,0,1,1,0,1,1,0,1,1,0,1,1,0,1,1,0,1,1,0,0,0,0,0,0,0,0,0,0,0,0,0,0,0,0,0,0,0,0,0,0,0,0,0,3.7686655820137325e-16,0,0,0,0,0,0,0,0,0,0,0,0,0,0,0,0,0,0,0.99999999999999967,0,3.7686655820137325e-16,0.99999999999999967
14800,NORMAL,3.0149324656109864e-16,1,3.0149324656109864e-16,0.99999999999999978,0,UNKNOWN,0.20000000000000009,0,1,0,0.99999999999999978,0,0,0,0,0,-1,-1,0,0,0,1,1,0,1,1,0,1,1,0,1,1,0,1,1,0,1,1,0,0,0,0,0,0,0,0,0,0,0,0,0,0,0,0,0,0,0,0,0,0,0,0,0,3.0149324656109864e-16,0,0,0,0,0,0,0,0,0,0,0,0,0,0,0,0,0,0,0.99999999999999978,0,3.0149324656109864e-16,0.99999999999999978
14900,NORMAL,2.4119459724887894e-16,1,2.4119459724887894e-16,0.99999999999999978,0,UNKNOWN,0.20000000000000007,0,1,0,0.99999999999999978,0,0,0,0,0,-1,-1,0,0,0,1,1,0,1,1,0,1,1,0,1,1,0,1,1,0,1,1,0,0,0,0,0,0,0,0,0,0,0,0,0,0,0,0,0,0,0,0,0,0,0,0,0,2.4119459724887894e-16,0,0,0,0,0,0,0,0,0,0,0,0,0,0,0,0,0,0,0.99999999999999978,0,2.4119459724887894e-16,0.99999999999999978
15000,NORMAL,1.9295567779910317e-16,1,1.9295567779910317e-16,0.99999999999999978,0,UNKNOWN,0.20000000000000004,0,1,0,0.99999999999999978,0,0,0,0,0,-1,-1,0,0,0,1,1,0,1,1,0,1,1,0,1,1,0,1,1,0,1,1,0,0,0,0,0,0,0,0,0,0,0,0,0,0,0,0,0,0,0,0,0,0,0,0,0,1.9295567779910317e-16,0,0,0,0,0,0,0,0,0,0,0,0,0,0,0,0,0,0,0.99999999999999978,0,1.9295567779910317e-16,0.99999999999999978
15100,NORMAL,1.5436454223928256e-16,1,1.5436454223928256e-16,0.99999999999999989,0,UNKNOWN,0.20000000000000007,0,1,0,0.99999999999999989,0,0,0,0,0,-1,-1,0,0,0,1,1,0,1,1,0,1,1,0,1,1,0,1,1,0,1,1,0,0,0,0,0,0,0,0,0,0,0,0,0,0,0,0,0,0,0,0,0,0,0,0,0,1.5436454223928256e-16,0,0,0,0,0,0,0,0,0,0,0,0,0,0,0,0,0,0,0.99999999999999989,0,1.5436454223928256e-16,0.99999999999999989
15200,NORMAL,1.2349163379142606e-16,1,1.2349163379142606e-16,0.99999999999999989,0,UNKNOWN,0.20000000000000004,0,1,0,0.99999999999999989,0,0,0,0,0,-1,-1,0,0,0,1,1,0,1,1,0,1,1,0,1,1,0,1,1,0,1,1,0,0,0,0,0,0,0,0,0,0,0,0,0,0,0,0,0,0,0,0,0,0,0,0,0,1.2349163379142606e-16,0,0,0,0,0,0,0,0,0,0,0,0,0,0,0,0,0,0,0.99999999999999989,0,1.2349163379142606e-16,0.99999999999999989
15300,NORMAL,9.8793307033140845e-17,1,9.8793307033140845e-17,0.99999999999999989,0,UNKNOWN,0.20000000000000004,0,1,0,0.99999999999999989,0,0,0,0,0,-1,-1,0,0,0,1,1,0,1,1,0,1,1,0,1,1,0,1,1,0,1,1,0,0,0,0,0,0,0,0,0,0,0,0,0,0,0,0,0,0,0,0,0,0,0,0,0,9.8793307033140845e-17,0,0,0,0,0,0,0,0,0,0,0,0,0,0,0,0,0,0,0.99999999999999989,0,9.8793307033140845e-17,0.99999999999999989
15400,NORMAL,7.9034645626512679e-17,1,7.9034645626512679e-17,0.99999999999999989,0,UNKNOWN,0.20000000000000001,0,1,0,0.99999999999999989,0,0,0,0,0,-1,-1,0,0,0,1,1,0,1,1,0,1,1,0,1,1,0,1,1,0,1,1,0,0,0,0,0,0,0,0,0,0,0,0,0,0,0,0,0,0,0,0,0,0,0,0,0,7.9034645626512679e-17,0,0,0,0,0,0,0,0,0,0,0,0,0,0,0,0,0,0,0.99999999999999989,0,7.9034645626512679e-17,0.99999999999999989
15500,NORMAL,6.3227716501210141e-17,1,6.3227716501210141e-17,0.99999999999999989,0,UNKNOWN,0.20000000000000001,0,1,0,0.99999999999999989,0,0,0,0,0,-1,-1,0,0,0,1,1,0,1,1,0,1,1,0,1,1,0,1,1,0,1,1,0,0,0,0,0,0,0,0,0,0,0,0,0,0,0,0,0,0,0,0,0,0,0,0,0,6.3227716501210141e-17,0,0,0,0,0,0,0,0,0,0,0,0,0,0,0,0,0,0,0.99999999999999989,0,6.3227716501210141e-17,0.99999999999999989
15600,NORMAL,5.0582173200968122e-17,1,5.0582173200968122e-17,1,0,UNKNOWN,0.20000000000000004,0,1,0,1,0,0,0,0,0,-1,-1,0,0,0,1,1,0,1,1,0,1,1,0,1,1,0,1,1,0,1,1,0,0,0,0,0,0,0,0,0,0,0,0,0,0,0,0,0,0,0,0,0,0,0,0,0,5.0582173200968122e-17,0,0,0,0,0,0,0,0,0,0,0,0,0,0,0,0,0,0,1,0,5.0582173200968122e-17,1
15700,NORMAL,4.0465738560774503e-17,1,4.0465738560774503e-17,1,0,UNKNOWN,0.20000000000000004,0,1,0,1,0,0,0,0,0,-1,-1,0,0,0,1,1,0,1,1,0,1,1,0,1,1,0,1,1,0,1,1,0,0,0,0,0,0,0,0,0,0,0,0,0,0,0,0,0,0,0,0,0,0,0,0,0,4.0465738560774503e-17,0,0,0,0,0,0,0,0,0,0,0,0,0,0,0,0,0,0,1,0,4.0465738560774503e-17,1
15800,NORMAL,3.2372590848619601e-17,1,3.2372590848619601e-17,1,0,UNKNOWN,0.20000000000000004,0,1,0,1,0,0,0,0,0,-1,-1,0,0,0,1,1,0,1,1,0,1,1,0,1,1,0,1,1,0,1,1,0,0,0,0,0,0,0,0,0,0,0,0,0,0,0,0,0,0,0,0,0,0,0,0,0,3.2372590848619601e-17,0,0,0,0,0,0,0,0,0,0,0,0,0,0,0,0,0,0,1,0,3.2372590848619601e-17,1
15900,NORMAL,2.5898072678895683e-17,1,2.5898072678895683e-17,1,0,UNKNOWN,0.20000000000000001,0,1,0,1,0,0,0,0,0,-1,-1,0,0,0,1,1,0,1,1,0,1,1,0,1,1,0,1,1,0,1,1,0,0,0,0,0,0,0,0,0,0,0,0,0,0,0,0,0,0,0,0,0,0,0,0,0,2.5898072678895683e-17,0,0,0,0,0,0,0,0,0,0,0,0,0,0,0,0,0,0,1,0,2.5898072678895683e-17,1
16000,NORMAL,2.0718458143116549e-17,1,2.0718458143116549e-17,1,0,UNKNOWN,0.20000000000000001,0,1,0,1,0,0,0,0,0,-1,-1,0,0,0,1,1,0,1,1,0,1,1,0,1,1,0,1,1,0,1,1,0,0,0,0,0,0,0,0,0,0,0,0,0,0,0,0,0,0,0,0,0,0,0,0,0,2.0718458143116549e-17,0,0,0,0,0,0,0,0,0,0,0,0,0,0,0,0,0,0,1,0,2.0718458143116549e-17,1
16100,NORMAL,1.657476651449324e-17,1,1.657476651449324e-17,1,0,UNKNOWN,0.20000000000000001,0,1,0,1,0,0,0,0,0,-1,-1,0,0,0,1,1,0,1,1,0,1,1,0,1,1,0,1,1,0,1,1,0,0,0,0,0,0,0,0,0,0,0,0,0,0,0,0,0,0,0,0,0,0,0,0,0,1.657476651449324e-17,0,0,0,0,0,0,0,0,0,0,0,0,0,0,0,0,0,0,1,0,1.657476651449324e-17,1
16200,NORMAL,1.3259813211594593e-17,1,1.3259813211594593e-17,1,0,UNKNOWN,0.20000000000000001,0,1,0,1,0,0,0,0,0,-1,-1,0,0,0,1,1,0,1,1,0,1,1,0,1,1,0,1,1,0,1,1,0,0,0,0,0,0,0,0,0,0,0,0,0,0,0,0,0,0,0,0,0,0,0,0,0,1.3259813211594593e-17,0,0,0,0,0,0,0,0,0,0,0,0,0,0,0,0,0,0,1,0,1.3259813211594593e-17,1
16300,NORMAL,1.0607850569275675e-17,1,1.0607850569275675e-17,1,0,UNKNOWN,0.20000000000000001,0,1,0,1,0,0,0,0,0,-1,-1,0,0,0,1,1,0,1,1,0,1,1,0,1,1,0,1,1,0,1,1,0,0,0,0,0,0,0,0,0,0,0,0,0,0,0,0,0,0,0,0,0,0,0,0,0,1.0607850569275675e-17,0,0,0,0,0,0,0,0,0,0,0,0,0,0,0,0,0,0,1,0,1.0607850569275675e-17,1
16400,NORMAL,8.48628045542054e-18,1,8.48628045542054e-18,1,0,UNKNOWN,0.20000000000000001,0,1,0,1,0,0,0,0,0,-1,-1,0,0,0,1,1,0,1,1,0,1,1,0,1,1,0,1,1,0,1,1,0,0,0,0,0,0,0,0,0,0,0,0,0,0,0,0,0,0,0,0,0,0,0,0,0,8.48628045542054e-18,0,0,0,0,0,0,0,0,0,0,0,0,0,0,0,0,0,0,1,0,8.48628045542054e-18,1
16500,NORMAL,6.7890243643364326e-18,1,6.7890243643364326e-18,1,0,UNKNOWN,0.20000000000000001,0,1,0,1,0,0,0,0,0,-1,-1,0,0,0,1,1,0,1,1,0,1,1,0,1,1,0,1,1,0,1,1,0,0,0,0,0,0,0,0,0,0,0,0,0,0,0,0,0,0,0,0,0,0,0,0,0,6.7890243643364326e-18,0,0,0,0,0,0,0,0,0,0,0,0,0,0,0,0,0,0,1,0,6.7890243643364326e-18,1
16600,NORMAL,5.4312194914691462e-18,1,5.4312194914691462e-18,1,0,UNKNOWN,0.20000000000000001,0,1,0,1,0,0,0,0,0,-1,-1,0,0,0,1,1,0,1,1,0,1,1,0,1,1,0,1,1,0,1,1,0,0,0,0,0,0,0,0,0,0,0,0,0,0,0,0,0,0,0,0,0,0,0,0,0,5.4312194914691462e-18,0,0,0,0,0,0,0,0,0,0,0,0,0,0,0,0,0,0,1,0,5.4312194914691462e-18,1
16700,NORMAL,4.3449755931753174e-18,1,4.3449755931753174e-18,1,0,UNKNOWN,0.20000000000000001,0,1,0,1,0,0,0,0,0,-1,-1,0,0,0,1,1,0,1,1,0,1,1,0,1,1,0,1,1,0,1,1,0,0,0,0,0,0,0,0,0,0,0,0,0,0,0,0,0,0,0,0,0,0,0,0,0,4.3449755931753174e-18,0,0,0,0,0,0,0,0,0,0,0,0,0,0,0,0,0,0,1,0,4.3449755931753174e-18,1
16800,NORMAL,3.475980474540254e-18,1,3.475980474540254e-18,1,0,UNKNOWN,0.20000000000000001,0,1,0,1,0,0,0,0,0,-1,-1,0,0,0,1,1,0,1,1,0,1,1,0,1,1,0,1,1,0,1,1,0,0,0,0,0,0,0,0,0,0,0,0,0,0,0,0,0,0,0,0,0,0,0,0,0,3.475980474540254e-18,0,0,0,0,0,0,0,0,0,0,0,0,0,0,0,0,0,0,1,0,3.475980474540254e-18,1
16900,NORMAL,2.7807843796322032e-18,1,2.7807843796322032e-18,1,0,UNKNOWN,0.20000000000000001,0,1,0,1,0,0,0,0,0,-1,-1,0,0,0,1,1,0,1,1,0,1,1,0,1,1,0,1,1,0,1,1,0,0,0,0,0,0,0,0,0,0,0,0,0,0,0,0,0,0,0,0,0,0,0,0,0,2.7807843796322032e-18,0,0,0,0,0,0,0,0,0,0,0,0,0,0,0,0,0,0,1,0,2.7807843796322032e-18,1
17000,NORMAL,2.2246275037057628e-18,1,2.2246275037057628e-18,1,0,UNKNOWN,0.20000000000000001,0,1,0,1,0,0,0,0,0,-1,-1,0,0,0,1,1,0,1,1,0,1,1,0,1,1,0,1,1,0,1,1,0,0,0,0,0,0,0,0,0,0,0,0,0,0,0,0,0,0,0,0,0,0,0,0,0,2.2246275037057628e-18,0,0,0,0,0,0,0,0,0,0,0,0,0,0,0,0,0,0,1,0,2.2246275037057628e-18,1
17100,NORMAL,1.7797020029646102e-18,1,1.7797020029646102e-18,1,0,UNKNOWN,0.20000000000000001,0,1,0,1,0,0,0,0,0,-1,-1,0,0,0,1,1,0,1,1,0,1,1,0,1,1,0,1,1,0,1,1,0,0,0,0,0,0,0,0,0,0,0,0,0,0,0,0,0,0,0,0,0,0,0,0,0,1.7797020029646102e-18,0,0,0,0,0,0,0,0,0,0,0,0,0,0,0,0,0,0,1,0,1.7797020029646102e-18,1
17200,NORMAL,1.4237616023716882e-18,1,1.4237616023716882e-18,1,0,UNKNOWN,0.20000000000000001,0,1,0,1,0,0,0,0,0,-1,-1,0,0,0,1,1,0,1,1,0,1,1,0,1,1,0,1,1,0,1,1,0,0,0,0,0,0,0,0,0,0,0,0,0,0,0,0,0,0,0,0,0,0,0,0,0,1.4237616023716882e-18,0,0,0,0,0,0,0,0,0,0,0,0,0,0,0,0,0,0,1,0,1.4237616023716882e-18,1
17300,NORMAL,1.1390092818973507e-18,1,1.1390092818973507e-18,1,0,UNKNOWN,0.20000000000000001,0,1,0,1,0,0,0,0,0,-1,-1,0,0,0,1,1,0,1,1,0,1,1,0,1,1,0,1,1,0,1,1,0,0,0,0,0,0,0,0,0,0,0,0,0,0,0,0,0,0,0,0,0,0,0,0,0,1.1390092818973507e-18,0,0,0,0,0,0,0,0,0,0,0,0,0,0,0,0,0,0,1,0,1.1390092818973507e-18,1
17400,NORMAL,9.1120742551788053e-19,1,9.1120742551788053e-19,1,0,UNKNOWN,0.20000000000000001,0,1,0,1,0,0,0,0,0,-1,-1,0,0,0,1,1,0,1,1,0,1,1,0,1,1,0,1,1,0,1,1,0,0,0,0,0,0,0,0,0,0,0,0,0,0,0,0,0,0,0,0,0,0,0,0,0,9.1120742551788053e-19,0,0,0,0,0,0,0,0,0,0,0,0,0,0,0,0,0,0,1,0,9.1120742551788053e-19,1
17500,NORMAL,7.2896594041430448e-19,1,7.2896594041430448e-19,1,0,UNKNOWN,0.20000000000000001,0,1,0,1,0,0,0,0,0,-1,-1,0,0,0,1,1,0,1,1,0,1,1,0,1,1,0,1,1,0,1,1,0,0,0,0,0,0,0,0,0,0,0,0,0,0,0,0,0,0,0,0,0,0,0,0,0,7.2896594041430448e-19,0,0,0,0,0,0,0,0,0,0,0,0,0,0,0,0,0,0,1,0,7.2896594041430448e-19,1
17600,NORMAL,5.8317275233144366e-19,1,5.8317275233144366e-19,1,0,UNKNOWN,0.20000000000000001,0,1,0,1,0,0,0,0,0,-1,-1,0,0,0,1,1,0,1,1,0,1,1,0,1,1,0,1,1,0,1,1,0,0,0,0,0,0,0,0,0,0,0,0,0,0,0,0,0,0,0,0,0,0,0,0,0,5.8317275233144366e-19,0,0,0,0,0,0,0,0,0,0,0,0,0,0,0,0,0,0,1,0,5.8317275233144366e-19,1
17700,NORMAL,4.6653820186515499e-19,1,4.6653820186515499e-19,1,0,UNKNOWN,0.20000000000000001,0,1,0,1,0,0,0,0,0,-1,-1,0,0,0,1,1,0,1,1,0,1,1,0,1,1,0,1,1,0,1,1,0,0,0,0,0,0,0,0,0,0,0,0,0,0,0,0,0,0,0,0,0,0,0,0,0,4.6653820186515499e-19,0,0,0,0,0,0,0,0,0,0,0,0,0,0,0,0,0,0,1,0,4.6653820186515499e-19,1
17800,NORMAL,3.73230561492124e-19,1,3.73230561492124e-19,1,0,UNKNOWN,0.20000000000000001,0,1,0,1,0,0,0,0,0,-1,-1,0,0,0,1,1,0,1,1,0,1,1,0,1,1,0,1,1,0,1,1,0,0,0,0,0,0,0,0,0,0,0,0,0,0,0,0,0,0,0,0,0,0,0,0,0,3.73230561492124e-19,0,0,0,0,0,0,0,0,0,0,0,0,0,0,0,0,0,0,1,0,3.73230561492124e-19,1
17900,NORMAL,2.9858444919369921e-19,1,2.9858444919369921e-19,1,0,UNKNOWN,0.20000000000000001,0,1,0,1,0,0,0,0,0,-1,-1,0,0,0,1,1,0,1,1,0,1,1,0,1,1,0,1,1,0,1,1,0,0,0,0,0,0,0,0,0,0,0,0,0,0,0,0,0,0,0,0,0,0,0,0,0,2.9858444919369921e-19,0,0,0,0,0,0,0,0,0,0,0,0,0,0,0,0,0,0,1,0,2.9858444919369921e-19,1
18000,NORMAL,2.3886755935495937e-19,1,2.3886755935495937e-19,1,0,UNKNOWN,0.20000000000000001,0,1,0,1,0,0,0,0,0,-1,-1,0,0,0,1,1,0,1,1,0,1,1,0,1,1,0,1,1,0,1,1,0,0,0,0,0,0,0,0,0,0,0,0,0,0,0,0,0,0,0,0,0,0,0,0,0,2.3886755935495937e-19,0,0,0,0,0,0,0,0,0,0,0,0,0,0,0,0,0,0,1,0,2.3886755935495937e-19,1
18100,NORMAL,1.910940474839675e-19,1,1.910940474839675e-19,1,0,UNKNOWN,0.20000000000000001,0,1,0,1,0,0,0,0,0,-1,-1,0,0,0,1,1,0,1,1,0,1,1,0,1,1,0,1,1,0,1,1,0,0,0,0,0,0,0,0,0,0,0,0,0,0,0,0,0,0,0,0,0,0,0,0,0,1.910940474839675e-19,0,0,0,0,0,0,0,0,0,0,0,0,0,0,0,0,0,0,1,0,1.910940474839675e-19,1
18200,NORMAL,1.5287523798717401e-19,1,1.5287523798717401e-19,1,0,UNKNOWN,0.20000000000000001,0,1,0,1,0,0,0,0,0,-1,-1,0,0,0,1,1,0,1,1,0,1,1,0,1,1,0,1,1,0,1,1,0,0,0,0,0,0,0,0,0,0,0,0,0,0,0,0,0,0,0,0,0,0,0,0,0,1.5287523798717401e-19,0,0,0,0,0,0,0,0,0,0,0,0,0,0,0,0,0,0,1,0,1.5287523798717401e-19,1
18300,NORMAL,1.2230019038973922e-19,1,1.2230019038973922e-19,1,0,UNKNOWN,0.20000000000000001,0,1,0,1,0,0,0,0,0,-1,-1,0,0,0,1,1,0,1,1,0,1,1,0,1,1,0,1,1,0,1,1,0,0,0,0,0,0,0,0,0,0,0,0,0,0,0,0,0,0,0,0,0,0,0,0,0,1.2230019038973922e-19,0,0,0,0,0,0,0,0,0,0,0,0,0,0,0,0,0,0,1,0,1.2230019038973922e-19,1
18400,NORMAL,9.784015231179138e-20,1,9.784015231179138e-20,1,0,UNKNOWN,0.20000000000000001,0,1,0,1,0,0,0,0,0,-1,-1,0,0,0,1,1,0,1,1,0,1,1,0,1,1,0,1,1,0,1,1,0,0,0,0,0,0,0,0,0,0,0,0,0,0,0,0,0,0,0,0,0,0,0,0,0,9.784015231179138e-20,0,0,0,0,0,0,0,0,0,0,0,0,0,0,0,0,0,0,1,0,9.784015231179138e-20,1
18500,NORMAL,7.8272121849433104e-20,1,7.8272121849433104e-20,1,0,UNKNOWN,0.20000000000000001,0,1,0,1,0,0,0,0,0,-1,-1,0,0,0,1,1,0,1,1,0,1,1,0,1,1,0,1,1,0,1,1,0,0,0,0,0,0,0,0,0,0,0,0,0,0,0,0,0,0,0,0,0,0,0,0,0,7.8272121849433104e-20,0,0,0,0,0,0,0,0,0,0,0,0,0,0,0,0,0,0,1,0,7.8272121849433104e-20,1
18600,NORMAL,6.2617697479546491e-20,1,6.2617697479546491e-20,1,0,UNKNOWN,0.20000000000000001,0,1,0,1,0,0,0,0,0,-1,-1,0,0,0,1,1,0,1,1,0,1,1,0,1,1,0,1,1,0,1,1,0,0,0,0,0,0,0,0,0,0,0,0,0,0,0,0,0,0,0,0,0,0,0,0,0,6.2617697479546491e-20,0,0,0,0,0,0,0,0,0,0,0,0,0,0,0,0,0,0,1,0,6.2617697479546491e-20,1
18700,NORMAL,5.0094157983637193e-20,1,5.0094157983637193e-20,1,0,UNKNOWN,0.20000000000000001,0,1,0,1,0,0,0,0,0,-1,-1,0,0,0,1,1,0,1,1,0,1,1,0,1,1,0,1,1,0,1,1,0,0,0,0,0,0,0,0,0,0,0,0,0,0,0,0,0,0,0,0,0,0,0,0,0,5.0094157983637193e-20,0,0,0,0,0,0,0,0,0,0,0,0,0,0,0,0,0,0,1,0,5.0094157983637193e-20,1
18800,NORMAL,4.0075326386909755e-20,1,4.0075326386909755e-20,1,0,UNKNOWN,0.20000000000000001,0,1,0,1,0,0,0,0,0,-1,-1,0,0,0,1,1,0,1,1,0,1,1,0,1,1,0,1,1,0,1,1,0,0,0,0,0,0,0,0,0,0,0,0,0,0,0,0,0,0,0,0,0,0,0,0,0,4.0075326386909755e-20,0,0,0,0,0,0,0,0,0,0,0,0,0,0,0,0,0,0,1,0,4.0075326386909755e-20,1
18900,NORMAL,3.2060261109527805e-20,1,3.2060261109527805e-20,1,0,UNKNOWN,0.20000000000000001,0,1,0,1,0,0,0,0,0,-1,-1,0,0,0,1,1,0,1,1,0,1,1,0,1,1,0,1,1,0,1,1,0,0,0,0,0,0,0,0,0,0,0,0,0,0,0,0,0,0,0,0,0,0,0,0,0,3.2060261109527805e-20,0,0,0,0,0,0,0,0,0,0,0,0,0,0,0,0,0,0,1,0,3.2060261109527805e-20,1
19000,NORMAL,2.5648208887622246e-20,1,2.5648208887622246e-20,1,0,UNKNOWN,0.20000000000000001,0,1,0,1,0,0,0,0,0,-1,-1,0,0,0,1,1,0,1,1,0,1,1,0,1,1,0,1,1,0,1,1,0,0,0,0,0,0,0,0,0,0,0,0,0,0,0,0,0,0,0,0,0,0,0,0,0,2.5648208887622246e-20,0,0,0,0,0,0,0,0,0,0,0,0,0,0,0,0,0,0,1,0,2.5648208887622246e-20,1
19100,NORMAL,2.0518567110097797e-20,1,2.0518567110097797e-20,1,0,UNKNOWN,0.20000000000000001,0,1,0,1,0,0,0,0,0,-1,-1,0,0,0,1,1,0,1,1,0,1,1,0,1,1,0,1,1,0,1,1,0,0,0,0,0,0,0,0,0,0,0,0,0,0,0,0,0,0,0,0,0,0,0,0,0,2.0518567110097797e-20,0,0,0,0,0,0,0,0,0,0,0,0,0,0,0,0,0,0,1,0,2.0518567110097797e-20,1
19200,NORMAL,1.6414853688078239e-20,1,1.6414853688078239e-20,1,0,UNKNOWN,0.20000000000000001,0,1,0,1,0,0,0,0,0,-1,-1,0,0,0,1,1,0,1,1,0,1,1,0,1,1,0,1,1,0,1,1,0,0,0,0,0,0,0,0,0,0,0,0,0,0,0,0,0,0,0,0,0,0,0,0,0,1.6414853688078239e-20,0,0,0,0,0,0,0,0,0,0,0,0,0,0,0,0,0,0,1,0,1.6414853688078239e-20,1
19300,NORMAL,1.3131882950462591e-20,1,1.3131882950462591e-20,1,0,UNKNOWN,0.20000000000000001,0,1,0,1,0,0,0,0,0,-1,-1,0,0,0,1,1,0,1,1,0,1,1,0,1,1,0,1,1,0,1,1,0,0,0,0,0,0,0,0,0,0,0,0,0,0,0,0,0,0,0,0,0,0,0,0,0,1.3131882950462591e-20,0,0,0,0,0,0,0,0,0,0,0,0,0,0,0,0,0,0,1,0,1.3131882950462591e-20,1
19400,NORMAL,1.0505506360370074e-20,1,1.0505506360370074e-20,1,0,UNKNOWN,0.20000000000000001,0,1,0,1,0,0,0,0,0,-1,-1,0,0,0,1,1,0,1,1,0,1,1,0,1,1,0,1,1,0,1,1,0,0,0,0,0,0,0,0,0,0,0,0,0,0,0,0,0,0,0,0,0,0,0,0,0,1.0505506360370074e-20,0,0,0,0,0,0,0,0,0,0,0,0,0,0,0,0,0,0,1,0,1.0505506360370074e-20,1
19500,NORMAL,8.4044050882960594e-21,1,8.4044050882960594e-21,1,0,UNKNOWN,0.20000000000000001,0,1,0,1,0,0,0,0,0,-1,-1,0,0,0,1,1,0,1,1,0,1,1,0,1,1,0,1,1,0,1,1,0,0,0,0,0,0,0,0,0,0,0,0,0,0,0,0,0,0,0,0,0,0,0,0,0,8.4044050882960594e-21,0,0,0,0,0,0,0,0,0,0,0,0,0,0,0,0,0,0,1,0,8.4044050882960594e-21,1
19600,NORMAL,6.7235240706368475e-21,1,6.7235240706368475e-21,1,0,UNKNOWN,0.20000000000000001,0,1,0,1,0,0,0,0,0,-1,-1,0,0,0,1,1,0,1,1,0,1,1,0,1,1,0,1,1,0,1,1,0,0,0,0,0,0,0,0,0,0,0,0,0,0,0,0,0,0,0,0,0,0,0,0,0,6.7235240706368475e-21,0,0,0,0,0,0,0,0,0,0,0,0,0,0,0,0,0,0,1,0,6.7235240706368475e-21,1
19700,NORMAL,5.3788192565094782e-21,1,5.3788192565094782e-21,1,0,UNKNOWN,0.20000000000000001,0,1,0,1,0,0,0,0,0,-1,-1,0,0,0,1,1,0,1,1,0,1,1,0,1,1,0,1,1,0,1,1,0,0,0,0,0,0,0,0,0,0,0,0,0,0,0,0,0,0,0,0,0,0,0,0,0,5.3788192565094782e-21,0,0,0,0,0,0,0,0,0,0,0,0,0,0,0,0,0,0,1,0,5.3788192565094782e-21,1
19800,NORMAL,4.3030554052075825e-21,1,4.3030554052075825e-21,1,0,UNKNOWN,0.20000000000000001,0,1,0,1,0,0,0,0,0,-1,-1,0,0,0,1,1,0,1,1,0,1,1,0,1,1,0,1,1,0,1,1,0,0,0,0,0,0,0,0,0,0,0,0,0,0,0,0,0,0,0,0,0,0,0,0,0,4.3030554052075825e-21,0,0,0,0,0,0,0,0,0,0,0,0,0,0,0,0,0,0,1,0,4.3030554052075825e-21,1
19900,NORMAL,3.4424443241660659e-21,1,3.4424443241660659e-21,1,0,UNKNOWN,0.20000000000000001,0,1,0,1,0,0,0,0,0,-1,-1,0,0,0,1,1,0,1,1,0,1,1,0,1,1,0,1,1,0,1,1,0,0,0,0,0,0,0,0,0,0,0,0,0,0,0,0,0,0,0,0,0,0,0,0,0,3.4424443241660659e-21,0,0,0,0,0,0,0,0,0,0,0,0,0,0,0,0,0,0,1,0,3.4424443241660659e-21,1
20000,NORMAL,2.7539554593328529e-21,1,2.7539554593328529e-21,1,0,UNKNOWN,0.20000000000000001,0,1,0,1,0,0,0,0,0,-1,-1,0,0,0,1,1,0,1,1,0,1,1,0,1,1,0,1,1,0,1,1,0,0,0,0,0,0,0,0,0,0,0,0,0,0,0,0,0,0,0,0,0,0,0,0,0,2.7539554593328529e-21,0,0,0,0,0,0,0,0,0,0,0,0,0,0,0,0,0,0,1,0,2.7539554593328529e-21,1
20100,NORMAL,2.2031643674662824e-21,1,2.2031643674662824e-21,1,0,UNKNOWN,0.20000000000000001,0,1,0,1,0,0,0,0,0,-1,-1,0,0,0,1,1,0,1,1,0,1,1,0,1,1,0,1,1,0,1,1,0,0,0,0,0,0,0,0,0,0,0,0,0,0,0,0,0,0,0,0,0,0,0,0,0,2.2031643674662824e-21,0,0,0,0,0,0,0,0,0,0,0,0,0,0,0,0,0,0,1,0,2.2031643674662824e-21,1
20200,NORMAL,1.7625314939730261e-21,1,1.7625314939730261e-21,1,0,UNKNOWN,0.20000000000000001,0,1,0,1,0,0,0,0,0,-1,-1,0,0,0,1,1,0,1,1,0,1,1,0,1,1,0,1,1,0,1,1,0,0,0,0,0,0,0,0,0,0,0,0,0,0,0,0,0,0,0,0,0,0,0,0,0,1.7625314939730261e-21,0,0,0,0,0,0,0,0,0,0,0,0,0,0,0,0,0,0,1,0,1.7625314939730261e-21,1
20300,NORMAL,1.4100251951784209e-21,1,1.4100251951784209e-21,1,0,UNKNOWN,0.20000000000000001,0,1,0,1,0,0,0,0,0,-1,-1,0,0,0,1,1,0,1,1,0,1,1,0,1,1,0,1,1,0,1,1,0,0,0,0,0,0,0,0,0,0,0,0,0,0,0,0,0,0,0,0,0,0,0,0,0,1.4100251951784209e-21,0,0,0,0,0,0,0,0,0,0,0,0,0,0,0,0,0,0,1,0,1.4100251951784209e-21,1
20400,NORMAL,1.1280201561427369e-21,1,1.1280201561427369e-21,1,0,UNKNOWN,0.20000000000000001,0,1,0,1,0,0,0,0,0,-1,-1,0,0,0,1,1,0,1,1,0,1,1,0,1,1,0,1,1,0,1,1,0,0,0,0,0,0,0,0,0,0,0,0,0,0,0,0,0,0,0,0,0,0,0,0,0,1.1280201561427369e-21,0,0,0,0,0,0,0,0,0,0,0,0,0,0,0,0,0,0,1,0,1.1280201561427369e-21,1
20500,NORMAL,9.0241612491418958e-22,1,9.0241612491418958e-22,1,0,UNKNOWN,0.20000000000000001,0,1,0,1,0,0,0,0,0,-1,-1,0,0,0,1,1,0,1,1,0,1,1,0,1,1,0,1,1,0,1,1,0,0,0,0,0,0,0,0,0,0,0,0,0,0,0,0,0,0,0,0,0,0,0,0,0,9.0241612491418958e-22,0,0,0,0,0,0,0,0,0,0,0,0,0,0,0,0,0,0,1,0,9.0241612491418958e-22,1
20600,NORMAL,7.2193289993135172e-22,1,7.2193289993135172e-22,1,0,UNKNOWN,0.20000000000000001,0,1,0,1,0,0,0,0,0,-1,-1,0,0,0,1,1,0,1,1,0,1,1,0,1,1,0,1,1,0,1,1,0,0,0,0,0,0,0,0,0,0,0,0,0,0,0,0,0,0,0,0,0,0,0,0,0,7.2193289993135172e-22,0,0,0,0,0,0,0,0,0,0,0,0,0,0,0,0,0,0,1,0,7.2193289993135172e-22,1
20700,NORMAL,5.7754631994508143e-22,1,5.7754631994508143e-22,1,0,UNKNOWN,0.20000000000000001,0,1,0,1,0,0,0,0,0,-1,-1,0,0,0,1,1,0,1,1,0,1,1,0,1,1,0,1,1,0,1,1,0,0,0,0,0,0,0,0,0,0,0,0,0,0,0,0,0,0,0,0,0,0,0,0,0,5.7754631994508143e-22,0,0,0,0,0,0,0,0,0,0,0,0,0,0,0,0,0,0,1,0,5.7754631994508143e-22,1
20800,NORMAL,4.6203705595606515e-22,1,4.6203705595606515e-22,1,0,UNKNOWN,0.20000000000000001,0,1,0,1,0,0,0,0,0,-1,-1,0,0,0,1,1,0,1,1,0,1,1,0,1,1,0,1,1,0,1,1,0,0,0,0,0,0,0,0,0,0,0,0,0,0,0,0,0,0,0,0,0,0,0,0,0,4.6203705595606515e-22,0,0,0,0,0,0,0,0,0,0,0,0,0,0,0,0,0,0,1,0,4.6203705595606515e-22,1
20900,NORMAL,3.6962964476485213e-22,1,3.6962964476485213e-22,1,0,UNKNOWN,0.20000000000000001,0,1,0,1,0,0,0,0,0,-1,-1,0,0,0,1,1,0,1,1,0,1,1,0,1,1,0,1,1,0,1,1,0,0,0,0,0,0,0,0,0,0,0,0,0,0,0,0,0,0,0,0,0,0,0,0,0,3.6962964476485213e-22,0,0,0,0,0,0,0,0,0,0,0,0,0,0,0,0,0,0,1,0,3.6962964476485213e-22,1
21000,NORMAL,2.9570371581188172e-22,1,2.9570371581188172e-22,1,0,UNKNOWN,0.20000000000000001,0,1,0,1,0,0,0,0,0,-1,-1,0,0,0,1,1,0,1,1,0,1,1,0,1,1,0,1,1,0,1,1,0,0,0,0,0,0,0,0,0,0,0,0,0,0,0,0,0,0,0,0,0,0,0,0,0,2.9570371581188172e-22,0,0,0,0,0,0,0,0,0,0,0,0,0,0,0,0,0,0,1,0,2.9570371581188172e-22,1
21100,NORMAL,2.365629726495054e-22,1,2.365629726495054e-22,1,0,UNKNOWN,0.20000000000000001,0,1,0,1,0,0,0,0,0,-1,-1,0,0,0,1,1,0,1,1,0,1,1,0,1,1,0,1,1,0,1,1,0,0,0,0,0,0,0,0,0,0,0,0,0,0,0,0,0,0,0,0,0,0,0,0,0,2.365629726495054e-22,0,0,0,0,0,0,0,0,0,0,0,0,0,0,0,0,0,0,1,0,2.365629726495054e-22,1
21200,NORMAL,1.8925037811960433e-22,1,1.8925037811960433e-22,1,0,UNKNOWN,0.20000000000000001,0,1,0,1,0,0,0,0,0,-1,-1,0,0,0,1,1,0,1,1,0,1,1,0,1,1,0,1,1,0,1,1,0,0,0,0,0,0,0,0,0,0,0,0,0,0,0,0,0,0,0,0,0,0,0,0,0,1.8925037811960433e-22,0,0,0,0,0,0,0,0,0,0,0,0,0,0,0,0,0,0,1,0,1.8925037811960433e-22,1
21300,NORMAL,1.5140030249568348e-22,1,1.5140030249568348e-22,1,0,UNKNOWN,0.20000000000000001,0,1,0,1,0,0,0,0,0,-1,-1,0,0,0,1,1,0,1,1,0,1,1,0,1,1,0,1,1,0,1,1,0,0,0,0,0,0,0,0,0,0,0,0,0,0,0,0,0,0,0,0,0,0,0,0,0,1.5140030249568348e-22,0,0,0,0,0,0,0,0,0,0,0,0,0,0,0,0,0,0,1,0,1.5140030249568348e-22,1
21400,NORMAL,1.2112024199654678e-22,1,1.2112024199654678e-22,1,0,UNKNOWN,0.20000000000000001,0,1,0,1,0,0,0,0,0,-1,-1,0,0,0,1,1,0,1,1,0,1,1,0,1,1,0,1,1,0,1,1,0,0,0,0,0,0,0,0,0,0,0,0,0,0,0,0,0,0,0,0,0,0,0,0,0,1.2112024199654678e-22,0,0,0,0,0,0,0,0,0,0,0,0,0,0,0,0,0,0,1,0,1.2112024199654678e-22,1
21500,NORMAL,9.6896193597237432e-23,1,9.6896193597237432e-23,1,0,UNKNOWN,0.20000000000000001,0,1,0,1,0,0,0,0,0,-1,-1,0,0,0,1,1,0,1,1,0,1,1,0,1,1,0,1,1,0,1,1,0,0,0,0,0,0,0,0,0,0,0,0,0,0,0,0,0,0,0,0,0,0,0,0,0,9.6896193597237432e-23,0,0,0,0,0,0,0,0,0,0,0,0,0,0,0,0,0,0,1,0,9.6896193597237432e-23,1
21600,NORMAL,7.7516954877789955e-23,1,7.7516954877789955e-23,1,0,UNKNOWN,0.20000000000000001,0,1,0,1,0,0,0,0,0,-1,-1,0,0,0,1,1,0,1,1,0,1,1,0,1,1,0,1,1,0,1,1,0,0,0,0,0,0,0,0,0,0,0,0,0,0,0,0,0,0,0,0,0,0,0,0,0,7.7516954877789955e-23,0,0,0,0,0,0,0,0,0,0,0,0,0,0,0,0,0,0,1,0,7.7516954877789955e-23,1
21700,NORMAL,6.2013563902231971e-23,1,6.2013563902231971e-23,1,0,UNKNOWN,0.20000000000000001,0,1,0,1,0,0,0,0,0,-1,-1,0,0,0,1,1,0,1,1,0,1,1,0,1,1,0,1,1,0,1,1,0,0,0,0,0,0,0,0,0,0,0,0,0,0,0,0,0,0,0,0,0,0,0,0,0,6.2013563902231971e-23,0,0,0,0,0,0,0,0,0,0,0,0,0,0,0,0,0,0,1,0,6.2013563902231971e-23,1
21800,NORMAL,4.9610851121785579e-23,1,4.9610851121785579e-23,1,0,UNKNOWN,0.20000000000000001,0,1,0,1,0,0,0,0,0,-1,-1,0,0,0,1,1,0,1,1,0,1,1,0,1,1,0,1,1,0,1,1,0,0,0,0,0,0,0,0,0,0,0,0,0,0,0,0,0,0,0,0,0,0,0,0,0,4.9610851121785579e-23,0,0,0,0,0,0,0,0,0,0,0,0,0,0,0,0,0,0,1,0,4.9610851121785579e-23,1
21900,NORMAL,3.9688680897428464e-23,1,3.9688680897428464e-23,1,0,UNKNOWN,0.20000000000000001,0,1,0,1,0,0,0,0,0,-1,-1,0,0,0,1,1,0,1,1,0,1,1,0,1,1,0,1,1,0,1,1,0,0,0,0,0,0,0,0,0,0,0,0,0,0,0,0,0,0,0,0,0,0,0,0,0,3.9688680897428464e-23,0,0,0,0,0,0,0,0,0,0,0,0,0,0,0,0,0,0,1,0,3.9688680897428464e-23,1
22000,NORMAL,3.1750944717942774e-23,1,3.1750944717942774e-23,1,0,UNKNOWN,0.20000000000000001,0,1,0,1,0,0,0,0,0,-1,-1,0,0,0,1,1,0,1,1,0,1,1,0,1,1,0,1,1,0,1,1,0,0,0,0,0,0,0,0,0,0,0,0,0,0,0,0,0,0,0,0,0,0,0,0,0,3.1750944717942774e-23,0,0,0,0,0,0,0,0,0,0,0,0,0,0,0,0,0,0,1,0,3.1750944717942774e-23,1
22100,NORMAL,2.540075577435422e-23,1,2.540075577435422e-23,1,0,UNKNOWN,0.20000000000000001,0,1,0,1,0,0,0,0,0,-1,-1,0,0,0,1,1,0,1,1,0,1,1,0,1,1,0,1,1,0,1,1,0,0,0,0,0,0,0,0,0,0,0,0,0,0,0,0,0,0,0,0,0,0,0,0,0,2.540075577435422e-23,0,0,0,0,0,0,0,0,0,0,0,0,0,0,0,0,0,0,1,0,2.540075577435422e-23,1
22200,NORMAL,2.0320604619483378e-23,1,2.0320604619483378e-23,1,0,UNKNOWN,0.20000000000000001,0,1,0,1,0,0,0,0,0,-1,-1,0,0,0,1,1,0,1,1,0,1,1,0,1,1,0,1,1,0,1,1,0,0,0,0,0,0,0,0,0,0,0,0,0,0,0,0,0,0,0,0,0,0,0,0,0,2.0320604619483378e-23,0,0,0,0,0,0,0,0,0,0,0,0,0,0,0,0,0,0,1,0,2.0320604619483378e-23,1
22300,NORMAL,1.6256483695586702e-23,1,1.6256483695586702e-23,1,0,UNKNOWN,0.20000000000000001,0,1,0,1,0,0,0,0,0,-1,-1,0,0,0,1,1,0,1,1,0,1,1,0,1,1,0,1,1,0,1,1,0,0,0,0,0,0,0,0,0,0,0,0,0,0,0,0,0,0,0,0,0,0,0,0,0,1.6256483695586702e-23,0,0,0,0,0,0,0,0,0,0,0,0,0,0,0,0,0,0,1,0,1.6256483695586702e-23,1
22400,NORMAL,1.3005186956469362e-23,1,1.3005186956469362e-23,1,0,UNKNOWN,0.20000000000000001,0,1,0,1,0,0,0,0,0,-1,-1,0,0,0,1,1,0,1,1,0,1,1,0,1,1,0,1,1,0,1,1,0,0,0,0,0,0,0,0,0,0,0,0,0,0,0,0,0,0,0,0,0,0,0,0,0,1.3005186956469362e-23,0,0,0,0,0,0,0,0,0,0,0,0,0,0,0,0,0,0,1,0,1.3005186956469362e-23,1
22500,NORMAL,1.040414956517549e-23,1,1.040414956517549e-23,1,0,UNKNOWN,0.20000000000000001,0,1,0,1,0,0,0,0,0,-1,-1,0,0,0,1,1,0,1,1,0,1,1,0,1,1,0,1,1,0,1,1,0,0,0,0,0,0,0,0,0,0,0,0,0,0,0,0,0,0,0,0,0,0,0,0,0,1.040414956517549e-23,0,0,0,0,0,0,0,0,0,0,0,0,0,0,0,0,0,0,1,0,1.040414956517549e-23,1
22600,NORMAL,8.3233196521403927e-24,1,8.3233196521403927e-24,1,0,UNKNOWN,0.20000000000000001,0,1,0,1,0,0,0,0,0,-1,-1,0,0,0,1,1,0,1,1,0,1,1,0,1,1,0,1,1,0,1,1,0,0,0,0,0,0,0,0,0,0,0,0,0,0,0,0,0,0,0,0,0,0,0,0,0,8.3233196521403927e-24,0,0,0,0,0,0,0,0,0,0,0,0,0,0,0,0,0,0,1,0,8.3233196521403927e-24,1
22700,NORMAL,6.6586557217123142e-24,1,6.6586557217123142e-24,1,0,UNKNOWN,0.20000000000000001,0,1,0,1,0,0,0,0,0,-1,-1,0,0,0,1,1,0,1,1,0,1,1,0,1,1,0,1,1,0,1,1,0,0,0,0,0,0,0,0,0,0,0,0,0,0,0,0,0,0,0,0,0,0,0,0,0,6.6586557217123142e-24,0,0,0,0,0,0,0,0,0,0,0,0,0,0,0,0,0,0,1,0,6.6586557217123142e-24,1
22800,NORMAL,5.3269245773698519e-24,1,5.3269245773698519e-24,1,0,UNKNOWN,0.20000000000000001,0,1,0,1,0,0,0,0,0,-1,-1,0,0,0,1,1,0,1,1,0,1,1,0,1,1,0,1,1,0,1,1,0,0,0,0,0,0,0,0,0,0,0,0,0,0,0,0,0,0,0,0,0,0,0,0,0,5.3269245773698519e-24,0,0,0,0,0,0,0,0,0,0,0,0,0,0,0,0,0,0,1,0,5.3269245773698519e-24,1
22900,NORMAL,4.2615396618958818e-24,1,4.2615396618958818e-24,1,0,UNKNOWN,0.20000000000000001,0,1,0,1,0,0,0,0,0,-1,-1,0,0,0,1,1,0,1,1,0,1,1,0,1,1,0,1,1,0,1,1,0,0,0,0,0,0,0,0,0,0,0,0,0,0,0,0,0,0,0,0,0,0,0,0,0,4.2615396618958818e-24,0,0,0,0,0,0,0,0,0,0,0,0,0,0,0,0,0,0,1,0,4.2615396618958818e-24,1
23000,NORMAL,3.4092317295167056e-24,1,3.4092317295167056e-24,1,0,UNKNOWN,0.20000000000000001,0,1,0,1,0,0,0,0,0,-1,-1,0,0,0,1,1,0,1,1,0,1,1,0,1,1,0,1,1,0,1,1,0,0,0,0,0,0,0,0,0,0,0,0,0,0,0,0,0,0,0,0,0,0,0,0,0,3.4092317295167056e-24,0,0,0,0,0,0,0,0,0,0,0,0,0,0,0,0,0,0,1,0,3.4092317295167056e-24,1
23100,NORMAL,2.7273853836133648e-24,1,2.7273853836133648e-24,1,0,UNKNOWN,0.20000000000000001,0,1,0,1,0,0,0,0,0,-1,-1,0,0,0,1,1,0,1,1,0,1,1,0,1,1,0,1,1,0,1,1,0,0,0,0,0,0,0,0,0,0,0,0,0,0,0,0,0,0,0,0,0,0,0,0,0,2.7273853836133648e-24,0,0,0,0,0,0,0,0,0,0,0,0,0,0,0,0,0,0,1,0,2.7273853836133648e-24,1
23200,NORMAL,2.1819083068906918e-24,1,2.1819083068906918e-24,1,0,UNKNOWN,0.20000000000000001,0,1,0,1,0,0,0,0,0,-1,-1,0,0,0,1,1,0,1,1,0,1,1,0,1,1,0,1,1,0,1,1,0,0,0,0,0,0,0,0,0,0,0,0,0,0,0,0,0,0,0,0,0,0,0,0,0,2.1819083068906918e-24,0,0,0,0,0,0,0,0,0,0,0,0,0,0,0,0,0,0,1,0,2.1819083068906918e-24,1
23300,NORMAL,1.7455266455125535e-24,1,1.7455266455125535e-24,1,0,UNKNOWN,0.20000000000000001,0,1,0,1,0,0,0,0,0,-1,-1,0,0,0,1,1,0,1,1,0,1,1,0,1,1,0,1,1,0,1,1,0,0,0,0,0,0,0,0,0,0,0,0,0,0,0,0,0,0,0,0,0,0,0,0,0,1.7455266455125535e-24,0,0,0,0,0,0,0,0,0,0,0,0,0,0,0,0,0,0,1,0,1.7455266455125535e-24,1
23400,NORMAL,1.3964213164100429e-24,1,1.3964213164100429e-24,1,0,UNKNOWN,0.20000000000000001,0,1,0,1,0,0,0,0,0,-1,-1,0,0,0,1,1,0,1,1,0,1,1,0,1,1,0,1,1,0,1,1,0,0,0,0,0,0,0,0,0,0,0,0,0,0,0,0,0,0,0,0,0,0,0,0,0,1.3964213164100429e-24,0,0,0,0,0,0,0,0,0,0,0,0,0,0,0,0,0,0,1,0,1.3964213164100429e-24,1
23500,NORMAL,1.1171370531280345e-24,1,1.1171370531280345e-24,1,0,UNKNOWN,0.20000000000000001,0,1,0,1,0,0,0,0,0,-1,-1,0,0,0,1,1,0,1,1,0,1,1,0,1,1,0,1,1,0,1,1,0,0,0,0,0,0,0,0,0,0,0,0,0,0,0,0,0,0,0,0,0,0,0,0,0,1.1171370531280345e-24,0,0,0,0,0,0,0,0,0,0,0,0,0,0,0,0,0,0,1,0,1.1171370531280345e-24,1
23600,NORMAL,8.9370964250242761e-25,1,8.9370964250242761e-25,1,0,UNKNOWN,0.20000000000000001,0,1,0,1,0,0,0,0,0,-1,-1,0,0,0,1,1,0,1,1,0,1,1,0,1,1,0,1,1,0,1,1,0,0,0,0,0,0,0,0,0,0,0,0,0,0,0,0,0,0,0,0,0,0,0,0,0,8.9370964250242761e-25,0,0,0,0,0,0,0,0,0,0,0,0,0,0,0,0,0,0,1,0,8.9370964250242761e-25,1
23700,NORMAL,7.1496771400194214e-25,1,7.1496771400194214e-25,1,0,UNKNOWN,0.20000000000000001,0,1,0,1,0,0,0,0,0,-1,-1,0,0,0,1,1,0,1,1,0,1,1,0,1,1,0,1,1,0,1,1,0,0,0,0,0,0,0,0,0,0,0,0,0,0,0,0,0,0,0,0,0,0,0,0,0,7.1496771400194214e-25,0,0,0,0,0,0,0,0,0,0,0,0,0,0,0,0,0,0,1,0,7.1496771400194214e-25,1
23800,NORMAL,5.7197417120155373e-25,1,5.7197417120155373e-25,1,0,UNKNOWN,0.20000000000000001,0,1,0,1,0,0,0,0,0,-1,-1,0,0,0,1,1,0,1,1,0,1,1,0,1,1,0,1,1,0,1,1,0,0,0,0,0,0,0,0,0,0,0,0,0,0,0,0,0,0,0,0,0,0,0,0,0,5.7197417120155373e-25,0,0,0,0,0,0,0,0,0,0,0,0,0,0,0,0,0,0,1,0,5.7197417120155373e-25,1
23900,NORMAL,4.5757933696124302e-25,1,4.5757933696124302e-25,1,0,UNKNOWN,0.20000000000000001,0,1,0,1,0,0,0,0,0,-1,-1,0,0,0,1,1,0,1,1,0,1,1,0,1,1,0,1,1,0,1,1,0,0,0,0,0,0,0,0,0,0,0,0,0,0,0,0,0,0,0,0,0,0,0,0,0,4.5757933696124302e-25,0,0,0,0,0,0,0,0,0,0,0,0,0,0,0,0,0,0,1,0,4.5757933696124302e-25,1
24000,NORMAL,3.6606346956899445e-25,1,3.6606346956899445e-25,1,0,UNKNOWN,0.20000000000000001,0,1,0,1,0,0,0,0,0,-1,-1,0,0,0,1,1,0,1,1,0,1,1,0,1,1,0,1,1,0,1,1,0,0,0,0,0,0,0,0,0,0,0,0,0,0,0,0,0,0,0,0,0,0,0,0,0,3.6606346956899445e-25,0,0,0,0,0,0,0,0,0,0,0,0,0,0,0,0,0,0,1,0,3.6606346956899445e-25,1
24100,NORMAL,2.9285077565519556e-25,1,2.9285077565519556e-25,1,0,UNKNOWN,0.20000000000000001,0,1,0,1,0,0,0,0,0,-1,-1,0,0,0,1,1,0,1,1,0,1,1,0,1,1,0,1,1,0,1,1,0,0,0,0,0,0,0,0,0,0,0,0,0,0,0,0,0,0,0,0,0,0,0,0,0,2.9285077565519556e-25,0,0,0,0,0,0,0,0,0,0,0,0,0,0,0,0,0,0,1,0,2.9285077565519556e-25,1
24200,NORMAL,2.3428062052415646e-25,1,2.3428062052415646e-25,1,0,UNKNOWN,0.20000000000000001,0,1,0,1,0,0,0,0,0,-1,-1,0,0,0,1,1,0,1,1,0,1,1,0,1,1,0,1,1,0,1,1,0,0,0,0,0,0,0,0,0,0,0,0,0,0,0,0,0,0,0,0,0,0,0,0,0,2.3428062052415646e-25,0,0,0,0,0,0,0,0,0,0,0,0,0,0,0,0,0,0,1,0,2.3428062052415646e-25,1
24300,NORMAL,1.8742449641932518e-25,1,1.8742449641932518e-25,1,0,UNKNOWN,0.20000000000000001,0,1,0,1,0,0,0,0,0,-1,-1,0,0,0,1,1,0,1,1,0,1,1,0,1,1,0,1,1,0,1,1,0,0,0,0,0,0,0,0,0,0,0,0,0,0,0,0,0,0,0,0,0,0,0,0,0,1.8742449641932518e-25,0,0,0,0,0,0,0,0,0,0,0,0,0,0,0,0,0,0,1,0,1.8742449641932518e-25,1
24400,NORMAL,1.4993959713546015e-25,1,1.4993959713546015e-25,1,0,UNKNOWN,0.20000000000000001,0,1,0,1,0,0,0,0,0,-1,-1,0,0,0,1,1,0,1,1,0,1,1,0,1,1,0,1,1,0,1,1,0,0,0,0,0,0,0,0,0,0,0,0,0,0,0,0,0,0,0,0,0,0,0,0,0,1.4993959713546015e-25,0,0,0,0,0,0,0,0,0,0,0,0,0,0,0,0,0,0,1,0,1.4993959713546015e-25,1
24500,NORMAL,1.1995167770836813e-25,1,1.1995167770836813e-25,1,0,UNKNOWN,0.20000000000000001,0,1,0,1,0,0,0,0,0,-1,-1,0,0,0,1,1,0,1,1,0,1,1,0,1,1,0,1,1,0,1,1,0,0,0,0,0,0,0,0,0,0,0,0,0,0,0,0,0,0,0,0,0,0,0,0,0,1.1995167770836813e-25,0,0,0,0,0,0,0,0,0,0,0,0,0,0,0,0,0,0,1,0,1.1995167770836813e-25,1
24600,NORMAL,9.5961342166694504e-26,1,9.5961342166694504e-26,1,0,UNKNOWN,0.20000000000000001,0,1,0,1,0,0,0,0,0,-1,-1,0,0,0,1,1,0,1,1,0,1,1,0,1,1,0,1,1,0,1,1,0,0,0,0,0,0,0,0,0,0,0,0,0,0,0,0,0,0,0,0,0,0,0,0,0,9.5961342166694504e-26,0,0,0,0,0,0,0,0,0,0,0,0,0,0,0,0,0,0,1,0,9.5961342166694504e-26,1
24700,NORMAL,7.676907373335561e-26,1,7.676907373335561e-26,1,0,UNKNOWN,0.20000000000000001,0,1,0,1,0,0,0,0,0,-1,-1,0,0,0,1,1,0,1,1,0,1,1,0,1,1,0,1,1,0,1,1,0,0,0,0,0,0,0,0,0,0,0,0,0,0,0,0,0,0,0,0,0,0,0,0,0,7.676907373335561e-26,0,0,0,0,0,0,0,0,0,0,0,0,0,0,0,0,0,0,1,0,7.676907373335561e-26,1
24800,NORMAL,6.1415258986684486e-26,1,6.1415258986684486e-26,1,0,UNKNOWN,0.20000000000000001,0,1,0,1,0,0,0,0,0,-1,-1,0,0,0,1,1,0,1,1,0,1,1,0,1,1,0,1,1,0,1,1,0,0,0,0,0,0,0,0,0,0,0,0,0,0,0,0,0,0,0,0,0,0,0,0,0,6.1415258986684486e-26,0,0,0,0,0,0,0,0,0,0,0,0,0,0,0,0,0,0,1,0,6.1415258986684486e-26,1
24900,NORMAL,4.9132207189347593e-26,1,4.9132207189347593e-26,1,0,UNKNOWN,0.20000000000000001,0,1,0,1,0,0,0,0,0,-1,-1,0,0,0,1,1,0,1,1,0,1,1,0,1,1,0,1,1,0,1,1,0,0,0,0,0,0,0,0,0,0,0,0,0,0,0,0,0,0,0,0,0,0,0,0,0,4.9132207189347593e-26,0,0,0,0,0,0,0,0,0,0,0,0,0,0,0,0,0,0,1,0,4.9132207189347593e-26,1
25000,NORMAL,3.9305765751478078e-26,1,3.9305765751478078e-26,1,0,UNKNOWN,0.20000000000000001,0,1,0,1,0,0,0,0,0,-1,-1,0,0,0,1,1,0,1,1,0,1,1,0,1,1,0,1,1,0,1,1,0,0,0,0,0,0,0,0,0,0,0,0,0,0,0,0,0,0,0,0,0,0,0,0,0,3.9305765751478078e-26,0,0,0,0,0,0,0,0,0,0,0,0,0,0,0,0,0,0,1,0,3.9305765751478078e-26,1
25100,NORMAL,3.1444612601182462e-26,1,3.1444612601182462e-26,1,0,UNKNOWN,0.20000000000000001,0,1,0,1,0,0,0,0,0,-1,-1,0,0,0,1,1,0,1,1,0,1,1,0,1,1,0,1,1,0,1,1,0,0,0,0,0,0,0,0,0,0,0,0,0,0,0,0,0,0,0,0,0,0,0,0,0,3.1444612601182462e-26,0,0,0,0,0,0,0,0,0,0,0,0,0,0,0,0,0,0,1,0,3.1444612601182462e-26,1
25200,NORMAL,2.5155690080945971e-26,1,2.5155690080945971e-26,1,0,UNKNOWN,0.20000000000000001,0,1,0,1,0,0,0,0,0,-1,-1,0,0,0,1,1,0,1,1,0,1,1,0,1,1,0,1,1,0,1,1,0,0,0,0,0,0,0,0,0,0,0,0,0,0,0,0,0,0,0,0,0,0,0,0,0,2.5155690080945971e-26,0,0,0,0,0,0,0,0,0,0,0,0,0,0,0,0,0,0,1,0,2.5155690080945971e-26,1
25300,NORMAL,2.0124552064756778e-26,1,2.0124552064756778e-26,1,0,UNKNOWN,0.20000000000000001,0,1,0,1,0,0,0,0,0,-1,-1,0,0,0,1,1,0,1,1,0,1,1,0,1,1,0,1,1,0,1,1,0,0,0,0,0,0,0,0,0,0,0,0,0,0,0,0,0,0,0,0,0,0,0,0,0,2.0124552064756778e-26,0,0,0,0,0,0,0,0,0,0,0,0,0,0,0,0,0,0,1,0,2.0124552064756778e-26,1
25400,NORMAL,1.6099641651805425e-26,1,1.6099641651805425e-26,1,0,UNKNOWN,0.20000000000000001,0,1,0,1,0,0,0,0,0,-1,-1,0,0,0,1,1,0,1,1,0,1,1,0,1,1,0,1,1,0,1,1,0,0,0,0,0,0,0,0,0,0,0,0,0,0,0,0,0,0,0,0,0,0,0,0,0,1.6099641651805425e-26,0,0,0,0,0,0,0,0,0,0,0,0,0,0,0,0,0,0,1,0,1.6099641651805425e-26,1
25500,NORMAL,1.2879713321444341e-26,1,1.2879713321444341e-26,1,0,UNKNOWN,0.20000000000000001,0,1,0,1,0,0,0,0,0,-1,-1,0,0,0,1,1,0,1,1,0,1,1,0,1,1,0,1,1,0,1,1,0,0,0,0,0,0,0,0,0,0,0,0,0,0,0,0,0,0,0,0,0,0,0,0,0,1.2879713321444341e-26,0,0,0,0,0,0,0,0,0,0,0,0,0,0,0,0,0,0,1,0,1.2879713321444341e-26,1
25600,NORMAL,1.0303770657155473e-26,1,1.0303770657155473e-26,1,0,UNKNOWN,0.20000000000000001,0,1,0,1,0,0,0,0,0,-1,-1,0,0,0,1,1,0,1,1,0,1,1,0,1,1,0,1,1,0,1,1,0,0,0,0,0,0,0,0,0,0,0,0,0,0,0,0,0,0,0,0,0,0,0,0,0,1.0303770657155473e-26,0,0,0,0,0,0,0,0,0,0,0,0,0,0,0,0,0,0,1,0,1.0303770657155473e-26,1
25700,NORMAL,8.2430165257243785e-27,1,8.2430165257243785e-27,1,0,UNKNOWN,0.20000000000000001,0,1,0,1,0,0,0,0,0,-1,-1,0,0,0,1,1,0,1,1,0,1,1,0,1,1,0,1,1,0,1,1,0,0,0,0,0,0,0,0,0,0,0,0,0,0,0,0,0,0,0,0,0,0,0,0,0,8.2430165257243785e-27,0,0,0,0,0,0,0,0,0,0,0,0,0,0,0,0,0,0,1,0,8.2430165257243785e-27,1
25800,NORMAL,6.5944132205795031e-27,1,6.5944132205795031e-27,1,0,UNKNOWN,0.20000000000000001,0,1,0,1,0,0,0,0,0,-1,-1,0,0,0,1,1,0,1,1,0,1,1,0,1,1,0,1,1,0,1,1,0,0,0,0,0,0,0,0,0,0,0,0,0,0,0,0,0,0,0,0,0,0,0,0,0,6.5944132205795031e-27,0,0,0,0,0,0,0,0,0,0,0,0,0,0,0,0,0,0,1,0,6.5944132205795031e-27,1
25900,NORMAL,5.2755305764636026e-27,1,5.2755305764636026e-27,1,0,UNKNOWN,0.20000000000000001,0,1,0,1,0,0,0,0,0,-1,-1,0,0,0,1,1,0,1,1,0,1,1,0,1,1,0,1,1,0,1,1,0,0,0,0,0,0,0,0,0,0,0,0,0,0,0,0,0,0,0,0,0,0,0,0,0,5.2755305764636026e-27,0,0,0,0,0,0,0,0,0,0,0,0,0,0,0,0,0,0,1,0,5.2755305764636026e-27,1
26000,NORMAL,4.2204244611708822e-27,1,4.2204244611708822e-27,1,0,UNKNOWN,0.20000000000000001,0,1,0,1,0,0,0,0,0,-1,-1,0,0,0,1,1,0,1,1,0,1,1,0,1,1,0,1,1,0,1,1,0,0,0,0,0,0,0,0,0,0,0,0,0,0,0,0,0,0,0,0,0,0,0,0,0,4.2204244611708822e-27,0,0,0,0,0,0,0,0,0,0,0,0,0,0,0,0,0,0,1,0,4.2204244611708822e-27,1
26100,NORMAL,3.3763395689367056e-27,1,3.3763395689367056e-27,1,0,UNKNOWN,0.20000000000000001,0,1,0,1,0,0,0,0,0,-1,-1,0,0,0,1,1,0,1,1,0,1,1,0,1,1,0,1,1,0,1,1,0,0,0,0,0,0,0,0,0,0,0,0,0,0,0,0,0,0,0,0,0,0,0,0,0,3.3763395689367056e-27,0,0,0,0,0,0,0,0,0,0,0,0,0,0,0,0,0,0,1,0,3.3763395689367056e-27,1
26200,NORMAL,2.7010716551493648e-27,1,2.7010716551493648e-27,1,0,UNKNOWN,0.20000000000000001,0,1,0,1,0,0,0,0,0,-1,-1,0,0,0,1,1,0,1,1,0,1,1,0,1,1,0,1,1,0,1,1,0,0,0,0,0,0,0,0,0,0,0,0,0,0,0,0,0,0,0,0,0,0,0,0,0,2.7010716551493648e-27,0,0,0,0,0,0,0,0,0,0,0,0,0,0,0,0,0,0,1,0,2.7010716551493648e-27,1
26300,NORMAL,2.1608573241194918e-27,1,2.1608573241194918e-27,1,0,UNKNOWN,0.20000000000000001,0,1,0,1,0,0,0,0,0,-1,-1,0,0,0,1,1,0,1,1,0,1,1,0,1,1,0,1,1,0,1,1,0,0,0,0,0,0,0,0,0,0,0,0,0,0,0,0,0,0,0,0,0,0,0,0,0,2.1608573241194918e-27,0,0,0,0,0,0,0,0,0,0,0,0,0,0,0,0,0,0,1,0,2.1608573241194918e-27,1
26400,NORMAL,1.7286858592955935e-27,1,1.7286858592955935e-27,1,0,UNKNOWN,0.20000000000000001,0,1,0,1,0,0,0,0,0,-1,-1,0,0,0,1,1,0,1,1,0,1,1,0,1,1,0,1,1,0,1,1,0,0,0,0,0,0,0,0,0,0,0,0,0,0,0,0,0,0,0,0,0,0,0,0,0,1.7286858592955935e-27,0,0,0,0,0,0,0,0,0,0,0,0,0,0,0,0,0,0,1,0,1.7286858592955935e-27,1
26500,NORMAL,1.3829486874364749e-27,1,1.3829486874364749e-27,1,0,UNKNOWN,0.20000000000000001,0,1,0,1,0,0,0,0,0,-1,-1,0,0,0,1,1,0,1,1,0,1,1,0,1,1,0,1,1,0,1,1,0,0,0,0,0,0,0,0,0,0,0,0,0,0,0,0,0,0,0,0,0,0,0,0,0,1.3829486874364749e-27,0,0,0,0,0,0,0,0,0,0,0,0,0,0,0,0,0,0,1,0,1.3829486874364749e-27,1
26600,NORMAL,1.1063589499491801e-27,1,1.1063589499491801e-27,1,0,UNKNOWN,0.20000000000000001,0,1,0,1,0,0,0,0,0,-1,-1,0,0,0,1,1,0,1,1,0,1,1,0,1,1,0,1,1,0,1,1,0,0,0,0,0,0,0,0,0,0,0,0,0,0,0,0,0,0,0,0,0,0,0,0,0,1.1063589499491801e-27,0,0,0,0,0,0,0,0,0,0,0,0,0,0,0,0,0,0,1,0,1.1063589499491801e-27,1
26700,NORMAL,8.8508715995934408e-28,1,8.8508715995934408e-28,1,0,UNKNOWN,0.20000000000000001,0,1,0,1,0,0,0,0,0,-1,-1,0,0,0,1,1,0,1,1,0,1,1,0,1,1,0,1,1,0,1,1,0,0,0,0,0,0,0,0,0,0,0,0,0,0,0,0,0,0,0,0,0,0,0,0,0,8.8508715995934408e-28,0,0,0,0,0,0,0,0,0,0,0,0,0,0,0,0,0,0,1,0,8.8508715995934408e-28,1
26800,NORMAL,7.0806972796747533e-28,1,7.0806972796747533e-28,1,0,UNKNOWN,0.20000000000000001,0,1,0,1,0,0,0,0,0,-1,-1,0,0,0,1,1,0,1,1,0,1,1,0,1,1,0,1,1,0,1,1,0,0,0,0,0,0,0,0,0,0,0,0,0,0,0,0,0,0,0,0,0,0,0,0,0,7.0806972796747533e-28,0,0,0,0,0,0,0,0,0,0,0,0,0,0,0,0,0,0,1,0,7.0806972796747533e-28,1
26900,NORMAL,5.6645578237398027e-28,1,5.6645578237398027e-28,1,0,UNKNOWN,0.20000000000000001,0,1,0,1,0,0,0,0,0,-1,-1,0,0,0,1,1,0,1,1,0,1,1,0,1,1,0,1,1,0,1,1,0,0,0,0,0,0,0,0,0,0,0,0,0,0,0,0,0,0,0,0,0,0,0,0,0,5.6645578237398027e-28,0,0,0,0,0,0,0,0,0,0,0,0,0,0,0,0,0,0,1,0,5.6645578237398027e-28,1
27000,NORMAL,4.5316462589918419e-28,1,4.5316462589918419e-28,1,0,UNKNOWN,0.20000000000000001,0,1,0,1,0,0,0,0,0,-1,-1,0,0,0,1,1,0,1,1,0,1,1,0,1,1,0,1,1,0,1,1,0,0,0,0,0,0,0,0,0,0,0,0,0,0,0,0,0,0,0,0,0,0,0,0,0,4.5316462589918419e-28,0,0,0,0,0,0,0,0,0,0,0,0,0,0,0,0,0,0,1,0,4.5316462589918419e-28,1
27100,NORMAL,3.6253170071934738e-28,1,3.6253170071934738e-28,1,0,UNKNOWN,0.20000000000000001,0,1,0,1,0,0,0,0,0,-1,-1,0,0,0,1,1,0,1,1,0,1,1,0,1,1,0,1,1,0,1,1,0,0,0,0,0,0,0,0,0,0,0,0,0,0,0,0,0,0,0,0,0,0,0,0,0,3.6253170071934738e-28,0,0,0,0,0,0,0,0,0,0,0,0,0,0,0,0,0,0,1,0,3.6253170071934738e-28,1
27200,NORMAL,2.9002536057547792e-28,1,2.9002536057547792e-28,1,0,UNKNOWN,0.20000000000000001,0,1,0,1,0,0,0,0,0,-1,-1,0,0,0,1,1,0,1,1,0,1,1,0,1,1,0,1,1,0,1,1,0,0,0,0,0,0,0,0,0,0,0,0,0,0,0,0,0,0,0,0,0,0,0,0,0,2.9002536057547792e-28,0,0,0,0,0,0,0,0,0,0,0,0,0,0,0,0,0,0,1,0,2.9002536057547792e-28,1
27300,NORMAL,2.3202028846038236e-28,1,2.3202028846038236e-28,1,0,UNKNOWN,0.20000000000000001,0,1,0,1,0,0,0,0,0,-1,-1,0,0,0,1,1,0,1,1,0,1,1,0,1,1,0,1,1,0,1,1,0,0,0,0,0,0,0,0,0,0,0,0,0,0,0,0,0,0,0,0,0,0,0,0,0,2.3202028846038236e-28,0,0,0,0,0,0,0,0,0,0,0,0,0,0,0,0,0,0,1,0,2.3202028846038236e-28,1
27400,NORMAL,1.856162307683059e-28,1,1.856162307683059e-28,1,0,UNKNOWN,0.20000000000000001,0,1,0,1,0,0,0,0,0,-1,-1,0,0,0,1,1,0,1,1,0,1,1,0,1,1,0,1,1,0,1,1,0,0,0,0,0,0,0,0,0,0,0,0,0,0,0,0,0,0,0,0,0,0,0,0,0,1.856162307683059e-28,0,0,0,0,0,0,0,0,0,0,0,0,0,0,0,0,0,0,1,0,1.856162307683059e-28,1
27500,NORMAL,1.4849298461464472e-28,1,1.4849298461464472e-28,1,0,UNKNOWN,0.20000000000000001,0,1,0,1,0,0,0,0,0,-1,-1,0,0,0,1,1,0,1,1,0,1,1,0,1,1,0,1,1,0,1,1,0,0,0,0,0,0,0,0,0,0,0,0,0,0,0,0,0,0,0,0,0,0,0,0,0,1.4849298461464472e-28,0,0,0,0,0,0,0,0,0,0,0,0,0,0,0,0,0,0,1,0,1.4849298461464472e-28,1
27600,NORMAL,1.1879438769171578e-28,1,1.1879438769171578e-28,1,0,UNKNOWN,0.20000000000000001,0,1,0,1,0,0,0,0,0,-1,-1,0,0,0,1,1,0,1,1,0,1,1,0,1,1,0,1,1,0,1,1,0,0,0,0,0,0,0,0,0,0,0,0,0,0,0,0,0,0,0,0,0,0,0,0,0,1.1879438769171578e-28,0,0,0,0,0,0,0,0,0,0,0,0,0,0,0,0,0,0,1,0,1.1879438769171578e-28,1
27700,NORMAL,9.5035510153372632e-29,1,9.5035510153372632e-29,1,0,UNKNOWN,0.20000000000000001,0,1,0,1,0,0,0,0,0,-1,-1,0,0,0,1,1,0,1,1,0,1,1,0,1,1,0,1,1,0,1,1,0,0,0,0,0,0,0,0,0,0,0,0,0,0,0,0,0,0,0,0,0,0,0,0,0,9.5035510153372632e-29,0,0,0,0,0,0,0,0,0,0,0,0,0,0,0,0,0,0,1,0,9.5035510153372632e-29,1
27800,NORMAL,7.602840812269811e-29,1,7.602840812269811e-29,1,0,UNKNOWN,0.20000000000000001,0,1,0,1,0,0,0,0,0,-1,-1,0,0,0,1,1,0,1,1,0,1,1,0,1,1,0,1,1,0,1,1,0,0,0,0,0,0,0,0,0,0,0,0,0,0,0,0,0,0,0,0,0,0,0,0,0,7.602840812269811e-29,0,0,0,0,0,0,0,0,0,0,0,0,0,0,0,0,0,0,1,0,7.602840812269811e-29,1
27900,NORMAL,6.082272649815849e-29,1,6.082272649815849e-29,1,0,UNKNOWN,0.20000000000000001,0,1,0,1,0,0,0,0,0,-1,-1,0,0,0,1,1,0,1,1,0,1,1,0,1,1,0,1,1,0,1,1,0,0,0,0,0,0,0,0,0,0,0,0,0,0,0,0,0,0,0,0,0,0,0,0,0,6.082272649815849e-29,0,0,0,0,0,0,0,0,0,0,0,0,0,0,0,0,0,0,1,0,6.082272649815849e-29,1
28000,NORMAL,4.8658181198526797e-29,1,4.8658181198526797e-29,1,0,UNKNOWN,0.20000000000000001,0,1,0,1,0,0,0,0,0,-1,-1,0,0,0,1,1,0,1,1,0,1,1,0,1,1,0,1,1,0,1,1,0,0,0,0,0,0,0,0,0,0,0,0,0,0,0,0,0,0,0,0,0,0,0,0,0,4.8658181198526797e-29,0,0,0,0,0,0,0,0,0,0,0,0,0,0,0,0,0,0,1,0,4.8658181198526797e-29,1
28100,NORMAL,3.8926544958821438e-29,1,3.8926544958821438e-29,1,0,UNKNOWN,0.20000000000000001,0,1,0,1,0,0,0,0,0,-1,-1,0,0,0,1,1,0,1,1,0,1,1,0,1,1,0,1,1,0,1,1,0,0,0,0,0,0,0,0,0,0,0,0,0,0,0,0,0,0,0,0,0,0,0,0,0,3.8926544958821438e-29,0,0,0,0,0,0,0,0,0,0,0,0,0,0,0,0,0,0,1,0,3.8926544958821438e-29,1
28200,NORMAL,3.1141235967057155e-29,1,3.1141235967057155e-29,1,0,UNKNOWN,0.20000000000000001,0,1,0,1,0,0,0,0,0,-1,-1,0,0,0,1,1,0,1,1,0,1,1,0,1,1,0,1,1,0,1,1,0,0,0,0,0,0,0,0,0,0,0,0,0,0,0,0,0,0,0,0,0,0,0,0,0,3.1141235967057155e-29,0,0,0,0,0,0,0,0,0,0,0,0,0,0,0,0,0,0,1,0,3.1141235967057155e-29,1
28300,NORMAL,2.4912988773645726e-29,1,2.4912988773645726e-29,1,0,UNKNOWN,0.20000000000000001,0,1,0,1,0,0,0,0,0,-1,-1,0,0,0,1,1,0,1,1,0,1,1,0,1,1,0,1,1,0,1,1,0,0,0,0,0,0,0,0,0,0,0,0,0,0,0,0,0,0,0,0,0,0,0,0,0,2.4912988773645726e-29,0,0,0,0,0,0,0,0,0,0,0,0,0,0,0,0,0,0,1,0,2.4912988773645726e-29,1
28400,NORMAL,1.9930391018916582e-29,1,1.9930391018916582e-29,1,0,UNKNOWN,0.20000000000000001,0,1,0,1,0,0,0,0,0,-1,-1,0,0,0,1,1,0,1,1,0,1,1,0,1,1,0,1,1,0,1,1,0,0,0,0,0,0,0,0,0,0,0,0,0,0,0,0,0,0,0,0,0,0,0,0,0,1.9930391018916582e-29,0,0,0,0,0,0,0,0,0,0,0,0,0,0,0,0,0,0,1,0,1.9930391018916582e-29,1
28500,NORMAL,1.5944312815133268e-29,1,1.5944312815133268e-29,1,0,UNKNOWN,0.20000000000000001,0,1,0,1,0,0,0,0,0,-1,-1,0,0,0,1,1,0,1,1,0,1,1,0,1,1,0,1,1,0,1,1,0,0,0,0,0,0,0,0,0,0,0,0,0,0,0,0,0,0,0,0,0,0,0,0,0,1.5944312815133268e-29,0,0,0,0,0,0,0,0,0,0,0,0,0,0,0,0,0,0,1,0,1.5944312815133268e-29,1
28600,NORMAL,1.2755450252106615e-29,1,1.2755450252106615e-29,1,0,UNKNOWN,0.20000000000000001,0,1,0,1,0,0,0,0,0,-1,-1,0,0,0,1,1,0,1,1,0,1,1,0,1,1,0,1,1,0,1,1,0,0,0,0,0,0,0,0,0,0,0,0,0,0,0,0,0,0,0,0,0,0,0,0,0,1.2755450252106615e-29,0,0,0,0,0,0,0,0,0,0,0,0,0,0,0,0,0,0,1,0,1.2755450252106615e-29,1
28700,NORMAL,1.0204360201685292e-29,1,1.0204360201685292e-29,1,0,UNKNOWN,0.20000000000000001,0,1,0,1,0,0,0,0,0,-1,-1,0,0,0,1,1,0,1,1,0,1,1,0,1,1,0,1,1,0,1,1,0,0,0,0,0,0,0,0,0,0,0,0,0,0,0,0,0,0,0,0,0,0,0,0,0,1.0204360201685292e-29,0,0,0,0,0,0,0,0,0,0,0,0,0,0,0,0,0,0,1,0,1.0204360201685292e-29,1
28800,NORMAL,8.1634881613482342e-30,1,8.1634881613482342e-30,1,0,UNKNOWN,0.20000000000000001,0,1,0,1,0,0,0,0,0,-1,-1,0,0,0,1,1,0,1,1,0,1,1,0,1,1,0,1,1,0,1,1,0,0,0,0,0,0,0,0,0,0,0,0,0,0,0,0,0,0,0,0,0,0,0,0,0,8.1634881613482342e-30,0,0,0,0,0,0,0,0,0,0,0,0,0,0,0,0,0,0,1,0,8.1634881613482342e-30,1
28900,NORMAL,6.5307905290785882e-30,1,6.5307905290785882e-30,1,0,UNKNOWN,0.20000000000000001,0,1,0,1,0,0,0,0,0,-1,-1,0,0,0,1,1,0,1,1,0,1,1,0,1,1,0,1,1,0,1,1,0,0,0,0,0,0,0,0,0,0,0,0,0,0,0,0,0,0,0,0,0,0,0,0,0,6.5307905290785882e-30,0,0,0,0,0,0,0,0,0,0,0,0,0,0,0,0,0,0,1,0,6.5307905290785882e-30,1
29000,NORMAL,5.2246324232628706e-30,1,5.2246324232628706e-30,1,0,UNKNOWN,0.20000000000000001,0,1,0,1,0,0,0,0,0,-1,-1,0,0,0,1,1,0,1,1,0,1,1,0,1,1,0,1,1,0,1,1,0,0,0,0,0,0,0,0,0,0,0,0,0,0,0,0,0,0,0,0,0,0,0,0,0,5.2246324232628706e-30,0,0,0,0,0,0,0,0,0,0,0,0,0,0,0,0,0,0,1,0,5.2246324232628706e-30,1
29100,NORMAL,4.1797059386102964e-30,1,4.1797059386102964e-30,1,0,UNKNOWN,0.20000000000000001,0,1,0,1,0,0,0,0,0,-1,-1,0,0,0,1,1,0,1,1,0,1,1,0,1,1,0,1,1,0,1,1,0,0,0,0,0,0,0,0,0,0,0,0,0,0,0,0,0,0,0,0,0,0,0,0,0,4.1797059386102964e-30,0,0,0,0,0,0,0,0,0,0,0,0,0,0,0,0,0,0,1,0,4.1797059386102964e-30,1
29200,NORMAL,3.343764750888237e-30,1,3.343764750888237e-30,1,0,UNKNOWN,0.20000000000000001,0,1,0,1,0,0,0,0,0,-1,-1,0,0,0,1,1,0,1,1,0,1,1,0,1,1,0,1,1,0,1,1,0,0,0,0,0,0,0,0,0,0,0,0,0,0,0,0,0,0,0,0,0,0,0,0,0,3.343764750888237e-30,0,0,0,0,0,0,0,0,0,0,0,0,0,0,0,0,0,0,1,0,3.343764750888237e-30,1
29300,NORMAL,2.6750118007105896e-30,1,2.6750118007105896e-30,1,0,UNKNOWN,0.20000000000000001,0,1,0,1,0,0,0,0,0,-1,-1,0,0,0,1,1,0,1,1,0,1,1,0,1,1,0,1,1,0,1,1,0,0,0,0,0,0,0,0,0,0,0,0,0,0,0,0,0,0,0,0,0,0,0,0,0,2.6750118007105896e-30,0,0,0,0,0,0,0,0,0,0,0,0,0,0,0,0,0,0,1,0,2.6750118007105896e-30,1
29400,NORMAL,2.1400094405684719e-30,1,2.1400094405684719e-30,1,0,UNKNOWN,0.20000000000000001,0,1,0,1,0,0,0,0,0,-1,-1,0,0,0,1,1,0,1,1,0,1,1,0,1,1,0,1,1,0,1,1,0,0,0,0,0,0,0,0,0,0,0,0,0,0,0,0,0,0,0,0,0,0,0,0,0,2.1400094405684719e-30,0,0,0,0,0,0,0,0,0,0,0,0,0,0,0,0,0,0,1,0,2.1400094405684719e-30,1
29500,NORMAL,1.7120075524547777e-30,1,1.7120075524547777e-30,1,0,UNKNOWN,0.20000000000000001,0,1,0,1,0,0,0,0,0,-1,-1,0,0,0,1,1,0,1,1,0,1,1,0,1,1,0,1,1,0,1,1,0,0,0,0,0,0,0,0,0,0,0,0,0,0,0,0,0,0,0,0,0,0,0,0,0,1.7120075524547777e-30,0,0,0,0,0,0,0,0,0,0,0,0,0,0,0,0,0,0,1,0,1.7120075524547777e-30,1
29600,NORMAL,1.3696060419638222e-30,1,1.3696060419638222e-30,1,0,UNKNOWN,0.20000000000000001,0,1,0,1,0,0,0,0,0,-1,-1,0,0,0,1,1,0,1,1,0,1,1,0,1,1,0,1,1,0,1,1,0,0,0,0,0,0,0,0,0,0,0,0,0,0,0,0,0,0,0,0,0,0,0,0,0,1.3696060419638222e-30,0,0,0,0,0,0,0,0,0,0,0,0,0,0,0,0,0,0,1,0,1.3696060419638222e-30,1
29700,NORMAL,1.0956848335710579e-30,1,1.0956848335710579e-30,1,0,UNKNOWN,0.20000000000000001,0,1,0,1,0,0,0,0,0,-1,-1,0,0,0,1,1,0,1,1,0,1,1,0,1,1,0,1,1,0,1,1,0,0,0,0,0,0,0,0,0,0,0,0,0,0,0,0,0,0,0,0,0,0,0,0,0,1.0956848335710579e-30,0,0,0,0,0,0,0,0,0,0,0,0,0,0,0,0,0,0,1,0,1.0956848335710579e-30,1
29800,NORMAL,8.7654786685684626e-31,1,8.7654786685684626e-31,1,0,UNKNOWN,0.20000000000000001,0,1,0,1,0,0,0,0,0,-1,-1,0,0,0,1,1,0,1,1,0,1,1,0,1,1,0,1,1,0,1,1,0,0,0,0,0,0,0,0,0,0,0,0,0,0,0,0,0,0,0,0,0,0,0,0,0,8.7654786685684626e-31,0,0,0,0,0,0,0,0,0,0,0,0,0,0,0,0,0,0,1,0,8.7654786685684626e-31,1
29900,NORMAL,7.0123829348547706e-31,1,7.0123829348547706e-31,1,0,UNKNOWN,0.20000000000000001,0,1,0,1,0,0,0,0,0,-1,-1,0,0,0,1,1,0,1,1,0,1,1,0,1,1,0,1,1,0,1,1,0,0,0,0,0,0,0,0,0,0,0,0,0,0,0,0,0,0,0,0,0,0,0,0,0,7.0123829348547706e-31,0,0,0,0,0,0,0,0,0,0,0,0,0,0,0,0,0,0,1,0,7.0123829348547706e-31,1
30000,NORMAL,5.6099063478838165e-31,1,5.6099063478838165e-31,1,0,UNKNOWN,0.20000000000000001,0,1,0,1,0,0,0,0,0,-1,-1,0,0,0,1,1,0,1,1,0,1,1,0,1,1,0,1,1,0,1,1,0,0,0,0,0,0,0,0,0,0,0,0,0,0,0,0,0,0,0,0,0,0,0,0,0,5.6099063478838165e-31,0,0,0,0,0,0,0,0,0,0,0,0,0,0,0,0,0,0,1,0,5.6099063478838165e-31,1
30100,NORMAL,4.4879250783070534e-31,1,4.4879250783070534e-31,1,0,UNKNOWN,0.20000000000000001,0,1,0,1,0,0,0,0,0,-1,-1,0,0,0,1,1,0,1,1,0,1,1,0,1,1,0,1,1,0,1,1,0,0,0,0,0,0,0,0,0,0,0,0,0,0,0,0,0,0,0,0,0,0,0,0,0,4.4879250783070534e-31,0,0,0,0,0,0,0,0,0,0,0,0,0,0,0,0,0,0,1,0,4.4879250783070534e-31,1
30200,NORMAL,3.5903400626456427e-31,1,3.5903400626456427e-31,1,0,UNKNOWN,0.20000000000000001,0,1,0,1,0,0,0,0,0,-1,-1,0,0,0,1,1,0,1,1,0,1,1,0,1,1,0,1,1,0,1,1,0,0,0,0,0,0,0,0,0,0,0,0,0,0,0,0,0,0,0,0,0,0,0,0,0,3.5903400626456427e-31,0,0,0,0,0,0,0,0,0,0,0,0,0,0,0,0,0,0,1,0,3.5903400626456427e-31,1
30300,NORMAL,2.8722720501165145e-31,1,2.8722720501165145e-31,1,0,UNKNOWN,0.20000000000000001,0,1,0,1,0,0,0,0,0,-1,-1,0,0,0,1,1,0,1,1,0,1,1,0,1,1,0,1,1,0,1,1,0,0,0,0,0,0,0,0,0,0,0,0,0,0,0,0,0,0,0,0,0,0,0,0,0,2.8722720501165145e-31,0,0,0,0,0,0,0,0,0,0,0,0,0,0,0,0,0,0,1,0,2.8722720501165145e-31,1
30400,NORMAL,2.2978176400932116e-31,1,2.2978176400932116e-31,1,0,UNKNOWN,0.20000000000000001,0,1,0,1,0,0,0,0,0,-1,-1,0,0,0,1,1,0,1,1,0,1,1,0,1,1,0,1,1,0,1,1,0,0,0,0,0,0,0,0,0,0,0,0,0,0,0,0,0,0,0,0,0,0,0,0,0,2.2978176400932116e-31,0,0,0,0,0,0,0,0,0,0,0,0,0,0,0,0,0,0,1,0,2.2978176400932116e-31,1
30500,NORMAL,1.8382541120745694e-31,1,1.8382541120745694e-31,1,0,UNKNOWN,0.20000000000000001,0,1,0,1,0,0,0,0,0,-1,-1,0,0,0,1,1,0,1,1,0,1,1,0,1,1,0,1,1,0,1,1,0,0,0,0,0,0,0,0,0,0,0,0,0,0,0,0,0,0,0,0,0,0,0,0,0,1.8382541120745694e-31,0,0,0,0,0,0,0,0,0,0,0,0,0,0,0,0,0,0,1,0,1.8382541120745694e-31,1
30600,CONFIRMED,1,1,1,0,0,TIMING,1,1,1,1,0,1.4706032896596556e-31,0,0,1,1,30600,30600,0,0,1,1,1,0,1,1,0,1,1,0,1,1,0,1,1,0,1,1,0,0,0,0,0,0,0,0,0,0,0,0,0,1.4706032896596556e-31,0,1,0,0,0,0,0,0,0,0,0,0,0,0,0,0,0,0,0,0,0,0,0,0,0,0,0,0,0,0,0,0,1,0
30700,CONFIRMED,1,1,1,0,0,TIMING,1,1,1,1,0,0,0,0,1,1,30600,30600,0,0,1,1,1,0,1,1,0,1,1,0,1,1,0,1,1,0,1,1,0,0,0,0,0,0,0,0,0,0,0,0,0,0,0,1,0,0,0,0,0,0,0,0,0,0,0,0,0,0,0,0,0,0,0,0,0,0,0,0,0,0,0,0,0,0,1,0
30800,CONFIRMED,1,1,1,0,0,TIMING,1,1,1,1,0,0,0,0,1,1,30600,30600,0,0,1,1,1,0,1,1,0,1,1,0,1,1,0,1,1,0,1,1,0,0,0,0,0,0,0,0,0,0,0,0,0,0,0,1,0,0,0,0,0,0,0,0,0,0,0,0,0,0,0,0,0,0,0,0,0,0,0,0,0,0,0,0,0,0,1,0
30900,CONFIRMED,1,1,1,0,0,TIMING,1,1,1,1,0,0,0,0,1,1,30600,30600,0,0,1,1,1,0,1,1,0,1,1,0,1,1,0,1,1,0,1,1,0,0,0,0,0,0,0,0,0,0,0,0,0,0,0,1,0,0,0,0,0,0,0,0,0,0,0,0,0,0,0,0,0,0,0,0,0,0,0,0,0,0,0,0,0,0,1,0
31000,CONFIRMED,1,1,1,0,0,TIMING,1,1,1,1,0,0,0,0,1,1,30600,30600,0,0,1,1,1,0,1,1,0,1,1,0,1,1,0,1,1,0,1,1,0,0,0,0,0,0,0,0,0,0,0,0,0,0,0,1,0,0,0,0,0,0,0,0,0,0,0,0,0,0,0,0,0,0,0,0,0,0,0,0,0,0,0,0,0,0,1,0
31100,CONFIRMED,1,1,1,0,0,TIMING,1,1,1,1,0,0,0,0,1,1,30600,30600,0,0,1,1,1,0,1,1,0,1,1,0,1,1,0,1,1,0,1,1,0,0,0,0,0,0,0,0,0,0,0,0,0,0,0,1,0,0,0,0,0,0,0,0,0,0,0,0,0,0,0,0,0,0,0,0,0,0,0,0,0,0,0,0,0,0,1,0
31200,CONFIRMED,1,1,1,0,0,TIMING,1,1,1,1,0,0,0,0,1,1,30600,30600,0,0,1,1,1,0,1,1,0,1,1,0,1,1,0,1,1,0,1,1,0,0,0,0,0,0,0,0,0,0,0,0,0,0,0,1,0,0,0,0,0,0,0,0,0,0,0,0,0,0,0,0,0,0,0,0,0,0,0,0,0,0,0,0,0,0,1,0
31300,CONFIRMED,1,1,1,0,0,TIMING,1,1,1,1,0,0,0,0,1,1,30600,30600,0,0,1,1,1,0,1,1,0,1,1,0,1,1,0,1,1,0,1,1,0,0,0,0,0,0,0,0,0,0,0,0,0,0,0,1,0,0,0,0,0,0,0,0,0,0,0,0,0,0,0,0,0,0,0,0,0,0,0,0,0,0,0,0,0,0,1,0
31400,CONFIRMED,1,1,1,0,0,TIMING,1,1,1,1,0,0,0,0,1,1,30600,30600,0,0,1,1,1,0,1,1,0,1,1,0,1,1,0,1,1,0,1,1,0,0,0,0,0,0,0,0,0,0,0,0,0,0,0,1,0,0,0,0,0,0,0,0,0,0,0,0,0,0,0,0,0,0,0,0,0,0,0,0,0,0,0,0,0,0,1,0
31500,CONFIRMED,1,1,1,0,0,TIMING,1,1,1,1,0,0,0,0,1,1,30600,30600,0,0,1,1,1,0,1,1,0,1,1,0,1,1,0,1,1,0,1,1,0,0,0,0,0,0,0,0,0,0,0,0,0,0,0,1,0,0,0,0,0,0,0,0,0,0,0,0,0,0,0,0,0,0,0,0,0,0,0,0,0,0,0,0,0,0,1,0
31600,CONFIRMED,1,1,1,0,0,TIMING,1,1,1,1,0,0,0,0,1,1,30600,30600,0,0,1,1,1,0,1,1,0,1,1,0,1,1,0,1,1,0,1,1,0,0,0,0,0,0,0,0,0,0,0,0,0,0,0,1,0,0,0,0,0,0,0,0,0,0,0,0,0,0,0,0,0,0,0,0,0,0,0,0,0,0,0,0,0,0,1,0
31700,CONFIRMED,1,1,1,0,0,TIMING,1,1,1,1,0,0,0,0,1,1,30600,30600,0,0,1,1,1,0,1,1,0,1,1,0,1,1,0,1,1,0,1,1,0,0,0,0,0,0,0,0,0,0,0,0,0,0,0,1,0,0,0,0,0,0,0,0,0,0,0,0,0,0,0,0,0,0,0,0,0,0,0,0,0,0,0,0,0,0,1,0
31800,CONFIRMED,1,1,1,0,0,TIMING,1,1,1,1,0,0,0,0,1,1,30600,30600,0,0,1,1,1,0,1,1,0,1,1,0,1,1,0,1,1,0,1,1,0,0,0,0,0,0,0,0,0,0,0,0,0,0,0,1,0,0,0,0,0,0,0,0,0,0,0,0,0,0,0,0,0,0,0,0,0,0,0,0,0,0,0,0,0,0,1,0
31900,CONFIRMED,1,1,1,0,0,TIMING,1,1,1,1,0,0,0,0,1,1,30600,30600,0,0,1,1,1,0,1,1,0,1,1,0,1,1,0,1,1,0,1,1,0,0,0,0,0,0,0,0,0,0,0,0,0,0,0,1,0,0,0,0,0,0,0,0,0,0,0,0,0,0,0,0,0,0,0,0,0,0,0,0,0,0,0,0,0,0,1,0
32000,CONFIRMED,1,1,1,0,0,TIMING,1,1,1,1,0,0,0,0,1,1,30600,30600,0,0,1,1,1,0,1,1,0,1,1,0,1,1,0,1,1,0,1,1,0,0,0,0,0,0,0,0,0,0,0,0,0,0,0,1,0,0,0,0,0,0,0,0,0,0,0,0,0,0,0,0,0,0,0,0,0,0,0,0,0,0,0,0,0,0,1,0
32100,CONFIRMED,1,1,1,0,0,TIMING,1,1,1,1,0,0,0,0,1,1,30600,30600,0,0,1,1,1,0,1,1,0,1,1,0,1,1,0,1,1,0,1,1,0,0,0,0,0,0,0,0,0,0,0,0,0,0,0,1,0,0,0,0,0,0,0,0,0,0,0,0,0,0,0,0,0,0,0,0,0,0,0,0,0,0,0,0,0,0,1,0
32200,CONFIRMED,1,1,1,0,0,TIMING,1,1,1,1,0,0,0,0,1,1,30600,30600,0,0,1,1,1,0,1,1,0,1,1,0,1,1,0,1,1,0,1,1,0,0,0,0,0,0,0,0,0,0,0,0,0,0,0,1,0,0,0,0,0,0,0,0,0,0,0,0,0,0,0,0,0,0,0,0,0,0,0,0,0,0,0,0,0,0,1,0
32300,CONFIRMED,1,1,1,0,0,TIMING,1,1,1,1,0,0,0,0,1,1,30600,30600,0,0,1,1,1,0,1,1,0,1,1,0,1,1,0,1,1,0,1,1,0,0,0,0,0,0,0,0,0,0,0,0,0,0,0,1,0,0,0,0,0,0,0,0,0,0,0,0,0,0,0,0,0,0,0,0,0,0,0,0,0,0,0,0,0,0,1,0
32400,CONFIRMED,1,1,1,0,0,TIMING,1,1,1,1,0,0,0,0,1,1,30600,30600,0,0,1,1,1,0,1,1,0,1,1,0,1,1,0,1,1,0,1,1,0,0,0,0,0,0,0,0,0,0,0,0,0,0,0,1,0,0,0,0,0,0,0,0,0,0,0,0,0,0,0,0,0,0,0,0,0,0,0,0,0,0,0,0,0,0,1,0
32500,CONFIRMED,1,1,1,0,0,TIMING,1,1,1,1,0,0,0,0,1,1,30600,30600,0,0,1,1,1,0,1,1,0,1,1,0,1,1,0,1,1,0,1,1,0,0,0,0,0,0,0,0,0,0,0,0,0,0,0,1,0,0,0,0,0,0,0,0,0,0,0,0,0,0,0,0,0,0,0,0,0,0,0,0,0,0,0,0,0,0,1,0
32600,CONFIRMED,1,1,1,0,0,TIMING,1,1,1,1,0,0,0,0,1,1,30600,30600,0,0,1,1,1,0,1,1,0,1,1,0,1,1,0,1,1,0,1,1,0,0,0,0,0,0,0,0,0,0,0,0,0,0,0,1,0,0,0,0,0,0,0,0,0,0,0,0,0,0,0,0,0,0,0,0,0,0,0,0,0,0,0,0,0,0,1,0
32700,CONFIRMED,1,1,1,0,0,TIMING,1,1,1,1,0,0,0,0,1,1,30600,30600,0,0,1,1,1,0,1,1,0,1,1,0,1,1,0,1,1,0,1,1,0,0,0,0,0,0,0,0,0,0,0,0,0,0,0,1,0,0,0,0,0,0,0,0,0,0,0,0,0,0,0,0,0,0,0,0,0,0,0,0,0,0,0,0,0,0,1,0
32800,CONFIRMED,1,1,1,0,0,TIMING,1,1,1,1,0,0,0,0,1,1,30600,30600,0,0,1,1,1,0,1,1,0,1,1,0,1,1,0,1,1,0,1,1,0,0,0,0,0,0,0,0,0,0,0,0,0,0,0,1,0,0,0,0,0,0,0,0,0,0,0,0,0,0,0,0,0,0,0,0,0,0,0,0,0,0,0,0,0,0,1,0
32900,CONFIRMED,1,1,1,0,0,TIMING,1,1,1,1,0,0,0,0,1,1,30600,30600,0,0,1,1,1,0,1,1,0,1,1,0,1,1,0,1,1,0,1,1,0,0,0,0,0,0,0,0,0,0,0,0,0,0,0,1,0,0,0,0,0,0,0,0,0,0,0,0,0,0,0,0,0,0,0,0,0,0,0,0,0,0,0,0,0,0,1,0
33000,CONFIRMED,1,1,1,0,0,TIMING,1,1,1,1,0,0,0,0,1,1,30600,30600,0,0,1,1,1,0,1,1,0,1,1,0,1,1,0,1,1,0,1,1,0,0,0,0,0,0,0,0,0,0,0,0,0,0,0,1,0,0,0,0,0,0,0,0,0,0,0,0,0,0,0,0,0,0,0,0,0,0,0,0,0,0,0,0,0,0,1,0
33100,CONFIRMED,1,1,1,0,0,TIMING,1,1,1,1,0,0,0,0,1,1,30600,30600,0,0,1,1,1,0,1,1,0,1,1,0,1,1,0,1,1,0,1,1,0,0,0,0,0,0,0,0,0,0,0,0,0,0,0,1,0,0,0,0,0,0,0,0,0,0,0,0,0,0,0,0,0,0,0,0,0,0,0,0,0,0,0,0,0,0,1,0
33200,CONFIRMED,1,1,1,0,0,TIMING,1,1,1,1,0,0,0,0,1,1,30600,30600,0,0,1,1,1,0,1,1,0,1,1,0,1,1,0,1,1,0,1,1,0,0,0,0,0,0,0,0,0,0,0,0,0,0,0,1,0,0,0,0,0,0,0,0,0,0,0,0,0,0,0,0,0,0,0,0,0,0,0,0,0,0,0,0,0,0,1,0
33300,CONFIRMED,1,1,1,0,0,TIMING,1,1,1,1,0,0,0,0,1,1,30600,30600,0,0,1,1,1,0,1,1,0,1,1,0,1,1,0,1,1,0,1,1,0,0,0,0,0,0,0,0,0,0,0,0,0,0,0,1,0,0,0,0,0,0,0,0,0,0,0,0,0,0,0,0,0,0,0,0,0,0,0,0,0,0,0,0,0,0,1,0
33400,CONFIRMED,1,1,1,0,0,TIMING,1,1,1,1,0,0,0,0,1,1,30600,30600,0,0,1,1,1,0,1,1,0,1,1,0,1,1,0,1,1,0,1,1,0,0,0,0,0,0,0,0,0,0,0,0,0,0,0,1,0,0,0,0,0,0,0,0,0,0,0,0,0,0,0,0,0,0,0,0,0,0,0,0,0,0,0,0,0,0,1,0
33500,CONFIRMED,1,1,1,0,0,TIMING,1,1,1,1,0,0,0,0,1,1,30600,30600,0,0,1,1,1,0,1,1,0,1,1,0,1,1,0,1,1,0,1,1,0,0,0,0,0,0,0,0,0,0,0,0,0,0,0,1,0,0,0,0,0,0,0,0,0,0,0,0,0,0,0,0,0,0,0,0,0,0,0,0,0,0,0,0,0,0,1,0
33600,CONFIRMED,1,1,1,0,0,TIMING,1,1,1,1,0,0,0,0,1,1,30600,30600,0,0,1,1,1,0,1,1,0,1,1,0,1,1,0,1,1,0,1,1,0,0,0,0,0,0,0,0,0,0,0,0,0,0,0,1,0,0,0,0,0,0,0,0,0,0,0,0,0,0,0,0,0,0,0,0,0,0,0,0,0,0,0,0,0,0,1,0
33700,CONFIRMED,1,1,1,0,0,TIMING,1,1,1,1,0,0,0,0,1,1,30600,30600,0,0,1,1,1,0,1,1,0,1,1,0,1,1,0,1,1,0,1,1,0,0,0,0,0,0,0,0,0,0,0,0,0,0,0,1,0,0,0,0,0,0,0,0,0,0,0,0,0,0,0,0,0,0,0,0,0,0,0,0,0,0,0,0,0,0,1,0
33800,CONFIRMED,1,1,1,0,0,TIMING,1,1,1,1,0,0,0,0,1,1,30600,30600,0,0,1,1,1,0,1,1,0,1,1,0,1,1,0,1,1,0,1,1,0,0,0,0,0,0,0,0,0,0,0,0,0,0,0,1,0,0,0,0,0,0,0,0,0,0,0,0,0,0,0,0,0,0,0,0,0,0,0,0,0,0,0,0,0,0,1,0
33900,CONFIRMED,1,1,1,0,0,TIMING,1,1,1,1,0,0,0,0,1,1,30600,30600,0,0,1,1,1,0,1,1,0,1,1,0,1,1,0,1,1,0,1,1,0,0,0,0,0,0,0,0,0,0,0,0,0,0,0,1,0,0,0,0,0,0,0,0,0,0,0,0,0,0,0,0,0,0,0,0,0,0,0,0,0,0,0,0,0,0,1,0
34000,CONFIRMED,1,1,1,0,0,TIMING,1,1,1,1,0,0,0,0,1,1,30600,30600,0,0,1,1,1,0,1,1,0,1,1,0,1,1,0,1,1,0,1,1,0,0,0,0,0,0,0,0,0,0,0,0,0,0,0,1,0,0,0,0,0,0,0,0,0,0,0,0,0,0,0,0,0,0,0,0,0,0,0,0,0,0,0,0,0,0,1,0
34100,CONFIRMED,1,1,1,0,0,TIMING,1,1,1,1,0,0,0,0,1,1,30600,30600,0,0,1,1,1,0,1,1,0,1,1,0,1,1,0,1,1,0,1,1,0,0,0,0,0,0,0,0,0,0,0,0,0,0,0,1,0,0,0,0,0,0,0,0,0,0,0,0,0,0,0,0,0,0,0,0,0,0,0,0,0,0,0,0,0,0,1,0
34200,CONFIRMED,1,1,1,0,0,TIMING,1,1,1,1,0,0,0,0,1,1,30600,30600,0,0,1,1,1,0,1,1,0,1,1,0,1,1,0,1,1,0,1,1,0,0,0,0,0,0,0,0,0,0,0,0,0,0,0,1,0,0,0,0,0,0,0,0,0,0,0,0,0,0,0,0,0,0,0,0,0,0,0,0,0,0,0,0,0,0,1,0
34300,CONFIRMED,1,1,1,0,0,TIMING,1,1,1,1,0,0,0,0,1,1,30600,30600,0,0,1,1,1,0,1,1,0,1,1,0,1,1,0,1,1,0,1,1,0,0,0,0,0,0,0,0,0,0,0,0,0,0,0,1,0,0,0,0,0,0,0,0,0,0,0,0,0,0,0,0,0,0,0,0,0,0,0,0,0,0,0,0,0,0,1,0
34400,CONFIRMED,1,1,1,0,0,TIMING,1,1,1,1,0,0,0,0,1,1,30600,30600,0,0,1,1,1,0,1,1,0,1,1,0,1,1,0,1,1,0,1,1,0,0,0,0,0,0,0,0,0,0,0,0,0,0,0,1,0,0,0,0,0,0,0,0,0,0,0,0,0,0,0,0,0,0,0,0,0,0,0,0,0,0,0,0,0,0,1,0
34500,CONFIRMED,1,1,1,0,0,TIMING,1,1,1,1,0,0,0,0,1,1,30600,30600,0,0,1,1,1,0,1,1,0,1,1,0,1,1,0,1,1,0,1,1,0,0,0,0,0,0,0,0,0,0,0,0,0,0,0,1,0,0,0,0,0,0,0,0,0,0,0,0,0,0,0,0,0,0,0,0,0,0,0,0,0,0,0,0,0,0,1,0
34600,CONFIRMED,1,1,1,0,0,TIMING,1,1,1,1,0,0,0,0,1,1,30600,30600,0,0,1,1,1,0,1,1,0,1,1,0,1,1,0,1,1,0,1,1,0,0,0,0,0,0,0,0,0,0,0,0,0,0,0,1,0,0,0,0,0,0,0,0,0,0,0,0,0,0,0,0,0,0,0,0,0,0,0,0,0,0,0,0,0,0,1,0
34700,CONFIRMED,1,1,1,0,0,TIMING,1,1,1,1,0,0,0,0,1,1,30600,30600,0,0,1,1,1,0,1,1,0,1,1,0,1,1,0,1,1,0,1,1,0,0,0,0,0,0,0,0,0,0,0,0,0,0,0,1,0,0,0,0,0,0,0,0,0,0,0,0,0,0,0,0,0,0,0,0,0,0,0,0,0,0,0,0,0,0,1,0
34800,CONFIRMED,1,1,1,0,0,TIMING,1,1,1,1,0,0,0,0,1,1,30600,30600,0,0,1,1,1,0,1,1,0,1,1,0,1,1,0,1,1,0,1,1,0,0,0,0,0,0,0,0,0,0,0,0,0,0,0,1,0,0,0,0,0,0,0,0,0,0,0,0,0,0,0,0,0,0,0,0,0,0,0,0,0,0,0,0,0,0,1,0
34900,CONFIRMED,1,1,1,0,0,TIMING,1,1,1,1,0,0,0,0,1,1,30600,30600,0,0,1,1,1,0,1,1,0,1,1,0,1,1,0,1,1,0,1,1,0,0,0,0,0,0,0,0,0,0,0,0,0,0,0,1,0,0,0,0,0,0,0,0,0,0,0,0,0,0,0,0,0,0,0,0,0,0,0,0,0,0,0,0,0,0,1,0
35000,CONFIRMED,1,1,1,0,0,TIMING,1,1,1,1,0,0,0,0,1,1,30600,30600,0,0,1,1,1,0,1,1,0,1,1,0,1,1,0,1,1,0,1,1,0,0,0,0,0,0,0,0,0,0,0,0,0,0,0,1,0,0,0,0,0,0,0,0,0,0,0,0,0,0,0,0,0,0,0,0,0,0,0,0,0,0,0,0,0,0,1,0
35100,CONFIRMED,1,1,1,0,0,TIMING,1,1,1,1,0,0,0,0,1,1,30600,30600,0,0,1,1,1,0,1,1,0,1,1,0,1,1,0,1,1,0,1,1,0,0,0,0,0,0,0,0,0,0,0,0,0,0,0,1,0,0,0,0,0,0,0,0,0,0,0,0,0,0,0,0,0,0,0,0,0,0,0,0,0,0,0,0,0,0,1,0
35200,CONFIRMED,1,1,1,0,0,TIMING,1,1,1,1,0,0,0,0,1,1,30600,30600,0,0,1,1,1,0,1,1,0,1,1,0,1,1,0,1,1,0,1,1,0,0,0,0,0,0,0,0,0,0,0,0,0,0,0,1,0,0,0,0,0,0,0,0,0,0,0,0,0,0,0,0,0,0,0,0,0,0,0,0,0,0,0,0,0,0,1,0
35300,CONFIRMED,1,1,1,0,0,TIMING,1,1,1,1,0,0,0,0,1,1,30600,30600,0,0,1,1,1,0,1,1,0,1,1,0,1,1,0,1,1,0,1,1,0,0,0,0,0,0,0,0,0,0,0,0,0,0,0,1,0,0,0,0,0,0,0,0,0,0,0,0,0,0,0,0,0,0,0,0,0,0,0,0,0,0,0,0,0,0,1,0
35400,CONFIRMED,1,1,1,0,0,TIMING,1,1,1,1,0,0,0,0,1,1,30600,30600,0,0,1,1,1,0,1,1,0,1,1,0,1,1,0,1,1,0,1,1,0,0,0,0,0,0,0,0,0,0,0,0,0,0,0,1,0,0,0,0,0,0,0,0,0,0,0,0,0,0,0,0,0,0,0,0,0,0,0,0,0,0,0,0,0,0,1,0
35500,CONFIRMED,0.80000000000000004,1,0.80000000000000004,0.19999999999999996,0,TIMING,0.84000000000000008,0.80000000000000004,1,0.80000000000000004,0.19999999999999996,0,0,0,1,1,30600,30600,0,0,0,1,1,0,1,1,0,1,1,0,1,1,0,1,1,0,1,1,0,0,0,0,0,0,0,0,0,0,0,0,0,0,0,0.80000000000000004,0,0,0,0,0,0,0,0,0,0,0,0,0,0,0,0,0,0,0,0,0,0,0,0,0,0,0,0,0.19999999999999996,0,0.80000000000000004,0.19999999999999996
35600,CONFIRMED,0.64000000000000012,1,0.64000000000000012,0.35999999999999993,0,TIMING,0.71200000000000008,0.64000000000000012,1,0.64000000000000012,0.35999999999999993,0,0,0,1,1,30600,30600,0,0,0,1,1,0,1,1,0,1,1,0,1,1,0,1,1,0,1,1,0,0,0,0,0,0,0,0,0,0,0,0,0,0,0,0.64000000000000012,0,0,0,0,0,0,0,0,0,0,0,0,0,0,0,0,0,0,0,0,0,0,0,0,0,0,0,0,0.35999999999999993,0,0.64000000000000012,0.35999999999999993
35700,CONFIRMED,0.51200000000000012,1,0.51200000000000012,0.48799999999999993,0,TIMING,0.60960000000000014,0.51200000000000012,1,0.51200000000000012,0.48799999999999993,0,0,0,1,1,30600,30600,0,0,0,1,1,0,1,1,0,1,1,0,1,1,0,1,1,0,1,1,0,0,0,0,0,0,0,0,0,0,0,0,0,0,0,0.51200000000000012,0,0,0,0,0,0,0,0,0,0,0,0,0,0,0,0,0,0,0,0,0,0,0,0,0,0,0,0,0.48799999999999993,0,0.51200000000000012,0.48799999999999993
35800,SUSPECT,0.40960000000000013,1,0.40960000000000013,0.59039999999999992,0,UNKNOWN,0.52768000000000015,0.40960000000000013,1,0.40960000000000019,0.59039999999999992,0,0,0,0,0,30600,30600,0,0,0,1,1,0,1,1,0,1,1,0,1,1,0,1,1,0,1,1,0,0,0,0,0,0,0,0,0,0,0,0,0,0,0,0.40960000000000013,0,0,0,0,0,0,0,0,0,0,0,0,0,0,0,0,0,0,0,0,0,0,0,0,0,0,0,0,0.59039999999999992,0,0.40960000000000013,0.59039999999999992
35900,NORMAL,0.32768000000000014,1,0.32768000000000014,0.67231999999999992,0,UNKNOWN,0.46214400000000011,0.32768000000000014,1,0.32768000000000014,0.67231999999999992,0,0,0,0,0,30600,30600,0,0,0,1,1,0,1,1,0,1,1,0,1,1,0,1,1,0,1,1,0,0,0,0,0,0,0,0,0,0,0,0,0,0,0,0.32768000000000014,0,0,0,0,0,0,0,0,0,0,0,0,0,0,0,0,0,0,0,0,0,0,0,0,0,0,0,0,0.67231999999999992,0,0.32768000000000014,0.67231999999999992
36000,NORMAL,0.2621440000000001,1,0.2621440000000001,0.73785599999999996,0,UNKNOWN,0.40971520000000006,0.2621440000000001,1,0.26214400000000004,0.73785599999999996,0,0,0,0,0,30600,30600,0,0,0,1,1,0,1,1,0,1,1,0,1,1,0,1,1,0,1,1,0,0,0,0,0,0,0,0,0,0,0,0,0,0,0,0.2621440000000001,0,0,0,0,0,0,0,0,0,0,0,0,0,0,0,0,0,0,0,0,0,0,0,0,0,0,0,0,0.73785599999999996,0,0.2621440000000001,0.73785599999999996
36100,NORMAL,0.2097152000000001,1,0.2097152000000001,0.7902847999999999,0,UNKNOWN,0.36777216000000007,0.2097152000000001,1,0.2097152000000001,0.7902847999999999,0,0,0,0,0,30600,30600,0,0,0,1,1,0,1,1,0,1,1,0,1,1,0,1,1,0,1,1,0,0,0,0,0,0,0,0,0,0,0,0,0,0,0,0.2097152000000001,0,0,0,0,0,0,0,0,0,0,0,0,0,0,0,0,0,0,0,0,0,0,0,0,0,0,0,0,0.7902847999999999,0,0.2097152000000001,0.7902847999999999
36200,NORMAL,0.16777216000000009,1,0.16777216000000009,0.83222783999999994,0,UNKNOWN,0.33421772800000005,0.16777216000000009,1,0.16777216000000006,0.83222783999999994,0,0,0,0,0,30600,30600,0,0,0,1,1,0,1,1,0,1,1,0,1,1,0,1,1,0,1,1,0,0,0,0,0,0,0,0,0,0,0,0,0,0,0,0.16777216000000009,0,0,0,0,0,0,0,0,0,0,0,0,0,0,0,0,0,0,0,0,0,0,0,0,0,0,0,0,0.83222783999999994,0,0.16777216000000009,0.83222783999999994
36300,NORMAL,0.13421772800000006,1,0.13421772800000006,0.86578227199999991,0,UNKNOWN,0.30737418240000003,0.13421772800000006,1,0.13421772800000004,0.86578227199999991,0,0,0,0,0,30600,30600,0,0,0,1,1,0,1,1,0,1,1,0,1,1,0,1,1,0,1,1,0,0,0,0,0,0,0,0,0,0,0,0,0,0,0,0.13421772800000006,0,0,0,0,0,0,0,0,0,0,0,0,0,0,0,0,0,0,0,0,0,0,0,0,0,0,0,0,0.86578227199999991,0,0.13421772800000006,0.86578227199999991
36400,NORMAL,0.10737418240000006,1,0.10737418240000006,0.89262581759999993,0,UNKNOWN,0.28589934592000005,0.10737418240000006,1,0.10737418240000007,0.89262581759999993,0,0,0,0,0,30600,30600,0,0,0,1,1,0,1,1,0,1,1,0,1,1,0,1,1,0,1,1,0,0,0,0,0,0,0,0,0,0,0,0,0,0,0,0.10737418240000006,0,0,0,0,0,0,0,0,0,0,0,0,0,0,0,0,0,0,0,0,0,0,0,0,0,0,0,0,0.89262581759999993,0,0.10737418240000006,0.89262581759999993
36500,NORMAL,0.08589934592000005,1,0.08589934592000005,0.91410065407999996,0,UNKNOWN,0.26871947673600005,0.08589934592000005,1,0.085899345920000064,0.91410065407999996,0,0,0,0,0,30600,30600,0,0,0,1,1,0,1,1,0,1,1,0,1,1,0,1,1,0,1,1,0,0,0,0,0,0,0,0,0,0,0,0,0,0,0,0.08589934592000005,0,0,0,0,0,0,0,0,0,0,0,0,0,0,0,0,0,0,0,0,0,0,0,0,0,0,0,0,0.91410065407999996,0,0.08589934592000005,0.91410065407999996
36600,NORMAL,0.06871947673600004,1,0.06871947673600004,0.93128052326400002,0,UNKNOWN,0.25497558138880005,0.06871947673600004,1,0.06871947673600004,0.93128052326400002,0,0,0,0,0,30600,30600,0,0,0,1,1,0,1,1,0,1,1,0,1,1,0,1,1,0,1,1,0,0,0,0,0,0,0,0,0,0,0,0,0,0,0,0.06871947673600004,0,0,0,0,0,0,0,0,0,0,0,0,0,0,0,0,0,0,0,0,0,0,0,0,0,0,0,0,0.93128052326400002,0,0.06871947673600004,0.93128052326400002
36700,NORMAL,0.054975581388800036,1,0.054975581388800036,0.94502441861120001,0,UNKNOWN,0.24398046511104005,0.054975581388800036,1,0.054975581388800043,0.94502441861120001,0,0,0,0,0,30600,30600,0,0,0,1,1,0,1,1,0,1,1,0,1,1,0,1,1,0,1,1,0,0,0,0,0,0,0,0,0,0,0,0,0,0,0,0.054975581388800036,0,0,0,0,0,0,0,0,0,0,0,0,0,0,0,0,0,0,0,0,0,0,0,0,0,0,0,0,0.94502441861120001,0,0.054975581388800036,0.94502441861120001
36800,NORMAL,0.043980465111040035,1,0.043980465111040035,0.95601953488895997,0,UNKNOWN,0.23518437208883203,0.043980465111040035,1,0.043980465111040035,0.95601953488895997,0,0,0,0,0,30600,30600,0,0,0,1,1,0,1,1,0,1,1,0,1,1,0,1,1,0,1,1,0,0,0,0,0,0,0,0,0,0,0,0,0,0,0,0.043980465111040035,0,0,0,0,0,0,0,0,0,0,0,0,0,0,0,0,0,0,0,0,0,0,0,0,0,0,0,0,0.95601953488895997,0,0.043980465111040035,0.95601953488895997
36900,NORMAL,0.03518437208883203,1,0.03518437208883203,0.96481562791116793,0,UNKNOWN,0.22814749767106562,0.03518437208883203,1,0.035184372088832044,0.96481562791116793,0,0,0,0,0,30600,30600,0,0,0,1,1,0,1,1,0,1,1,0,1,1,0,1,1,0,1,1,0,0,0,0,0,0,0,0,0,0,0,0,0,0,0,0.03518437208883203,0,0,0,0,0,0,0,0,0,0,0,0,0,0,0,0,0,0,0,0,0,0,0,0,0,0,0,0,0.96481562791116793,0,0.03518437208883203,0.96481562791116793
37000,NORMAL,0.028147497671065627,1,0.028147497671065627,0.97185250232893439,0,UNKNOWN,0.22251799813685252,0.028147497671065627,1,0.028147497671065641,0.97185250232893439,0,0,0,0,0,30600,30600,0,0,0,1,1,0,1,1,0,1,1,0,1,1,0,1,1,0,1,1,0,0,0,0,0,0,0,0,0,0,0,0,0,0,0,0.028147497671065627,0,0,0,0,0,0,0,0,0,0,0,0,0,0,0,0,0,0,0,0,0,0,0,0,0,0,0,0,0.97185250232893439,0,0.028147497671065627,0.97185250232893439
37100,NORMAL,0.022517998136852502,1,0.022517998136852502,0.97748200186314749,0,UNKNOWN,0.21801439850948201,0.022517998136852502,1,0.022517998136852513,0.97748200186314749,0,0,0,0,0,30600,30600,0,0,0,1,1,0,1,1,0,1,1,0,1,1,0,1,1,0,1,1,0,0,0,0,0,0,0,0,0,0,0,0,0,0,0,0.022517998136852502,0,0,0,0,0,0,0,0,0,0,0,0,0,0,0,0,0,0,0,0,0,0,0,0,0,0,0,0,0.97748200186314749,0,0.022517998136852502,0.97748200186314749
37200,NORMAL,0.018014398509482003,1,0.018014398509482003,0.98198560149051795,0,UNKNOWN,0.21441151880758558,0.018014398509482003,1,0.018014398509481999,0.98198560149051795,0,0,0,0,0,30600,30600,0,0,0,1,1,0,1,1,0,1,1,0,1,1,0,1,1,0,1,1,0,0,0,0,0,0,0,0,0,0,0,0,0,0,0,0.018014398509482003,0,0,0,0,0,0,0,0,0,0,0,0,0,0,0,0,0,0,0,0,0,0,0,0,0,0,0,0,0.98198560149051795,0,0.018014398509482003,0.98198560149051795
37300,NORMAL,0.014411518807585602,1,0.014411518807585602,0.98558848119241438,0,UNKNOWN,0.21152921504606848,0.014411518807585602,1,0.014411518807585594,0.98558848119241438,0,0,0,0,0,30600,30600,0,0,0,1,1,0,1,1,0,1,1,0,1,1,0,1,1,0,1,1,0,0,0,0,0,0,0,0,0,0,0,0,0,0,0,0.014411518807585602,0,0,0,0,0,0,0,0,0,0,0,0,0,0,0,0,0,0,0,0,0,0,0,0,0,0,0,0,0.98558848119241438,0,0.014411518807585602,0.98558848119241438
37400,NORMAL,0.011529215046068483,1,0.011529215046068483,0.98847078495393148,0,UNKNOWN,0.20922337203685479,0.011529215046068483,1,0.011529215046068492,0.98847078495393148,0,0,0,0,0,30600,30600,0,0,0,1,1,0,1,1,0,1,1,0,1,1,0,1,1,0,1,1,0,0,0,0,0,0,0,0,0,0,0,0,0,0,0,0.011529215046068483,0,0,0,0,0,0,0,0,0,0,0,0,0,0,0,0,0,0,0,0,0,0,0,0,0,0,0,0,0.98847078495393148,0,0.011529215046068483,0.98847078495393148
37500,NORMAL,0.0092233720368547888,1,0.0092233720368547888,0.99077662796314525,0,UNKNOWN,0.20737869762948383,0.0092233720368547888,1,0.0092233720368547767,0.99077662796314525,0,0,0,0,0,30600,30600,0,0,0,1,1,0,1,1,0,1,1,0,1,1,0,1,1,0,1,1,0,0,0,0,0,0,0,0,0,0,0,0,0,0,0,0.0092233720368547888,0,0,0,0,0,0,0,0,0,0,0,0,0,0,0,0,0,0,0,0,0,0,0,0,0,0,0,0,0.99077662796314525,0,0.0092233720368547888,0.99077662796314525
37600,NORMAL,0.0073786976294838314,1,0.0073786976294838314,0.99262130237051616,0,UNKNOWN,0.20590295810358708,0.0073786976294838314,1,0.0073786976294838436,0.99262130237051616,0,0,0,0,0,30600,30600,0,0,0,1,1,0,1,1,0,1,1,0,1,1,0,1,1,0,1,1,0,0,0,0,0,0,0,0,0,0,0,0,0,0,0,0.0073786976294838314,0,0,0,0,0,0,0,0,0,0,0,0,0,0,0,0,0,0,0,0,0,0,0,0,0,0,0,0,0.99262130237051616,0,0.0073786976294838314,0.99262130237051616
37700,NORMAL,0.0059029581035870658,1,0.0059029581035870658,0.9940970418964129,0,UNKNOWN,0.20472236648286965,0.0059029581035870658,1,0.0059029581035870693,0.9940970418964129,0,0,0,0,0,30600,30600,0,0,0,1,1,0,1,1,0,1,1,0,1,1,0,1,1,0,1,1,0,0,0,0,0,0,0,0,0,0,0,0,0,0,0,0.0059029581035870658,0,0,0,0,0,0,0,0,0,0,0,0,0,0,0,0,0,0,0,0,0,0,0,0,0,0,0,0,0.9940970418964129,0,0.0059029581035870658,0.9940970418964129
37800,NORMAL,0.0047223664828696535,1,0.0047223664828696535,0.99527763351713039,0,UNKNOWN,0.20377789318629574,0.0047223664828696535,1,0.0047223664828696665,0.99527763351713039,0,0,0,0,0,30600,30600,0,0,0,1,1,0,1,1,0,1,1,0,1,1,0,1,1,0,1,1,0,0,0,0,0,0,0,0,0,0,0,0,0,0,0,0.0047223664828696535,0,0,0,0,0,0,0,0,0,0,0,0,0,0,0,0,0,0,0,0,0,0,0,0,0,0,0,0,0.99527763351713039,0,0.0047223664828696535,0.99527763351713039
37900,NORMAL,0.0037778931862957228,1,0.0037778931862957228,0.99622210681370427,0,UNKNOWN,0.20302231454903658,0.0037778931862957228,1,0.0037778931862957332,0.99622210681370427,0,0,0,0,0,30600,30600,0,0,0,1,1,0,1,1,0,1,1,0,1,1,0,1,1,0,1,1,0,0,0,0,0,0,0,0,0,0,0,0,0,0,0,0.0037778931862957228,0,0,0,0,0,0,0,0,0,0,0,0,0,0,0,0,0,0,0,0,0,0,0,0,0,0,0,0,0.99622210681370427,0,0.0037778931862957228,0.99622210681370427
38000,NORMAL,0.0030223145490365783,1,0.0030223145490365783,0.99697768545096344,0,UNKNOWN,0.20241785163922926,0.0030223145490365783,1,0.0030223145490365644,0.99697768545096344,0,0,0,0,0,30600,30600,0,0,0,1,1,0,1,1,0,1,1,0,1,1,0,1,1,0,1,1,0,0,0,0,0,0,0,0,0,0,0,0,0,0,0,0.0030223145490365783,0,0,0,0,0,0,0,0,0,0,0,0,0,0,0,0,0,0,0,0,0,0,0,0,0,0,0,0,0.99697768545096344,0,0.0030223145490365783,0.99697768545096344
38100,NORMAL,0.0024178516392292628,1,0.0024178516392292628,0.99758214836077075,0,UNKNOWN,0.20193428131138341,0.0024178516392292628,1,0.0024178516392292515,0.99758214836077075,0,0,0,0,0,30600,30600,0,0,0,1,1,0,1,1,0,1,1,0,1,1,0,1,1,0,1,1,0,0,0,0,0,0,0,0,0,0,0,0,0,0,0,0.0024178516392292628,0,0,0,0,0,0,0,0,0,0,0,0,0,0,0,0,0,0,0,0,0,0,0,0,0,0,0,0,0.99758214836077075,0,0.0024178516392292628,0.99758214836077075
38200,NORMAL,0.0019342813113834103,1,0.0019342813113834103,0.9980657186886166,0,UNKNOWN,0.20154742504910672,0.0019342813113834103,1,0.0019342813113834012,0.9980657186886166,0,0,0,0,0,30600,30600,0,0,0,1,1,0,1,1,0,1,1,0,1,1,0,1,1,0,1,1,0,0,0,0,0,0,0,0,0,0,0,0,0,0,0,0.0019342813113834103,0,0,0,0,0,0,0,0,0,0,0,0,0,0,0,0,0,0,0,0,0,0,0,0,0,0,0,0,0.9980657186886166,0,0.0019342813113834103,0.9980657186886166
38300,NORMAL,0.0015474250491067283,1,0.0015474250491067283,0.99845257495089323,0,UNKNOWN,0.20123794003928538,0.0015474250491067283,1,0.0015474250491067376,0.99845257495089323,0,0,0,0,0,30600,30600,0,0,0,1,1,0,1,1,0,1,1,0,1,1,0,1,1,0,1,1,0,0,0,0,0,0,0,0,0,0,0,0,0,0,0,0.0015474250491067283,0,0,0,0,0,0,0,0,0,0,0,0,0,0,0,0,0,0,0,0,0,0,0,0,0,0,0,0,0.99845257495089323,0,0.0015474250491067283,0.99845257495089323
38400,NORMAL,0.001237940039285383,1,0.001237940039285383,0.99876205996071465,0,UNKNOWN,0.20099035203142832,0.001237940039285383,1,0.0012379400392853734,0.99876205996071465,0,0,0,0,0,30600,30600,0,0,0,1,1,0,1,1,0,1,1,0,1,1,0,1,1,0,1,1,0,0,0,0,0,0,0,0,0,0,0,0,0,0,0,0.001237940039285383,0,0,0,0,0,0,0,0,0,0,0,0,0,0,0,0,0,0,0,0,0,0,0,0,0,0,0,0,0.99876205996071465,0,0.001237940039285383,0.99876205996071465
38500,NORMAL,0.00099035203142830647,1,0.00099035203142830647,0.99900964796857172,0,UNKNOWN,0.20079228162514265,0.00099035203142830647,1,0.0009903520314283043,0.99900964796857172,0,0,0,0,0,30600,30600,0,0,0,1,1,0,1,1,0,1,1,0,1,1,0,1,1,0,1,1,0,0,0,0,0,0,0,0,0,0,0,0,0,0,0,0.00099035203142830647,0,0,0,0,0,0,0,0,0,0,0,0,0,0,0,0,0,0,0,0,0,0,0,0,0,0,0,0,0.99900964796857172,0,0.00099035203142830647,0.99900964796857172
38600,NORMAL,0.00079228162514264526,1,0.00079228162514264526,0.99920771837485733,0,UNKNOWN,0.20063382530011412,0.00079228162514264526,1,0.00079228162514263789,0.99920771837485733,0,0,0,0,0,30600,30600,0,0,0,1,1,0,1,1,0,1,1,0,1,1,0,1,1,0,1,1,0,0,0,0,0,0,0,0,0,0,0,0,0,0,0,0.00079228162514264526,0,0,0,0,0,0,0,0,0,0,0,0,0,0,0,0,0,0,0,0,0,0,0,0,0,0,0,0,0.99920771837485733,0,0.00079228162514264526,0.99920771837485733
38700,NORMAL,0.00063382530011411625,1,0.00063382530011411625,0.99936617469988587,0,UNKNOWN,0.20050706024009127,0.00063382530011411625,1,0.00063382530011410476,0.99936617469988587,0,0,0,0,0,30600,30600,0,0,0,1,1,0,1,1,0,1,1,0,1,1,0,1,1,0,1,1,0,0,0,0,0,0,0,0,0,0,0,0,0,0,0,0.00063382530011411625,0,0,0,0,0,0,0,0,0,0,0,0,0,0,0,0,0,0,0,0,0,0,0,0,0,0,0,0,0.99936617469988587,0,0.00063382530011411625,0.99936617469988587
38800,NORMAL,0.00050706024009129302,1,0.00050706024009129302,0.99949293975990872,0,UNKNOWN,0.20040564819207302,0.00050706024009129302,1,0.00050706024009128381,0.99949293975990872,0,0,0,0,0,30600,30600,0,0,0,1,1,0,1,1,0,1,1,0,1,1,0,1,1,0,1,1,0,0,0,0,0,0,0,0,0,0,0,0,0,0,0,0.00050706024009129302,0,0,0,0,0,0,0,0,0,0,0,0,0,0,0,0,0,0,0,0,0,0,0,0,0,0,0,0,0.99949293975990872,0,0.00050706024009129302,0.99949293975990872
38900,NORMAL,0.00040564819207303444,1,0.00040564819207303444,0.999594351807927,0,UNKNOWN,0.20032451855365843,0.00040564819207303444,1,0.0004056481920730326,0.999594351807927,0,0,0,0,0,30600,30600,0,0,0,1,1,0,1,1,0,1,1,0,1,1,0,1,1,0,1,1,0,0,0,0,0,0,0,0,0,0,0,0,0,0,0,0.00040564819207303444,0,0,0,0,0,0,0,0,0,0,0,0,0,0,0,0,0,0,0,0,0,0,0,0,0,0,0,0,0.999594351807927,0,0.00040564819207303444,0.999594351807927
39000,NORMAL,0.00032451855365842758,1,0.00032451855365842758,0.99967548144634155,0,UNKNOWN,0.20025961484292673,0.00032451855365842758,1,0.00032451855365842053,0.99967548144634155,0,0,0,0,0,30600,30600,0,0,0,1,1,0,1,1,0,1,1,0,1,1,0,1,1,0,1,1,0,0,0,0,0,0,0,0,0,0,0,0,0,0,0,0.00032451855365842758,0,0,0,0,0,0,0,0,0,0,0,0,0,0,0,0,0,0,0,0,0,0,0,0,0,0,0,0,0.99967548144634155,0,0.00032451855365842758,0.99967548144634155
39100,NORMAL,0.0002596148429267421,1,0.0002596148429267421,0.99974038515707331,0,UNKNOWN,0.2002076918743414,0.0002596148429267421,1,0.00025961484292674752,0.99974038515707331,0,0,0,0,0,30600,30600,0,0,0,1,1,0,1,1,0,1,1,0,1,1,0,1,1,0,1,1,0,0,0,0,0,0,0,0,0,0,0,0,0,0,0,0.0002596148429267421,0,0,0,0,0,0,0,0,0,0,0,0,0,0,0,0,0,0,0,0,0,0,0,0,0,0,0,0,0.99974038515707331,0,0.0002596148429267421,0.99974038515707331
39200,NORMAL,0.00020769187434139369,1,0.00020769187434139369,0.99979230812565867,0,UNKNOWN,0.20016615349947312,0.00020769187434139369,1,0.00020769187434138692,0.99979230812565867,0,0,0,0,0,30600,30600,0,0,0,1,1,0,1,1,0,1,1,0,1,1,0,1,1,0,1,1,0,0,0,0,0,0,0,0,0,0,0,0,0,0,0,0.00020769187434139369,0,0,0,0,0,0,0,0,0,0,0,0,0,0,0,0,0,0,0,0,0,0,0,0,0,0,0,0,0.99979230812565867,0,0.00020769187434139369,0.99979230812565867
39300,NORMAL,0.00016615349947311496,1,0.00016615349947311496,0.99983384650052698,0,UNKNOWN,0.20013292279957851,0.00016615349947311496,1,0.00016615349947310398,0.99983384650052698,0,0,0,0,0,30600,30600,0,0,0,1,1,0,1,1,0,1,1,0,1,1,0,1,1,0,1,1,0,0,0,0,0,0,0,0,0,0,0,0,0,0,0,0.00016615349947311496,0,0,0,0,0,0,0,0,0,0,0,0,0,0,0,0,0,0,0,0,0,0,0,0,0,0,0,0,0.99983384650052698,0,0.00016615349947311496,0.99983384650052698
39400,NORMAL,0.00013292279957849198,1,0.00013292279957849198,0.99986707720042156,0,UNKNOWN,0.20010633823966281,0.00013292279957849198,1,0.00013292279957849429,0.99986707720042156,0,0,0,0,0,30600,30600,0,0,0,1,1,0,1,1,0,1,1,0,1,1,0,1,1,0,1,1,0,0,0,0,0,0,0,0,0,0,0,0,0,0,0,0.00013292279957849198,0,0,0,0,0,0,0,0,0,0,0,0,0,0,0,0,0,0,0,0,0,0,0,0,0,0,0,0,0.99986707720042156,0,0.00013292279957849198,0.99986707720042156
39500,NORMAL,0.0001063382396627936,1,0.0001063382396627936,0.99989366176033723,0,UNKNOWN,0.20008507059173025,0.0001063382396627936,1,0.00010633823966280098,0.99989366176033723,0,0,0,0,0,30600,30600,0,0,0,1,1,0,1,1,0,1,1,0,1,1,0,1,1,0,1,1,0,0,0,0,0,0,0,0,0,0,0,0,0,0,0,0.0001063382396627936,0,0,0,0,0,0,0,0,0,0,0,0,0,0,0,0,0,0,0,0,0,0,0,0,0,0,0,0,0.99989366176033723,0,0.0001063382396627936,0.99989366176033723
39600,NORMAL,8.5070591730234877e-05,1,8.5070591730234877e-05,0.99991492940826976,0,UNKNOWN,0.20006805647338419,8.5070591730234877e-05,1,8.5070591730240785e-05,0.99991492940826976,0,0,0,0,0,30600,30600,0,0,0,1,1,0,1,1,0,1,1,0,1,1,0,1,1,0,1,1,0,0,0,0,0,0,0,0,0,0,0,0,0,0,0,8.5070591730234877e-05,0,0,0,0,0,0,0,0,0,0,0,0,0,0,0,0,0,0,0,0,0,0,0,0,0,0,0,0,0.99991492940826976,0,8.5070591730234877e-05,0.99991492940826976
39700,NORMAL,6.8056473384187901e-05,1,6.8056473384187901e-05,0.99993194352661585,0,UNKNOWN,0.20005444517870735,6.8056473384187901e-05,1,6.8056473384175975e-05,0.99993194352661585,0,0,0,0,0,30600,30600,0,0,0,1,1,0,1,1,0,1,1,0,1,1,0,1,1,0,1,1,0,0,0,0,0,0,0,0,0,0,0,0,0,0,0,6.8056473384187901e-05,0,0,0,0,0,0,0,0,0,0,0,0,0,0,0,0,0,0,0,0,0,0,0,0,0,0,0,0,0.99993194352661585,0,6.8056473384187901e-05,0.99993194352661585
39800,NORMAL,5.4445178707350321e-05,1,5.4445178707350321e-05,0.99994555482129266,0,UNKNOWN,0.20004355614296587,5.4445178707350321e-05,1,5.444517870734078e-05,0.99994555482129266,0,0,0,0,0,30600,30600,0,0,0,1,1,0,1,1,0,1,1,0,1,1,0,1,1,0,1,1,0,0,0,0,0,0,0,0,0,0,0,0,0,0,0,5.4445178707350321e-05,0,0,0,0,0,0,0,0,0,0,0,0,0,0,0,0,0,0,0,0,0,0,0,0,0,0,0,0,0.99994555482129266,0,5.4445178707350321e-05,0.99994555482129266
39900,NORMAL,4.3556142965880258e-05,1,4.3556142965880258e-05,0.99995644385703408,0,UNKNOWN,0.20003484491437271,4.3556142965880258e-05,1,4.3556142965889277e-05,0.99995644385703408,0,0,0,0,0,30600,30600,0,0,0,1,1,0,1,1,0,1,1,0,1,1,0,1,1,0,1,1,0,0,0,0,0,0,0,0,0,0,0,0,0,0,0,4.3556142965880258e-05,0,0,0,0,0,0,0,0,0,0,0,0,0,0,0,0,0,0,0,0,0,0,0,0,0,0,0,0,0.99995644385703408,0,4.3556142965880258e-05,0.99995644385703408
40000,NORMAL,3.4844914372704215e-05,1,3.4844914372704215e-05,0.99996515508562733,0,UNKNOWN,0.20002787593149815,3.4844914372704215e-05,1,3.4844914372694769e-05,0.99996515508562733,0,0,0,0,0,30600,30600,0,0,0,1,1,0,1,1,0,1,1,0,1,1,0,1,1,0,1,1,0,0,0,0,0,0,0,0,0,0,0,0,0,0,0,3.4844914372704215e-05,0,0,0,0,0,0,0,0,0,0,0,0,0,0,0,0,0,0,0,0,0,0,0,0,0,0,0,0,0.99996515508562733,0,3.4844914372704215e-05,0.99996515508562733
40100,NORMAL,2.7875931498163373e-05,1,2.7875931498163373e-05,0.99997212406850189,0,UNKNOWN,0.20002230074519856,2.7875931498163373e-05,1,2.7875931498166917e-05,0.99997212406850189,0,0,0,0,0,30600,30600,0,0,0,1,1,0,1,1,0,1,1,0,1,1,0,1,1,0,1,1,0,0,0,0,0,0,0,0,0,0,0,0,0,0,0,2.7875931498163373e-05,0,0,0,0,0,0,0,0,0,0,0,0,0,0,0,0,0,0,0,0,0,0,0,0,0,0,0,0,0.99997212406850189,0,2.7875931498163373e-05,0.99997212406850189
40200,NORMAL,2.23007451985307e-05,1,2.23007451985307e-05,0.99997769925480151,0,UNKNOWN,0.20001784059615882,2.23007451985307e-05,1,2.230074519851688e-05,0.99997769925480151,0,0,0,0,0,30600,30600,0,0,0,1,1,0,1,1,0,1,1,0,1,1,0,1,1,0,1,1,0,0,0,0,0,0,0,0,0,0,0,0,0,0,0,2.23007451985307e-05,0,0,0,0,0,0,0,0,0,0,0,0,0,0,0,0,0,0,0,0,0,0,0,0,0,0,0,0,0.99997769925480151,0,2.23007451985307e-05,0.99997769925480151
40300,NORMAL,1.7840596158824562e-05,1,1.7840596158824562e-05,0.99998215940384116,0,UNKNOWN,0.20001427247692707,1.7840596158824562e-05,1,1.7840596158835709e-05,0.99998215940384116,0,0,0,0,0,30600,30600,0,0,0,1,1,0,1,1,0,1,1,0,1,1,0,1,1,0,1,1,0,0,0,0,0,0,0,0,0,0,0,0,0,0,0,1.7840596158824562e-05,0,0,0,0,0,0,0,0,0,0,0,0,0,0,0,0,0,0,0,0,0,0,0,0,0,0,0,0,0.99998215940384116,0,1.7840596158824562e-05,0.99998215940384116
40400,NORMAL,1.427247692705965e-05,1,1.427247692705965e-05,0.99998572752307291,0,UNKNOWN,0.20001141798154165,1.427247692705965e-05,1,1.4272476927063016e-05,0.99998572752307291,0,0,0,0,0,30600,30600,0,0,0,1,1,0,1,1,0,1,1,0,1,1,0,1,1,0,1,1,0,0,0,0,0,0,0,0,0,0,0,0,0,0,0,1.427247692705965e-05,0,0,0,0,0,0,0,0,0,0,0,0,0,0,0,0,0,0,0,0,0,0,0,0,0,0,0,0,0.99998572752307291,0,1.427247692705965e-05,0.99998572752307291
40500,NORMAL,1.141798154164772e-05,1,1.141798154164772e-05,0.99998858201845831,0,UNKNOWN,0.20000913438523329,1.141798154164772e-05,1,1.141798154163931e-05,0.99998858201845831,0,0,0,0,0,30600,30600,0,0,0,1,1,0,1,1,0,1,1,0,1,1,0,1,1,0,1,1,0,0,0,0,0,0,0,0,0,0,0,0,0,0,0,1.141798154164772e-05,0,0,0,0,0,0,0,0,0,0,0,0,0,0,0,0,0,0,0,0,0,0,0,0,0,0,0,0,0.99998858201845831,0,1.141798154164772e-05,0.99998858201845831
40600,NORMAL,9.1343852333181755e-06,1,9.1343852333181755e-06,0.99999086561476669,0,UNKNOWN,0.20000730750818665,9.1343852333181755e-06,1,9.1343852333114484e-06,0.99999086561476669,0,0,0,0,0,30600,30600,0,0,0,1,1,0,1,1,0,1,1,0,1,1,0,1,1,0,1,1,0,0,0,0,0,0,0,0,0,0,0,0,0,0,0,9.1343852333181755e-06,0,0,0,0,0,0,0,0,0,0,0,0,0,0,0,0,0,0,0,0,0,0,0,0,0,0,0,0,0.99999086561476669,0,9.1343852333181755e-06,0.99999086561476669
40700,NORMAL,7.3075081866545411e-06,1,7.3075081866545411e-06,0.99999269249181333,0,UNKNOWN,0.2000058460065493,7.3075081866545411e-06,1,7.3075081866436076e-06,0.99999269249181333,0,0,0,0,0,30600,30600,0,0,0,1,1,0,1,1,0,1,1,0,1,1,0,1,1,0,1,1,0,0,0,0,0,0,0,0,0,0,0,0,0,0,0,7.3075081866545411e-06,0,0,0,0,0,0,0,0,0,0,0,0,0,0,0,0,0,0,0,0,0,0,0,0,0,0,0,0,0.99999269249181333,0,7.3075081866545411e-06,0.99999269249181333
40800,NORMAL,5.846006549323633e-06,1,5.846006549323633e-06,0.99999415399345071,0,UNKNOWN,0.20000467680523945,5.846006549323633e-06,1,5.8460065493204372e-06,0.99999415399345071,0,0,0,0,0,30600,30600,0,0,0,1,1,0,1,1,0,1,1,0,1,1,0,1,1,0,1,1,0,0,0,0,0,0,0,0,0,0,0,0,0,0,0,5.846006549323633e-06,0,0,0,0,0,0,0,0,0,0,0,0,0,0,0,0,0,0,0,0,0,0,0,0,0,0,0,0,0.99999415399345071,0,5.846006549323633e-06,0.99999415399345071
40900,NORMAL,4.6768052394589071e-06,1,4.6768052394589071e-06,0.99999532319476059,0,UNKNOWN,0.20000374144419159,4.6768052394589071e-06,1,4.676805239467452e-06,0.99999532319476059,0,0,0,0,0,30600,30600,0,0,0,1,1,0,1,1,0,1,1,0,1,1,0,1,1,0,1,1,0,0,0,0,0,0,0,0,0,0,0,0,0,0,0,4.6768052394589071e-06,0,0,0,0,0,0,0,0,0,0,0,0,0,0,0,0,0,0,0,0,0,0,0,0,0,0,0,0,0.99999532319476059,0,4.6768052394589071e-06,0.99999532319476059
41000,NORMAL,3.741444191567126e-06,1,3.741444191567126e-06,0.99999625855580843,0,UNKNOWN,0.20000299315535325,3.741444191567126e-06,1,3.7414441915739616e-06,0.99999625855580843,0,0,0,0,0,30600,30600,0,0,0,1,1,0,1,1,0,1,1,0,1,1,0,1,1,0,1,1,0,0,0,0,0,0,0,0,0,0,0,0,0,0,0,3.741444191567126e-06,0,0,0,0,0,0,0,0,0,0,0,0,0,0,0,0,0,0,0,0,0,0,0,0,0,0,0,0,0.99999625855580843,0,3.741444191567126e-06,0.99999625855580843
41100,NORMAL,2.9931553532537009e-06,1,2.9931553532537009e-06,0.99999700684464676,0,UNKNOWN,0.20000239452428262,2.9931553532537009e-06,1,2.9931553532647204e-06,0.99999700684464676,0,0,0,0,0,30600,30600,0,0,0,1,1,0,1,1,0,1,1,0,1,1,0,1,1,0,1,1,0,0,0,0,0,0,0,0,0,0,0,0,0,0,0,2.9931553532537009e-06,0,0,0,0,0,0,0,0,0,0,0,0,0,0,0,0,0,0,0,0,0,0,0,0,0,0,0,0,0.99999700684464676,0,2.9931553532537009e-06,0.99999700684464676
41200,NORMAL,2.3945242826029607e-06,1,2.3945242826029607e-06,0.99999760547571737,0,UNKNOWN,0.20000191561942607,2.3945242826029607e-06,1,2.3945242826062252e-06,0.99999760547571737,0,0,0,0,0,30600,30600,0,0,0,1,1,0,1,1,0,1,1,0,1,1,0,1,1,0,1,1,0,0,0,0,0,0,0,0,0,0,0,0,0,0,0,2.3945242826029607e-06,0,0,0,0,0,0,0,0,0,0,0,0,0,0,0,0,0,0,0,0,0,0,0,0,0,0,0,0,0.99999760547571737,0,2.3945242826029607e-06,0.99999760547571737
41300,NORMAL,1.9156194260823687e-06,1,1.9156194260823687e-06,0.99999808438057392,0,UNKNOWN,0.20000153249554087,1.9156194260823687e-06,1,1.9156194260849801e-06,0.99999808438057392,0,0,0,0,0,30600,30600,0,0,0,1,1,0,1,1,0,1,1,0,1,1,0,1,1,0,1,1,0,0,0,0,0,0,0,0,0,0,0,0,0,0,0,1.9156194260823687e-06,0,0,0,0,0,0,0,0,0,0,0,0,0,0,0,0,0,0,0,0,0,0,0,0,0,0,0,0,0.99999808438057392,0,1.9156194260823687e-06,0.99999808438057392
41400,NORMAL,1.5324955408658952e-06,1,1.5324955408658952e-06,0.99999846750445909,0,UNKNOWN,0.20000122599643266,1.5324955408658952e-06,1,1.5324955408568819e-06,0.99999846750445909,0,0,0,0,0,30600,30600,0,0,0,1,1,0,1,1,0,1,1,0,1,1,0,1,1,0,1,1,0,0,0,0,0,0,0,0,0,0,0,0,0,0,0,1.5324955408658952e-06,0,0,0,0,0,0,0,0,0,0,0,0,0,0,0,0,0,0,0,0,0,0,0,0,0,0,0,0,0.99999846750445909,0,1.5324955408658952e-06,0.99999846750445909
41500,NORMAL,1.2259964326927162e-06,1,1.2259964326927162e-06,0.99999877400356729,0,UNKNOWN,0.20000098079714615,1.2259964326927162e-06,1,1.2259964326799544e-06,0.99999877400356729,0,0,0,0,0,30600,30600,0,0,0,1,1,0,1,1,0,1,1,0,1,1,0,1,1,0,1,1,0,0,0,0,0,0,0,0,0,0,0,0,0,0,0,1.2259964326927162e-06,0,0,0,0,0,0,0,0,0,0,0,0,0,0,0,0,0,0,0,0,0,0,0,0,0,0,0,0,0.99999877400356729,0,1.2259964326927162e-06,0.99999877400356729
41600,NORMAL,9.8079714615417293e-07,1,9.8079714615417293e-07,0.99999901920285383,0,UNKNOWN,0.20000078463771692,9.8079714615417293e-07,1,9.8079714616616798e-07,0.99999901920285383,0,0,0,0,0,30600,30600,0,0,0,1,1,0,1,1,0,1,1,0,1,1,0,1,1,0,1,1,0,0,0,0,0,0,0,0,0,0,0,0,0,0,0,9.8079714615417293e-07,0,0,0,0,0,0,0,0,0,0,0,0,0,0,0,0,0,0,0,0,0,0,0,0,0,0,0,0,0.99999901920285383,0,9.8079714615417293e-07,0.99999901920285383
41700,NORMAL,7.8463771692333843e-07,1,7.8463771692333843e-07,0.99999921536228309,0,UNKNOWN,0.20000062771017352,7.8463771692333843e-07,1,7.8463771691072992e-07,0.99999921536228309,0,0,0,0,0,30600,30600,0,0,0,1,1,0,1,1,0,1,1,0,1,1,0,1,1,0,1,1,0,0,0,0,0,0,0,0,0,0,0,0,0,0,0,7.8463771692333843e-07,0,0,0,0,0,0,0,0,0,0,0,0,0,0,0,0,0,0,0,0,0,0,0,0,0,0,0,0,0.99999921536228309,0,7.8463771692333843e-07,0.99999921536228309
41800,NORMAL,6.2771017353867081e-07,1,6.2771017353867081e-07,0.99999937228982649,0,UNKNOWN,0.20000050216813883,6.2771017353867081e-07,1,6.2771017353413505e-07,0.99999937228982649,0,0,0,0,0,30600,30600,0,0,0,1,1,0,1,1,0,1,1,0,1,1,0,1,1,0,1,1,0,0,0,0,0,0,0,0,0,0,0,0,0,0,0,6.2771017353867081e-07,0,0,0,0,0,0,0,0,0,0,0,0,0,0,0,0,0,0,0,0,0,0,0,0,0,0,0,0,0.99999937228982649,0,6.2771017353867081e-07,0.99999937228982649
41900,NORMAL,5.0216813883093665e-07,1,5.0216813883093665e-07,0.99999949783186115,0,UNKNOWN,0.20000040173451106,5.0216813883093665e-07,1,5.0216813882175693e-07,0.99999949783186115,0,0,0,0,0,30600,30600,0,0,0,1,1,0,1,1,0,1,1,0,1,1,0,1,1,0,1,1,0,0,0,0,0,0,0,0,0,0,0,0,0,0,0,5.0216813883093665e-07,0,0,0,0,0,0,0,0,0,0,0,0,0,0,0,0,0,0,0,0,0,0,0,0,0,0,0,0,0.99999949783186115,0,5.0216813883093665e-07,0.99999949783186115
42000,NORMAL,4.0173451106474936e-07,1,4.0173451106474936e-07,0.9999995982654889,0,UNKNOWN,0.20000032138760884,4.0173451106474936e-07,1,4.0173451107405889e-07,0.9999995982654889,0,0,0,0,0,30600,30600,0,0,0,1,1,0,1,1,0,1,1,0,1,1,0,1,1,0,1,1,0,0,0,0,0,0,0,0,0,0,0,0,0,0,0,4.0173451106474936e-07,0,0,0,0,0,0,0,0,0,0,0,0,0,0,0,0,0,0,0,0,0,0,0,0,0,0,0,0,0.9999995982654889,0,4.0173451106474936e-07,0.9999995982654889
42100,NORMAL,3.2138760885179952e-07,1,3.2138760885179952e-07,0.99999967861239114,0,UNKNOWN,0.20000025711008709,3.2138760885179952e-07,1,3.2138760885924711e-07,0.99999967861239114,0,0,0,0,0,30600,30600,0,0,0,1,1,0,1,1,0,1,1,0,1,1,0,1,1,0,1,1,0,0,0,0,0,0,0,0,0,0,0,0,0,0,0,3.2138760885179952e-07,0,0,0,0,0,0,0,0,0,0,0,0,0,0,0,0,0,0,0,0,0,0,0,0,0,0,0,0,0.99999967861239114,0,3.2138760885179952e-07,0.99999967861239114
42200,NORMAL,2.5711008708143963e-07,1,2.5711008708143963e-07,0.99999974288991289,0,UNKNOWN,0.20000020568806967,2.5711008708143963e-07,1,2.5711008708184657e-07,0.99999974288991289,0,0,0,0,0,30600,30600,0,0,0,1,1,0,1,1,0,1,1,0,1,1,0,1,1,0,1,1,0,0,0,0,0,0,0,0,0,0,0,0,0,0,0,2.5711008708143963e-07,0,0,0,0,0,0,0,0,0,0,0,0,0,0,0,0,0,0,0,0,0,0,0,0,0,0,0,0,0.99999974288991289,0,2.5711008708143963e-07,0.99999974288991289
42300,NORMAL,2.056880696651517e-07,1,2.056880696651517e-07,0.99999979431193031,0,UNKNOWN,0.20000016455045572,2.056880696651517e-07,1,2.0568806965992614e-07,0.99999979431193031,0,0,0,0,0,30600,30600,0,0,0,1,1,0,1,1,0,1,1,0,1,1,0,1,1,0,1,1,0,0,0,0,0,0,0,0,0,0,0,0,0,0,0,2.056880696651517e-07,0,0,0,0,0,0,0,0,0,0,0,0,0,0,0,0,0,0,0,0,0,0,0,0,0,0,0,0,0.99999979431193031,0,2.056880696651517e-07,0.99999979431193031
42400,NORMAL,1.6455045573212137e-07,1,1.6455045573212137e-07,0.99999983544954429,0,UNKNOWN,0.20000013164036459,1.6455045573212137e-07,1,1.6455045573349203e-07,0.99999983544954429,0,0,0,0,0,30600,30600,0,0,0,1,1,0,1,1,0,1,1,0,1,1,0,1,1,0,1,1,0,0,0,0,0,0,0,0,0,0,0,0,0,0,0,1.6455045573212137e-07,0,0,0,0,0,0,0,0,0,0,0,0,0,0,0,0,0,0,0,0,0,0,0,0,0,0,0,0,0.99999983544954429,0,1.6455045573212137e-07,0.99999983544954429
42500,NORMAL,1.3164036458569711e-07,1,1.3164036458569711e-07,0.99999986835963539,0,UNKNOWN,0.20000010531229165,1.3164036458569711e-07,1,1.3164036458124251e-07,0.99999986835963539,0,0,0,0,0,30600,30600,0,0,0,1,1,0,1,1,0,1,1,0,1,1,0,1,1,0,1,1,0,0,0,0,0,0,0,0,0,0,0,0,0,0,0,1.3164036458569711e-07,0,0,0,0,0,0,0,0,0,0,0,0,0,0,0,0,0,0,0,0,0,0,0,0,0,0,0,0,0.99999986835963539,0,1.3164036458569711e-07,0.99999986835963539
42600,NORMAL,1.0531229166855769e-07,1,1.0531229166855769e-07,0.99999989468770834,0,UNKNOWN,0.20000008424983334,1.0531229166855769e-07,1,1.0531229166499401e-07,0.99999989468770834,0,0,0,0,0,30600,30600,0,0,0,1,1,0,1,1,0,1,1,0,1,1,0,1,1,0,1,1,0,0,0,0,0,0,0,0,0,0,0,0,0,0,0,1.0531229166855769e-07,0,0,0,0,0,0,0,0,0,0,0,0,0,0,0,0,0,0,0,0,0,0,0,0,0,0,0,0,0.99999989468770834,0,1.0531229166855769e-07,0.99999989468770834
42700,NORMAL,8.4249833334846159e-08,1,8.4249833334846159e-08,0.99999991575016667,0,UNKNOWN,0.20000006739986667,8.4249833334846159e-08,1,8.4249833331995205e-08,0.99999991575016667,0,0,0,0,0,30600,30600,0,0,0,1,1,0,1,1,0,1,1,0,1,1,0,1,1,0,1,1,0,0,0,0,0,0,0,0,0,0,0,0,0,0,0,8.4249833334846159e-08,0,0,0,0,0,0,0,0,0,0,0,0,0,0,0,0,0,0,0,0,0,0,0,0,0,0,0,0,0.99999991575016667,0,8.4249833334846159e-08,0.99999991575016667
42800,NORMAL,6.7399866667876928e-08,1,6.7399866667876928e-08,0.99999993260013331,0,UNKNOWN,0.20000005391989331,6.7399866667876928e-08,1,6.7399866660045049e-08,0.99999993260013331,0,0,0,0,0,30600,30600,0,0,0,1,1,0,1,1,0,1,1,0,1,1,0,1,1,0,1,1,0,0,0,0,0,0,0,0,0,0,0,0,0,0,0,6.7399866667876928e-08,0,0,0,0,0,0,0,0,0,0,0,0,0,0,0,0,0,0,0,0,0,0,0,0,0,0,0,0,0.99999993260013331,0,6.7399866667876928e-08,0.99999993260013331
42900,NORMAL,5.3919893334301542e-08,1,5.3919893334301542e-08,0.99999994608010667,0,UNKNOWN,0.20000004313591466,5.3919893334301542e-08,1,5.3919893328036039e-08,0.99999994608010667,0,0,0,0,0,30600,30600,0,0,0,1,1,0,1,1,0,1,1,0,1,1,0,1,1,0,1,1,0,0,0,0,0,0,0,0,0,0,0,0,0,0,0,5.3919893334301542e-08,0,0,0,0,0,0,0,0,0,0,0,0,0,0,0,0,0,0,0,0,0,0,0,0,0,0,0,0,0.99999994608010667,0,5.3919893334301542e-08,0.99999994608010667
43000,NORMAL,4.3135914667441239e-08,1,4.3135914667441239e-08,0.99999995686408538,0,UNKNOWN,0.20000003450873174,4.3135914667441239e-08,1,4.3135914673531062e-08,0.99999995686408538,0,0,0,0,0,30600,30600,0,0,0,1,1,0,1,1,0,1,1,0,1,1,0,1,1,0,1,1,0,0,0,0,0,0,0,0,0,0,0,0,0,0,0,4.3135914667441239e-08,0,0,0,0,0,0,0,0,0,0,0,0,0,0,0,0,0,0,0,0,0,0,0,0,0,0,0,0,0.99999995686408538,0,4.3135914667441239e-08,0.99999995686408538
43100,NORMAL,3.4508731733952995e-08,1,3.4508731733952995e-08,0.99999996549126835,0,UNKNOWN,0.2000000276069854,3.4508731733952995e-08,1,3.4508731733273734e-08,0.99999996549126835,0,0,0,0,0,30600,30600,0,0,0,1,1,0,1,1,0,1,1,0,1,1,0,1,1,0,1,1,0,0,0,0,0,0,0,0,0,0,0,0,0,0,0,3.4508731733952995e-08,0,0,0,0,0,0,0,0,0,0,0,0,0,0,0,0,0,0,0,0,0,0,0,0,0,0,0,0,0.99999996549126835,0,3.4508731733952995e-08,0.99999996549126835
43200,NORMAL,2.7606985387162397e-08,1,2.7606985387162397e-08,0.99999997239301464,0,UNKNOWN,0.20000002208558831,2.7606985387162397e-08,1,2.7606985392170103e-08,0.99999997239301464,0,0,0,0,0,30600,30600,0,0,0,1,1,0,1,1,0,1,1,0,1,1,0,1,1,0,1,1,0,0,0,0,0,0,0,0,0,0,0,0,0,0,0,2.7606985387162397e-08,0,0,0,0,0,0,0,0,0,0,0,0,0,0,0,0,0,0,0,0,0,0,0,0,0,0,0,0,0.99999997239301464,0,2.7606985387162397e-08,0.99999997239301464
43300,NORMAL,2.208558830972992e-08,1,2.208558830972992e-08,0.99999997791441175,0,UNKNOWN,0.20000001766847064,2.208558830972992e-08,1,2.2085588302633852e-08,0.99999997791441175,0,0,0,0,0,30600,30600,0,0,0,1,1,0,1,1,0,1,1,0,1,1,0,1,1,0,1,1,0,0,0,0,0,0,0,0,0,0,0,0,0,0,0,2.208558830972992e-08,0,0,0,0,0,0,0,0,0,0,0,0,0,0,0,0,0,0,0,0,0,0,0,0,0,0,0,0,0.99999997791441175,0,2.208558830972992e-08,0.99999997791441175
43400,NORMAL,1.7668470647783935e-08,1,1.7668470647783935e-08,0.99999998233152942,0,UNKNOWN,0.20000001413477655,1.7668470647783935e-08,1,1.7668470658760427e-08,0.99999998233152942,0,0,0,0,0,30600,30600,0,0,0,1,1,0,1,1,0,1,1,0,1,1,0,1,1,0,1,1,0,0,0,0,0,0,0,0,0,0,0,0,0,0,0,1.7668470647783935e-08,0,0,0,0,0,0,0,0,0,0,0,0,0,0,0,0,0,0,0,0,0,0,0,0,0,0,0,0,0.99999998233152942,0,1.7668470647783935e-08,0.99999998233152942
43500,NORMAL,1.4134776518227149e-08,1,1.4134776518227149e-08,0.99999998586522354,0,UNKNOWN,0.20000001130782122,1.4134776518227149e-08,1,1.4134776515906111e-08,0.99999998586522354,0,0,0,0,0,30600,30600,0,0,0,1,1,0,1,1,0,1,1,0,1,1,0,1,1,0,1,1,0,0,0,0,0,0,0,0,0,0,0,0,0,0,0,1.4134776518227149e-08,0,0,0,0,0,0,0,0,0,0,0,0,0,0,0,0,0,0,0,0,0,0,0,0,0,0,0,0,0.99999998586522354,0,1.4134776518227149e-08,0.99999998586522354
43600,NORMAL,1.1307821214581719e-08,1,1.1307821214581719e-08,0.99999998869217888,0,UNKNOWN,0.20000000904625698,1.1307821214581719e-08,1,1.1307821207173774e-08,0.99999998869217888,0,0,0,0,0,30600,30600,0,0,0,1,1,0,1,1,0,1,1,0,1,1,0,1,1,0,1,1,0,0,0,0,0,0,0,0,0,0,0,0,0,0,0,1.1307821214581719e-08,0,0,0,0,0,0,0,0,0,0,0,0,0,0,0,0,0,0,0,0,0,0,0,0,0,0,0,0,0.99999998869217888,0,1.1307821214581719e-08,0.99999998869217888
43700,NORMAL,9.0462569716653744e-09,0.99999999999999989,9.0462569716653744e-09,0.99999999095374292,0,UNKNOWN,0.20000000723700556,9.0462569716653744e-09,0.99999999999999989,9.0462569657390191e-09,0.99999999095374292,0,0,0,0,0,30600,30600,0,0,0,1,1,0,1,1,0,1,1,0,1,1,0,1,1,0,1,1,0,0,0,0,0,0,0,0,0,0,0,0,0,0,0,9.0462569716653744e-09,0,0,0,0,0,0,0,0,0,0,0,0,0,0,0,0,0,0,0,0,0,0,0,0,0,0,0,0,0.99999999095374292,0,9.0462569716653744e-09,0.99999999095374292
43800,NORMAL,7.2370055773323005e-09,1,7.2370055773323005e-09,0.99999999276299445,0,UNKNOWN,0.20000000578960447,7.2370055773323005e-09,1,7.2370055781423304e-09,0.99999999276299445,0,0,0,0,0,30600,30600,0,0,0,1,1,0,1,1,0,1,1,0,1,1,0,1,1,0,1,1,0,0,0,0,0,0,0,0,0,0,0,0,0,0,0,7.2370055773323005e-09,0,0,0,0,0,0,0,0,0,0,0,0,0,0,0,0,0,0,0,0,0,0,0,0,0,0,0,0,0.99999999276299445,0,7.2370055773323005e-09,0.99999999276299445
43900,NORMAL,5.7896044618658411e-09,1,5.7896044618658411e-09,0.99999999421039554,0,UNKNOWN,0.20000000463168358,5.7896044618658411e-09,1,5.7896044625138643e-09,0.99999999421039554,0,0,0,0,0,30600,30600,0,0,0,1,1,0,1,1,0,1,1,0,1,1,0,1,1,0,1,1,0,0,0,0,0,0,0,0,0,0,0,0,0,0,0,5.7896044618658411e-09,0,0,0,0,0,0,0,0,0,0,0,0,0,0,0,0,0,0,0,0,0,0,0,0,0,0,0,0,0.99999999421039554,0,5.7896044618658411e-09,0.99999999421039554
44000,NORMAL,4.631683569492673e-09,1,4.631683569492673e-09,0.99999999536831641,0,UNKNOWN,0.20000000370534685,4.631683569492673e-09,1,4.6316835644599763e-09,0.99999999536831641,0,0,0,0,0,30600,30600,0,0,0,1,1,0,1,1,0,1,1,0,1,1,0,1,1,0,1,1,0,0,0,0,0,0,0,0,0,0,0,0,0,0,0,4.631683569492673e-09,0,0,0,0,0,0,0,0,0,0,0,0,0,0,0,0,0,0,0,0,0,0,0,0,0,0,0,0,0.99999999536831641,0,4.631683569492673e-09,0.99999999536831641
44100,NORMAL,3.705346855594139e-09,1,3.705346855594139e-09,0.99999999629465319,0,UNKNOWN,0.2000000029642775,3.705346855594139e-09,1,3.7053468626702113e-09,0.99999999629465319,0,0,0,0,0,30600,30600,0,0,0,1,1,0,1,1,0,1,1,0,1,1,0,1,1,0,1,1,0,0,0,0,0,0,0,0,0,0,0,0,0,0,0,3.705346855594139e-09,0,0,0,0,0,0,0,0,0,0,0,0,0,0,0,0,0,0,0,0,0,0,0,0,0,0,0,0,0.99999999629465319,0,3.705346855594139e-09,0.99999999629465319
44200,NORMAL,2.9642774844753114e-09,1,2.9642774844753114e-09,0.99999999703572251,0,UNKNOWN,0.20000000237142199,2.9642774844753114e-09,1,2.964277490136169e-09,0.99999999703572251,0,0,0,0,0,30600,30600,0,0,0,1,1,0,1,1,0,1,1,0,1,1,0,1,1,0,1,1,0,0,0,0,0,0,0,0,0,0,0,0,0,0,0,2.9642774844753114e-09,0,0,0,0,0,0,0,0,0,0,0,0,0,0,0,0,0,0,0,0,0,0,0,0,0,0,0,0,0.99999999703572251,0,2.9642774844753114e-09,0.99999999703572251
44300,NORMAL,2.3714219875802494e-09,1,2.3714219875802494e-09,0.99999999762857805,0,UNKNOWN,0.2000000018971376,2.3714219875802494e-09,1,2.3714219754555899e-09,0.99999999762857805,0,0,0,0,0,30600,30600,0,0,0,1,1,0,1,1,0,1,1,0,1,1,0,1,1,0,1,1,0,0,0,0,0,0,0,0,0,0,0,0,0,0,0,2.3714219875802494e-09,0,0,0,0,0,0,0,0,0,0,0,0,0,0,0,0,0,0,0,0,0,0,0,0,0,0,0,0,0.99999999762857805,0,2.3714219875802494e-09,0.99999999762857805
44400,NORMAL,1.8971375900641997e-09,1,1.8971375900641997e-09,0.99999999810286244,0,UNKNOWN,0.20000000151771008,1.8971375900641997e-09,1,1.897137585915587e-09,0.99999999810286244,0,0,0,0,0,30600,30600,0,0,0,1,1,0,1,1,0,1,1,0,1,1,0,1,1,0,1,1,0,0,0,0,0,0,0,0,0,0,0,0,0,0,0,1.8971375900641997e-09,0,0,0,0,0,0,0,0,0,0,0,0,0,0,0,0,0,0,0,0,0,0,0,0,0,0,0,0,0.99999999810286244,0,1.8971375900641997e-09,0.99999999810286244
44500,NORMAL,1.5177100720513598e-09,1,1.5177100720513598e-09,0.99999999848228993,0,UNKNOWN,0.20000000121416805,1.5177100720513598e-09,1,1.5177100687324696e-09,0.99999999848228993,0,0,0,0,0,30600,30600,0,0,0,1,1,0,1,1,0,1,1,0,1,1,0,1,1,0,1,1,0,0,0,0,0,0,0,0,0,0,0,0,0,0,0,1.5177100720513598e-09,0,0,0,0,0,0,0,0,0,0,0,0,0,0,0,0,0,0,0,0,0,0,0,0,0,0,0,0,0.99999999848228993,0,1.5177100720513598e-09,0.99999999848228993
44600,NORMAL,1.2141680576410879e-09,1,1.2141680576410879e-09,0.9999999987858319,0,UNKNOWN,0.20000000097133441,1.2141680576410879e-09,1,1.2141680438837454e-09,0.9999999987858319,0,0,0,0,0,30600,30600,0,0,0,1,1,0,1,1,0,1,1,0,1,1,0,1,1,0,1,1,0,0,0,0,0,0,0,0,0,0,0,0,0,0,0,1.2141680576410879e-09,0,0,0,0,0,0,0,0,0,0,0,0,0,0,0,0,0,0,0,0,0,0,0,0,0,0,0,0,0.9999999987858319,0,1.2141680576410879e-09,0.9999999987858319
44700,NORMAL,9.7133444611287044e-10,1,9.7133444611287044e-10,0.99999999902866554,0,UNKNOWN,0.20000000077706756,9.7133444611287044e-10,1,9.7133445731145684e-10,0.99999999902866554,0,0,0,0,0,30600,30600,0,0,0,1,1,0,1,1,0,1,1,0,1,1,0,1,1,0,1,1,0,0,0,0,0,0,0,0,0,0,0,0,0,0,0,9.7133444611287044e-10,0,0,0,0,0,0,0,0,0,0,0,0,0,0,0,0,0,0,0,0,0,0,0,0,0,0,0,0,0.99999999902866554,0,9.7133444611287044e-10,0.99999999902866554
44800,NORMAL,7.7706755689029635e-10,1,7.7706755689029635e-10,0.99999999922293248,0,UNKNOWN,0.20000000062165404,7.7706755689029635e-10,1,7.7706754919582011e-10,0.99999999922293248,0,0,0,0,0,30600,30600,0,0,0,1,1,0,1,1,0,1,1,0,1,1,0,1,1,0,1,1,0,0,0,0,0,0,0,0,0,0,0,0,0,0,0,7.7706755689029635e-10,0,0,0,0,0,0,0,0,0,0,0,0,0,0,0,0,0,0,0,0,0,0,0,0,0,0,0,0,0.99999999922293248,0,7.7706755689029635e-10,0.99999999922293248
44900,NORMAL,6.2165404551223712e-10,1,6.2165404551223712e-10,0.99999999937834594,0,UNKNOWN,0.20000000049732322,6.2165404551223712e-10,1,6.2165403380554096e-10,0.99999999937834594,0,0,0,0,0,30600,30600,0,0,0,1,1,0,1,1,0,1,1,0,1,1,0,1,1,0,1,1,0,0,0,0,0,0,0,0,0,0,0,0,0,0,0,6.2165404551223712e-10,0,0,0,0,0,0,0,0,0,0,0,0,0,0,0,0,0,0,0,0,0,0,0,0,0,0,0,0,0.99999999937834594,0,6.2165404551223712e-10,0.99999999937834594
45000,NORMAL,4.973232364097898e-10,1,4.973232364097898e-10,0.99999999950267682,0,UNKNOWN,0.20000000039785859,4.973232364097898e-10,1,4.9732323814666302e-10,0.99999999950267682,0,0,0,0,0,30600,30600,0,0,0,1,1,0,1,1,0,1,1,0,1,1,0,1,1,0,1,1,0,0,0,0,0,0,0,0,0,0,0,0,0,0,0,4.973232364097898e-10,0,0,0,0,0,0,0,0,0,0,0,0,0,0,0,0,0,0,0,0,0,0,0,0,0,0,0,0,0.99999999950267682,0,4.973232364097898e-10,0.99999999950267682
45100,NORMAL,3.9785858912783186e-10,1,3.9785858912783186e-10,0.99999999960214148,0,UNKNOWN,0.20000000031828688,3.9785858912783186e-10,1,3.9785857941510017e-10,0.99999999960214148,0,0,0,0,0,30600,30600,0,0,0,1,1,0,1,1,0,1,1,0,1,1,0,1,1,0,1,1,0,0,0,0,0,0,0,0,0,0,0,0,0,0,0,3.9785858912783186e-10,0,0,0,0,0,0,0,0,0,0,0,0,0,0,0,0,0,0,0,0,0,0,0,0,0,0,0,0,0.99999999960214148,0,3.9785858912783186e-10,0.99999999960214148
45200,NORMAL,3.182868713022655e-10,1,3.182868713022655e-10,0.99999999968171316,0,UNKNOWN,0.2000000002546295,3.182868713022655e-10,1,3.1828686908319526e-10,0.99999999968171316,0,0,0,0,0,30600,30600,0,0,0,1,1,0,1,1,0,1,1,0,1,1,0,1,1,0,1,1,0,0,0,0,0,0,0,0,0,0,0,0,0,0,0,3.182868713022655e-10,0,0,0,0,0,0,0,0,0,0,0,0,0,0,0,0,0,0,0,0,0,0,0,0,0,0,0,0,0.99999999968171316,0,3.182868713022655e-10,0.99999999968171316
45300,NORMAL,2.5462949704181242e-10,1,2.5462949704181242e-10,0.99999999974537057,0,UNKNOWN,0.20000000020370359,2.5462949704181242e-10,1,2.5462948416432596e-10,0.99999999974537057,0,0,0,0,0,30600,30600,0,0,0,1,1,0,1,1,0,1,1,0,1,1,0,1,1,0,1,1,0,0,0,0,0,0,0,0,0,0,0,0,0,0,0,2.5462949704181242e-10,0,0,0,0,0,0,0,0,0,0,0,0,0,0,0,0,0,0,0,0,0,0,0,0,0,0,0,0,0.99999999974537057,0,2.5462949704181242e-10,0.99999999974537057
45400,NORMAL,2.0370359763344996e-10,1,2.0370359763344996e-10,0.9999999997962965,0,UNKNOWN,0.2000000001629629,2.0370359763344996e-10,1,2.0370360953592126e-10,0.9999999997962965,0,0,0,0,0,30600,30600,0,0,0,1,1,0,1,1,0,1,1,0,1,1,0,1,1,0,1,1,0,0,0,0,0,0,0,0,0,0,0,0,0,0,0,2.0370359763344996e-10,0,0,0,0,0,0,0,0,0,0,0,0,0,0,0,0,0,0,0,0,0,0,0,0,0,0,0,0,0.9999999997962965,0,2.0370359763344996e-10,0.9999999997962965
45500,NORMAL,1.6296287810675996e-10,0.99999999999999989,1.6296287810675996e-10,0.99999999983703702,0,UNKNOWN,0.20000000013037028,1.6296287810675996e-10,0.99999999999999989,1.6296286542427652e-10,0.99999999983703702,0,0,0,0,0,30600,30600,0,0,0,1,1,0,1,1,0,1,1,0,1,1,0,1,1,0,1,1,0,0,0,0,0,0,0,0,0,0,0,0,0,0,0,1.6296287810675996e-10,0,0,0,0,0,0,0,0,0,0,0,0,0,0,0,0,0,0,0,0,0,0,0,0,0,0,0,0,0.99999999983703702,0,1.6296287810675996e-10,0.99999999983703702
45600,NORMAL,1.3037030248540801e-10,1,1.3037030248540801e-10,0.99999999986962973,0,UNKNOWN,0.20000000010429625,1.3037030248540801e-10,1,1.3037029789053634e-10,0.99999999986962973,0,0,0,0,0,30600,30600,0,0,0,1,1,0,1,1,0,1,1,0,1,1,0,1,1,0,1,1,0,0,0,0,0,0,0,0,0,0,0,0,0,0,0,1.3037030248540801e-10,0,0,0,0,0,0,0,0,0,0,0,0,0,0,0,0,0,0,0,0,0,0,0,0,0,0,0,0,0.99999999986962973,0,1.3037030248540801e-10,0.99999999986962973
45700,NORMAL,1.0429624198832641e-10,1,1.0429624198832641e-10,0.99999999989570376,0,UNKNOWN,0.20000000008343699,1.0429624198832641e-10,1,1.0429623831242907e-10,0.99999999989570376,0,0,0,0,0,30600,30600,0,0,0,1,1,0,1,1,0,1,1,0,1,1,0,1,1,0,1,1,0,0,0,0,0,0,0,0,0,0,0,0,0,0,0,1.0429624198832641e-10,0,0,0,0,0,0,0,0,0,0,0,0,0,0,0,0,0,0,0,0,0,0,0,0,0,0,0,0,0.99999999989570376,0,1.0429624198832641e-10,0.99999999989570376
45800,NORMAL,8.3436993590661126e-11,1,8.3436993590661126e-11,0.99999999991656296,0,UNKNOWN,0.20000000006674959,8.3436993590661126e-11,1,8.3437007303288624e-11,0.99999999991656296,0,0,0,0,0,30600,30600,0,0,0,1,1,0,1,1,0,1,1,0,1,1,0,1,1,0,1,1,0,0,0,0,0,0,0,0,0,0,0,0,0,0,0,8.3436993590661126e-11,0,0,0,0,0,0,0,0,0,0,0,0,0,0,0,0,0,0,0,0,0,0,0,0,0,0,0,0,0.99999999991656296,0,8.3436993590661126e-11,0.99999999991656296
45900,NORMAL,6.6749594872528903e-11,1,6.6749594872528903e-11,0.99999999993325039,0,UNKNOWN,0.20000000005339968,6.6749594872528903e-11,1,6.6749605842630899e-11,0.99999999993325039,0,0,0,0,0,30600,30600,0,0,0,1,1,0,1,1,0,1,1,0,1,1,0,1,1,0,1,1,0,0,0,0,0,0,0,0,0,0,0,0,0,0,0,6.6749594872528903e-11,0,0,0,0,0,0,0,0,0,0,0,0,0,0,0,0,0,0,0,0,0,0,0,0,0,0,0,0,0.99999999993325039,0,6.6749594872528903e-11,0.99999999993325039
46000,NORMAL,5.3399675898023124e-11,1,5.3399675898023124e-11,0.99999999994660027,0,UNKNOWN,0.20000000004271973,5.3399675898023124e-11,1,5.3399673571874473e-11,0.99999999994660027,0,0,0,0,0,30600,30600,0,0,0,1,1,0,1,1,0,1,1,0,1,1,0,1,1,0,1,1,0,0,0,0,0,0,0,0,0,0,0,0,0,0,0,5.3399675898023124e-11,0,0,0,0,0,0,0,0,0,0,0,0,0,0,0,0,0,0,0,0,0,0,0,0,0,0,0,0,0.99999999994660027,0,5.3399675898023124e-11,0.99999999994660027
46100,NORMAL,4.2719740718418505e-11,1,4.2719740718418505e-11,0.99999999995728028,0,UNKNOWN,0.20000000003417581,4.2719740718418505e-11,1,4.2719744408614702e-11,0.99999999995728028,0,0,0,0,0,30600,30600,0,0,0,1,1,0,1,1,0,1,1,0,1,1,0,1,1,0,1,1,0,0,0,0,0,0,0,0,0,0,0,0,0,0,0,4.2719740718418505e-11,0,0,0,0,0,0,0,0,0,0,0,0,0,0,0,0,0,0,0,0,0,0,0,0,0,0,0,0,0.99999999995728028,0,4.2719740718418505e-11,0.99999999995728028
46200,NORMAL,3.4175792574734808e-11,1,3.4175792574734808e-11,0.99999999996582423,0,UNKNOWN,0.20000000002734064,3.4175792574734808e-11,1,3.4175801078006884e-11,0.99999999996582423,0,0,0,0,0,30600,30600,0,0,0,1,1,0,1,1,0,1,1,0,1,1,0,1,1,0,1,1,0,0,0,0,0,0,0,0,0,0,0,0,0,0,0,3.4175792574734808e-11,0,0,0,0,0,0,0,0,0,0,0,0,0,0,0,0,0,0,0,0,0,0,0,0,0,0,0,0,0.99999999996582423,0,3.4175792574734808e-11,0.99999999996582423
46300,NORMAL,2.7340634059787849e-11,1,2.7340634059787849e-11,0.99999999997265943,0,UNKNOWN,0.20000000002187251,2.7340634059787849e-11,1,2.7340629760175261e-11,0.99999999997265943,0,0,0,0,0,30600,30600,0,0,0,1,1,0,1,1,0,1,1,0,1,1,0,1,1,0,1,1,0,0,0,0,0,0,0,0,0,0,0,0,0,0,0,2.7340634059787849e-11,0,0,0,0,0,0,0,0,0,0,0,0,0,0,0,0,0,0,0,0,0,0,0,0,0,0,0,0,0.99999999997265943,0,2.7340634059787849e-11,0.99999999997265943
46400,NORMAL,2.1872507247830282e-11,1,2.1872507247830282e-11,0.9999999999781275,0,UNKNOWN,0.20000000001749801,2.1872507247830282e-11,1,2.1872503808140209e-11,0.9999999999781275,0,0,0,0,0,30600,30600,0,0,0,1,1,0,1,1,0,1,1,0,1,1,0,1,1,0,1,1,0,0,0,0,0,0,0,0,0,0,0,0,0,0,0,2.1872507247830282e-11,0,0,0,0,0,0,0,0,0,0,0,0,0,0,0,0,0,0,0,0,0,0,0,0,0,0,0,0,0.9999999999781275,0,2.1872507247830282e-11,0.9999999999781275
46500,NORMAL,1.7498005798264226e-11,1,1.7498005798264226e-11,0.999999999982502,0,UNKNOWN,0.2000000000139984,1.7498005798264226e-11,1,1.7498003046512167e-11,0.999999999982502,0,0,0,0,0,30600,30600,0,0,0,1,1,0,1,1,0,1,1,0,1,1,0,1,1,0,1,1,0,0,0,0,0,0,0,0,0,0,0,0,0,0,0,1.7498005798264226e-11,0,0,0,0,0,0,0,0,0,0,0,0,0,0,0,0,0,0,0,0,0,0,0,0,0,0,0,0,0.999999999982502,0,1.7498005798264226e-11,0.999999999982502
46600,NORMAL,1.3998404638611382e-11,1,1.3998404638611382e-11,0.99999999998600164,0,UNKNOWN,0.20000000001119875,1.3998404638611382e-11,1,1.399841353943998e-11,0.99999999998600164,0,0,0,0,0,30600,30600,0,0,0,1,1,0,1,1,0,1,1,0,1,1,0,1,1,0,1,1,0,0,0,0,0,0,0,0,0,0,0,0,0,0,0,1.3998404638611382e-11,0,0,0,0,0,0,0,0,0,0,0,0,0,0,0,0,0,0,0,0,0,0,0,0,0,0,0,0,0.99999999998600164,0,1.3998404638611382e-11,0.99999999998600164
46700,NORMAL,1.1198723710889106e-11,1,1.1198723710889106e-11,0.99999999998880129,0,UNKNOWN,0.20000000000895898,1.1198723710889106e-11,1,1.1198736382667107e-11,0.99999999998880129,0,0,0,0,0,30600,30600,0,0,0,1,1,0,1,1,0,1,1,0,1,1,0,1,1,0,1,1,0,0,0,0,0,0,0,0,0,0,0,0,0,0,0,1.1198723710889106e-11,0,0,0,0,0,0,0,0,0,0,0,0,0,0,0,0,0,0,0,0,0,0,0,0,0,0,0,0,0.99999999998880129,0,1.1198723710889106e-11,0.99999999998880129
46800,NORMAL,8.9589789687112852e-12,1,8.9589789687112852e-12,0.99999999999104106,0,UNKNOWN,0.20000000000716719,8.9589789687112852e-12,1,8.9589724527883163e-12,0.99999999999104106,0,0,0,0,0,30600,30600,0,0,0,1,1,0,1,1,0,1,1,0,1,1,0,1,1,0,1,1,0,0,0,0,0,0,0,0,0,0,0,0,0,0,0,8.9589789687112852e-12,0,0,0,0,0,0,0,0,0,0,0,0,0,0,0,0,0,0,0,0,0,0,0,0,0,0,0,0,0.99999999999104106,0,8.9589789687112852e-12,0.99999999999104106
46900,NORMAL,7.1671831749690288e-12,1,7.1671831749690288e-12,0.99999999999283284,0,UNKNOWN,0.20000000000573376,7.1671831749690288e-12,1,7.1671835133457762e-12,0.99999999999283284,0,0,0,0,0,30600,30600,0,0,0,1,1,0,1,1,0,1,1,0,1,1,0,1,1,0,1,1,0,0,0,0,0,0,0,0,0,0,0,0,0,0,0,7.1671831749690288e-12,0,0,0,0,0,0,0,0,0,0,0,0,0,0,0,0,0,0,0,0,0,0,0,0,0,0,0,0,0.99999999999283284,0,7.1671831749690288e-12,0.99999999999283284
47000,NORMAL,5.7337465399752232e-12,1,5.7337465399752232e-12,0.99999999999426625,0,UNKNOWN,0.20000000000458701,5.7337465399752232e-12,1,5.733746810676621e-12,0.99999999999426625,0,0,0,0,0,30600,30600,0,0,0,1,1,0,1,1,0,1,1,0,1,1,0,1,1,0,1,1,0,0,0,0,0,0,0,0,0,0,0,0,0,0,0,5.7337465399752232e-12,0,0,0,0,0,0,0,0,0,0,0,0,0,0,0,0,0,0,0,0,0,0,0,0,0,0,0,0,0.99999999999426625,0,5.7337465399752232e-12,0.99999999999426625
47100,NORMAL,4.5869972319801787e-12,1,4.5869972319801787e-12,0.999999999995413,0,UNKNOWN,0.2000000000036696,4.5869972319801787e-12,1,4.5869974485412968e-12,0.999999999995413,0,0,0,0,0,30600,30600,0,0,0,1,1,0,1,1,0,1,1,0,1,1,0,1,1,0,1,1,0,0,0,0,0,0,0,0,0,0,0,0,0,0,0,4.5869972319801787e-12,0,0,0,0,0,0,0,0,0,0,0,0,0,0,0,0,0,0,0,0,0,0,0,0,0,0,0,0,0.999999999995413,0,4.5869972319801787e-12,0.999999999995413
47200,NORMAL,3.6695977855841434e-12,1,3.6695977855841434e-12,0.99999999999633038,0,UNKNOWN,0.20000000000293566,3.6695977855841434e-12,1,3.6695924077179143e-12,0.99999999999633038,0,0,0,0,0,30600,30600,0,0,0,1,1,0,1,1,0,1,1,0,1,1,0,1,1,0,1,1,0,0,0,0,0,0,0,0,0,0,0,0,0,0,0,3.6695977855841434e-12,0,0,0,0,0,0,0,0,0,0,0,0,0,0,0,0,0,0,0,0,0,0,0,0,0,0,0,0,0.99999999999633038,0,3.6695977855841434e-12,0.99999999999633038
47300,NORMAL,2.935678228467315e-12,1,2.935678228467315e-12,0.99999999999706435,0,UNKNOWN,0.20000000000234855,2.935678228467315e-12,1,2.9356794772894546e-12,0.99999999999706435,0,0,0,0,0,30600,30600,0,0,0,1,1,0,1,1,0,1,1,0,1,1,0,1,1,0,1,1,0,0,0,0,0,0,0,0,0,0,0,0,0,0,0,2.935678228467315e-12,0,0,0,0,0,0,0,0,0,0,0,0,0,0,0,0,0,0,0,0,0,0,0,0,0,0,0,0,0.99999999999706435,0,2.935678228467315e-12,0.99999999999706435
47400,NORMAL,2.3485425827738522e-12,1,2.3485425827738522e-12,0.99999999999765143,0,UNKNOWN,0.20000000000187881,2.3485425827738522e-12,1,2.3485380307164405e-12,0.99999999999765143,0,0,0,0,0,30600,30600,0,0,0,1,1,0,1,1,0,1,1,0,1,1,0,1,1,0,1,1,0,0,0,0,0,0,0,0,0,0,0,0,0,0,0,2.3485425827738522e-12,0,0,0,0,0,0,0,0,0,0,0,0,0,0,0,0,0,0,0,0,0,0,0,0,0,0,0,0,0.99999999999765143,0,2.3485425827738522e-12,0.99999999999765143
47500,NORMAL,1.8788340662190819e-12,1,1.8788340662190819e-12,0.99999999999812117,0,UNKNOWN,0.20000000000150306,1.8788340662190819e-12,1,1.8788304245731524e-12,0.99999999999812117,0,0,0,0,0,30600,30600,0,0,0,1,1,0,1,1,0,1,1,0,1,1,0,1,1,0,1,1,0,0,0,0,0,0,0,0,0,0,0,0,0,0,0,1.8788340662190819e-12,0,0,0,0,0,0,0,0,0,0,0,0,0,0,0,0,0,0,0,0,0,0,0,0,0,0,0,0,0.99999999999812117,0,1.8788340662190819e-12,0.99999999999812117
47600,NORMAL,1.5030672529752657e-12,1,1.5030672529752657e-12,0.99999999999849698,0,UNKNOWN,0.20000000000120247,1.5030672529752657e-12,1,1.5030754418887682e-12,0.99999999999849698,0,0,0,0,0,30600,30600,0,0,0,1,1,0,1,1,0,1,1,0,1,1,0,1,1,0,1,1,0,0,0,0,0,0,0,0,0,0,0,0,0,0,0,1.5030672529752657e-12,0,0,0,0,0,0,0,0,0,0,0,0,0,0,0,0,0,0,0,0,0,0,0,0,0,0,0,0,0.99999999999849698,0,1.5030672529752657e-12,0.99999999999849698
47700,NORMAL,1.2024538023802126e-12,1,1.2024538023802126e-12,0.99999999999879763,0,UNKNOWN,0.20000000000096199,1.2024538023802126e-12,1,1.2024548023958914e-12,0.99999999999879763,0,0,0,0,0,30600,30600,0,0,0,1,1,0,1,1,0,1,1,0,1,1,0,1,1,0,1,1,0,0,0,0,0,0,0,0,0,0,0,0,0,0,0,1.2024538023802126e-12,0,0,0,0,0,0,0,0,0,0,0,0,0,0,0,0,0,0,0,0,0,0,0,0,0,0,0,0,0.99999999999879763,0,1.2024538023802126e-12,0.99999999999879763
47800,NORMAL,9.619630419041701e-13,1,9.619630419041701e-13,0.9999999999990381,0,UNKNOWN,0.20000000000076956,9.619630419041701e-13,1,9.6195273968646688e-13,0.9999999999990381,0,0,0,0,0,30600,30600,0,0,0,1,1,0,1,1,0,1,1,0,1,1,0,1,1,0,1,1,0,0,0,0,0,0,0,0,0,0,0,0,0,0,0,9.619630419041701e-13,0,0,0,0,0,0,0,0,0,0,0,0,0,0,0,0,0,0,0,0,0,0,0,0,0,0,0,0,0.9999999999990381,0,9.619630419041701e-13,0.9999999999990381
47900,NORMAL,7.6957043352333614e-13,1,7.6957043352333614e-13,0.9999999999992305,0,UNKNOWN,0.20000000000061569,7.6957043352333614e-13,1,7.6957884509454288e-13,0.9999999999992305,0,0,0,0,0,30600,30600,0,0,0,1,1,0,1,1,0,1,1,0,1,1,0,1,1,0,1,1,0,0,0,0,0,0,0,0,0,0,0,0,0,0,0,7.6957043352333614e-13,0,0,0,0,0,0,0,0,0,0,0,0,0,0,0,0,0,0,0,0,0,0,0,0,0,0,0,0,0.9999999999992305,0,7.6957043352333614e-13,0.9999999999992305
48000,NORMAL,6.1565634681866896e-13,1,6.1565634681866896e-13,0.99999999999938438,0,UNKNOWN,0.20000000000049253,6.1565634681866896e-13,1,6.1564642273026493e-13,0.99999999999938438,0,0,0,0,0,30600,30600,0,0,0,1,1,0,1,1,0,1,1,0,1,1,0,1,1,0,1,1,0,0,0,0,0,0,0,0,0,0,0,0,0,0,0,6.1565634681866896e-13,0,0,0,0,0,0,0,0,0,0,0,0,0,0,0,0,0,0,0,0,0,0,0,0,0,0,0,0,0.99999999999938438,0,6.1565634681866896e-13,0.99999999999938438
48100,NORMAL,4.9252507745493514e-13,1,4.9252507745493514e-13,0.99999999999950751,0,UNKNOWN,0.20000000000039403,4.9252507745493514e-13,1,4.9252268929933507e-13,0.99999999999950751,0,0,0,0,0,30600,30600,0,0,0,1,1,0,1,1,0,1,1,0,1,1,0,1,1,0,1,1,0,0,0,0,0,0,0,0,0,0,0,0,0,0,0,4.9252507745493514e-13,0,0,0,0,0,0,0,0,0,0,0,0,0,0,0,0,0,0,0,0,0,0,0,0,0,0,0,0,0.99999999999950751,0,4.9252507745493514e-13,0.99999999999950751
48200,NORMAL,3.9402006196394815e-13,1,3.9402006196394815e-13,0.99999999999960598,0,UNKNOWN,0.2000000000003152,3.9402006196394815e-13,1,3.9401815143946806e-13,0.99999999999960598,0,0,0,0,0,30600,30600,0,0,0,1,1,0,1,1,0,1,1,0,1,1,0,1,1,0,1,1,0,0,0,0,0,0,0,0,0,0,0,0,0,0,0,3.9402006196394815e-13,0,0,0,0,0,0,0,0,0,0,0,0,0,0,0,0,0,0,0,0,0,0,0,0,0,0,0,0,0.99999999999960598,0,3.9402006196394815e-13,0.99999999999960598
48300,NORMAL,3.1521604957115854e-13,1,3.1521604957115854e-13,0.99999999999968481,0,UNKNOWN,0.20000000000025217,3.1521604957115854e-13,1,3.1522007226669757e-13,0.99999999999968481,0,0,0,0,0,30600,30600,0,0,0,1,1,0,1,1,0,1,1,0,1,1,0,1,1,0,1,1,0,0,0,0,0,0,0,0,0,0,0,0,0,0,0,3.1521604957115854e-13,0,0,0,0,0,0,0,0,0,0,0,0,0,0,0,0,0,0,0,0,0,0,0,0,0,0,0,0,0.99999999999968481,0,3.1521604957115854e-13,0.99999999999968481
48400,NORMAL,2.5217283965692686e-13,1,2.5217283965692686e-13,0.99999999999974787,0,UNKNOWN,0.20000000000020174,2.5217283965692686e-13,1,2.5215940446798868e-13,0.99999999999974787,0,0,0,0,0,30600,30600,0,0,0,1,1,0,1,1,0,1,1,0,1,1,0,1,1,0,1,1,0,0,0,0,0,0,0,0,0,0,0,0,0,0,0,2.5217283965692686e-13,0,0,0,0,0,0,0,0,0,0,0,0,0,0,0,0,0,0,0,0,0,0,0,0,0,0,0,0,0.99999999999974787,0,2.5217283965692686e-13,0.99999999999974787
48500,NORMAL,2.017382717255415e-13,1,2.017382717255415e-13,0.99999999999979827,0,UNKNOWN,0.20000000000016138,2.017382717255415e-13,1,2.0172752357439094e-13,0.99999999999979827,0,0,0,0,0,30600,30600,0,0,0,1,1,0,1,1,0,1,1,0,1,1,0,1,1,0,1,1,0,0,0,0,0,0,0,0,0,0,0,0,0,0,0,2.017382717255415e-13,0,0,0,0,0,0,0,0,0,0,0,0,0,0,0,0,0,0,0,0,0,0,0,0,0,0,0,0,0.99999999999979827,0,2.017382717255415e-13,0.99999999999979827
48600,NORMAL,1.613906173804332e-13,1,1.613906173804332e-13,0.99999999999983857,0,UNKNOWN,0.2000000000001291,1.613906173804332e-13,1,1.6139867220488213e-13,0.99999999999983857,0,0,0,0,0,30600,30600,0,0,0,1,1,0,1,1,0,1,1,0,1,1,0,1,1,0,1,1,0,0,0,0,0,0,0,0,0,0,0,0,0,0,0,1.613906173804332e-13,0,0,0,0,0,0,0,0,0,0,0,0,0,0,0,0,0,0,0,0,0,0,0,0,0,0,0,0,0.99999999999983857,0,1.613906173804332e-13,0.99999999999983857
48700,NORMAL,1.2911249390434657e-13,1,1.2911249390434657e-13,0.99999999999987088,0,UNKNOWN,0.20000000000010329,1.2911249390434657e-13,1,1.2911893776390571e-13,0.99999999999987088,0,0,0,0,0,30600,30600,0,0,0,1,1,0,1,1,0,1,1,0,1,1,0,1,1,0,1,1,0,0,0,0,0,0,0,0,0,0,0,0,0,0,0,1.2911249390434657e-13,0,0,0,0,0,0,0,0,0,0,0,0,0,0,0,0,0,0,0,0,0,0,0,0,0,0,0,0,0.99999999999987088,0,1.2911249390434657e-13,0.99999999999987088
48800,NORMAL,1.0328999512347727e-13,1,1.0328999512347727e-13,0.99999999999989675,0,UNKNOWN,0.20000000000008264,1.0328999512347727e-13,1,1.0327849686575519e-13,0.99999999999989675,0,0,0,0,0,30600,30600,0,0,0,1,1,0,1,1,0,1,1,0,1,1,0,1,1,0,1,1,0,0,0,0,0,0,0,0,0,0,0,0,0,0,0,1.0328999512347727e-13,0,0,0,0,0,0,0,0,0,0,0,0,0,0,0,0,0,0,0,0,0,0,0,0,0,0,0,0,0.99999999999989675,0,1.0328999512347727e-13,0.99999999999989675
48900,NORMAL,8.2631996098781823e-14,1,8.2631996098781823e-14,0.9999999999999174,0,UNKNOWN,0.2000000000000661,8.2631996098781823e-14,1,8.2628348607727276e-14,0.9999999999999174,0,0,0,0,0,30600,30600,0,0,0,1,1,0,1,1,0,1,1,0,1,1,0,1,1,0,1,1,0,0,0,0,0,0,0,0,0,0,0,0,0,0,0,8.2631996098781823e-14,0,0,0,0,0,0,0,0,0,0,0,0,0,0,0,0,0,0,0,0,0,0,0,0,0,0,0,0,0.9999999999999174,0,8.2631996098781823e-14,0.9999999999999174
49000,NORMAL,6.6105596879025466e-14,1,6.6105596879025466e-14,0.99999999999993394,0,UNKNOWN,0.20000000000005291,6.6105596879025466e-14,1,6.6113781116428072e-14,0.99999999999993394,0,0,0,0,0,30600,30600,0,0,0,1,1,0,1,1,0,1,1,0,1,1,0,1,1,0,1,1,0,0,0,0,0,0,0,0,0,0,0,0,0,0,0,6.6105596879025466e-14,0,0,0,0,0,0,0,0,0,0,0,0,0,0,0,0,0,0,0,0,0,0,0,0,0,0,0,0,0.99999999999993394,0,6.6105596879025466e-14,0.99999999999993394
49100,NORMAL,5.2884477503220373e-14,1,5.2884477503220373e-14,0.99999999999994715,0,UNKNOWN,0.20000000000004231,5.2884477503220373e-14,1,5.287437154777308e-14,0.99999999999994715,0,0,0,0,0,30600,30600,0,0,0,1,1,0,1,1,0,1,1,0,1,1,0,1,1,0,1,1,0,0,0,0,0,0,0,0,0,0,0,0,0,0,0,5.2884477503220373e-14,0,0,0,0,0,0,0,0,0,0,0,0,0,0,0,0,0,0,0,0,0,0,0,0,0,0,0,0,0.99999999999994715,0,5.2884477503220373e-14,0.99999999999994715
49200,NORMAL,4.2307582002576298e-14,1,4.2307582002576298e-14,0.9999999999999577,0,UNKNOWN,0.20000000000003385,4.2307582002576298e-14,1,4.2299497238218464e-14,0.9999999999999577,0,0,0,0,0,30600,30600,0,0,0,1,1,0,1,1,0,1,1,0,1,1,0,1,1,0,1,1,0,0,0,0,0,0,0,0,0,0,0,0,0,0,0,4.2307582002576298e-14,0,0,0,0,0,0,0,0,0,0,0,0,0,0,0,0,0,0,0,0,0,0,0,0,0,0,0,0,0.9999999999999577,0,4.2307582002576298e-14,0.9999999999999577
49300,NORMAL,3.3846065602061039e-14,1,3.3846065602061039e-14,0.99999999999996614,0,UNKNOWN,0.20000000000002707,3.3846065602061039e-14,1,3.3834046675451646e-14,0.99999999999996614,0,0,0,0,0,30600,30600,0,0,0,1,1,0,1,1,0,1,1,0,1,1,0,1,1,0,1,1,0,0,0,0,0,0,0,0,0,0,0,0,0,0,0,3.3846065602061039e-14,0,0,0,0,0,0,0,0,0,0,0,0,0,0,0,0,0,0,0,0,0,0,0,0,0,0,0,0,0.99999999999996614,0,3.3846065602061039e-14,0.99999999999996614
49400,NORMAL,2.7076852481648831e-14,1,2.7076852481648831e-14,0.99999999999997291,0,UNKNOWN,0.20000000000002166,2.7076852481648831e-14,1,2.708944180085382e-14,0.99999999999997291,0,0,0,0,0,30600,30600,0,0,0,1,1,0,1,1,0,1,1,0,1,1,0,1,1,0,1,1,0,0,0,0,0,0,0,0,0,0,0,0,0,0,0,2.7076852481648831e-14,0,0,0,0,0,0,0,0,0,0,0,0,0,0,0,0,0,0,0,0,0,0,0,0,0,0,0,0,0.99999999999997291,0,2.7076852481648831e-14,0.99999999999997291
49500,NORMAL,2.1661481985319066e-14,1,2.1661481985319066e-14,0.99999999999997835,0,UNKNOWN,0.20000000000001733,2.1661481985319066e-14,1,2.1649348980190553e-14,0.99999999999997835,0,0,0,0,0,30600,30600,0,0,0,1,1,0,1,1,0,1,1,0,1,1,0,1,1,0,1,1,0,0,0,0,0,0,0,0,0,0,0,0,0,0,0,2.1661481985319066e-14,0,0,0,0,0,0,0,0,0,0,0,0,0,0,0,0,0,0,0,0,0,0,0,0,0,0,0,0,0.99999999999997835,0,2.1661481985319066e-14,0.99999999999997835
49600,NORMAL,1.7329185588255255e-14,1,1.7329185588255255e-14,0.99999999999998268,0,UNKNOWN,0.20000000000001386,1.7329185588255255e-14,1,1.7319479184152442e-14,0.99999999999998268,0,0,0,0,0,30600,30600,0,0,0,1,1,0,1,1,0,1,1,0,1,1,0,1,1,0,1,1,0,0,0,0,0,0,0,0,0,0,0,0,0,0,0,1.7329185588255255e-14,0,0,0,0,0,0,0,0,0,0,0,0,0,0,0,0,0,0,0,0,0,0,0,0,0,0,0,0,0.99999999999998268,0,1.7329185588255255e-14,0.99999999999998268
49700,NORMAL,1.3863348470604205e-14,1,1.3863348470604205e-14,0.99999999999998612,0,UNKNOWN,0.20000000000001109,1.3863348470604205e-14,1,1.3850032232198828e-14,0.99999999999998612,0,0,0,0,0,30600,30600,0,0,0,1,1,0,1,1,0,1,1,0,1,1,0,1,1,0,1,1,0,0,0,0,0,0,0,0,0,0,0,0,0,0,0,1.3863348470604205e-14,0,0,0,0,0,0,0,0,0,0,0,0,0,0,0,0,0,0,0,0,0,0,0,0,0,0,0,0,0.99999999999998612,0,1.3863348470604205e-14,0.99999999999998612
49800,NORMAL,1.1090678776483365e-14,1,1.1090678776483365e-14,0.9999999999999889,0,UNKNOWN,0.20000000000000889,1.1090678776483365e-14,1,1.1102230246251565e-14,0.9999999999999889,0,0,0,0,0,30600,30600,0,0,0,1,1,0,1,1,0,1,1,0,1,1,0,1,1,0,1,1,0,0,0,0,0,0,0,0,0,0,0,0,0,0,0,1.1090678776483365e-14,0,0,0,0,0,0,0,0,0,0,0,0,0,0,0,0,0,0,0,0,0,0,0,0,0,0,0,0,0.9999999999999889,0,1.1090678776483365e-14,0.9999999999999889
49900,NORMAL,8.872543021186692e-15,1,8.872543021186692e-15,0.99999999999999112,0,UNKNOWN,0.20000000000000712,8.872543021186692e-15,1,8.8817841970012523e-15,0.99999999999999112,0,0,0,0,0,30600,30600,0,0,0,1,1,0,1,1,0,1,1,0,1,1,0,1,1,0,1,1,0,0,0,0,0,0,0,0,0,0,0,0,0,0,0,8.872543021186692e-15,0,0,0,0,0,0,0,0,0,0,0,0,0,0,0,0,0,0,0,0,0,0,0,0,0,0,0,0,0.99999999999999112,0,8.872543021186692e-15,0.99999999999999112
50000,NORMAL,7.0980344169493541e-15,1,7.0980344169493541e-15,0.99999999999999289,0,UNKNOWN,0.20000000000000567,7.0980344169493541e-15,1,7.1054273576010019e-15,0.99999999999999289,0,0,0,0,0,30600,30600,0,0,0,1,1,0,1,1,0,1,1,0,1,1,0,1,1,0,1,1,0,0,0,0,0,0,0,0,0,0,0,0,0,0,0,7.0980344169493541e-15,0,0,0,0,0,0,0,0,0,0,0,0,0,0,0,0,0,0,0,0,0,0,0,0,0,0,0,0,0.99999999999999289,0,7.0980344169493541e-15,0.99999999999999289
50100,NORMAL,5.6784275335594839e-15,1,5.6784275335594839e-15,0.99999999999999434,0,UNKNOWN,0.20000000000000456,5.6784275335594839e-15,1,5.6898930012039273e-15,0.99999999999999434,0,0,0,0,0,30600,30600,0,0,0,1,1,0,1,1,0,1,1,0,1,1,0,1,1,0,1,1,0,0,0,0,0,0,0,0,0,0,0,0,0,0,0,5.6784275335594839e-15,0,0,0,0,0,0,0,0,0,0,0,0,0,0,0,0,0,0,0,0,0,0,0,0,0,0,0,0,0.99999999999999434,0,5.6784275335594839e-15,0.99999999999999434
50200,NORMAL,4.5427420268475877e-15,1,4.5427420268475877e-15,0.99999999999999545,0,UNKNOWN,0.20000000000000365,4.5427420268475877e-15,1,4.5519144009631418e-15,0.99999999999999545,0,0,0,0,0,30600,30600,0,0,0,1,1,0,1,1,0,1,1,0,1,1,0,1,1,0,1,1,0,0,0,0,0,0,0,0,0,0,0,0,0,0,0,4.5427420268475877e-15,0,0,0,0,0,0,0,0,0,0,0,0,0,0,0,0,0,0,0,0,0,0,0,0,0,0,0,0,0.99999999999999545,0,4.5427420268475877e-15,0.99999999999999545
50300,NORMAL,3.6341936214780707e-15,1,3.6341936214780707e-15,0.99999999999999634,0,UNKNOWN,0.2000000000000029,3.6341936214780707e-15,1,3.6359804056473877e-15,0.99999999999999634,0,0,0,0,0,30600,30600,0,0,0,1,1,0,1,1,0,1,1,0,1,1,0,1,1,0,1,1,0,0,0,0,0,0,0,0,0,0,0,0,0,0,0,3.6341936214780707e-15,0,0,0,0,0,0,0,0,0,0,0,0,0,0,0,0,0,0,0,0,0,0,0,0,0,0,0,0,0.99999999999999634,0,3.6341936214780707e-15,0.99999999999999634
50400,NORMAL,2.9073548971824568e-15,1,2.9073548971824568e-15,0.99999999999999711,0,UNKNOWN,0.20000000000000234,2.9073548971824568e-15,1,2.9143354396410359e-15,0.99999999999999711,0,0,0,0,0,30600,30600,0,0,0,1,1,0,1,1,0,1,1,0,1,1,0,1,1,0,1,1,0,0,0,0,0,0,0,0,0,0,0,0,0,0,0,2.9073548971824568e-15,0,0,0,0,0,0,0,0,0,0,0,0,0,0,0,0,0,0,0,0,0,0,0,0,0,0,0,0,0.99999999999999711,0,2.9073548971824568e-15,0.99999999999999711
50500,NORMAL,2.3258839177459656e-15,1,2.3258839177459656e-15,0.99999999999999767,0,UNKNOWN,0.20000000000000187,2.3258839177459656e-15,1,2.3314683517128287e-15,0.99999999999999767,0,0,0,0,0,30600,30600,0,0,0,1,1,0,1,1,0,1,1,0,1,1,0,1,1,0,1,1,0,0,0,0,0,0,0,0,0,0,0,0,0,0,0,2.3258839177459656e-15,0,0,0,0,0,0,0,0,0,0,0,0,0,0,0,0,0,0,0,0,0,0,0,0,0,0,0,0,0.99999999999999767,0,2.3258839177459656e-15,0.99999999999999767
50600,NORMAL,1.8607071341967727e-15,1,1.8607071341967727e-15,0.99999999999999811,0,UNKNOWN,0.20000000000000148,1.8607071341967727e-15,1,1.8596235662471372e-15,0.99999999999999811,0,0,0,0,0,30600,30600,0,0,0,1,1,0,1,1,0,1,1,0,1,1,0,1,1,0,1,1,0,0,0,0,0,0,0,0,0,0,0,0,0,0,0,1.8607071341967727e-15,0,0,0,0,0,0,0,0,0,0,0,0,0,0,0,0,0,0,0,0,0,0,0,0,0,0,0,0,0.99999999999999811,0,1.8607071341967727e-15,0.99999999999999811
50700,NORMAL,1.4885657073574184e-15,1,1.4885657073574184e-15,0.99999999999999856,0,UNKNOWN,0.2000000000000012,1.4885657073574184e-15,1,1.4988010832439613e-15,0.99999999999999856,0,0,0,0,0,30600,30600,0,0,0,1,1,0,1,1,0,1,1,0,1,1,0,1,1,0,1,1,0,0,0,0,0,0,0,0,0,0,0,0,0,0,0,1.4885657073574184e-15,0,0,0,0,0,0,0,0,0,0,0,0,0,0,0,0,0,0,0,0,0,0,0,0,0,0,0,0,0.99999999999999856,0,1.4885657073574184e-15,0.99999999999999856
50800,NORMAL,1.1908525658859347e-15,1,1.1908525658859347e-15,0.99999999999999889,0,UNKNOWN,0.20000000000000098,1.1908525658859347e-15,1,1.1934897514720433e-15,0.99999999999999889,0,0,0,0,0,30600,30600,0,0,0,1,1,0,1,1,0,1,1,0,1,1,0,1,1,0,1,1,0,0,0,0,0,0,0,0,0,0,0,0,0,0,0,1.1908525658859347e-15,0,0,0,0,0,0,0,0,0,0,0,0,0,0,0,0,0,0,0,0,0,0,0,0,0,0,0,0,0.99999999999999889,0,1.1908525658859347e-15,0.99999999999999889
50900,NORMAL,9.5268205270874774e-16,1,9.5268205270874774e-16,0.99999999999999911,0,UNKNOWN,0.20000000000000076,9.5268205270874774e-16,1,9.4368957093138306e-16,0.99999999999999911,0,0,0,0,0,30600,30600,0,0,0,1,1,0,1,1,0,1,1,0,1,1,0,1,1,0,1,1,0,0,0,0,0,0,0,0,0,0,0,0,0,0,0,9.5268205270874774e-16,0,0,0,0,0,0,0,0,0,0,0,0,0,0,0,0,0,0,0,0,0,0,0,0,0,0,0,0,0.99999999999999911,0,9.5268205270874774e-16,0.99999999999999911
51000,NORMAL,7.6214564216699821e-16,1,7.6214564216699821e-16,0.99999999999999933,0,UNKNOWN,0.20000000000000062,7.6214564216699821e-16,1,7.4940054162198066e-16,0.99999999999999933,0,0,0,0,0,30600,30600,0,0,0,1,1,0,1,1,0,1,1,0,1,1,0,1,1,0,1,1,0,0,0,0,0,0,0,0,0,0,0,0,0,0,0,7.6214564216699821e-16,0,0,0,0,0,0,0,0,0,0,0,0,0,0,0,0,0,0,0,0,0,0,0,0,0,0,0,0,0.99999999999999933,0,7.6214564216699821e-16,0.99999999999999933
51100,NORMAL,6.0971651373359861e-16,1,6.0971651373359861e-16,0.99999999999999944,0,UNKNOWN,0.20000000000000051,6.0971651373359861e-16,1,6.106226635438361e-16,0.99999999999999944,0,0,0,0,0,30600,30600,0,0,0,1,1,0,1,1,0,1,1,0,1,1,0,1,1,0,1,1,0,0,0,0,0,0,0,0,0,0,0,0,0,0,0,6.0971651373359861e-16,0,0,0,0,0,0,0,0,0,0,0,0,0,0,0,0,0,0,0,0,0,0,0,0,0,0,0,0,0.99999999999999944,0,6.0971651373359861e-16,0.99999999999999944
51200,NORMAL,4.8777321098687895e-16,1,4.8777321098687895e-16,0.99999999999999956,0,UNKNOWN,0.2000000000000004,4.8777321098687895e-16,1,4.9960036108132044e-16,0.99999999999999956,0,0,0,0,0,30600,30600,0,0,0,1,1,0,1,1,0,1,1,0,1,1,0,1,1,0,1,1,0,0,0,0,0,0,0,0,0,0,0,0,0,0,0,4.8777321098687895e-16,0,0,0,0,0,0,0,0,0,0,0,0,0,0,0,0,0,0,0,0,0,0,0,0,0,0,0,0,0.99999999999999956,0,4.8777321098687895e-16,0.99999999999999956
51300,NORMAL,3.9021856878950317e-16,1,3.9021856878950317e-16,0.99999999999999967,0,UNKNOWN,0.20000000000000032,3.9021856878950317e-16,1,3.8857805861880479e-16,0.99999999999999967,0,0,0,0,0,30600,30600,0,0,0,1,1,0,1,1,0,1,1,0,1,1,0,1,1,0,1,1,0,0,0,0,0,0,0,0,0,0,0,0,0,0,0,3.9021856878950317e-16,0,0,0,0,0,0,0,0,0,0,0,0,0,0,0,0,0,0,0,0,0,0,0,0,0,0,0,0,0.99999999999999967,0,3.9021856878950317e-16,0.99999999999999967
51400,NORMAL,3.1217485503160257e-16,1,3.1217485503160257e-16,0.99999999999999978,0,UNKNOWN,0.20000000000000026,3.1217485503160257e-16,1,3.0531133177191805e-16,0.99999999999999978,0,0,0,0,0,30600,30600,0,0,0,1,1,0,1,1,0,1,1,0,1,1,0,1,1,0,1,1,0,0,0,0,0,0,0,0,0,0,0,0,0,0,0,3.1217485503160257e-16,0,0,0,0,0,0,0,0,0,0,0,0,0,0,0,0,0,0,0,0,0,0,0,0,0,0,0,0,0.99999999999999978,0,3.1217485503160257e-16,0.99999999999999978
51500,NORMAL,2.4973988402528205e-16,1,2.4973988402528205e-16,0.99999999999999978,0,UNKNOWN,0.20000000000000021,2.4973988402528205e-16,1,2.4980018054066022e-16,0.99999999999999978,0,0,0,0,0,30600,30600,0,0,0,1,1,0,1,1,0,1,1,0,1,1,0,1,1,0,1,1,0,0,0,0,0,0,0,0,0,0,0,0,0,0,0,2.4973988402528205e-16,0,0,0,0,0,0,0,0,0,0,0,0,0,0,0,0,0,0,0,0,0,0,0,0,0,0,0,0,0.99999999999999978,0,2.4973988402528205e-16,0.99999999999999978
51600,NORMAL,1.9979190722022564e-16,1,1.9979190722022564e-16,0.99999999999999978,0,UNKNOWN,0.20000000000000015,1.9979190722022564e-16,1,1.9428902930940239e-16,0.99999999999999978,0,0,0,0,0,30600,30600,0,0,0,1,1,0,1,1,0,1,1,0,1,1,0,1,1,0,1,1,0,0,0,0,0,0,0,0,0,0,0,0,0,0,0,1.9979190722022564e-16,0,0,0,0,0,0,0,0,0,0,0,0,0,0,0,0,0,0,0,0,0,0,0,0,0,0,0,0,0.99999999999999978,0,1.9979190722022564e-16,0.99999999999999978
51700,NORMAL,1.5983352577618054e-16,1,1.5983352577618054e-16,0.99999999999999989,0,UNKNOWN,0.20000000000000015,1.5983352577618054e-16,1,1.6653345369377348e-16,0.99999999999999989,0,0,0,0,0,30600,30600,0,0,0,1,1,0,1,1,0,1,1,0,1,1,0,1,1,0,1,1,0,0,0,0,0,0,0,0,0,0,0,0,0,0,0,1.5983352577618054e-16,0,0,0,0,0,0,0,0,0,0,0,0,0,0,0,0,0,0,0,0,0,0,0,0,0,0,0,0,0.99999999999999989,0,1.5983352577618054e-16,0.99999999999999989
51800,NORMAL,1.2786682062094444e-16,1,1.2786682062094444e-16,0.99999999999999989,0,UNKNOWN,0.20000000000000012,1.2786682062094444e-16,1,1.3877787807814457e-16,0.99999999999999989,0,0,0,0,0,30600,30600,0,0,0,1,1,0,1,1,0,1,1,0,1,1,0,1,1,0,1,1,0,0,0,0,0,0,0,0,0,0,0,0,0,0,0,1.2786682062094444e-16,0,0,0,0,0,0,0,0,0,0,0,0,0,0,0,0,0,0,0,0,0,0,0,0,0,0,0,0,0.99999999999999989,0,1.2786682062094444e-16,0.99999999999999989
51900,NORMAL,1.0229345649675556e-16,1,1.0229345649675556e-16,0.99999999999999989,0,UNKNOWN,0.20000000000000009,1.0229345649675556e-16,1,1.1102230246251565e-16,0.99999999999999989,0,0,0,0,0,30600,30600,0,0,0,1,1,0,1,1,0,1,1,0,1,1,0,1,1,0,1,1,0,0,0,0,0,0,0,0,0,0,0,0,0,0,0,1.0229345649675556e-16,0,0,0,0,0,0,0,0,0,0,0,0,0,0,0,0,0,0,0,0,0,0,0,0,0,0,0,0,0.99999999999999989,0,1.0229345649675556e-16,0.99999999999999989
52000,NORMAL,8.183476519740445e-17,1,8.183476519740445e-17,0.99999999999999989,0,UNKNOWN,0.20000000000000007,8.183476519740445e-17,1,8.3266726846886741e-17,0.99999999999999989,0,0,0,0,0,30600,30600,0,0,0,1,1,0,1,1,0,1,1,0,1,1,0,1,1,0,1,1,0,0,0,0,0,0,0,0,0,0,0,0,0,0,0,8.183476519740445e-17,0,0,0,0,0,0,0,0,0,0,0,0,0,0,0,0,0,0,0,0,0,0,0,0,0,0,0,0,0.99999999999999989,0,8.183476519740445e-17,0.99999999999999989
52100,NORMAL,6.5467812157923565e-17,1,6.5467812157923565e-17,0.99999999999999989,0,UNKNOWN,0.20000000000000004,6.5467812157923565e-17,1,5.5511151231257827e-17,0.99999999999999989,0,0,0,0,0,30600,30600,0,0,0,1,1,0,1,1,0,1,1,0,1,1,0,1,1,0,1,1,0,0,0,0,0,0,0,0,0,0,0,0,0,0,0,6.5467812157923565e-17,0,0,0,0,0,0,0,0,0,0,0,0,0,0,0,0,0,0,0,0,0,0,0,0,0,0,0,0,0.99999999999999989,0,6.5467812157923565e-17,0.99999999999999989
52200,NORMAL,5.2374249726338858e-17,1,5.2374249726338858e-17,1,0,UNKNOWN,0.20000000000000007,5.2374249726338858e-17,1,5.5511151231257827e-17,1,0,0,0,0,0,30600,30600,0,0,0,1,1,0,1,1,0,1,1,0,1,1,0,1,1,0,1,1,0,0,0,0,0,0,0,0,0,0,0,0,0,0,0,5.2374249726338858e-17,0,0,0,0,0,0,0,0,0,0,0,0,0,0,0,0,0,0,0,0,0,0,0,0,0,0,0,0,1,0,5.2374249726338858e-17,1
52300,NORMAL,4.1899399781071091e-17,1,4.1899399781071091e-17,1,0,UNKNOWN,0.20000000000000007,4.1899399781071091e-17,1,5.5511151231257827e-17,1,0,0,0,0,0,30600,30600,0,0,0,1,1,0,1,1,0,1,1,0,1,1,0,1,1,0,1,1,0,0,0,0,0,0,0,0,0,0,0,0,0,0,0,4.1899399781071091e-17,0,0,0,0,0,0,0,0,0,0,0,0,0,0,0,0,0,0,0,0,0,0,0,0,0,0,0,0,1,0,4.1899399781071091e-17,1
52400,NORMAL,3.3519519824856874e-17,1,3.3519519824856874e-17,1,0,UNKNOWN,0.20000000000000004,3.3519519824856874e-17,1,2.7755575615628914e-17,1,0,0,0,0,0,30600,30600,0,0,0,1,1,0,1,1,0,1,1,0,1,1,0,1,1,0,1,1,0,0,0,0,0,0,0,0,0,0,0,0,0,0,0,3.3519519824856874e-17,0,0,0,0,0,0,0,0,0,0,0,0,0,0,0,0,0,0,0,0,0,0,0,0,0,0,0,0,1,0,3.3519519824856874e-17,1
52500,NORMAL,2.6815615859885502e-17,1,2.6815615859885502e-17,1,0,UNKNOWN,0.20000000000000004,2.6815615859885502e-17,1,2.7755575615628914e-17,1,0,0,0,0,0,30600,30600,0,0,0,1,1,0,1,1,0,1,1,0,1,1,0,1,1,0,1,1,0,0,0,0,0,0,0,0,0,0,0,0,0,0,0,2.6815615859885502e-17,0,0,0,0,0,0,0,0,0,0,0,0,0,0,0,0,0,0,0,0,0,0,0,0,0,0,0,0,1,0,2.6815615859885502e-17,1
52600,NORMAL,2.1452492687908403e-17,1,2.1452492687908403e-17,1,0,UNKNOWN,0.20000000000000004,2.1452492687908403e-17,1,2.7755575615628914e-17,1,0,0,0,0,0,30600,30600,0,0,0,1,1,0,1,1,0,1,1,0,1,1,0,1,1,0,1,1,0,0,0,0,0,0,0,0,0,0,0,0,0,0,0,2.1452492687908403e-17,0,0,0,0,0,0,0,0,0,0,0,0,0,0,0,0,0,0,0,0,0,0,0,0,0,0,0,0,1,0,2.1452492687908403e-17,1
52700,NORMAL,1.7161994150326722e-17,1,1.7161994150326722e-17,1,0,UNKNOWN,0.20000000000000004,1.7161994150326722e-17,1,2.7755575615628914e-17,1,0,0,0,0,0,30600,30600,0,0,0,1,1,0,1,1,0,1,1,0,1,1,0,1,1,0,1,1,0,0,0,0,0,0,0,0,0,0,0,0,0,0,0,1.7161994150326722e-17,0,0,0,0,0,0,0,0,0,0,0,0,0,0,0,0,0,0,0,0,0,0,0,0,0,0,0,0,1,0,1.7161994150326722e-17,1
52800,NORMAL,1.3729595320261378e-17,1,1.3729595320261378e-17,1,0,UNKNOWN,0.20000000000000001,0,1,0,1,0,0,0,0,0,30600,30600,0,0,0,1,1,0,1,1,0,1,1,0,1,1,0,1,1,0,1,1,0,0,0,0,0,0,0,0,0,0,0,0,0,0,0,1.3729595320261378e-17,0,0,0,0,0,0,0,0,0,0,0,0,0,0,0,0,0,0,0,0,0,0,0,0,0,0,0,0,1,0,1.3729595320261378e-17,1
52900,NORMAL,1.0983676256209103e-17,1,1.0983676256209103e-17,1,0,UNKNOWN,0.20000000000000001,0,1,0,1,0,0,0,0,0,30600,30600,0,0,0,1,1,0,1,1,0,1,1,0,1,1,0,1,1,0,1,1,0,0,0,0,0,0,0,0,0,0,0,0,0,0,0,1.0983676256209103e-17,0,0,0,0,0,0,0,0,0,0,0,0,0,0,0,0,0,0,0,0,0,0,0,0,0,0,0,0,1,0,1.0983676256209103e-17,1
53000,NORMAL,8.7869410049672836e-18,1,8.7869410049672836e-18,1,0,UNKNOWN,0.20000000000000001,0,1,0,1,0,0,0,0,0,30600,30600,0,0,0,1,1,0,1,1,0,1,1,0,1,1,0,1,1,0,1,1,0,0,0,0,0,0,0,0,0,0,0,0,0,0,0,8.7869410049672836e-18,0,0,0,0,0,0,0,0,0,0,0,0,0,0,0,0,0,0,0,0,0,0,0,0,0,0,0,0,1,0,8.7869410049672836e-18,1
53100,NORMAL,7.0295528039738272e-18,1,7.0295528039738272e-18,1,0,UNKNOWN,0.20000000000000001,0,1,0,1,0,0,0,0,0,30600,30600,0,0,0,1,1,0,1,1,0,1,1,0,1,1,0,1,1,0,1,1,0,0,0,0,0,0,0,0,0,0,0,0,0,0,0,7.0295528039738272e-18,0,0,0,0,0,0,0,0,0,0,0,0,0,0,0,0,0,0,0,0,0,0,0,0,0,0,0,0,1,0,7.0295528039738272e-18,1
53200,NORMAL,5.6236422431790622e-18,1,5.6236422431790622e-18,1,0,UNKNOWN,0.20000000000000001,0,1,0,1,0,0,0,0,0,30600,30600,0,0,0,1,1,0,1,1,0,1,1,0,1,1,0,1,1,0,1,1,0,0,0,0,0,0,0,0,0,0,0,0,0,0,0,5.6236422431790622e-18,0,0,0,0,0,0,0,0,0,0,0,0,0,0,0,0,0,0,0,0,0,0,0,0,0,0,0,0,1,0,5.6236422431790622e-18,1
53300,NORMAL,4.4989137945432504e-18,1,4.4989137945432504e-18,1,0,UNKNOWN,0.20000000000000001,0,1,0,1,0,0,0,0,0,30600,30600,0,0,0,1,1,0,1,1,0,1,1,0,1,1,0,1,1,0,1,1,0,0,0,0,0,0,0,0,0,0,0,0,0,0,0,4.4989137945432504e-18,0,0,0,0,0,0,0,0,0,0,0,0,0,0,0,0,0,0,0,0,0,0,0,0,0,0,0,0,1,0,4.4989137945432504e-18,1
53400,NORMAL,3.5991310356346003e-18,1,3.5991310356346003e-18,1,0,UNKNOWN,0.20000000000000001,0,1,0,1,0,0,0,0,0,30600,30600,0,0,0,1,1,0,1,1,0,1,1,0,1,1,0,1,1,0,1,1,0,0,0,0,0,0,0,0,0,0,0,0,0,0,0,3.5991310356346003e-18,0,0,0,0,0,0,0,0,0,0,0,0,0,0,0,0,0,0,0,0,0,0,0,0,0,0,0,0,1,0,3.5991310356346003e-18,1
53500,NORMAL,2.8793048285076805e-18,1,2.8793048285076805e-18,1,0,UNKNOWN,0.20000000000000001,0,1,0,1,0,0,0,0,0,30600,30600,0,0,0,1,1,0,1,1,0,1,1,0,1,1,0,1,1,0,1,1,0,0,0,0,0,0,0,0,0,0,0,0,0,0,0,2.8793048285076805e-18,0,0,0,0,0,0,0,0,0,0,0,0,0,0,0,0,0,0,0,0,0,0,0,0,0,0,0,0,1,0,2.8793048285076805e-18,1
53600,NORMAL,2.3034438628061444e-18,1,2.3034438628061444e-18,1,0,UNKNOWN,0.20000000000000001,0,1,0,1,0,0,0,0,0,30600,30600,0,0,0,1,1,0,1,1,0,1,1,0,1,1,0,1,1,0,1,1,0,0,0,0,0,0,0,0,0,0,0,0,0,0,0,2.3034438628061444e-18,0,0,0,0,0,0,0,0,0,0,0,0,0,0,0,0,0,0,0,0,0,0,0,0,0,0,0,0,1,0,2.3034438628061444e-18,1
53700,NORMAL,1.8427550902449156e-18,1,1.8427550902449156e-18,1,0,UNKNOWN,0.20000000000000001,0,1,0,1,0,0,0,0,0,30600,30600,0,0,0,1,1,0,1,1,0,1,1,0,1,1,0,1,1,0,1,1,0,0,0,0,0,0,0,0,0,0,0,0,0,0,0,1.8427550902449156e-18,0,0,0,0,0,0,0,0,0,0,0,0,0,0,0,0,0,0,0,0,0,0,0,0,0,0,0,0,1,0,1.8427550902449156e-18,1
53800,NORMAL,1.4742040721959326e-18,1,1.4742040721959326e-18,1,0,UNKNOWN,0.20000000000000001,0,1,0,1,0,0,0,0,0,30600,30600,0,0,0,1,1,0,1,1,0,1,1,0,1,1,0,1,1,0,1,1,0,0,0,0,0,0,0,0,0,0,0,0,0,0,0,1.4742040721959326e-18,0,0,0,0,0,0,0,0,0,0,0,0,0,0,0,0,0,0,0,0,0,0,0,0,0,0,0,0,1,0,1.4742040721959326e-18,1
53900,NORMAL,1.1793632577567461e-18,1,1.1793632577567461e-18,1,0,UNKNOWN,0.20000000000000001,0,1,0,1,0,0,0,0,0,30600,30600,0,0,0,1,1,0,1,1,0,1,1,0,1,1,0,1,1,0,1,1,0,0,0,0,0,0,0,0,0,0,0,0,0,0,0,1.1793632577567461e-18,0,0,0,0,0,0,0,0,0,0,0,0,0,0,0,0,0,0,0,0,0,0,0,0,0,0,0,0,1,0,1.1793632577567461e-18,1
54000,NORMAL,9.43490606205397e-19,1,9.43490606205397e-19,1,0,UNKNOWN,0.20000000000000001,0,1,0,1,0,0,0,0,0,30600,30600,0,0,0,1,1,0,1,1,0,1,1,0,1,1,0,1,1,0,1,1,0,0,0,0,0,0,0,0,0,0,0,0,0,0,0,9.43490606205397e-19,0,0,0,0,0,0,0,0,0,0,0,0,0,0,0,0,0,0,0,0,0,0,0,0,0,0,0,0,1,0,9.43490606205397e-19,1
54100,NORMAL,7.5479248496431762e-19,1,7.5479248496431762e-19,1,0,UNKNOWN,0.20000000000000001,0,1,0,1,0,0,0,0,0,30600,30600,0,0,0,1,1,0,1,1,0,1,1,0,1,1,0,1,1,0,1,1,0,0,0,0,0,0,0,0,0,0,0,0,0,0,0,7.5479248496431762e-19,0,0,0,0,0,0,0,0,0,0,0,0,0,0,0,0,0,0,0,0,0,0,0,0,0,0,0,0,1,0,7.5479248496431762e-19,1
54200,NORMAL,6.038339879714541e-19,1,6.038339879714541e-19,1,0,UNKNOWN,0.20000000000000001,0,1,0,1,0,0,0,0,0,30600,30600,0,0,0,1,1,0,1,1,0,1,1,0,1,1,0,1,1,0,1,1,0,0,0,0,0,0,0,0,0,0,0,0,0,0,0,6.038339879714541e-19,0,0,0,0,0,0,0,0,0,0,0,0,0,0,0,0,0,0,0,0,0,0,0,0,0,0,0,0,1,0,6.038339879714541e-19,1
54300,NORMAL,4.830671903771633e-19,1,4.830671903771633e-19,1,0,UNKNOWN,0.20000000000000001,0,1,0,1,0,0,0,0,0,30600,30600,0,0,0,1,1,0,1,1,0,1,1,0,1,1,0,1,1,0,1,1,0,0,0,0,0,0,0,0,0,0,0,0,0,0,0,4.830671903771633e-19,0,0,0,0,0,0,0,0,0,0,0,0,0,0,0,0,0,0,0,0,0,0,0,0,0,0,0,0,1,0,4.830671903771633e-19,1
54400,NORMAL,3.8645375230173066e-19,1,3.8645375230173066e-19,1,0,UNKNOWN,0.20000000000000001,0,1,0,1,0,0,0,0,0,30600,30600,0,0,0,1,1,0,1,1,0,1,1,0,1,1,0,1,1,0,1,1,0,0,0,0,0,0,0,0,0,0,0,0,0,0,0,3.8645375230173066e-19,0,0,0,0,0,0,0,0,0,0,0,0,0,0,0,0,0,0,0,0,0,0,0,0,0,0,0,0,1,0,3.8645375230173066e-19,1
54500,NORMAL,3.0916300184138453e-19,1,3.0916300184138453e-19,1,0,UNKNOWN,0.20000000000000001,0,1,0,1,0,0,0,0,0,30600,30600,0,0,0,1,1,0,1,1,0,1,1,0,1,1,0,1,1,0,1,1,0,0,0,0,0,0,0,0,0,0,0,0,0,0,0,3.0916300184138453e-19,0,0,0,0,0,0,0,0,0,0,0,0,0,0,0,0,0,0,0,0,0,0,0,0,0,0,0,0,1,0,3.0916300184138453e-19,1
54600,NORMAL,2.4733040147310764e-19,1,2.4733040147310764e-19,1,0,UNKNOWN,0.20000000000000001,0,1,0,1,0,0,0,0,0,30600,30600,0,0,0,1,1,0,1,1,0,1,1,0,1,1,0,1,1,0,1,1,0,0,0,0,0,0,0,0,0,0,0,0,0,0,0,2.4733040147310764e-19,0,0,0,0,0,0,0,0,0,0,0,0,0,0,0,0,0,0,0,0,0,0,0,0,0,0,0,0,1,0,2.4733040147310764e-19,1
54700,NORMAL,1.9786432117848612e-19,1,1.9786432117848612e-19,1,0,UNKNOWN,0.20000000000000001,0,1,0,1,0,0,0,0,0,30600,30600,0,0,0,1,1,0,1,1,0,1,1,0,1,1,0,1,1,0,1,1,0,0,0,0,0,0,0,0,0,0,0,0,0,0,0,1.9786432117848612e-19,0,0,0,0,0,0,0,0,0,0,0,0,0,0,0,0,0,0,0,0,0,0,0,0,0,0,0,0,1,0,1.9786432117848612e-19,1
54800,NORMAL,1.582914569427889e-19,1,1.582914569427889e-19,1,0,UNKNOWN,0.20000000000000001,0,1,0,1,0,0,0,0,0,30600,30600,0,0,0,1,1,0,1,1,0,1,1,0,1,1,0,1,1,0,1,1,0,0,0,0,0,0,0,0,0,0,0,0,0,0,0,1.582914569427889e-19,0,0,0,0,0,0,0,0,0,0,0,0,0,0,0,0,0,0,0,0,0,0,0,0,0,0,0,0,1,0,1.582914569427889e-19,1
54900,NORMAL,1.2663316555423112e-19,1,1.2663316555423112e-19,1,0,UNKNOWN,0.20000000000000001,0,1,0,1,0,0,0,0,0,30600,30600,0,0,0,1,1,0,1,1,0,1,1,0,1,1,0,1,1,0,1,1,0,0,0,0,0,0,0,0,0,0,0,0,0,0,0,1.2663316555423112e-19,0,0,0,0,0,0,0,0,0,0,0,0,0,0,0,0,0,0,0,0,0,0,0,0,0,0,0,0,1,0,1.2663316555423112e-19,1
55000,NORMAL,1.013065324433849e-19,1,1.013065324433849e-19,1,0,UNKNOWN,0.20000000000000001,0,1,0,1,0,0,0,0,0,30600,30600,0,0,0,1,1,0,1,1,0,1,1,0,1,1,0,1,1,0,1,1,0,0,0,0,0,0,0,0,0,0,0,0,0,0,0,1.013065324433849e-19,0,0,0,0,0,0,0,0,0,0,0,0,0,0,0,0,0,0,0,0,0,0,0,0,0,0,0,0,1,0,1.013065324433849e-19,1
55100,NORMAL,8.1045225954707928e-20,1,8.1045225954707928e-20,1,0,UNKNOWN,0.20000000000000001,0,1,0,1,0,0,0,0,0,30600,30600,0,0,0,1,1,0,1,1,0,1,1,0,1,1,0,1,1,0,1,1,0,0,0,0,0,0,0,0,0,0,0,0,0,0,0,8.1045225954707928e-20,0,0,0,0,0,0,0,0,0,0,0,0,0,0,0,0,0,0,0,0,0,0,0,0,0,0,0,0,1,0,8.1045225954707928e-20,1
55200,NORMAL,6.483618076376634e-20,1,6.483618076376634e-20,1,0,UNKNOWN,0.20000000000000001,0,1,0,1,0,0,0,0,0,30600,30600,0,0,0,1,1,0,1,1,0,1,1,0,1,1,0,1,1,0,1,1,0,0,0,0,0,0,0,0,0,0,0,0,0,0,0,6.483618076376634e-20,0,0,0,0,0,0,0,0,0,0,0,0,0,0,0,0,0,0,0,0,0,0,0,0,0,0,0,0,1,0,6.483618076376634e-20,1
55300,NORMAL,5.1868944611013073e-20,1,5.1868944611013073e-20,1,0,UNKNOWN,0.20000000000000001,0,1,0,1,0,0,0,0,0,30600,30600,0,0,0,1,1,0,1,1,0,1,1,0,1,1,0,1,1,0,1,1,0,0,0,0,0,0,0,0,0,0,0,0,0,0,0,5.1868944611013073e-20,0,0,0,0,0,0,0,0,0,0,0,0,0,0,0,0,0,0,0,0,0,0,0,0,0,0,0,0,1,0,5.1868944611013073e-20,1
55400,NORMAL,4.1495155688810458e-20,1,4.1495155688810458e-20,1,0,UNKNOWN,0.20000000000000001,0,1,0,1,0,0,0,0,0,30600,30600,0,0,0,1,1,0,1,1,0,1,1,0,1,1,0,1,1,0,1,1,0,0,0,0,0,0,0,0,0,0,0,0,0,0,0,4.1495155688810458e-20,0,0,0,0,0,0,0,0,0,0,0,0,0,0,0,0,0,0,0,0,0,0,0,0,0,0,0,0,1,0,4.1495155688810458e-20,1
55500,NORMAL,3.3196124551048369e-20,1,3.3196124551048369e-20,1,0,UNKNOWN,0.20000000000000001,0,1,0,1,0,0,0,0,0,30600,30600,0,0,0,1,1,0,1,1,0,1,1,0,1,1,0,1,1,0,1,1,0,0,0,0,0,0,0,0,0,0,0,0,0,0,0,3.3196124551048369e-20,0,0,0,0,0,0,0,0,0,0,0,0,0,0,0,0,0,0,0,0,0,0,0,0,0,0,0,0,1,0,3.3196124551048369e-20,1
55600,NORMAL,2.6556899640838696e-20,1,2.6556899640838696e-20,1,0,UNKNOWN,0.20000000000000001,0,1,0,1,0,0,0,0,0,30600,30600,0,0,0,1,1,0,1,1,0,1,1,0,1,1,0,1,1,0,1,1,0,0,0,0,0,0,0,0,0,0,0,0,0,0,0,2.6556899640838696e-20,0,0,0,0,0,0,0,0,0,0,0,0,0,0,0,0,0,0,0,0,0,0,0,0,0,0,0,0,1,0,2.6556899640838696e-20,1
55700,NORMAL,2.1245519712670959e-20,1,2.1245519712670959e-20,1,0,UNKNOWN,0.20000000000000001,0,1,0,1,0,0,0,0,0,30600,30600,0,0,0,1,1,0,1,1,0,1,1,0,1,1,0,1,1,0,1,1,0,0,0,0,0,0,0,0,0,0,0,0,0,0,0,2.1245519712670959e-20,0,0,0,0,0,0,0,0,0,0,0,0,0,0,0,0,0,0,0,0,0,0,0,0,0,0,0,0,1,0,2.1245519712670959e-20,1
55800,NORMAL,1.6996415770136767e-20,1,1.6996415770136767e-20,1,0,UNKNOWN,0.20000000000000001,0,1,0,1,0,0,0,0,0,30600,30600,0,0,0,1,1,0,1,1,0,1,1,0,1,1,0,1,1,0,1,1,0,0,0,0,0,0,0,0,0,0,0,0,0,0,0,1.6996415770136767e-20,0,0,0,0,0,0,0,0,0,0,0,0,0,0,0,0,0,0,0,0,0,0,0,0,0,0,0,0,1,0,1.6996415770136767e-20,1
55900,NORMAL,1.3597132616109415e-20,1,1.3597132616109415e-20,1,0,UNKNOWN,0.20000000000000001,0,1,0,1,0,0,0,0,0,30600,30600,0,0,0,1,1,0,1,1,0,1,1,0,1,1,0,1,1,0,1,1,0,0,0,0,0,0,0,0,0,0,0,0,0,0,0,1.3597132616109415e-20,0,0,0,0,0,0,0,0,0,0,0,0,0,0,0,0,0,0,0,0,0,0,0,0,0,0,0,0,1,0,1.3597132616109415e-20,1
56000,NORMAL,1.0877706092887533e-20,1,1.0877706092887533e-20,1,0,UNKNOWN,0.20000000000000001,0,1,0,1,0,0,0,0,0,30600,30600,0,0,0,1,1,0,1,1,0,1,1,0,1,1,0,1,1,0,1,1,0,0,0,0,0,0,0,0,0,0,0,0,0,0,0,1.0877706092887533e-20,0,0,0,0,0,0,0,0,0,0,0,0,0,0,0,0,0,0,0,0,0,0,0,0,0,0,0,0,1,0,1.0877706092887533e-20,1
56100,NORMAL,8.7021648743100273e-21,1,8.7021648743100273e-21,1,0,UNKNOWN,0.20000000000000001,0,1,0,1,0,0,0,0,0,30600,30600,0,0,0,1,1,0,1,1,0,1,1,0,1,1,0,1,1,0,1,1,0,0,0,0,0,0,0,0,0,0,0,0,0,0,0,8.7021648743100273e-21,0,0,0,0,0,0,0,0,0,0,0,0,0,0,0,0,0,0,0,0,0,0,0,0,0,0,0,0,1,0,8.7021648743100273e-21,1
56200,NORMAL,6.9617318994480222e-21,1,6.9617318994480222e-21,1,0,UNKNOWN,0.20000000000000001,0,1,0,1,0,0,0,0,0,30600,30600,0,0,0,1,1,0,1,1,0,1,1,0,1,1,0,1,1,0,1,1,0,0,0,0,0,0,0,0,0,0,0,0,0,0,0,6.9617318994480222e-21,0,0,0,0,0,0,0,0,0,0,0,0,0,0,0,0,0,0,0,0,0,0,0,0,0,0,0,0,1,0,6.9617318994480222e-21,1
56300,NORMAL,5.5693855195584177e-21,1,5.5693855195584177e-21,1,0,UNKNOWN,0.20000000000000001,0,1,0,1,0,0,0,0,0,30600,30600,0,0,0,1,1,0,1,1,0,1,1,0,1,1,0,1,1,0,1,1,0,0,0,0,0,0,0,0,0,0,0,0,0,0,0,5.5693855195584177e-21,0,0,0,0,0,0,0,0,0,0,0,0,0,0,0,0,0,0,0,0,0,0,0,0,0,0,0,0,1,0,5.5693855195584177e-21,1
56400,NORMAL,4.4555084156467346e-21,1,4.4555084156467346e-21,1,0,UNKNOWN,0.20000000000000001,0,1,0,1,0,0,0,0,0,30600,30600,0,0,0,1,1,0,1,1,0,1,1,0,1,1,0,1,1,0,1,1,0,0,0,0,0,0,0,0,0,0,0,0,0,0,0,4.4555084156467346e-21,0,0,0,0,0,0,0,0,0,0,0,0,0,0,0,0,0,0,0,0,0,0,0,0,0,0,0,0,1,0,4.4555084156467346e-21,1
56500,NORMAL,3.5644067325173877e-21,1,3.5644067325173877e-21,1,0,UNKNOWN,0.20000000000000001,0,1,0,1,0,0,0,0,0,30600,30600,0,0,0,1,1,0,1,1,0,1,1,0,1,1,0,1,1,0,1,1,0,0,0,0,0,0,0,0,0,0,0,0,0,0,0,3.5644067325173877e-21,0,0,0,0,0,0,0,0,0,0,0,0,0,0,0,0,0,0,0,0,0,0,0,0,0,0,0,0,1,0,3.5644067325173877e-21,1
56600,NORMAL,2.8515253860139102e-21,1,2.8515253860139102e-21,1,0,UNKNOWN,0.20000000000000001,0,1,0,1,0,0,0,0,0,30600,30600,0,0,0,1,1,0,1,1,0,1,1,0,1,1,0,1,1,0,1,1,0,0,0,0,0,0,0,0,0,0,0,0,0,0,0,2.8515253860139102e-21,0,0,0,0,0,0,0,0,0,0,0,0,0,0,0,0,0,0,0,0,0,0,0,0,0,0,0,0,1,0,2.8515253860139102e-21,1
56700,NORMAL,2.2812203088111283e-21,1,2.2812203088111283e-21,1,0,UNKNOWN,0.20000000000000001,0,1,0,1,0,0,0,0,0,30600,30600,0,0,0,1,1,0,1,1,0,1,1,0,1,1,0,1,1,0,1,1,0,0,0,0,0,0,0,0,0,0,0,0,0,0,0,2.2812203088111283e-21,0,0,0,0,0,0,0,0,0,0,0,0,0,0,0,0,0,0,0,0,0,0,0,0,0,0,0,0,1,0,2.2812203088111283e-21,1
56800,NORMAL,1.8249762470489028e-21,1,1.8249762470489028e-21,1,0,UNKNOWN,0.20000000000000001,0,1,0,1,0,0,0,0,0,30600,30600,0,0,0,1,1,0,1,1,0,1,1,0,1,1,0,1,1,0,1,1,0,0,0,0,0,0,0,0,0,0,0,0,0,0,0,1.8249762470489028e-21,0,0,0,0,0,0,0,0,0,0,0,0,0,0,0,0,0,0,0,0,0,0,0,0,0,0,0,0,1,0,1.8249762470489028e-21,1
56900,NORMAL,1.4599809976391223e-21,1,1.4599809976391223e-21,1,0,UNKNOWN,0.20000000000000001,0,1,0,1,0,0,0,0,0,30600,30600,0,0,0,1,1,0,1,1,0,1,1,0,1,1,0,1,1,0,1,1,0,0,0,0,0,0,0,0,0,0,0,0,0,0,0,1.4599809976391223e-21,0,0,0,0,0,0,0,0,0,0,0,0,0,0,0,0,0,0,0,0,0,0,0,0,0,0,0,0,1,0,1.4599809976391223e-21,1
57000,NORMAL,1.1679847981112978e-21,1,1.1679847981112978e-21,1,0,UNKNOWN,0.20000000000000001,0,1,0,1,0,0,0,0,0,30600,30600,0,0,0,1,1,0,1,1,0,1,1,0,1,1,0,1,1,0,1,1,0,0,0,0,0,0,0,0,0,0,0,0,0,0,0,1.1679847981112978e-21,0,0,0,0,0,0,0,0,0,0,0,0,0,0,0,0,0,0,0,0,0,0,0,0,0,0,0,0,1,0,1.1679847981112978e-21,1
57100,NORMAL,9.3438783848903826e-22,1,9.3438783848903826e-22,1,0,UNKNOWN,0.20000000000000001,0,1,0,1,0,0,0,0,0,30600,30600,0,0,0,1,1,0,1,1,0,1,1,0,1,1,0,1,1,0,1,1,0,0,0,0,0,0,0,0,0,0,0,0,0,0,0,9.3438783848903826e-22,0,0,0,0,0,0,0,0,0,0,0,0,0,0,0,0,0,0,0,0,0,0,0,0,0,0,0,0,1,0,9.3438783848903826e-22,1
57200,NORMAL,7.4751027079123064e-22,1,7.4751027079123064e-22,1,0,UNKNOWN,0.20000000000000001,0,1,0,1,0,0,0,0,0,30600,30600,0,0,0,1,1,0,1,1,0,1,1,0,1,1,0,1,1,0,1,1,0,0,0,0,0,0,0,0,0,0,0,0,0,0,0,7.4751027079123064e-22,0,0,0,0,0,0,0,0,0,0,0,0,0,0,0,0,0,0,0,0,0,0,0,0,0,0,0,0,1,0,7.4751027079123064e-22,1
57300,NORMAL,5.9800821663298457e-22,1,5.9800821663298457e-22,1,0,UNKNOWN,0.20000000000000001,0,1,0,1,0,0,0,0,0,30600,30600,0,0,0,1,1,0,1,1,0,1,1,0,1,1,0,1,1,0,1,1,0,0,0,0,0,0,0,0,0,0,0,0,0,0,0,5.9800821663298457e-22,0,0,0,0,0,0,0,0,0,0,0,0,0,0,0,0,0,0,0,0,0,0,0,0,0,0,0,0,1,0,5.9800821663298457e-22,1
57400,NORMAL,4.7840657330638768e-22,1,4.7840657330638768e-22,1,0,UNKNOWN,0.20000000000000001,0,1,0,1,0,0,0,0,0,30600,30600,0,0,0,1,1,0,1,1,0,1,1,0,1,1,0,1,1,0,1,1,0,0,0,0,0,0,0,0,0,0,0,0,0,0,0,4.7840657330638768e-22,0,0,0,0,0,0,0,0,0,0,0,0,0,0,0,0,0,0,0,0,0,0,0,0,0,0,0,0,1,0,4.7840657330638768e-22,1
57500,NORMAL,3.8272525864511015e-22,1,3.8272525864511015e-22,1,0,UNKNOWN,0.20000000000000001,0,1,0,1,0,0,0,0,0,30600,30600,0,0,0,1,1,0,1,1,0,1,1,0,1,1,0,1,1,0,1,1,0,0,0,0,0,0,0,0,0,0,0,0,0,0,0,3.8272525864511015e-22,0,0,0,0,0,0,0,0,0,0,0,0,0,0,0,0,0,0,0,0,0,0,0,0,0,0,0,0,1,0,3.8272525864511015e-22,1
57600,NORMAL,3.0618020691608815e-22,1,3.0618020691608815e-22,1,0,UNKNOWN,0.20000000000000001,0,1,0,1,0,0,0,0,0,30600,30600,0,0,0,1,1,0,1,1,0,1,1,0,1,1,0,1,1,0,1,1,0,0,0,0,0,0,0,0,0,0,0,0,0,0,0,3.0618020691608815e-22,0,0,0,0,0,0,0,0,0,0,0,0,0,0,0,0,0,0,0,0,0,0,0,0,0,0,0,0,1,0,3.0618020691608815e-22,1
57700,NORMAL,2.4494416553287055e-22,1,2.4494416553287055e-22,1,0,UNKNOWN,0.20000000000000001,0,1,0,1,0,0,0,0,0,30600,30600,0,0,0,1,1,0,1,1,0,1,1,0,1,1,0,1,1,0,1,1,0,0,0,0,0,0,0,0,0,0,0,0,0,0,0,2.4494416553287055e-22,0,0,0,0,0,0,0,0,0,0,0,0,0,0,0,0,0,0,0,0,0,0,0,0,0,0,0,0,1,0,2.4494416553287055e-22,1
57800,NORMAL,1.9595533242629645e-22,1,1.9595533242629645e-22,1,0,UNKNOWN,0.20000000000000001,0,1,0,1,0,0,0,0,0,30600,30600,0,0,0,1,1,0,1,1,0,1,1,0,1,1,0,1,1,0,1,1,0,0,0,0,0,0,0,0,0,0,0,0,0,0,0,1.9595533242629645e-22,0,0,0,0,0,0,0,0,0,0,0,0,0,0,0,0,0,0,0,0,0,0,0,0,0,0,0,0,1,0,1.9595533242629645e-22,1
57900,NORMAL,1.5676426594103716e-22,1,1.5676426594103716e-22,1,0,UNKNOWN,0.20000000000000001,0,1,0,1,0,0,0,0,0,30600,30600,0,0,0,1,1,0,1,1,0,1,1,0,1,1,0,1,1,0,1,1,0,0,0,0,0,0,0,0,0,0,0,0,0,0,0,1.5676426594103716e-22,0,0,0,0,0,0,0,0,0,0,0,0,0,0,0,0,0,0,0,0,0,0,0,0,0,0,0,0,1,0,1.5676426594103716e-22,1
58000,NORMAL,1.2541141275282974e-22,1,1.2541141275282974e-22,1,0,UNKNOWN,0.20000000000000001,0,1,0,1,0,0,0,0,0,30600,30600,0,0,0,1,1,0,1,1,0,1,1,0,1,1,0,1,1,0,1,1,0,0,0,0,0,0,0,0,0,0,0,0,0,0,0,1.2541141275282974e-22,0,0,0,0,0,0,0,0,0,0,0,0,0,0,0,0,0,0,0,0,0,0,0,0,0,0,0,0,1,0,1.2541141275282974e-22,1
58100,NORMAL,1.003291302022638e-22,1,1.003291302022638e-22,1,0,UNKNOWN,0.20000000000000001,0,1,0,1,0,0,0,0,0,30600,30600,0,0,0,1,1,0,1,1,0,1,1,0,1,1,0,1,1,0,1,1,0,0,0,0,0,0,0,0,0,0,0,0,0,0,0,1.003291302022638e-22,0,0,0,0,0,0,0,0,0,0,0,0,0,0,0,0,0,0,0,0,0,0,0,0,0,0,0,0,1,0,1.003291302022638e-22,1
58200,NORMAL,8.0263304161811041e-23,1,8.0263304161811041e-23,1,0,UNKNOWN,0.20000000000000001,0,1,0,1,0,0,0,0,0,30600,30600,0,0,0,1,1,0,1,1,0,1,1,0,1,1,0,1,1,0,1,1,0,0,0,0,0,0,0,0,0,0,0,0,0,0,0,8.0263304161811041e-23,0,0,0,0,0,0,0,0,0,0,0,0,0,0,0,0,0,0,0,0,0,0,0,0,0,0,0,0,1,0,8.0263304161811041e-23,1
58300,NORMAL,6.421064332944884e-23,1,6.421064332944884e-23,1,0,UNKNOWN,0.20000000000000001,0,1,0,1,0,0,0,0,0,30600,30600,0,0,0,1,1,0,1,1,0,1,1,0,1,1,0,1,1,0,1,1,0,0,0,0,0,0,0,0,0,0,0,0,0,0,0,6.421064332944884e-23,0,0,0,0,0,0,0,0,0,0,0,0,0,0,0,0,0,0,0,0,0,0,0,0,0,0,0,0,1,0,6.421064332944884e-23,1
58400,NORMAL,5.1368514663559072e-23,1,5.1368514663559072e-23,1,0,UNKNOWN,0.20000000000000001,0,1,0,1,0,0,0,0,0,30600,30600,0,0,0,1,1,0,1,1,0,1,1,0,1,1,0,1,1,0,1,1,0,0,0,0,0,0,0,0,0,0,0,0,0,0,0,5.1368514663559072e-23,0,0,0,0,0,0,0,0,0,0,0,0,0,0,0,0,0,0,0,0,0,0,0,0,0,0,0,0,1,0,5.1368514663559072e-23,1
58500,NORMAL,4.1094811730847261e-23,1,4.1094811730847261e-23,1,0,UNKNOWN,0.20000000000000001,0,1,0,1,0,0,0,0,0,30600,30600,0,0,0,1,1,0,1,1,0,1,1,0,1,1,0,1,1,0,1,1,0,0,0,0,0,0,0,0,0,0,0,0,0,0,0,4.1094811730847261e-23,0,0,0,0,0,0,0,0,0,0,0,0,0,0,0,0,0,0,0,0,0,0,0,0,0,0,0,0,1,0,4.1094811730847261e-23,1
58600,NORMAL,3.2875849384677811e-23,1,3.2875849384677811e-23,1,0,UNKNOWN,0.20000000000000001,0,1,0,1,0,0,0,0,0,30600,30600,0,0,0,1,1,0,1,1,0,1,1,0,1,1,0,1,1,0,1,1,0,0,0,0,0,0,0,0,0,0,0,0,0,0,0,3.2875849384677811e-23,0,0,0,0,0,0,0,0,0,0,0,0,0,0,0,0,0,0,0,0,0,0,0,0,0,0,0,0,1,0,3.2875849384677811e-23,1
58700,NORMAL,2.6300679507742251e-23,1,2.6300679507742251e-23,1,0,UNKNOWN,0.20000000000000001,0,1,0,1,0,0,0,0,0,30600,30600,0,0,0,1,1,0,1,1,0,1,1,0,1,1,0,1,1,0,1,1,0,0,0,0,0,0,0,0,0,0,0,0,0,0,0,2.6300679507742251e-23,0,0,0,0,0,0,0,0,0,0,0,0,0,0,0,0,0,0,0,0,0,0,0,0,0,0,0,0,1,0,2.6300679507742251e-23,1
58800,NORMAL,2.1040543606193802e-23,1,2.1040543606193802e-23,1,0,UNKNOWN,0.20000000000000001,0,1,0,1,0,0,0,0,0,30600,30600,0,0,0,1,1,0,1,1,0,1,1,0,1,1,0,1,1,0,1,1,0,0,0,0,0,0,0,0,0,0,0,0,0,0,0,2.1040543606193802e-23,0,0,0,0,0,0,0,0,0,0,0,0,0,0,0,0,0,0,0,0,0,0,0,0,0,0,0,0,1,0,2.1040543606193802e-23,1
58900,NORMAL,1.6832434884955041e-23,1,1.6832434884955041e-23,1,0,UNKNOWN,0.20000000000000001,0,1,0,1,0,0,0,0,0,30600,30600,0,0,0,1,1,0,1,1,0,1,1,0,1,1,0,1,1,0,1,1,0,0,0,0,0,0,0,0,0,0,0,0,0,0,0,1.6832434884955041e-23,0,0,0,0,0,0,0,0,0,0,0,0,0,0,0,0,0,0,0,0,0,0,0,0,0,0,0,0,1,0,1.6832434884955041e-23,1
59000,NORMAL,1.3465947907964034e-23,1,1.3465947907964034e-23,1,0,UNKNOWN,0.20000000000000001,0,1,0,1,0,0,0,0,0,30600,30600,0,0,0,1,1,0,1,1,0,1,1,0,1,1,0,1,1,0,1,1,0,0,0,0,0,0,0,0,0,0,0,0,0,0,0,1.3465947907964034e-23,0,0,0,0,0,0,0,0,0,0,0,0,0,0,0,0,0,0,0,0,0,0,0,0,0,0,0,0,1,0,1.3465947907964034e-23,1
59100,NORMAL,1.0772758326371228e-23,1,1.0772758326371228e-23,1,0,UNKNOWN,0.20000000000000001,0,1,0,1,0,0,0,0,0,30600,30600,0,0,0,1,1,0,1,1,0,1,1,0,1,1,0,1,1,0,1,1,0,0,0,0,0,0,0,0,0,0,0,0,0,0,0,1.0772758326371228e-23,0,0,0,0,0,0,0,0,0,0,0,0,0,0,0,0,0,0,0,0,0,0,0,0,0,0,0,0,1,0,1.0772758326371228e-23,1
59200,NORMAL,8.6182066610969829e-24,1,8.6182066610969829e-24,1,0,UNKNOWN,0.20000000000000001,0,1,0,1,0,0,0,0,0,30600,30600,0,0,0,1,1,0,1,1,0,1,1,0,1,1,0,1,1,0,1,1,0,0,0,0,0,0,0,0,0,0,0,0,0,0,0,8.6182066610969829e-24,0,0,0,0,0,0,0,0,0,0,0,0,0,0,0,0,0,0,0,0,0,0,0,0,0,0,0,0,1,0,8.6182066610969829e-24,1
59300,NORMAL,6.894565328877586e-24,1,6.894565328877586e-24,1,0,UNKNOWN,0.20000000000000001,0,1,0,1,0,0,0,0,0,30600,30600,0,0,0,1,1,0,1,1,0,1,1,0,1,1,0,1,1,0,1,1,0,0,0,0,0,0,0,0,0,0,0,0,0,0,0,6.894565328877586e-24,0,0,0,0,0,0,0,0,0,0,0,0,0,0,0,0,0,0,0,0,0,0,0,0,0,0,0,0,1,0,6.894565328877586e-24,1
59400,NORMAL,5.5156522631020694e-24,1,5.5156522631020694e-24,1,0,UNKNOWN,0.20000000000000001,0,1,0,1,0,0,0,0,0,30600,30600,0,0,0,1,1,0,1,1,0,1,1,0,1,1,0,1,1,0,1,1,0,0,0,0,0,0,0,0,0,0,0,0,0,0,0,5.5156522631020694e-24,0,0,0,0,0,0,0,0,0,0,0,0,0,0,0,0,0,0,0,0,0,0,0,0,0,0,0,0,1,0,5.5156522631020694e-24,1
59500,NORMAL,4.4125218104816558e-24,1,4.4125218104816558e-24,1,0,UNKNOWN,0.20000000000000001,0,1,0,1,0,0,0,0,0,30600,30600,0,0,0,1,1,0,1,1,0,1,1,0,1,1,0,1,1,0,1,1,0,0,0,0,0,0,0,0,0,0,0,0,0,0,0,4.4125218104816558e-24,0,0,0,0,0,0,0,0,0,0,0,0,0,0,0,0,0,0,0,0,0,0,0,0,0,0,0,0,1,0,4.4125218104816558e-24,1
59600,NORMAL,3.5300174483853247e-24,1,3.5300174483853247e-24,1,0,UNKNOWN,0.20000000000000001,0,1,0,1,0,0,0,0,0,30600,30600,0,0,0,1,1,0,1,1,0,1,1,0,1,1,0,1,1,0,1,1,0,0,0,0,0,0,0,0,0,0,0,0,0,0,0,3.5300174483853247e-24,0,0,0,0,0,0,0,0,0,0,0,0,0,0,0,0,0,0,0,0,0,0,0,0,0,0,0,0,1,0,3.5300174483853247e-24,1
59700,NORMAL,2.8240139587082597e-24,1,2.8240139587082597e-24,1,0,UNKNOWN,0.20000000000000001,0,1,0,1,0,0,0,0,0,30600,30600,0,0,0,1,1,0,1,1,0,1,1,0,1,1,0,1,1,0,1,1,0,0,0,0,0,0,0,0,0,0,0,0,0,0,0,2.8240139587082597e-24,0,0,0,0,0,0,0,0,0,0,0,0,0,0,0,0,0,0,0,0,0,0,0,0,0,0,0,0,1,0,2.8240139587082597e-24,1
59800,NORMAL,2.259211166966608e-24,1,2.259211166966608e-24,1,0,UNKNOWN,0.20000000000000001,0,1,0,1,0,0,0,0,0,30600,30600,0,0,0,1,1,0,1,1,0,1,1,0,1,1,0,1,1,0,1,1,0,0,0,0,0,0,0,0,0,0,0,0,0,0,0,2.259211166966608e-24,0,0,0,0,0,0,0,0,0,0,0,0,0,0,0,0,0,0,0,0,0,0,0,0,0,0,0,0,1,0,2.259211166966608e-24,1
59900,NORMAL,1.8073689335732866e-24,1,1.8073689335732866e-24,1,0,UNKNOWN,0.20000000000000001,0,1,0,1,0,0,0,0,0,30600,30600,0,0,0,1,1,0,1,1,0,1,1,0,1,1,0,1,1,0,1,1,0,0,0,0,0,0,0,0,0,0,0,0,0,0,0,1.8073689335732866e-24,0,0,0,0,0,0,0,0,0,0,0,0,0,0,0,0,0,0,0,0,0,0,0,0,0,0,0,0,1,0,1.8073689335732866e-24,1
60000,NORMAL,1.4458951468586293e-24,1,1.4458951468586293e-24,1,0,UNKNOWN,0.20000000000000001,0,1,0,1,0,0,0,0,0,30600,30600,0,0,0,1,1,0,1,1,0,1,1,0,1,1,0,1,1,0,1,1,0,0,0,0,0,0,0,0,0,0,0,0,0,0,0,1.4458951468586293e-24,0,0,0,0,0,0,0,0,0,0,0,0,0,0,0,0,0,0,0,0,0,0,0,0,0,0,0,0,1,0,1.4458951468586293e-24,1
60100,NORMAL,0.022003173828125,1,0.022003173828125,0.977996826171875,0,UNKNOWN,0.20660095214843749,0,1,0,0.977996826171875,2.5451425802858199e-26,0,0,0,0,30600,30600,0,0,0,1,1,0,1,1,0,1,1,0.022003173828125,1,1,0,1,1,0,1,1,0,0,0,0,0,0,0,0,0,0,0,0,0,2.5451425802858199e-26,0,1.1312646916840453e-24,0,0,0,0,0,0,0,0,0,0.022003173828125,0,0,0,0,0,0,0,0,0,0,0,0,0,0,0,0,0,0,0.977996826171875,0,0.022003173828125,0.977996826171875
60200,NORMAL,0.022459362447261811,1,0.022459362447261811,0.97754063755273823,0,UNKNOWN,0.20673780873417855,0,1,0,0.97754063755273823,4.4742402356644373e-27,0,0,0,0,30600,30600,0,0,0,1,1,0,1,1,0,1,1,0.00494384765625,1,1,0,1,1,0,1,1,0,0,0,0,0,0,0,0,0,0,0,0,0,4.4742402356644373e-27,0,9.0053751311157181e-25,0,0,0,0,0,0,0,0,0,0.022459362447261811,0,0,0,0,0,0,0,0,0,0,0,0,0,0,0,0,0,0,0.97754063755273823,0,0.022459362447261811,0.97754063755273823
60300,NORMAL,0.019409760299172376,1,0.019409760299172376,0.9805902397008277,0,UNKNOWN,0.20582292808975172,0,1,0,0.9805902397008277,1.0580656205687109e-27,0,0,0,0,30600,30600,0,0,0,1,1,0,1,1,0,1,1,0.001468658447265625,1,1,0,1,1,0,1,1,0,0,0,0,0,0,0,0,0,0,0,0,0,1.0580656205687109e-27,0,7.1937194486868881e-25,0,0,0,0,0,0,0,0,0,0.019409760299172376,0,0,0,0,0,0,0,0,0,0,0,0,0,0,0,0,0,0,0.9805902397008277,0,0.019409760299172376,0.9805902397008277
60400,NORMAL,0.015527808239337901,1,0.015527808239337901,0.98447219176066214,0,UNKNOWN,0.2046583424718014,0,1,0,0.98447219176066214,0,0,0,0,0,30600,30600,0,0,0,1,1,0,1,1,0,1,1,0,1,1,0,1,1,0,1,1,0,0,0,0,0,0,0,0,0,0,0,0,0,0,0,5.7549755589495107e-25,0,0,0,0,0,0,0,0,0,0.015527808239337901,0,0,0,0,0,0,0,0,0,0,0,0,0,0,0,0,0,0,0.98447219176066214,0,0.015527808239337901,0.98447219176066214
60500,NORMAL,0.012422246591470322,1,0.012422246591470322,0.98757775340852971,0,UNKNOWN,0.20372667397744113,0,1,0,0.98757775340852971,0,0,0,0,0,30600,30600,0,0,0,1,1,0,1,1,0,1,1,0,1,1,0,1,1,0,1,1,0,0,0,0,0,0,0,0,0,0,0,0,0,0,0,4.6039804471596083e-25,0,0,0,0,0,0,0,0,0,0.012422246591470322,0,0,0,0,0,0,0,0,0,0,0,0,0,0,0,0,0,0,0.98757775340852971,0,0.012422246591470322,0.98757775340852971
60600,NORMAL,0.0099377972731762576,1,0.0099377972731762576,0.99006220272682377,0,UNKNOWN,0.20298133918195288,0,1,0,0.99006220272682377,0,0,0,0,0,30600,30600,0,0,0,1,1,0,1,1,0,1,1,0,1,1,0,1,1,0,1,1,0,0,0,0,0,0,0,0,0,0,0,0,0,0,0,3.6831843577276867e-25,0,0,0,0,0,0,0,0,0,0.0099377972731762576,0,0,0,0,0,0,0,0,0,0,0,0,0,0,0,0,0,0,0.99006220272682377,0,0.0099377972731762576,0.99006220272682377
60700,NORMAL,0.0079502378185410064,1,0.0079502378185410064,0.99204976218145902,0,UNKNOWN,0.2023850713455623,0,1,0,0.99204976218145902,0,0,0,0,0,30600,30600,0,0,0,1,1,0,1,1,0,1,1,0,1,1,0,1,1,0,1,1,0,0,0,0,0,0,0,0,0,0,0,0,0,0,0,2.9465474861821497e-25,0,0,0,0,0,0,0,0,0,0.0079502378185410064,0,0,0,0,0,0,0,0,0,0,0,0,0,0,0,0,0,0,0.99204976218145902,0,0.0079502378185410064,0.99204976218145902
60800,NORMAL,0.0063601902548328058,1,0.0063601902548328058,0.99363980974516719,0,UNKNOWN,0.20190805707644985,0,1,0,0.99363980974516719,0,0,0,0,0,30600,30600,0,0,0,1,1,0,1,1,0,1,1,0,1,1,0,1,1,0,1,1,0,0,0,0,0,0,0,0,0,0,0,0,0,0,0,2.3572379889457198e-25,0,0,0,0,0,0,0,0,0,0.0063601902548328058,0,0,0,0,0,0,0,0,0,0,0,0,0,0,0,0,0,0,0.99363980974516719,0,0.0063601902548328058,0.99363980974516719
60900,NORMAL,0.0050881522038662454,1,0.0050881522038662454,0.99491184779613373,0,UNKNOWN,0.20152644566115988,0,1,0,0.99491184779613373,0,0,0,0,0,30600,30600,0,0,0,1,1,0,1,1,0,1,1,0,1,1,0,1,1,0,1,1,0,0,0,0,0,0,0,0,0,0,0,0,0,0,0,1.8857903911565759e-25,0,0,0,0,0,0,0,0,0,0.0050881522038662454,0,0,0,0,0,0,0,0,0,0,0,0,0,0,0,0,0,0,0.99491184779613373,0,0.0050881522038662454,0.99491184779613373
61000,NORMAL,0.0040705217630929965,1,0.0040705217630929965,0.99592947823690703,0,UNKNOWN,0.20122115652892789,0,1,0,0.99592947823690703,0,0,0,0,0,30600,30600,0,0,0,1,1,0,1,1,0,1,1,0,1,1,0,1,1,0,1,1,0,0,0,0,0,0,0,0,0,0,0,0,0,0,0,1.5086323129252608e-25,0,0,0,0,0,0,0,0,0,0.0040705217630929965,0,0,0,0,0,0,0,0,0,0,0,0,0,0,0,0,0,0,0.99592947823690703,0,0.0040705217630929965,0.99592947823690703
61100,NORMAL,0.0032564174104743973,1,0.0032564174104743973,0.99674358258952567,0,UNKNOWN,0.20097692522314234,0,1,0,0.99674358258952567,0,0,0,0,0,30600,30600,0,0,0,1,1,0,1,1,0,1,1,0,1,1,0,1,1,0,1,1,0,0,0,0,0,0,0,0,0,0,0,0,0,0,0,1.2069058503402087e-25,0,0,0,0,0,0,0,0,0,0.0032564174104743973,0,0,0,0,0,0,0,0,0,0,0,0,0,0,0,0,0,0,0.99674358258952567,0,0.0032564174104743973,0.99674358258952567
61200,NORMAL,0.0026051339283795182,1,0.0026051339283795182,0.99739486607162053,0,UNKNOWN,0.20078154017851388,0,1,0,0.99739486607162053,0,0,0,0,0,30600,30600,0,0,0,1,1,0,1,1,0,1,1,0,1,1,0,1,1,0,1,1,0,0,0,0,0,0,0,0,0,0,0,0,0,0,0,9.6552468027216696e-26,0,0,0,0,0,0,0,0,0,0.0026051339283795182,0,0,0,0,0,0,0,0,0,0,0,0,0,0,0,0,0,0,0.99739486607162053,0,0.0026051339283795182,0.99739486607162053
61300,NORMAL,0.0020841071427036145,1,0.0020841071427036145,0.99791589285729643,0,UNKNOWN,0.20062523214281111,0,1,0,0.99791589285729643,0,0,0,0,0,30600,30600,0,0,0,1,1,0,1,1,0,1,1,0,1,1,0,1,1,0,1,1,0,0,0,0,0,0,0,0,0,0,0,0,0,0,0,7.7241974421773357e-26,0,0,0,0,0,0,0,0,0,0.0020841071427036145,0,0,0,0,0,0,0,0,0,0,0,0,0,0,0,0,0,0,0.99791589285729643,0,0.0020841071427036145,0.99791589285729643
61400,NORMAL,0.0016672857141628917,1,0.0016672857141628917,0.99833271428583714,0,UNKNOWN,0.20050018571424888,0,1,0,0.99833271428583714,0,0,0,0,0,30600,30600,0,0,0,1,1,0,1,1,0,1,1,0,1,1,0,1,1,0,1,1,0,0,0,0,0,0,0,0,0,0,0,0,0,0,0,6.179357953741869e-26,0,0,0,0,0,0,0,0,0,0.0016672857141628917,0,0,0,0,0,0,0,0,0,0,0,0,0,0,0,0,0,0,0.99833271428583714,0,0.0016672857141628917,0.99833271428583714
61500,NORMAL,0.0013338285713303134,1,0.0013338285713303134,0.99866617142866976,0,UNKNOWN,0.20040014857139909,0,1,0,0.99866617142866976,0,0,0,0,0,30600,30600,0,0,0,1,1,0,1,1,0,1,1,0,1,1,0,1,1,0,1,1,0,0,0,0,0,0,0,0,0,0,0,0,0,0,0,4.9434863629934954e-26,0,0,0,0,0,0,0,0,0,0.0013338285713303134,0,0,0,0,0,0,0,0,0,0,0,0,0,0,0,0,0,0,0.99866617142866976,0,0.0013338285713303134,0.99866617142866976
61600,NORMAL,0.0010670628570642506,1,0.0010670628570642506,0.99893293714293585,0,UNKNOWN,0.20032011885711931,0,1,0,0.99893293714293585,0,0,0,0,0,30600,30600,0,0,0,1,1,0,1,1,0,1,1,0,1,1,0,1,1,0,1,1,0,0,0,0,0,0,0,0,0,0,0,0,0,0,0,3.9547890903947967e-26,0,0,0,0,0,0,0,0,0,0.0010670628570642506,0,0,0,0,0,0,0,0,0,0,0,0,0,0,0,0,0,0,0.99893293714293585,0,0.0010670628570642506,0.99893293714293585
61700,NORMAL,0.00085365028565140061,1,0.00085365028565140061,0.99914634971434868,0,UNKNOWN,0.20025609508569542,0,1,0,0.99914634971434868,0,0,0,0,0,30600,30600,0,0,0,1,1,0,1,1,0,1,1,0,1,1,0,1,1,0,1,1,0,0,0,0,0,0,0,0,0,0,0,0,0,0,0,3.1638312723158375e-26,0,0,0,0,0,0,0,0,0,0.00085365028565140061,0,0,0,0,0,0,0,0,0,0,0,0,0,0,0,0,0,0,0.99914634971434868,0,0.00085365028565140061,0.99914634971434868
61800,NORMAL,0.00068292022852112048,1,0.00068292022852112048,0.99931707977147899,0,UNKNOWN,0.20020487606855636,0,1,0,0.99931707977147899,0,0,0,0,0,30600,30600,0,0,0,1,1,0,1,1,0,1,1,0,1,1,0,1,1,0,1,1,0,0,0,0,0,0,0,0,0,0,0,0,0,0,0,2.5310650178526701e-26,0,0,0,0,0,0,0,0,0,0.00068292022852112048,0,0,0,0,0,0,0,0,0,0,0,0,0,0,0,0,0,0,0.99931707977147899,0,0.00068292022852112048,0.99931707977147899
61900,NORMAL,0.00054633618281689641,1,0.00054633618281689641,0.99945366381718315,0,UNKNOWN,0.20016390085484509,0,1,0,0.99945366381718315,0,0,0,0,0,30600,30600,0,0,0,1,1,0,1,1,0,1,1,0,1,1,0,1,1,0,1,1,0,0,0,0,0,0,0,0,0,0,0,0,0,0,0,2.0248520142821361e-26,0,0,0,0,0,0,0,0,0,0.00054633618281689641,0,0,0,0,0,0,0,0,0,0,0,0,0,0,0,0,0,0,0.99945366381718315,0,0.00054633618281689641,0.99945366381718315
62000,NORMAL,0.00043706894625351715,1,0.00043706894625351715,0.9995629310537465,0,UNKNOWN,0.20013112068387606,0,1,0,0.9995629310537465,0,0,0,0,0,30600,30600,0,0,0,1,1,0,1,1,0,1,1,0,1,1,0,1,1,0,1,1,0,0,0,0,0,0,0,0,0,0,0,0,0,0,0,1.6198816114257089e-26,0,0,0,0,0,0,0,0,0,0.00043706894625351715,0,0,0,0,0,0,0,0,0,0,0,0,0,0,0,0,0,0,0.9995629310537465,0,0.00043706894625351715,0.9995629310537465
62100,NORMAL,0.00034965515700281373,1,0.00034965515700281373,0.9996503448429972,0,UNKNOWN,0.20010489654710084,0,1,0,0.9996503448429972,0,0,0,0,0,30600,30600,0,0,0,1,1,0,1,1,0,1,1,0,1,1,0,1,1,0,1,1,0,0,0,0,0,0,0,0,0,0,0,0,0,0,0,1.2959052891405672e-26,0,0,0,0,0,0,0,0,0,0.00034965515700281373,0,0,0,0,0,0,0,0,0,0,0,0,0,0,0,0,0,0,0.9996503448429972,0,0.00034965515700281373,0.9996503448429972
62200,NORMAL,0.00027972412560225101,1,0.00027972412560225101,0.99972027587439771,0,UNKNOWN,0.20008391723768065,0,1,0,0.99972027587439771,0,0,0,0,0,30600,30600,0,0,0,1,1,0,1,1,0,1,1,0,1,1,0,1,1,0,1,1,0,0,0,0,0,0,0,0,0,0,0,0,0,0,0,1.0367242313124538e-26,0,0,0,0,0,0,0,0,0,0.00027972412560225101,0,0,0,0,0,0,0,0,0,0,0,0,0,0,0,0,0,0,0.99972027587439771,0,0.00027972412560225101,0.99972027587439771
62300,NORMAL,0.0002237793004818008,1,0.0002237793004818008,0.99977622069951821,0,UNKNOWN,0.20006713379014454,0,1,0,0.99977622069951821,0,0,0,0,0,30600,30600,0,0,0,1,1,0,1,1,0,1,1,0,1,1,0,1,1,0,1,1,0,0,0,0,0,0,0,0,0,0,0,0,0,0,0,8.2937938504996307e-27,0,0,0,0,0,0,0,0,0,0.0002237793004818008,0,0,0,0,0,0,0,0,0,0,0,0,0,0,0,0,0,0,0.99977622069951821,0,0.0002237793004818008,0.99977622069951821
62400,NORMAL,0.00017902344038544065,1,0.00017902344038544065,0.99982097655961455,0,UNKNOWN,0.20005370703211564,0,1,0,0.99982097655961455,0,0,0,0,0,30600,30600,0,0,0,1,1,0,1,1,0,1,1,0,1,1,0,1,1,0,1,1,0,0,0,0,0,0,0,0,0,0,0,0,0,0,0,6.6350350803997043e-27,0,0,0,0,0,0,0,0,0,0.00017902344038544065,0,0,0,0,0,0,0,0,0,0,0,0,0,0,0,0,0,0,0.99982097655961455,0,0.00017902344038544065,0.99982097655961455
62500,NORMAL,0.00014321875230835252,1,0.00014321875230835252,0.99985678124769162,0,UNKNOWN,0.20004296562569249,0,1,0,0.99985678124769162,0,0,0,0,0,30600,30600,0,0,0,1,1,0,1,1,0,1,1,0,1,1,0,1,1,0,1,1,0,0,0,0,0,0,0,0,0,0,0,0,0,0,0,5.3080280643197637e-27,0,0,0,0,0,0,0,0,0,0.00014321875230835252,0,0,0,0,0,0,0,0,0,0,0,0,0,0,0,0,0,0,0.99985678124769162,0,0.00014321875230835252,0.99985678124769162
62600,NORMAL,0.00011457500184668203,1,0.00011457500184668203,0.99988542499815336,0,UNKNOWN,0.20003437250055403,0,1,0,0.99988542499815336,0,0,0,0,0,30600,30600,0,0,0,1,1,0,1,1,0,1,1,0,1,1,0,1,1,0,1,1,0,0,0,0,0,0,0,0,0,0,0,0,0,0,0,4.2464224514558121e-27,0,0,0,0,0,0,0,0,0,0.00011457500184668203,0,0,0,0,0,0,0,0,0,0,0,0,0,0,0,0,0,0,0.99988542499815336,0,0.00011457500184668203,0.99988542499815336
62700,NORMAL,9.166000147734563e-05,1,9.166000147734563e-05,0.99990833999852269,0,UNKNOWN,0.20002749800044323,0,1,0,0.99990833999852269,0,0,0,0,0,30600,30600,0,0,0,1,1,0,1,1,0,1,1,0,1,1,0,1,1,0,1,1,0,0,0,0,0,0,0,0,0,0,0,0,0,0,0,3.3971379611646497e-27,0,0,0,0,0,0,0,0,0,9.166000147734563e-05,0,0,0,0,0,0,0,0,0,0,0,0,0,0,0,0,0,0,0.99990833999852269,0,9.166000147734563e-05,0.99990833999852269
62800,NORMAL,7.332800118187651e-05,1,7.332800118187651e-05,0.99992667199881813,0,UNKNOWN,0.20002199840035456,0,1,0,0.99992667199881813,0,0,0,0,0,30600,30600,0,0,0,1,1,0,1,1,0,1,1,0,1,1,0,1,1,0,1,1,0,0,0,0,0,0,0,0,0,0,0,0,0,0,0,2.71771036893172e-27,0,0,0,0,0,0,0,0,0,7.332800118187651e-05,0,0,0,0,0,0,0,0,0,0,0,0,0,0,0,0,0,0,0.99992667199881813,0,7.332800118187651e-05,0.99992667199881813
62900,NORMAL,5.8662400945501208e-05,1,5.8662400945501208e-05,0.99994133759905446,0,UNKNOWN,0.20001759872028363,0,1,0,0.99994133759905446,0,0,0,0,0,30600,30600,0,0,0,1,1,0,1,1,0,1,1,0,1,1,0,1,1,0,1,1,0,0,0,0,0,0,0,0,0,0,0,0,0,0,0,2.1741682951453762e-27,0,0,0,0,0,0,0,0,0,5.8662400945501208e-05,0,0,0,0,0,0,0,0,0,0,0,0,0,0,0,0,0,0,0.99994133759905446,0,5.8662400945501208e-05,0.99994133759905446
63000,NORMAL,4.6929920756400972e-05,1,4.6929920756400972e-05,0.99995307007924361,0,UNKNOWN,0.20001407897622692,0,1,0,0.99995307007924361,0,0,0,0,0,30600,30600,0,0,0,1,1,0,1,1,0,1,1,0,1,1,0,1,1,0,1,1,0,0,0,0,0,0,0,0,0,0,0,0,0,0,0,1.739334636116301e-27,0,0,0,0,0,0,0,0,0,4.6929920756400972e-05,0,0,0,0,0,0,0,0,0,0,0,0,0,0,0,0,0,0,0.99995307007924361,0,4.6929920756400972e-05,0.99995307007924361
63100,NORMAL,3.7543936605120781e-05,1,3.7543936605120781e-05,0.99996245606339484,0,UNKNOWN,0.20001126318098153,0,1,0,0.99996245606339484,0,0,0,0,0,30600,30600,0,0,0,1,1,0,1,1,0,1,1,0,1,1,0,1,1,0,1,1,0,0,0,0,0,0,0,0,0,0,0,0,0,0,0,1.3914677088930409e-27,0,0,0,0,0,0,0,0,0,3.7543936605120781e-05,0,0,0,0,0,0,0,0,0,0,0,0,0,0,0,0,0,0,0.99996245606339484,0,3.7543936605120781e-05,0.99996245606339484
63200,NORMAL,3.0035149284096626e-05,1,3.0035149284096626e-05,0.99996996485071588,0,UNKNOWN,0.2000090105447852,0,1,0,0.99996996485071588,0,0,0,0,0,30600,30600,0,0,0,1,1,0,1,1,0,1,1,0,1,1,0,1,1,0,1,1,0,0,0,0,0,0,0,0,0,0,0,0,0,0,0,1.1131741671144328e-27,0,0,0,0,0,0,0,0,0,3.0035149284096626e-05,0,0,0,0,0,0,0,0,0,0,0,0,0,0,0,0,0,0,0.99996996485071588,0,3.0035149284096626e-05,0.99996996485071588
63300,NORMAL,2.4028119427277303e-05,1,2.4028119427277303e-05,0.99997597188057274,0,UNKNOWN,0.20000720843582817,0,1,0,0.99997597188057274,0,0,0,0,0,30600,30600,0,0,0,1,1,0,1,1,0,1,1,0,1,1,0,1,1,0,1,1,0,0,0,0,0,0,0,0,0,0,0,0,0,0,0,8.9053933369154632e-28,0,0,0,0,0,0,0,0,0,2.4028119427277303e-05,0,0,0,0,0,0,0,0,0,0,0,0,0,0,0,0,0,0,0.99997597188057274,0,2.4028119427277303e-05,0.99997597188057274
63400,NORMAL,1.9222495541821844e-05,1,1.9222495541821844e-05,0.99998077750445824,0,UNKNOWN,0.20000576674866255,0,1,0,0.99998077750445824,0,0,0,0,0,30600,30600,0,0,0,1,1,0,1,1,0,1,1,0,1,1,0,1,1,0,1,1,0,0,0,0,0,0,0,0,0,0,0,0,0,0,0,7.1243146695323707e-28,0,0,0,0,0,0,0,0,0,1.9222495541821844e-05,0,0,0,0,0,0,0,0,0,0,0,0,0,0,0,0,0,0,0.99998077750445824,0,1.9222495541821844e-05,0.99998077750445824
63500,NORMAL,1.5377996433457476e-05,1,1.5377996433457476e-05,0.99998462200356664,0,UNKNOWN,0.20000461339893005,0,1,0,0.99998462200356664,0,0,0,0,0,30600,30600,0,0,0,1,1,0,1,1,0,1,1,0,1,1,0,1,1,0,1,1,0,0,0,0,0,0,0,0,0,0,0,0,0,0,0,5.6994517356258966e-28,0,0,0,0,0,0,0,0,0,1.5377996433457476e-05,0,0,0,0,0,0,0,0,0,0,0,0,0,0,0,0,0,0,0.99998462200356664,0,1.5377996433457476e-05,0.99998462200356664
63600,NORMAL,1.2302397146765981e-05,1,1.2302397146765981e-05,0.99998769760285333,0,UNKNOWN,0.20000369071914406,0,1,0,0.99998769760285333,0,0,0,0,0,30600,30600,0,0,0,1,1,0,1,1,0,1,1,0,1,1,0,1,1,0,1,1,0,0,0,0,0,0,0,0,0,0,0,0,0,0,0,4.5595613885007176e-28,0,0,0,0,0,0,0,0,0,1.2302397146765981e-05,0,0,0,0,0,0,0,0,0,0,0,0,0,0,0,0,0,0,0.99998769760285333,0,1.2302397146765981e-05,0.99998769760285333
63700,NORMAL,9.8419177174127858e-06,1,9.8419177174127858e-06,0.99999015808228264,0,UNKNOWN,0.20000295257531522,0,1,0,0.99999015808228264,0,0,0,0,0,30600,30600,0,0,0,1,1,0,1,1,0,1,1,0,1,1,0,1,1,0,1,1,0,0,0,0,0,0,0,0,0,0,0,0,0,0,0,3.6476491108005741e-28,0,0,0,0,0,0,0,0,0,9.8419177174127858e-06,0,0,0,0,0,0,0,0,0,0,0,0,0,0,0,0,0,0,0.99999015808228264,0,9.8419177174127858e-06,0.99999015808228264
63800,NORMAL,7.8735341739302296e-06,1,7.8735341739302296e-06,0.99999212646582614,0,UNKNOWN,0.20000236206025218,0,1,0,0.99999212646582614,0,0,0,0,0,30600,30600,0,0,0,1,1,0,1,1,0,1,1,0,1,1,0,1,1,0,1,1,0,0,0,0,0,0,0,0,0,0,0,0,0,0,0,2.9181192886404593e-28,0,0,0,0,0,0,0,0,0,7.8735341739302296e-06,0,0,0,0,0,0,0,0,0,0,0,0,0,0,0,0,0,0,0.99999212646582614,0,7.8735341739302296e-06,0.99999212646582614
63900,NORMAL,6.2988273391441844e-06,1,6.2988273391441844e-06,0.99999370117266095,0,UNKNOWN,0.20000188964820176,0,1,0,0.99999370117266095,0,0,0,0,0,30600,30600,0,0,0,1,1,0,1,1,0,1,1,0,1,1,0,1,1,0,1,1,0,0,0,0,0,0,0,0,0,0,0,0,0,0,0,2.3344954309123676e-28,0,0,0,0,0,0,0,0,0,6.2988273391441844e-06,0,0,0,0,0,0,0,0,0,0,0,0,0,0,0,0,0,0,0.99999370117266095,0,6.2988273391441844e-06,0.99999370117266095
64000,NORMAL,5.0390618713153479e-06,1,5.0390618713153479e-06,0.99999496093812879,0,UNKNOWN,0.20000151171856143,0,1,0,0.99999496093812879,0,0,0,0,0,30600,30600,0,0,0,1,1,0,1,1,0,1,1,0,1,1,0,1,1,0,1,1,0,0,0,0,0,0,0,0,0,0,0,0,0,0,0,1.8675963447298942e-28,0,0,0,0,0,0,0,0,0,5.0390618713153479e-06,0,0,0,0,0,0,0,0,0,0,0,0,0,0,0,0,0,0,0.99999496093812879,0,5.0390618713153479e-06,0.99999496093812879
64100,NORMAL,4.0312494970522788e-06,1,4.0312494970522788e-06,0.99999596875050301,0,UNKNOWN,0.20000120937484914,0,1,0,0.99999596875050301,0,0,0,0,0,30600,30600,0,0,0,1,1,0,1,1,0,1,1,0,1,1,0,1,1,0,1,1,0,0,0,0,0,0,0,0,0,0,0,0,0,0,0,1.4940770757839154e-28,0,0,0,0,0,0,0,0,0,4.0312494970522788e-06,0,0,0,0,0,0,0,0,0,0,0,0,0,0,0,0,0,0,0.99999596875050301,0,4.0312494970522788e-06,0.99999596875050301
64200,NORMAL,3.2249995976418233e-06,1,3.2249995976418233e-06,0.9999967750004024,0,UNKNOWN,0.20000096749987931,0,1,0,0.9999967750004024,0,0,0,0,0,30600,30600,0,0,0,1,1,0,1,1,0,1,1,0,1,1,0,1,1,0,1,1,0,0,0,0,0,0,0,0,0,0,0,0,0,0,0,1.1952616606271323e-28,0,0,0,0,0,0,0,0,0,3.2249995976418233e-06,0,0,0,0,0,0,0,0,0,0,0,0,0,0,0,0,0,0,0.9999967750004024,0,3.2249995976418233e-06,0.9999967750004024
64300,NORMAL,2.579999678113459e-06,1,2.579999678113459e-06,0.99999742000032188,0,UNKNOWN,0.20000077399990343,0,1,0,0.99999742000032188,0,0,0,0,0,30600,30600,0,0,0,1,1,0,1,1,0,1,1,0,1,1,0,1,1,0,1,1,0,0,0,0,0,0,0,0,0,0,0,0,0,0,0,9.5620932850170594e-29,0,0,0,0,0,0,0,0,0,2.579999678113459e-06,0,0,0,0,0,0,0,0,0,0,0,0,0,0,0,0,0,0,0.99999742000032188,0,2.579999678113459e-06,0.99999742000032188
64400,NORMAL,2.0639997424907673e-06,1,2.0639997424907673e-06,0.99999793600025755,0,UNKNOWN,0.20000061919992276,0,1,0,0.99999793600025755,0,0,0,0,0,30600,30600,0,0,0,1,1,0,1,1,0,1,1,0,1,1,0,1,1,0,1,1,0,0,0,0,0,0,0,0,0,0,0,0,0,0,0,7.6496746280136484e-29,0,0,0,0,0,0,0,0,0,2.0639997424907673e-06,0,0,0,0,0,0,0,0,0,0,0,0,0,0,0,0,0,0,0.99999793600025755,0,2.0639997424907673e-06,0.99999793600025755
64500,NORMAL,1.6511997939926139e-06,1,1.6511997939926139e-06,0.99999834880020599,0,UNKNOWN,0.20000049535993819,0,1,0,0.99999834880020599,0,0,0,0,0,30600,30600,0,0,0,1,1,0,1,1,0,1,1,0,1,1,0,1,1,0,1,1,0,0,0,0,0,0,0,0,0,0,0,0,0,0,0,6.1197397024109189e-29,0,0,0,0,0,0,0,0,0,1.6511997939926139e-06,0,0,0,0,0,0,0,0,0,0,0,0,0,0,0,0,0,0,0.99999834880020599,0,1.6511997939926139e-06,0.99999834880020599
64600,NORMAL,1.3209598351940913e-06,1,1.3209598351940913e-06,0.99999867904016482,0,UNKNOWN,0.20000039628795055,0,1,0,0.99999867904016482,0,0,0,0,0,30600,30600,0,0,0,1,1,0,1,1,0,1,1,0,1,1,0,1,1,0,1,1,0,0,0,0,0,0,0,0,0,0,0,0,0,0,0,4.8957917619287354e-29,0,0,0,0,0,0,0,0,0,1.3209598351940913e-06,0,0,0,0,0,0,0,0,0,0,0,0,0,0,0,0,0,0,0.99999867904016482,0,1.3209598351940913e-06,0.99999867904016482
64700,NORMAL,1.0567678681552731e-06,1,1.0567678681552731e-06,0.9999989432321319,0,UNKNOWN,0.20000031703036045,0,1,0,0.9999989432321319,0,0,0,0,0,30600,30600,0,0,0,1,1,0,1,1,0,1,1,0,1,1,0,1,1,0,1,1,0,0,0,0,0,0,0,0,0,0,0,0,0,0,0,3.9166334095429885e-29,0,0,0,0,0,0,0,0,0,1.0567678681552731e-06,0,0,0,0,0,0,0,0,0,0,0,0,0,0,0,0,0,0,0.9999989432321319,0,1.0567678681552731e-06,0.9999989432321319
64800,NORMAL,8.4541429452421848e-07,1,8.4541429452421848e-07,0.99999915458570554,0,UNKNOWN,0.20000025362428836,0,1,0,0.99999915458570554,0,0,0,0,0,30600,30600,0,0,0,1,1,0,1,1,0,1,1,0,1,1,0,1,1,0,1,1,0,0,0,0,0,0,0,0,0,0,0,0,0,0,0,3.1333067276343913e-29,0,0,0,0,0,0,0,0,0,8.4541429452421848e-07,0,0,0,0,0,0,0,0,0,0,0,0,0,0,0,0,0,0,0.99999915458570554,0,8.4541429452421848e-07,0.99999915458570554
64900,NORMAL,6.7633143561937483e-07,1,6.7633143561937483e-07,0.99999932366856448,0,UNKNOWN,0.20000020289943071,0,1,0,0.99999932366856448,0,0,0,0,0,30600,30600,0,0,0,1,1,0,1,1,0,1,1,0,1,1,0,1,1,0,1,1,0,0,0,0,0,0,0,0,0,0,0,0,0,0,0,2.5066453821075131e-29,0,0,0,0,0,0,0,0,0,6.7633143561937483e-07,0,0,0,0,0,0,0,0,0,0,0,0,0,0,0,0,0,0,0.99999932366856448,0,6.7633143561937483e-07,0.99999932366856448
65000,NORMAL,5.4106514849549986e-07,1,5.4106514849549986e-07,0.99999945893485154,0,UNKNOWN,0.20000016231954457,0,1,0,0.99999945893485154,0,0,0,0,0,30600,30600,0,0,0,1,1,0,1,1,0,1,1,0,1,1,0,1,1,0,1,1,0,0,0,0,0,0,0,0,0,0,0,0,0,0,0,2.0053163056860106e-29,0,0,0,0,0,0,0,0,0,5.4106514849549986e-07,0,0,0,0,0,0,0,0,0,0,0,0,0,0,0,0,0,0,0.99999945893485154,0,5.4106514849549986e-07,0.99999945893485154
65100,NORMAL,4.3285211879639993e-07,1,4.3285211879639993e-07,0.99999956714788119,0,UNKNOWN,0.20000012985563564,0,1,0,0.99999956714788119,0,0,0,0,0,30600,30600,0,0,0,1,1,0,1,1,0,1,1,0,1,1,0,1,1,0,1,1,0,0,0,0,0,0,0,0,0,0,0,0,0,0,0,1.6042530445488085e-29,0,0,0,0,0,0,0,0,0,4.3285211879639993e-07,0,0,0,0,0,0,0,0,0,0,0,0,0,0,0,0,0,0,0.99999956714788119,0,4.3285211879639993e-07,0.99999956714788119
65200,NORMAL,3.4628169503712001e-07,1,3.4628169503712001e-07,0.99999965371830501,0,UNKNOWN,0.20000010388450853,0,1,0,0.99999965371830501,0,0,0,0,0,30600,30600,0,0,0,1,1,0,1,1,0,1,1,0,1,1,0,1,1,0,1,1,0,0,0,0,0,0,0,0,0,0,0,0,0,0,0,1.2834024356390471e-29,0,0,0,0,0,0,0,0,0,3.4628169503712001e-07,0,0,0,0,0,0,0,0,0,0,0,0,0,0,0,0,0,0,0.99999965371830501,0,3.4628169503712001e-07,0.99999965371830501
65300,NORMAL,2.77025356029696e-07,1,2.77025356029696e-07,0.99999972297464401,0,UNKNOWN,0.20000008310760684,0,1,0,0.99999972297464401,0,0,0,0,0,30600,30600,0,0,0,1,1,0,1,1,0,1,1,0,1,1,0,1,1,0,1,1,0,0,0,0,0,0,0,0,0,0,0,0,0,0,0,1.0267219485112377e-29,0,0,0,0,0,0,0,0,0,2.77025356029696e-07,0,0,0,0,0,0,0,0,0,0,0,0,0,0,0,0,0,0,0.99999972297464401,0,2.77025356029696e-07,0.99999972297464401
65400,NORMAL,2.2162028482375682e-07,1,2.2162028482375682e-07,0.99999977837971521,0,UNKNOWN,0.20000006648608545,0,1,0,0.99999977837971521,0,0,0,0,0,30600,30600,0,0,0,1,1,0,1,1,0,1,1,0,1,1,0,1,1,0,1,1,0,0,0,0,0,0,0,0,0,0,0,0,0,0,0,8.2137755880899025e-30,0,0,0,0,0,0,0,0,0,2.2162028482375682e-07,0,0,0,0,0,0,0,0,0,0,0,0,0,0,0,0,0,0,0.99999977837971521,0,2.2162028482375682e-07,0.99999977837971521
65500,NORMAL,1.7729622785900547e-07,1,1.7729622785900547e-07,0.99999982270377219,0,UNKNOWN,0.20000005318886838,0,1,0,0.99999982270377219,0,0,0,0,0,30600,30600,0,0,0,1,1,0,1,1,0,1,1,0,1,1,0,1,1,0,1,1,0,0,0,0,0,0,0,0,0,0,0,0,0,0,0,6.5710204704719222e-30,0,0,0,0,0,0,0,0,0,1.7729622785900547e-07,0,0,0,0,0,0,0,0,0,0,0,0,0,0,0,0,0,0,0.99999982270377219,0,1.7729622785900547e-07,0.99999982270377219
65600,NORMAL,1.4183698228720438e-07,1,1.4183698228720438e-07,0.99999985816301773,0,UNKNOWN,0.20000004255109469,0,1,0,0.99999985816301773,0,0,0,0,0,30600,30600,0,0,0,1,1,0,1,1,0,1,1,0,1,1,0,1,1,0,1,1,0,0,0,0,0,0,0,0,0,0,0,0,0,0,0,5.2568163763775381e-30,0,0,0,0,0,0,0,0,0,1.4183698228720438e-07,0,0,0,0,0,0,0,0,0,0,0,0,0,0,0,0,0,0,0.99999985816301773,0,1.4183698228720438e-07,0.99999985816301773
65700,NORMAL,1.1346958582976351e-07,1,1.1346958582976351e-07,0.99999988653041416,0,UNKNOWN,0.20000003404087574,0,1,0,0.99999988653041416,0,0,0,0,0,30600,30600,0,0,0,1,1,0,1,1,0,1,1,0,1,1,0,1,1,0,1,1,0,0,0,0,0,0,0,0,0,0,0,0,0,0,0,4.2054531011020306e-30,0,0,0,0,0,0,0,0,0,1.1346958582976351e-07,0,0,0,0,0,0,0,0,0,0,0,0,0,0,0,0,0,0,0.99999988653041416,0,1.1346958582976351e-07,0.99999988653041416
65800,NORMAL,9.0775668663810805e-08,1,9.0775668663810805e-08,0.99999990922433135,0,UNKNOWN,0.20000002723270061,0,1,0,0.99999990922433135,0,0,0,0,0,30600,30600,0,0,0,1,1,0,1,1,0,1,1,0,1,1,0,1,1,0,1,1,0,0,0,0,0,0,0,0,0,0,0,0,0,0,0,3.3643624808816248e-30,0,0,0,0,0,0,0,0,0,9.0775668663810805e-08,0,0,0,0,0,0,0,0,0,0,0,0,0,0,0,0,0,0,0.99999990922433135,0,9.0775668663810805e-08,0.99999990922433135
65900,NORMAL,7.2620534931048652e-08,1,7.2620534931048652e-08,0.99999992737946508,0,UNKNOWN,0.20000002178616047,0,1,0,0.99999992737946508,0,0,0,0,0,30600,30600,0,0,0,1,1,0,1,1,0,1,1,0,1,1,0,1,1,0,1,1,0,0,0,0,0,0,0,0,0,0,0,0,0,0,0,2.6914899847052999e-30,0,0,0,0,0,0,0,0,0,7.2620534931048652e-08,0,0,0,0,0,0,0,0,0,0,0,0,0,0,0,0,0,0,0.99999992737946508,0,7.2620534931048652e-08,0.99999992737946508
66000,NORMAL,5.8096427944838922e-08,1,5.8096427944838922e-08,0.99999994190357211,0,UNKNOWN,0.20000001742892839,0,1,0,0.99999994190357211,0,0,0,0,0,30600,30600,0,0,0,1,1,0,1,1,0,1,1,0,1,1,0,1,1,0,1,1,0,0,0,0,0,0,0,0,0,0,0,0,0,0,0,2.15319198776424e-30,0,0,0,0,0,0,0,0,0,5.8096427944838922e-08,0,0,0,0,0,0,0,0,0,0,0,0,0,0,0,0,0,0,0.99999994190357211,0,5.8096427944838922e-08,0.99999994190357211
66100,NORMAL,4.6477142355871137e-08,1,4.6477142355871137e-08,0.99999995352285764,0,UNKNOWN,0.20000001394314271,0,1,0,0.99999995352285764,0,0,0,0,0,30600,30600,0,0,0,1,1,0,1,1,0,1,1,0,1,1,0,1,1,0,1,1,0,0,0,0,0,0,0,0,0,0,0,0,0,0,0,1.7225535902113922e-30,0,0,0,0,0,0,0,0,0,4.6477142355871137e-08,0,0,0,0,0,0,0,0,0,0,0,0,0,0,0,0,0,0,0.99999995352285764,0,4.6477142355871137e-08,0.99999995352285764
66200,NORMAL,3.7181713884696915e-08,1,3.7181713884696915e-08,0.99999996281828607,0,UNKNOWN,0.20000001115451416,0,1,0,0.99999996281828607,0,0,0,0,0,30600,30600,0,0,0,1,1,0,1,1,0,1,1,0,1,1,0,1,1,0,1,1,0,0,0,0,0,0,0,0,0,0,0,0,0,0,0,1.3780428721691138e-30,0,0,0,0,0,0,0,0,0,3.7181713884696915e-08,0,0,0,0,0,0,0,0,0,0,0,0,0,0,0,0,0,0,0.99999996281828607,0,3.7181713884696915e-08,0.99999996281828607
66300,NORMAL,2.9745371107757538e-08,1,2.9745371107757538e-08,0.99999997025462894,0,UNKNOWN,0.20000000892361133,0,1,0,0.99999997025462894,0,0,0,0,0,30600,30600,0,0,0,1,1,0,1,1,0,1,1,0,1,1,0,1,1,0,1,1,0,0,0,0,0,0,0,0,0,0,0,0,0,0,0,1.1024342977352913e-30,0,0,0,0,0,0,0,0,0,2.9745371107757538e-08,0,0,0,0,0,0,0,0,0,0,0,0,0,0,0,0,0,0,0.99999997025462894,0,2.9745371107757538e-08,0.99999997025462894
66400,NORMAL,2.3796296886206033e-08,1,2.3796296886206033e-08,0.99999997620370318,0,UNKNOWN,0.20000000713888907,0,1,0,0.99999997620370318,0,0,0,0,0,30600,30600,0,0,0,1,1,0,1,1,0,1,1,0,1,1,0,1,1,0,1,1,0,0,0,0,0,0,0,0,0,0,0,0,0,0,0,8.8194743818823302e-31,0,0,0,0,0,0,0,0,0,2.3796296886206033e-08,0,0,0,0,0,0,0,0,0,0,0,0,0,0,0,0,0,0,0.99999997620370318,0,2.3796296886206033e-08,0.99999997620370318
66500,NORMAL,1.9037037508964829e-08,1,1.9037037508964829e-08,0.9999999809629625,0,UNKNOWN,0.20000000571111126,0,1,0,0.9999999809629625,0,0,0,0,0,30600,30600,0,0,0,1,1,0,1,1,0,1,1,0,1,1,0,1,1,0,1,1,0,0,0,0,0,0,0,0,0,0,0,0,0,0,0,7.0555795055058645e-31,0,0,0,0,0,0,0,0,0,1.9037037508964829e-08,0,0,0,0,0,0,0,0,0,0,0,0,0,0,0,0,0,0,0.9999999809629625,0,1.9037037508964829e-08,0.9999999809629625
66600,NORMAL,1.5229630007171864e-08,1,1.5229630007171864e-08,0.99999998477037,0,UNKNOWN,0.200000004568889,0,1,0,0.99999998477037,0,0,0,0,0,30600,30600,0,0,0,1,1,0,1,1,0,1,1,0,1,1,0,1,1,0,1,1,0,0,0,0,0,0,0,0,0,0,0,0,0,0,0,5.644463604404692e-31,0,0,0,0,0,0,0,0,0,1.5229630007171864e-08,0,0,0,0,0,0,0,0,0,0,0,0,0,0,0,0,0,0,0.99999998477037,0,1.5229630007171864e-08,0.99999998477037
66700,NORMAL,1.2183704005737492e-08,1,1.2183704005737492e-08,0.99999998781629595,0,UNKNOWN,0.2000000036551112,0,1,0,0.99999998781629595,0,0,0,0,0,30600,30600,0,0,0,1,1,0,1,1,0,1,1,0,1,1,0,1,1,0,1,1,0,0,0,0,0,0,0,0,0,0,0,0,0,0,0,4.5155708835237536e-31,0,0,0,0,0,0,0,0,0,1.2183704005737492e-08,0,0,0,0,0,0,0,0,0,0,0,0,0,0,0,0,0,0,0.99999998781629595,0,1.2183704005737492e-08,0.99999998781629595
66800,NORMAL,9.7469632045899948e-09,1,9.7469632045899948e-09,0.99999999025303676,0,UNKNOWN,0.20000000292408895,0,1,0,0.99999999025303676,0,0,0,0,0,30600,30600,0,0,0,1,1,0,1,1,0,1,1,0,1,1,0,1,1,0,1,1,0,0,0,0,0,0,0,0,0,0,0,0,0,0,0,3.6124567068190032e-31,0,0,0,0,0,0,0,0,0,9.7469632045899948e-09,0,0,0,0,0,0,0,0,0,0,0,0,0,0,0,0,0,0,0.99999999025303676,0,9.7469632045899948e-09,0.99999999025303676
66900,NORMAL,7.7975705636719962e-09,1,7.7975705636719962e-09,0.99999999220242941,0,UNKNOWN,0.20000000233927118,0,1,0,0.99999999220242941,0,0,0,0,0,30600,30600,0,0,0,1,1,0,1,1,0,1,1,0,1,1,0,1,1,0,1,1,0,0,0,0,0,0,0,0,0,0,0,0,0,0,0,2.8899653654552028e-31,0,0,0,0,0,0,0,0,0,7.7975705636719962e-09,0,0,0,0,0,0,0,0,0,0,0,0,0,0,0,0,0,0,0.99999999220242941,0,7.7975705636719962e-09,0.99999999220242941
67000,NORMAL,6.2380564509375984e-09,1,6.2380564509375984e-09,0.9999999937619436,0,UNKNOWN,0.20000000187141695,0,1,0,0.9999999937619436,0,0,0,0,0,30600,30600,0,0,0,1,1,0,1,1,0,1,1,0,1,1,0,1,1,0,1,1,0,0,0,0,0,0,0,0,0,0,0,0,0,0,0,2.3119722923641626e-31,0,0,0,0,0,0,0,0,0,6.2380564509375984e-09,0,0,0,0,0,0,0,0,0,0,0,0,0,0,0,0,0,0,0.9999999937619436,0,6.2380564509375984e-09,0.9999999937619436
67100,NORMAL,4.9904451607500789e-09,1,4.9904451607500789e-09,0.99999999500955483,0,UNKNOWN,0.20000000149713354,0,1,0,0.99999999500955483,0,0,0,0,0,30600,30600,0,0,0,1,1,0,1,1,0,1,1,0,1,1,0,1,1,0,1,1,0,0,0,0,0,0,0,0,0,0,0,0,0,0,0,1.8495778338913302e-31,0,0,0,0,0,0,0,0,0,4.9904451607500789e-09,0,0,0,0,0,0,0,0,0,0,0,0,0,0,0,0,0,0,0.99999999500955483,0,4.9904451607500789e-09,0.99999999500955483
67200,NORMAL,3.992356128600063e-09,1,3.992356128600063e-09,0.99999999600764389,0,UNKNOWN,0.20000000119770683,0,1,0,0.99999999600764389,0,0,0,0,0,30600,30600,0,0,0,1,1,0,1,1,0,1,1,0,1,1,0,1,1,0,1,1,0,0,0,0,0,0,0,0,0,0,0,0,0,0,0,1.4796622671130642e-31,0,0,0,0,0,0,0,0,0,3.992356128600063e-09,0,0,0,0,0,0,0,0,0,0,0,0,0,0,0,0,0,0,0.99999999600764389,0,3.992356128600063e-09,0.99999999600764389
67300,NORMAL,3.1938849028800506e-09,1,3.1938849028800506e-09,0.99999999680611507,0,UNKNOWN,0.20000000095816545,0,1,0,0.99999999680611507,0,0,0,0,0,30600,30600,0,0,0,1,1,0,1,1,0,1,1,0,1,1,0,1,1,0,1,1,0,0,0,0,0,0,0,0,0,0,0,0,0,0,0,1.1837298136904514e-31,0,0,0,0,0,0,0,0,0,3.1938849028800506e-09,0,0,0,0,0,0,0,0,0,0,0,0,0,0,0,0,0,0,0.99999999680611507,0,3.1938849028800506e-09,0.99999999680611507
67400,NORMAL,2.5551079223040406e-09,1,2.5551079223040406e-09,0.9999999974448921,0,UNKNOWN,0.20000000076653238,0,1,0,0.9999999974448921,0,0,0,0,0,30600,30600,0,0,0,1,1,0,1,1,0,1,1,0,1,1,0,1,1,0,1,1,0,0,0,0,0,0,0,0,0,0,0,0,0,0,0,9.4698385095236113e-32,0,0,0,0,0,0,0,0,0,2.5551079223040406e-09,0,0,0,0,0,0,0,0,0,0,0,0,0,0,0,0,0,0,0.9999999974448921,0,2.5551079223040406e-09,0.9999999974448921
67500,NORMAL,2.0440863378432324e-09,1,2.0440863378432324e-09,0.99999999795591366,0,UNKNOWN,0.2000000006132259,0,1,0,0.99999999795591366,0,0,0,0,0,30600,30600,0,0,0,1,1,0,1,1,0,1,1,0,1,1,0,1,1,0,1,1,0,0,0,0,0,0,0,0,0,0,0,0,0,0,0,7.5758708076188895e-32,0,0,0,0,0,0,0,0,0,2.0440863378432324e-09,0,0,0,0,0,0,0,0,0,0,0,0,0,0,0,0,0,0,0.99999999795591366,0,2.0440863378432324e-09,0.99999999795591366
67600,NORMAL,1.635269070274586e-09,1,1.635269070274586e-09,0.99999999836473097,0,UNKNOWN,0.20000000049058073,0,1,0,0.99999999836473097,0,0,0,0,0,30600,30600,0,0,0,1,1,0,1,1,0,1,1,0,1,1,0,1,1,0,1,1,0,0,0,0,0,0,0,0,0,0,0,0,0,0,0,6.0606966460951122e-32,0,0,0,0,0,0,0,0,0,1.635269070274586e-09,0,0,0,0,0,0,0,0,0,0,0,0,0,0,0,0,0,0,0.99999999836473097,0,1.635269070274586e-09,0.99999999836473097
67700,NORMAL,1.3082152562196688e-09,1,1.3082152562196688e-09,0.9999999986917848,0,UNKNOWN,0.2000000003924646,0,1,0,0.9999999986917848,0,0,0,0,0,30600,30600,0,0,0,1,1,0,1,1,0,1,1,0,1,1,0,1,1,0,1,1,0,0,0,0,0,0,0,0,0,0,0,0,0,0,0,4.8485573168760901e-32,0,0,0,0,0,0,0,0,0,1.3082152562196688e-09,0,0,0,0,0,0,0,0,0,0,0,0,0,0,0,0,0,0,0.9999999986917848,0,1.3082152562196688e-09,0.9999999986917848
67800,NORMAL,1.0465722049757351e-09,1,1.0465722049757351e-09,0.99999999895342784,0,UNKNOWN,0.20000000031397167,0,1,0,0.99999999895342784,0,0,0,0,0,30600,30600,0,0,0,1,1,0,1,1,0,1,1,0,1,1,0,1,1,0,1,1,0,0,0,0,0,0,0,0,0,0,0,0,0,0,0,3.8788458535008725e-32,0,0,0,0,0,0,0,0,0,1.0465722049757351e-09,0,0,0,0,0,0,0,0,0,0,0,0,0,0,0,0,0,0,0.99999999895342784,0,1.0465722049757351e-09,0.99999999895342784
67900,NORMAL,8.3725776398058813e-10,1,8.3725776398058813e-10,0.99999999916274229,0,UNKNOWN,0.20000000025117734,0,1,0,0.99999999916274229,0,0,0,0,0,30600,30600,0,0,0,1,1,0,1,1,0,1,1,0,1,1,0,1,1,0,1,1,0,0,0,0,0,0,0,0,0,0,0,0,0,0,0,3.1030766828006981e-32,0,0,0,0,0,0,0,0,0,8.3725776398058813e-10,0,0,0,0,0,0,0,0,0,0,0,0,0,0,0,0,0,0,0.99999999916274229,0,8.3725776398058813e-10,0.99999999916274229
68000,NORMAL,6.6980621118447058e-10,1,6.6980621118447058e-10,0.99999999933019379,0,UNKNOWN,0.20000000020094186,0,1,0,0.99999999933019379,0,0,0,0,0,30600,30600,0,0,0,1,1,0,1,1,0,1,1,0,1,1,0,1,1,0,1,1,0,0,0,0,0,0,0,0,0,0,0,0,0,0,0,2.4824613462405584e-32,0,0,0,0,0,0,0,0,0,6.6980621118447058e-10,0,0,0,0,0,0,0,0,0,0,0,0,0,0,0,0,0,0,0.99999999933019379,0,6.6980621118447058e-10,0.99999999933019379
68100,NORMAL,5.3584496894757645e-10,1,5.3584496894757645e-10,0.99999999946415508,0,UNKNOWN,0.2000000001607535,0,1,0,0.99999999946415508,0,0,0,0,0,30600,30600,0,0,0,1,1,0,1,1,0,1,1,0,1,1,0,1,1,0,1,1,0,0,0,0,0,0,0,0,0,0,0,0,0,0,0,1.9859690769924469e-32,0,0,0,0,0,0,0,0,0,5.3584496894757645e-10,0,0,0,0,0,0,0,0,0,0,0,0,0,0,0,0,0,0,0.99999999946415508,0,5.3584496894757645e-10,0.99999999946415508
68200,NORMAL,4.2867597515806116e-10,1,4.2867597515806116e-10,0.99999999957132402,0,UNKNOWN,0.20000000012860281,0,1,0,0.99999999957132402,0,0,0,0,0,30600,30600,0,0,0,1,1,0,1,1,0,1,1,0,1,1,0,1,1,0,1,1,0,0,0,0,0,0,0,0,0,0,0,0,0,0,0,1.5887752615939577e-32,0,0,0,0,0,0,0,0,0,4.2867597515806116e-10,0,0,0,0,0,0,0,0,0,0,0,0,0,0,0,0,0,0,0.99999999957132402,0,4.2867597515806116e-10,0.99999999957132402
68300,NORMAL,3.4294078012644895e-10,1,3.4294078012644895e-10,0.99999999965705921,0,UNKNOWN,0.20000000010288224,0,1,0,0.99999999965705921,0,0,0,0,0,30600,30600,0,0,0,1,1,0,1,1,0,1,1,0,1,1,0,1,1,0,1,1,0,0,0,0,0,0,0,0,0,0,0,0,0,0,0,1.2710202092751663e-32,0,0,0,0,0,0,0,0,0,3.4294078012644895e-10,0,0,0,0,0,0,0,0,0,0,0,0,0,0,0,0,0,0,0.99999999965705921,0,3.4294078012644895e-10,0.99999999965705921
68400,NORMAL,2.7435262410115918e-10,1,2.7435262410115918e-10,0.99999999972564735,0,UNKNOWN,0.20000000008230578,0,1,0,0.99999999972564735,0,0,0,0,0,30600,30600,0,0,0,1,1,0,1,1,0,1,1,0,1,1,0,1,1,0,1,1,0,0,0,0,0,0,0,0,0,0,0,0,0,0,0,1.0168161674201331e-32,0,0,0,0,0,0,0,0,0,2.7435262410115918e-10,0,0,0,0,0,0,0,0,0,0,0,0,0,0,0,0,0,0,0.99999999972564735,0,2.7435262410115918e-10,0.99999999972564735
68500,NORMAL,2.1948209928092734e-10,1,2.1948209928092734e-10,0.9999999997805179,0,UNKNOWN,0.20000000006584462,0,1,0,0.9999999997805179,0,0,0,0,0,30600,30600,0,0,0,1,1,0,1,1,0,1,1,0,1,1,0,1,1,0,1,1,0,0,0,0,0,0,0,0,0,0,0,0,0,0,0,8.1345293393610646e-33,0,0,0,0,0,0,0,0,0,2.1948209928092734e-10,0,0,0,0,0,0,0,0,0,0,0,0,0,0,0,0,0,0,0.9999999997805179,0,2.1948209928092734e-10,0.9999999997805179
68600,NORMAL,1.7558567942474189e-10,1,1.7558567942474189e-10,0.99999999982441434,0,UNKNOWN,0.20000000005267571,0,1,0,0.99999999982441434,0,0,0,0,0,30600,30600,0,0,0,1,1,0,1,1,0,1,1,0,1,1,0,1,1,0,1,1,0,0,0,0,0,0,0,0,0,0,0,0,0,0,0,6.5076234714888523e-33,0,0,0,0,0,0,0,0,0,1.7558567942474189e-10,0,0,0,0,0,0,0,0,0,0,0,0,0,0,0,0,0,0,0.99999999982441434,0,1.7558567942474189e-10,0.99999999982441434
68700,NORMAL,1.4046854353979354e-10,1,1.4046854353979354e-10,0.99999999985953147,0,UNKNOWN,0.20000000004214055,0,1,0,0.99999999985953147,0,0,0,0,0,30600,30600,0,0,0,1,1,0,1,1,0,1,1,0,1,1,0,1,1,0,1,1,0,0,0,0,0,0,0,0,0,0,0,0,0,0,0,5.2060987771910821e-33,0,0,0,0,0,0,0,0,0,1.4046854353979354e-10,0,0,0,0,0,0,0,0,0,0,0,0,0,0,0,0,0,0,0.99999999985953147,0,1.4046854353979354e-10,0.99999999985953147
68800,NORMAL,1.1237483483183483e-10,1,1.1237483483183483e-10,0.99999999988762522,0,UNKNOWN,0.20000000003371246,0,1,0,0.99999999988762522,0,0,0,0,0,30600,30600,0,0,0,1,1,0,1,1,0,1,1,0,1,1,0,1,1,0,1,1,0,0,0,0,0,0,0,0,0,0,0,0,0,0,0,4.1648790217528661e-33,0,0,0,0,0,0,0,0,0,1.1237483483183483e-10,0,0,0,0,0,0,0,0,0,0,0,0,0,0,0,0,0,0,0.99999999988762522,0,1.1237483483183483e-10,0.99999999988762522
68900,NORMAL,8.9899867865467871e-11,1,8.9899867865467871e-11,0.99999999991010013,0,UNKNOWN,0.20000000002696997,0,1,0,0.99999999991010013,0,0,0,0,0,30600,30600,0,0,0,1,1,0,1,1,0,1,1,0,1,1,0,1,1,0,1,1,0,0,0,0,0,0,0,0,0,0,0,0,0,0,0,3.3319032174022933e-33,0,0,0,0,0,0,0,0,0,8.9899867865467871e-11,0,0,0,0,0,0,0,0,0,0,0,0,0,0,0,0,0,0,0.99999999991010013,0,8.9899867865467871e-11,0.99999999991010013
69000,NORMAL,7.1919894292374302e-11,1,7.1919894292374302e-11,0.99999999992808009,0,UNKNOWN,0.20000000002157597,0,1,0,0.99999999992808009,0,0,0,0,0,30600,30600,0,0,0,1,1,0,1,1,0,1,1,0,1,1,0,1,1,0,1,1,0,0,0,0,0,0,0,0,0,0,0,0,0,0,0,2.6655225739218346e-33,0,0,0,0,0,0,0,0,0,7.1919894292374302e-11,0,0,0,0,0,0,0,0,0,0,0,0,0,0,0,0,0,0,0.99999999992808009,0,7.1919894292374302e-11,0.99999999992808009
69100,NORMAL,5.7535915433899448e-11,1,5.7535915433899448e-11,0.99999999994246414,0,UNKNOWN,0.20000000001726079,0,1,0,0.99999999994246414,0,0,0,0,0,30600,30600,0,0,0,1,1,0,1,1,0,1,1,0,1,1,0,1,1,0,1,1,0,0,0,0,0,0,0,0,0,0,0,0,0,0,0,2.1324180591374682e-33,0,0,0,0,0,0,0,0,0,5.7535915433899448e-11,0,0,0,0,0,0,0,0,0,0,0,0,0,0,0,0,0,0,0.99999999994246414,0,5.7535915433899448e-11,0.99999999994246414
69200,NORMAL,4.6028732347119558e-11,1,4.6028732347119558e-11,0.99999999995397126,0,UNKNOWN,0.20000000001380863,0,1,0,0.99999999995397126,0,0,0,0,0,30600,30600,0,0,0,1,1,0,1,1,0,1,1,0,1,1,0,1,1,0,1,1,0,0,0,0,0,0,0,0,0,0,0,0,0,0,0,1.7059344473099747e-33,0,0,0,0,0,0,0,0,0,4.6028732347119558e-11,0,0,0,0,0,0,0,0,0,0,0,0,0,0,0,0,0,0,0.99999999995397126,0,4.6028732347119558e-11,0.99999999995397126
69300,NORMAL,3.6822985877695647e-11,1,3.6822985877695647e-11,0.99999999996317701,0,UNKNOWN,0.2000000000110469,0,1,0,0.99999999996317701,0,0,0,0,0,30600,30600,0,0,0,1,1,0,1,1,0,1,1,0,1,1,0,1,1,0,1,1,0,0,0,0,0,0,0,0,0,0,0,0,0,0,0,1.3647475578479799e-33,0,0,0,0,0,0,0,0,0,3.6822985877695647e-11,0,0,0,0,0,0,0,0,0,0,0,0,0,0,0,0,0,0,0.99999999996317701,0,3.6822985877695647e-11,0.99999999996317701
69400,NORMAL,2.9458388702156516e-11,1,2.9458388702156516e-11,0.99999999997054156,0,UNKNOWN,0.2000000000088375,0,1,0,0.99999999997054156,0,0,0,0,0,30600,30600,0,0,0,1,1,0,1,1,0,1,1,0,1,1,0,1,1,0,1,1,0,0,0,0,0,0,0,0,0,0,0,0,0,0,0,1.0917980462783839e-33,0,0,0,0,0,0,0,0,0,2.9458388702156516e-11,0,0,0,0,0,0,0,0,0,0,0,0,0,0,0,0,0,0,0.99999999997054156,0,2.9458388702156516e-11,0.99999999997054156
69500,NORMAL,2.3566710961725213e-11,1,2.3566710961725213e-11,0.9999999999764333,0,UNKNOWN,0.20000000000707002,0,1,0,0.9999999999764333,0,0,0,0,0,30600,30600,0,0,0,1,1,0,1,1,0,1,1,0,1,1,0,1,1,0,1,1,0,0,0,0,0,0,0,0,0,0,0,0,0,0,0,8.7343843702270716e-34,0,0,0,0,0,0,0,0,0,2.3566710961725213e-11,0,0,0,0,0,0,0,0,0,0,0,0,0,0,0,0,0,0,0.9999999999764333,0,2.3566710961725213e-11,0.9999999999764333
69600,NORMAL,1.8853368769380172e-11,1,1.8853368769380172e-11,0.99999999998114664,0,UNKNOWN,0.20000000000565601,0,1,0,0.99999999998114664,0,0,0,0,0,30600,30600,0,0,0,1,1,0,1,1,0,1,1,0,1,1,0,1,1,0,1,1,0,0,0,0,0,0,0,0,0,0,0,0,0,0,0,6.9875074961816573e-34,0,0,0,0,0,0,0,0,0,1.8853368769380172e-11,0,0,0,0,0,0,0,0,0,0,0,0,0,0,0,0,0,0,0.99999999998114664,0,1.8853368769380172e-11,0.99999999998114664
69700,NORMAL,1.508269501550414e-11,1,1.508269501550414e-11,0.99999999998491729,0,UNKNOWN,0.20000000000452481,0,1,0,0.99999999998491729,0,0,0,0,0,30600,30600,0,0,0,1,1,0,1,1,0,1,1,0,1,1,0,1,1,0,1,1,0,0,0,0,0,0,0,0,0,0,0,0,0,0,0,5.5900059969453258e-34,0,0,0,0,0,0,0,0,0,1.508269501550414e-11,0,0,0,0,0,0,0,0,0,0,0,0,0,0,0,0,0,0,0.99999999998491729,0,1.508269501550414e-11,0.99999999998491729
69800,NORMAL,1.2066156012403312e-11,1,1.2066156012403312e-11,0.99999999998793387,0,UNKNOWN,0.20000000000361987,0,1,0,0.99999999998793387,0,0,0,0,0,30600,30600,0,0,0,1,1,0,1,1,0,1,1,0,1,1,0,1,1,0,1,1,0,0,0,0,0,0,0,0,0,0,0,0,0,0,0,4.4720047975562612e-34,0,0,0,0,0,0,0,0,0,1.2066156012403312e-11,0,0,0,0,0,0,0,0,0,0,0,0,0,0,0,0,0,0,0.99999999998793387,0,1.2066156012403312e-11,0.99999999998793387
69900,NORMAL,9.6529248099226506e-12,1,9.6529248099226506e-12,0.99999999999034705,0,UNKNOWN,0.20000000000289589,0,1,0,0.99999999999034705,0,0,0,0,0,30600,30600,0,0,0,1,1,0,1,1,0,1,1,0,1,1,0,1,1,0,1,1,0,0,0,0,0,0,0,0,0,0,0,0,0,0,0,3.577603838045009e-34,0,0,0,0,0,0,0,0,0,9.6529248099226506e-12,0,0,0,0,0,0,0,0,0,0,0,0,0,0,0,0,0,0,0.99999999999034705,0,9.6529248099226506e-12,0.99999999999034705
70000,NORMAL,7.7223398479381202e-12,1,7.7223398479381202e-12,0.99999999999227762,0,UNKNOWN,0.20000000000231669,0,1,0,0.99999999999227762,0,0,0,0,0,30600,30600,0,0,0,1,1,0,1,1,0,1,1,0,1,1,0,1,1,0,1,1,0,0,0,0,0,0,0,0,0,0,0,0,0,0,0,2.8620830704360072e-34,0,0,0,0,0,0,0,0,0,7.7223398479381202e-12,0,0,0,0,0,0,0,0,0,0,0,0,0,0,0,0,0,0,0.99999999999227762,0,7.7223398479381202e-12,0.99999999999227762
70100,NORMAL,6.1778718783504976e-12,1,6.1778718783504976e-12,0.99999999999382216,0,UNKNOWN,0.20000000000185339,0,1,0,0.99999999999382216,0,0,0,0,0,30600,30600,0,0,0,1,1,0,1,1,0,1,1,0,1,1,0,1,1,0,1,1,0,0,0,0,0,0,0,0,0,0,0,0,0,0,0,2.2896664563488064e-34,0,0,0,0,0,0,0,0,0,6.1778718783504976e-12,0,0,0,0,0,0,0,0,0,0,0,0,0,0,0,0,0,0,0.99999999999382216,0,6.1778718783504976e-12,0.99999999999382216
70200,NORMAL,4.9422975026803982e-12,1,4.9422975026803982e-12,0.99999999999505773,0,UNKNOWN,0.20000000000148271,0,1,0,0.99999999999505773,0,0,0,0,0,30600,30600,0,0,0,1,1,0,1,1,0,1,1,0,1,1,0,1,1,0,1,1,0,0,0,0,0,0,0,0,0,0,0,0,0,0,0,1.8317331650790451e-34,0,0,0,0,0,0,0,0,0,4.9422975026803982e-12,0,0,0,0,0,0,0,0,0,0,0,0,0,0,0,0,0,0,0.99999999999505773,0,4.9422975026803982e-12,0.99999999999505773
70300,NORMAL,3.9538380021443184e-12,1,3.9538380021443184e-12,0.99999999999604616,0,UNKNOWN,0.20000000000118615,0,1,0,0.99999999999604616,0,0,0,0,0,30600,30600,0,0,0,1,1,0,1,1,0,1,1,0,1,1,0,1,1,0,1,1,0,0,0,0,0,0,0,0,0,0,0,0,0,0,0,1.4653865320632362e-34,0,0,0,0,0,0,0,0,0,3.9538380021443184e-12,0,0,0,0,0,0,0,0,0,0,0,0,0,0,0,0,0,0,0.99999999999604616,0,3.9538380021443184e-12,0.99999999999604616
70400,NORMAL,3.1630704017154551e-12,1,3.1630704017154551e-12,0.99999999999683697,0,UNKNOWN,0.20000000000094895,0,1,0,0.99999999999683697,0,0,0,0,0,30600,30600,0,0,0,1,1,0,1,1,0,1,1,0,1,1,0,1,1,0,1,1,0,0,0,0,0,0,0,0,0,0,0,0,0,0,0,1.172309225650589e-34,0,0,0,0,0,0,0,0,0,3.1630704017154551e-12,0,0,0,0,0,0,0,0,0,0,0,0,0,0,0,0,0,0,0.99999999999683697,0,3.1630704017154551e-12,0.99999999999683697
70500,NORMAL,2.5304563213723643e-12,1,2.5304563213723643e-12,0.99999999999746958,0,UNKNOWN,0.20000000000075915,0,1,0,0.99999999999746958,0,0,0,0,0,30600,30600,0,0,0,1,1,0,1,1,0,1,1,0,1,1,0,1,1,0,1,1,0,0,0,0,0,0,0,0,0,0,0,0,0,0,0,9.3784738052047122e-35,0,0,0,0,0,0,0,0,0,2.5304563213723643e-12,0,0,0,0,0,0,0,0,0,0,0,0,0,0,0,0,0,0,0.99999999999746958,0,2.5304563213723643e-12,0.99999999999746958
70600,NORMAL,2.0243650570978916e-12,1,2.0243650570978916e-12,0.99999999999797562,0,UNKNOWN,0.2000000000006073,0,1,0,0.99999999999797562,0,0,0,0,0,30600,30600,0,0,0,1,1,0,1,1,0,1,1,0,1,1,0,1,1,0,1,1,0,0,0,0,0,0,0,0,0,0,0,0,0,0,0,7.5027790441637706e-35,0,0,0,0,0,0,0,0,0,2.0243650570978916e-12,0,0,0,0,0,0,0,0,0,0,0,0,0,0,0,0,0,0,0.99999999999797562,0,2.0243650570978916e-12,0.99999999999797562
70700,NORMAL,1.6194920456783133e-12,1,1.6194920456783133e-12,0.99999999999838052,0,UNKNOWN,0.20000000000048584,0,1,0,0.99999999999838052,0,0,0,0,0,30600,30600,0,0,0,1,1,0,1,1,0,1,1,0,1,1,0,1,1,0,1,1,0,0,0,0,0,0,0,0,0,0,0,0,0,0,0,6.0022232353310167e-35,0,0,0,0,0,0,0,0,0,1.6194920456783133e-12,0,0,0,0,0,0,0,0,0,0,0,0,0,0,0,0,0,0,0.99999999999838052,0,1.6194920456783133e-12,0.99999999999838052
70800,NORMAL,1.2955936365426507e-12,1,1.2955936365426507e-12,0.99999999999870437,0,UNKNOWN,0.20000000000038867,0,1,0,0.99999999999870437,0,0,0,0,0,30600,30600,0,0,0,1,1,0,1,1,0,1,1,0,1,1,0,1,1,0,1,1,0,0,0,0,0,0,0,0,0,0,0,0,0,0,0,4.8017785882648138e-35,0,0,0,0,0,0,0,0,0,1.2955936365426507e-12,0,0,0,0,0,0,0,0,0,0,0,0,0,0,0,0,0,0,0.99999999999870437,0,1.2955936365426507e-12,0.99999999999870437
70900,NORMAL,1.0364749092341206e-12,1,1.0364749092341206e-12,0.9999999999989635,0,UNKNOWN,0.20000000000031093,0,1,0,0.9999999999989635,0,0,0,0,0,30600,30600,0,0,0,1,1,0,1,1,0,1,1,0,1,1,0,1,1,0,1,1,0,0,0,0,0,0,0,0,0,0,0,0,0,0,0,3.8414228706118511e-35,0,0,0,0,0,0,0,0,0,1.0364749092341206e-12,0,0,0,0,0,0,0,0,0,0,0,0,0,0,0,0,0,0,0.9999999999989635,0,1.0364749092341206e-12,0.9999999999989635
71000,NORMAL,8.2917992738729653e-13,1,8.2917992738729653e-13,0.99999999999917077,0,UNKNOWN,0.20000000000024873,0,1,0,0.99999999999917077,0,0,0,0,0,30600,30600,0,0,0,1,1,0,1,1,0,1,1,0,1,1,0,1,1,0,1,1,0,0,0,0,0,0,0,0,0,0,0,0,0,0,0,3.0731382964894809e-35,0,0,0,0,0,0,0,0,0,8.2917992738729653e-13,0,0,0,0,0,0,0,0,0,0,0,0,0,0,0,0,0,0,0.99999999999917077,0,8.2917992738729653e-13,0.99999999999917077
71100,NORMAL,6.633439419098373e-13,1,6.633439419098373e-13,0.99999999999933664,0,UNKNOWN,0.20000000000019902,0,1,0,0.99999999999933664,0,0,0,0,0,30600,30600,0,0,0,1,1,0,1,1,0,1,1,0,1,1,0,1,1,0,1,1,0,0,0,0,0,0,0,0,0,0,0,0,0,0,0,2.458510637191585e-35,0,0,0,0,0,0,0,0,0,6.633439419098373e-13,0,0,0,0,0,0,0,0,0,0,0,0,0,0,0,0,0,0,0.99999999999933664,0,6.633439419098373e-13,0.99999999999933664
71200,NORMAL,5.3067515352786982e-13,1,5.3067515352786982e-13,0.99999999999946931,0,UNKNOWN,0.20000000000015922,0,1,0,0.99999999999946931,0,0,0,0,0,30600,30600,0,0,0,1,1,0,1,1,0,1,1,0,1,1,0,1,1,0,1,1,0,0,0,0,0,0,0,0,0,0,0,0,0,0,0,1.9668085097532682e-35,0,0,0,0,0,0,0,0,0,5.3067515352786982e-13,0,0,0,0,0,0,0,0,0,0,0,0,0,0,0,0,0,0,0.99999999999946931,0,5.3067515352786982e-13,0.99999999999946931
71300,NORMAL,4.2454012282229588e-13,1,4.2454012282229588e-13,0.99999999999957545,0,UNKNOWN,0.20000000000012735,0,1,0,0.99999999999957545,0,0,0,0,0,30600,30600,0,0,0,1,1,0,1,1,0,1,1,0,1,1,0,1,1,0,1,1,0,0,0,0,0,0,0,0,0,0,0,0,0,0,0,1.5734468078026147e-35,0,0,0,0,0,0,0,0,0,4.2454012282229588e-13,0,0,0,0,0,0,0,0,0,0,0,0,0,0,0,0,0,0,0.99999999999957545,0,4.2454012282229588e-13,0.99999999999957545
71400,NORMAL,3.396320982578367e-13,1,3.396320982578367e-13,0.99999999999966038,0,UNKNOWN,0.20000000000010187,0,1,0,0.99999999999966038,0,0,0,0,0,30600,30600,0,0,0,1,1,0,1,1,0,1,1,0,1,1,0,1,1,0,1,1,0,0,0,0,0,0,0,0,0,0,0,0,0,0,0,1.2587574462420918e-35,0,0,0,0,0,0,0,0,0,3.396320982578367e-13,0,0,0,0,0,0,0,0,0,0,0,0,0,0,0,0,0,0,0.99999999999966038,0,3.396320982578367e-13,0.99999999999966038
71500,NORMAL,2.7170567860626936e-13,1,2.7170567860626936e-13,0.99999999999972833,0,UNKNOWN,0.20000000000008153,0,1,0,0.99999999999972833,0,0,0,0,0,30600,30600,0,0,0,1,1,0,1,1,0,1,1,0,1,1,0,1,1,0,1,1,0,0,0,0,0,0,0,0,0,0,0,0,0,0,0,1.0070059569936735e-35,0,0,0,0,0,0,0,0,0,2.7170567860626936e-13,0,0,0,0,0,0,0,0,0,0,0,0,0,0,0,0,0,0,0.99999999999972833,0,2.7170567860626936e-13,0.99999999999972833
71600,NORMAL,2.173645428850155e-13,1,2.173645428850155e-13,0.99999999999978262,0,UNKNOWN,0.20000000000006521,0,1,0,0.99999999999978262,0,0,0,0,0,30600,30600,0,0,0,1,1,0,1,1,0,1,1,0,1,1,0,1,1,0,1,1,0,0,0,0,0,0,0,0,0,0,0,0,0,0,0,8.0560476559493876e-36,0,0,0,0,0,0,0,0,0,2.173645428850155e-13,0,0,0,0,0,0,0,0,0,0,0,0,0,0,0,0,0,0,0.99999999999978262,0,2.173645428850155e-13,0.99999999999978262
71700,NORMAL,1.7389163430801242e-13,1,1.7389163430801242e-13,0.99999999999982614,0,UNKNOWN,0.20000000000005219,0,1,0,0.99999999999982614,0,0,0,0,0,30600,30600,0,0,0,1,1,0,1,1,0,1,1,0,1,1,0,1,1,0,1,1,0,0,0,0,0,0,0,0,0,0,0,0,0,0,0,6.4448381247595104e-36,0,0,0,0,0,0,0,0,0,1.7389163430801242e-13,0,0,0,0,0,0,0,0,0,0,0,0,0,0,0,0,0,0,0.99999999999982614,0,1.7389163430801242e-13,0.99999999999982614
71800,NORMAL,1.3911330744640994e-13,1,1.3911330744640994e-13,0.99999999999986089,0,UNKNOWN,0.20000000000004173,0,1,0,0.99999999999986089,0,0,0,0,0,30600,30600,0,0,0,1,1,0,1,1,0,1,1,0,1,1,0,1,1,0,1,1,0,0,0,0,0,0,0,0,0,0,0,0,0,0,0,5.1558704998076087e-36,0,0,0,0,0,0,0,0,0,1.3911330744640994e-13,0,0,0,0,0,0,0,0,0,0,0,0,0,0,0,0,0,0,0.99999999999986089,0,1.3911330744640994e-13,0.99999999999986089
71900,NORMAL,1.1129064595712796e-13,1,1.1129064595712796e-13,0.99999999999988876,0,UNKNOWN,0.2000000000000334,0,1,0,0.99999999999988876,0,0,0,0,0,30600,30600,0,0,0,1,1,0,1,1,0,1,1,0,1,1,0,1,1,0,1,1,0,0,0,0,0,0,0,0,0,0,0,0,0,0,0,4.1246963998460875e-36,0,0,0,0,0,0,0,0,0,1.1129064595712796e-13,0,0,0,0,0,0,0,0,0,0,0,0,0,0,0,0,0,0,0.99999999999988876,0,1.1129064595712796e-13,0.99999999999988876
72000,NORMAL,8.9032516765702374e-14,1,8.9032516765702374e-14,0.99999999999991096,0,UNKNOWN,0.20000000000002671,0,1,0,0.99999999999991096,0,0,0,0,0,30600,30600,0,0,0,1,1,0,1,1,0,1,1,0,1,1,0,1,1,0,1,1,0,0,0,0,0,0,0,0,0,0,0,0,0,0,0,3.2997571198768704e-36,0,0,0,0,0,0,0,0,0,8.9032516765702374e-14,0,0,0,0,0,0,0,0,0,0,0,0,0,0,0,0,0,0,0.99999999999991096,0,8.9032516765702374e-14,0.99999999999991096
72100,NORMAL,7.1226013412561904e-14,1,7.1226013412561904e-14,0.99999999999992872,0,UNKNOWN,0.20000000000002136,0,1,0,0.99999999999992872,0,0,0,0,0,30600,30600,0,0,0,1,1,0,1,1,0,1,1,0,1,1,0,1,1,0,1,1,0,0,0,0,0,0,0,0,0,0,0,0,0,0,0,2.6398056959014963e-36,0,0,0,0,0,0,0,0,0,7.1226013412561904e-14,0,0,0,0,0,0,0,0,0,0,0,0,0,0,0,0,0,0,0.99999999999992872,0,7.1226013412561904e-14,0.99999999999992872
72200,NORMAL,5.6980810730049539e-14,1,5.6980810730049539e-14,0.99999999999994305,0,UNKNOWN,0.20000000000001708,0,1,0,0.99999999999994305,0,0,0,0,0,30600,30600,0,0,0,1,1,0,1,1,0,1,1,0,1,1,0,1,1,0,1,1,0,0,0,0,0,0,0,0,0,0,0,0,0,0,0,2.1118445567211977e-36,0,0,0,0,0,0,0,0,0,5.6980810730049539e-14,0,0,0,0,0,0,0,0,0,0,0,0,0,0,0,0,0,0,0.99999999999994305,0,5.6980810730049539e-14,0.99999999999994305
72300,NORMAL,4.5584648584039636e-14,1,4.5584648584039636e-14,0.99999999999995448,0,UNKNOWN,0.20000000000001369,0,1,0,0.99999999999995448,0,0,0,0,0,30600,30600,0,0,0,1,1,0,1,1,0,1,1,0,1,1,0,1,1,0,1,1,0,0,0,0,0,0,0,0,0,0,0,0,0,0,0,1.6894756453769583e-36,0,0,0,0,0,0,0,0,0,4.5584648584039636e-14,0,0,0,0,0,0,0,0,0,0,0,0,0,0,0,0,0,0,0.99999999999995448,0,4.5584648584039636e-14,0.99999999999995448
72400,NORMAL,3.6467718867231714e-14,1,3.6467718867231714e-14,0.99999999999996358,0,UNKNOWN,0.20000000000001095,0,1,0,0.99999999999996358,0,0,0,0,0,30600,30600,0,0,0,1,1,0,1,1,0,1,1,0,1,1,0,1,1,0,1,1,0,0,0,0,0,0,0,0,0,0,0,0,0,0,0,1.3515805163015667e-36,0,0,0,0,0,0,0,0,0,3.6467718867231714e-14,0,0,0,0,0,0,0,0,0,0,0,0,0,0,0,0,0,0,0.99999999999996358,0,3.6467718867231714e-14,0.99999999999996358
72500,NORMAL,2.9174175093785372e-14,1,2.9174175093785372e-14,0.99999999999997091,0,UNKNOWN,0.20000000000000878,0,1,0,0.99999999999997091,0,0,0,0,0,30600,30600,0,0,0,1,1,0,1,1,0,1,1,0,1,1,0,1,1,0,1,1,0,0,0,0,0,0,0,0,0,0,0,0,0,0,0,1.0812644130412535e-36,0,0,0,0,0,0,0,0,0,2.9174175093785372e-14,0,0,0,0,0,0,0,0,0,0,0,0,0,0,0,0,0,0,0.99999999999997091,0,2.9174175093785372e-14,0.99999999999997091
72600,NORMAL,2.3339340075028299e-14,1,2.3339340075028299e-14,0.99999999999997669,0,UNKNOWN,0.20000000000000701,0,1,0,0.99999999999997669,0,0,0,0,0,30600,30600,0,0,0,1,1,0,1,1,0,1,1,0,1,1,0,1,1,0,1,1,0,0,0,0,0,0,0,0,0,0,0,0,0,0,0,8.6501153043300287e-37,0,0,0,0,0,0,0,0,0,2.3339340075028299e-14,0,0,0,0,0,0,0,0,0,0,0,0,0,0,0,0,0,0,0.99999999999997669,0,2.3339340075028299e-14,0.99999999999997669
72700,NORMAL,1.8671472060022641e-14,1,1.8671472060022641e-14,0.99999999999998135,0,UNKNOWN,0.20000000000000559,0,1,0,0.99999999999998135,0,0,0,0,0,30600,30600,0,0,0,1,1,0,1,1,0,1,1,0,1,1,0,1,1,0,1,1,0,0,0,0,0,0,0,0,0,0,0,0,0,0,0,6.9200922434640231e-37,0,0,0,0,0,0,0,0,0,1.8671472060022641e-14,0,0,0,0,0,0,0,0,0,0,0,0,0,0,0,0,0,0,0.99999999999998135,0,1.8671472060022641e-14,0.99999999999998135
72800,NORMAL,1.4937177648018112e-14,1,1.4937177648018112e-14,0.99999999999998512,0,UNKNOWN,0.20000000000000448,0,1,0,0.99999999999998512,0,0,0,0,0,30600,30600,0,0,0,1,1,0,1,1,0,1,1,0,1,1,0,1,1,0,1,1,0,0,0,0,0,0,0,0,0,0,0,0,0,0,0,5.5360737947712191e-37,0,0,0,0,0,0,0,0,0,1.4937177648018112e-14,0,0,0,0,0,0,0,0,0,0,0,0,0,0,0,0,0,0,0.99999999999998512,0,1.4937177648018112e-14,0.99999999999998512
72900,NORMAL,1.194974211841449e-14,1,1.194974211841449e-14,0.99999999999998812,0,UNKNOWN,0.20000000000000359,0,1,0,0.99999999999998812,0,0,0,0,0,30600,30600,0,0,0,1,1,0,1,1,0,1,1,0,1,1,0,1,1,0,1,1,0,0,0,0,0,0,0,0,0,0,0,0,0,0,0,4.4288590358169755e-37,0,0,0,0,0,0,0,0,0,1.194974211841449e-14,0,0,0,0,0,0,0,0,0,0,0,0,0,0,0,0,0,0,0.99999999999998812,0,1.194974211841449e-14,0.99999999999998812
73000,NORMAL,9.5597936947315924e-15,1,9.5597936947315924e-15,0.99999999999999045,0,UNKNOWN,0.20000000000000287,0,1,0,0.99999999999999045,0,0,0,0,0,30600,30600,0,0,0,1,1,0,1,1,0,1,1,0,1,1,0,1,1,0,1,1,0,0,0,0,0,0,0,0,0,0,0,0,0,0,0,3.5430872286535806e-37,0,0,0,0,0,0,0,0,0,9.5597936947315924e-15,0,0,0,0,0,0,0,0,0,0,0,0,0,0,0,0,0,0,0.99999999999999045,0,9.5597936947315924e-15,0.99999999999999045
73100,NORMAL,7.6478349557852749e-15,1,7.6478349557852749e-15,0.99999999999999234,0,UNKNOWN,0.20000000000000229,0,1,0,0.99999999999999234,0,0,0,0,0,30600,30600,0,0,0,1,1,0,1,1,0,1,1,0,1,1,0,1,1,0,1,1,0,0,0,0,0,0,0,0,0,0,0,0,0,0,0,2.8344697829228648e-37,0,0,0,0,0,0,0,0,0,7.6478349557852749e-15,0,0,0,0,0,0,0,0,0,0,0,0,0,0,0,0,0,0,0.99999999999999234,0,7.6478349557852749e-15,0.99999999999999234
73200,NORMAL,6.1182679646282204e-15,1,6.1182679646282204e-15,0.99999999999999389,0,UNKNOWN,0.20000000000000184,0,1,0,0.99999999999999389,0,0,0,0,0,30600,30600,0,0,0,1,1,0,1,1,0,1,1,0,1,1,0,1,1,0,1,1,0,0,0,0,0,0,0,0,0,0,0,0,0,0,0,2.2675758263382919e-37,0,0,0,0,0,0,0,0,0,6.1182679646282204e-15,0,0,0,0,0,0,0,0,0,0,0,0,0,0,0,0,0,0,0.99999999999999389,0,6.1182679646282204e-15,0.99999999999999389
73300,NORMAL,4.8946143717025765e-15,1,4.8946143717025765e-15,0.99999999999999512,0,UNKNOWN,0.20000000000000145,0,1,0,0.99999999999999512,0,0,0,0,0,30600,30600,0,0,0,1,1,0,1,1,0,1,1,0,1,1,0,1,1,0,1,1,0,0,0,0,0,0,0,0,0,0,0,0,0,0,0,1.8140606610706336e-37,0,0,0,0,0,0,0,0,0,4.8946143717025765e-15,0,0,0,0,0,0,0,0,0,0,0,0,0,0,0,0,0,0,0.99999999999999512,0,4.8946143717025765e-15,0.99999999999999512
73400,NORMAL,3.915691497362061e-15,1,3.915691497362061e-15,0.99999999999999611,0,UNKNOWN,0.2000000000000012,0,1,0,0.99999999999999611,0,0,0,0,0,30600,30600,0,0,0,1,1,0,1,1,0,1,1,0,1,1,0,1,1,0,1,1,0,0,0,0,0,0,0,0,0,0,0,0,0,0,0,1.451248528856507e-37,0,0,0,0,0,0,0,0,0,3.915691497362061e-15,0,0,0,0,0,0,0,0,0,0,0,0,0,0,0,0,0,0,0.99999999999999611,0,3.915691497362061e-15,0.99999999999999611
73500,NORMAL,3.132553197889649e-15,1,3.132553197889649e-15,0.99999999999999689,0,UNKNOWN,0.20000000000000093,0,1,0,0.99999999999999689,0,0,0,0,0,30600,30600,0,0,0,1,1,0,1,1,0,1,1,0,1,1,0,1,1,0,1,1,0,0,0,0,0,0,0,0,0,0,0,0,0,0,0,1.1609988230852057e-37,0,0,0,0,0,0,0,0,0,3.132553197889649e-15,0,0,0,0,0,0,0,0,0,0,0,0,0,0,0,0,0,0,0.99999999999999689,0,3.132553197889649e-15,0.99999999999999689
73600,NORMAL,2.5060425583117193e-15,1,2.5060425583117193e-15,0.99999999999999756,0,UNKNOWN,0.20000000000000076,0,1,0,0.99999999999999756,0,0,0,0,0,30600,30600,0,0,0,1,1,0,1,1,0,1,1,0,1,1,0,1,1,0,1,1,0,0,0,0,0,0,0,0,0,0,0,0,0,0,0,9.287990584681646e-38,0,0,0,0,0,0,0,0,0,2.5060425583117193e-15,0,0,0,0,0,0,0,0,0,0,0,0,0,0,0,0,0,0,0.99999999999999756,0,2.5060425583117193e-15,0.99999999999999756
73700,NORMAL,2.0048340466493756e-15,1,2.0048340466493756e-15,0.999999999999998,0,UNKNOWN,0.20000000000000059,0,1,0,0.999999999999998,0,0,0,0,0,30600,30600,0,0,0,1,1,0,1,1,0,1,1,0,1,1,0,1,1,0,1,1,0,0,0,0,0,0,0,0,0,0,0,0,0,0,0,7.4303924677453176e-38,0,0,0,0,0,0,0,0,0,2.0048340466493756e-15,0,0,0,0,0,0,0,0,0,0,0,0,0,0,0,0,0,0,0.999999999999998,0,2.0048340466493756e-15,0.999999999999998
73800,NORMAL,1.6038672373195006e-15,1,1.6038672373195006e-15,0.99999999999999845,0,UNKNOWN,0.20000000000000048,0,1,0,0.99999999999999845,0,0,0,0,0,30600,30600,0,0,0,1,1,0,1,1,0,1,1,0,1,1,0,1,1,0,1,1,0,0,0,0,0,0,0,0,0,0,0,0,0,0,0,5.9443139741962545e-38,0,0,0,0,0,0,0,0,0,1.6038672373195006e-15,0,0,0,0,0,0,0,0,0,0,0,0,0,0,0,0,0,0,0.99999999999999845,0,1.6038672373195006e-15,0.99999999999999845
73900,NORMAL,1.2830937898556006e-15,1,1.2830937898556006e-15,0.99999999999999878,0,UNKNOWN,0.2000000000000004,0,1,0,0.99999999999999878,0,0,0,0,0,30600,30600,0,0,0,1,1,0,1,1,0,1,1,0,1,1,0,1,1,0,1,1,0,0,0,0,0,0,0,0,0,0,0,0,0,0,0,4.7554511793570034e-38,0,0,0,0,0,0,0,0,0,1.2830937898556006e-15,0,0,0,0,0,0,0,0,0,0,0,0,0,0,0,0,0,0,0.99999999999999878,0,1.2830937898556006e-15,0.99999999999999878
74000,NORMAL,1.0264750318844806e-15,1,1.0264750318844806e-15,0.999999999999999,0,UNKNOWN,0.20000000000000029,0,1,0,0.999999999999999,0,0,0,0,0,30600,30600,0,0,0,1,1,0,1,1,0,1,1,0,1,1,0,1,1,0,1,1,0,0,0,0,0,0,0,0,0,0,0,0,0,0,0,3.8043609434856027e-38,0,0,0,0,0,0,0,0,0,1.0264750318844806e-15,0,0,0,0,0,0,0,0,0,0,0,0,0,0,0,0,0,0,0.999999999999999,0,1.0264750318844806e-15,0.999999999999999
74100,NORMAL,8.2118002550758452e-16,1,8.2118002550758452e-16,0.99999999999999922,0,UNKNOWN,0.20000000000000026,0,1,0,0.99999999999999922,0,0,0,0,0,30600,30600,0,0,0,1,1,0,1,1,0,1,1,0,1,1,0,1,1,0,1,1,0,0,0,0,0,0,0,0,0,0,0,0,0,0,0,3.0434887547884822e-38,0,0,0,0,0,0,0,0,0,8.2118002550758452e-16,0,0,0,0,0,0,0,0,0,0,0,0,0,0,0,0,0,0,0.99999999999999922,0,8.2118002550758452e-16,0.99999999999999922
74200,NORMAL,6.5694402040606768e-16,1,6.5694402040606768e-16,0.99999999999999933,0,UNKNOWN,0.20000000000000021,0,1,0,0.99999999999999933,0,0,0,0,0,30600,30600,0,0,0,1,1,0,1,1,0,1,1,0,1,1,0,1,1,0,1,1,0,0,0,0,0,0,0,0,0,0,0,0,0,0,0,2.434791003830786e-38,0,0,0,0,0,0,0,0,0,6.5694402040606768e-16,0,0,0,0,0,0,0,0,0,0,0,0,0,0,0,0,0,0,0.99999999999999933,0,6.5694402040606768e-16,0.99999999999999933
74300,NORMAL,5.255552163248542e-16,1,5.255552163248542e-16,0.99999999999999944,0,UNKNOWN,0.20000000000000015,0,1,0,0.99999999999999944,0,0,0,0,0,30600,30600,0,0,0,1,1,0,1,1,0,1,1,0,1,1,0,1,1,0,1,1,0,0,0,0,0,0,0,0,0,0,0,0,0,0,0,1.9478328030646289e-38,0,0,0,0,0,0,0,0,0,5.255552163248542e-16,0,0,0,0,0,0,0,0,0,0,0,0,0,0,0,0,0,0,0.99999999999999944,0,5.255552163248542e-16,0.99999999999999944
74400,NORMAL,4.204441730598834e-16,1,4.204441730598834e-16,0.99999999999999956,0,UNKNOWN,0.20000000000000012,0,1,0,0.99999999999999956,0,0,0,0,0,30600,30600,0,0,0,1,1,0,1,1,0,1,1,0,1,1,0,1,1,0,1,1,0,0,0,0,0,0,0,0,0,0,0,0,0,0,0,1.5582662424517032e-38,0,0,0,0,0,0,0,0,0,4.204441730598834e-16,0,0,0,0,0,0,0,0,0,0,0,0,0,0,0,0,0,0,0.99999999999999956,0,4.204441730598834e-16,0.99999999999999956
74500,NORMAL,3.3635533844790676e-16,1,3.3635533844790676e-16,0.99999999999999967,0,UNKNOWN,0.20000000000000009,0,1,0,0.99999999999999967,0,0,0,0,0,30600,30600,0,0,0,1,1,0,1,1,0,1,1,0,1,1,0,1,1,0,1,1,0,0,0,0,0,0,0,0,0,0,0,0,0,0,0,1.2466129939613627e-38,0,0,0,0,0,0,0,0,0,3.3635533844790676e-16,0,0,0,0,0,0,0,0,0,0,0,0,0,0,0,0,0,0,0.99999999999999967,0,3.3635533844790676e-16,0.99999999999999967
74600,NORMAL,2.6908427075832543e-16,1,2.6908427075832543e-16,0.99999999999999978,0,UNKNOWN,0.20000000000000009,0,1,0,0.99999999999999978,0,0,0,0,0,30600,30600,0,0,0,1,1,0,1,1,0,1,1,0,1,1,0,1,1,0,1,1,0,0,0,0,0,0,0,0,0,0,0,0,0,0,0,9.9729039516909025e-39,0,0,0,0,0,0,0,0,0,2.6908427075832543e-16,0,0,0,0,0,0,0,0,0,0,0,0,0,0,0,0,0,0,0.99999999999999978,0,2.6908427075832543e-16,0.99999999999999978
74700,NORMAL,2.1526741660666035e-16,1,2.1526741660666035e-16,0.99999999999999978,0,UNKNOWN,0.20000000000000007,0,1,0,0.99999999999999978,0,0,0,0,0,30600,30600,0,0,0,1,1,0,1,1,0,1,1,0,1,1,0,1,1,0,1,1,0,0,0,0,0,0,0,0,0,0,0,0,0,0,0,7.978323161352722e-39,0,0,0,0,0,0,0,0,0,2.1526741660666035e-16,0,0,0,0,0,0,0,0,0,0,0,0,0,0,0,0,0,0,0.99999999999999978,0,2.1526741660666035e-16,0.99999999999999978
74800,NORMAL,1.7221393328532829e-16,1,1.7221393328532829e-16,0.99999999999999978,0,UNKNOWN,0.20000000000000004,0,1,0,0.99999999999999978,0,0,0,0,0,30600,30600,0,0,0,1,1,0,1,1,0,1,1,0,1,1,0,1,1,0,1,1,0,0,0,0,0,0,0,0,0,0,0,0,0,0,0,6.3826585290821774e-39,0,0,0,0,0,0,0,0,0,1.7221393328532829e-16,0,0,0,0,0,0,0,0,0,0,0,0,0,0,0,0,0,0,0.99999999999999978,0,1.7221393328532829e-16,0.99999999999999978
74900,NORMAL,1.3777114662826266e-16,1,1.3777114662826266e-16,0.99999999999999989,0,UNKNOWN,0.20000000000000004,0,1,0,0.99999999999999989,0,0,0,0,0,30600,30600,0,0,0,1,1,0,1,1,0,1,1,0,1,1,0,1,1,0,1,1,0,0,0,0,0,0,0,0,0,0,0,0,0,0,0,5.1061268232657425e-39,0,0,0,0,0,0,0,0,0,1.3777114662826266e-16,0,0,0,0,0,0,0,0,0,0,0,0,0,0,0,0,0,0,0.99999999999999989,0,1.3777114662826266e-16,0.99999999999999989
75000,NORMAL,1.1021691730261013e-16,1,1.1021691730261013e-16,0.99999999999999989,0,UNKNOWN,0.20000000000000004,0,1,0,0.99999999999999989,0,0,0,0,0,30600,30600,0,0,0,1,1,0,1,1,0,1,1,0,1,1,0,1,1,0,1,1,0,0,0,0,0,0,0,0,0,0,0,0,0,0,0,4.0849014586125943e-39,0,0,0,0,0,0,0,0,0,1.1021691730261013e-16,0,0,0,0,0,0,0,0,0,0,0,0,0,0,0,0,0,0,0.99999999999999989,0,1.1021691730261013e-16,0.99999999999999989
75100,NORMAL,8.8173533842088112e-17,1,8.8173533842088112e-17,0.99999999999999989,0,UNKNOWN,0.20000000000000004,0,1,0,0.99999999999999989,0,0,0,0,0,30600,30600,0,0,0,1,1,0,1,1,0,1,1,0,1,1,0,1,1,0,1,1,0,0,0,0,0,0,0,0,0,0,0,0,0,0,0,3.2679211668900756e-39,0,0,0,0,0,0,0,0,0,8.8173533842088112e-17,0,0,0,0,0,0,0,0,0,0,0,0,0,0,0,0,0,0,0.99999999999999989,0,8.8173533842088112e-17,0.99999999999999989
75200,NORMAL,7.05388270736705e-17,1,7.05388270736705e-17,0.99999999999999989,0,UNKNOWN,0.20000000000000001,0,1,0,0.99999999999999989,0,0,0,0,0,30600,30600,0,0,0,1,1,0,1,1,0,1,1,0,1,1,0,1,1,0,1,1,0,0,0,0,0,0,0,0,0,0,0,0,0,0,0,2.6143369335120605e-39,0,0,0,0,0,0,0,0,0,7.05388270736705e-17,0,0,0,0,0,0,0,0,0,0,0,0,0,0,0,0,0,0,0.99999999999999989,0,7.05388270736705e-17,0.99999999999999989
75300,NORMAL,5.6431061658936402e-17,1,5.6431061658936402e-17,0.99999999999999989,0,UNKNOWN,0.20000000000000001,0,1,0,0.99999999999999989,0,0,0,0,0,30600,30600,0,0,0,1,1,0,1,1,0,1,1,0,1,1,0,1,1,0,1,1,0,0,0,0,0,0,0,0,0,0,0,0,0,0,0,2.0914695468096487e-39,0,0,0,0,0,0,0,0,0,5.6431061658936402e-17,0,0,0,0,0,0,0,0,0,0,0,0,0,0,0,0,0,0,0.99999999999999989,0,5.6431061658936402e-17,0.99999999999999989
75400,NORMAL,4.5144849327149128e-17,1,4.5144849327149128e-17,1,0,UNKNOWN,0.20000000000000004,0,1,0,1,0,0,0,0,0,30600,30600,0,0,0,1,1,0,1,1,0,1,1,0,1,1,0,1,1,0,1,1,0,0,0,0,0,0,0,0,0,0,0,0,0,0,0,1.6731756374477193e-39,0,0,0,0,0,0,0,0,0,4.5144849327149128e-17,0,0,0,0,0,0,0,0,0,0,0,0,0,0,0,0,0,0,1,0,4.5144849327149128e-17,1
75500,NORMAL,3.6115879461719305e-17,1,3.6115879461719305e-17,1,0,UNKNOWN,0.20000000000000004,0,1,0,1,0,0,0,0,0,30600,30600,0,0,0,1,1,0,1,1,0,1,1,0,1,1,0,1,1,0,1,1,0,0,0,0,0,0,0,0,0,0,0,0,0,0,0,1.3385405099581756e-39,0,0,0,0,0,0,0,0,0,3.6115879461719305e-17,0,0,0,0,0,0,0,0,0,0,0,0,0,0,0,0,0,0,1,0,3.6115879461719305e-17,1
75600,NORMAL,2.8892703569375443e-17,1,2.8892703569375443e-17,1,0,UNKNOWN,0.20000000000000004,0,1,0,1,0,0,0,0,0,30600,30600,0,0,0,1,1,0,1,1,0,1,1,0,1,1,0,1,1,0,1,1,0,0,0,0,0,0,0,0,0,0,0,0,0,0,0,1.0708324079665406e-39,0,0,0,0,0,0,0,0,0,2.8892703569375443e-17,0,0,0,0,0,0,0,0,0,0,0,0,0,0,0,0,0,0,1,0,2.8892703569375443e-17,1
75700,NORMAL,2.3114162855500355e-17,1,2.3114162855500355e-17,1,0,UNKNOWN,0.20000000000000001,0,1,0,1,0,0,0,0,0,30600,30600,0,0,0,1,1,0,1,1,0,1,1,0,1,1,0,1,1,0,1,1,0,0,0,0,0,0,0,0,0,0,0,0,0,0,0,8.5666592637323256e-40,0,0,0,0,0,0,0,0,0,2.3114162855500355e-17,0,0,0,0,0,0,0,0,0,0,0,0,0,0,0,0,0,0,1,0,2.3114162855500355e-17,1
75800,NORMAL,1.8491330284400285e-17,1,1.8491330284400285e-17,1,0,UNKNOWN,0.20000000000000001,0,1,0,1,0,0,0,0,0,30600,30600,0,0,0,1,1,0,1,1,0,1,1,0,1,1,0,1,1,0,1,1,0,0,0,0,0,0,0,0,0,0,0,0,0,0,0,6.8533274109858609e-40,0,0,0,0,0,0,0,0,0,1.8491330284400285e-17,0,0,0,0,0,0,0,0,0,0,0,0,0,0,0,0,0,0,1,0,1.8491330284400285e-17,1
75900,NORMAL,1.4793064227520228e-17,1,1.4793064227520228e-17,1,0,UNKNOWN,0.20000000000000001,0,1,0,1,0,0,0,0,0,30600,30600,0,0,0,1,1,0,1,1,0,1,1,0,1,1,0,1,1,0,1,1,0,0,0,0,0,0,0,0,0,0,0,0,0,0,0,5.4826619287886894e-40,0,0,0,0,0,0,0,0,0,1.4793064227520228e-17,0,0,0,0,0,0,0,0,0,0,0,0,0,0,0,0,0,0,1,0,1.4793064227520228e-17,1
76000,NORMAL,1.1834451382016183e-17,1,1.1834451382016183e-17,1,0,UNKNOWN,0.20000000000000001,0,1,0,1,0,0,0,0,0,30600,30600,0,0,0,1,1,0,1,1,0,1,1,0,1,1,0,1,1,0,1,1,0,0,0,0,0,0,0,0,0,0,0,0,0,0,0,4.3861295430309519e-40,0,0,0,0,0,0,0,0,0,1.1834451382016183e-17,0,0,0,0,0,0,0,0,0,0,0,0,0,0,0,0,0,0,1,0,1.1834451382016183e-17,1
76100,NORMAL,9.467561105612947e-18,1,9.467561105612947e-18,1,0,UNKNOWN,0.20000000000000001,0,1,0,1,0,0,0,0,0,30600,30600,0,0,0,1,1,0,1,1,0,1,1,0,1,1,0,1,1,0,1,1,0,0,0,0,0,0,0,0,0,0,0,0,0,0,0,3.5089036344247616e-40,0,0,0,0,0,0,0,0,0,9.467561105612947e-18,0,0,0,0,0,0,0,0,0,0,0,0,0,0,0,0,0,0,1,0,9.467561105612947e-18,1
76200,NORMAL,7.5740488844903585e-18,1,7.5740488844903585e-18,1,0,UNKNOWN,0.20000000000000001,0,1,0,1,0,0,0,0,0,30600,30600,0,0,0,1,1,0,1,1,0,1,1,0,1,1,0,1,1,0,1,1,0,0,0,0,0,0,0,0,0,0,0,0,0,0,0,2.8071229075398095e-40,0,0,0,0,0,0,0,0,0,7.5740488844903585e-18,0,0,0,0,0,0,0,0,0,0,0,0,0,0,0,0,0,0,1,0,7.5740488844903585e-18,1
76300,NORMAL,6.059239107592287e-18,1,6.059239107592287e-18,1,0,UNKNOWN,0.20000000000000001,0,1,0,1,0,0,0,0,0,30600,30600,0,0,0,1,1,0,1,1,0,1,1,0,1,1,0,1,1,0,1,1,0,0,0,0,0,0,0,0,0,0,0,0,0,0,0,2.2456983260318476e-40,0,0,0,0,0,0,0,0,0,6.059239107592287e-18,0,0,0,0,0,0,0,0,0,0,0,0,0,0,0,0,0,0,1,0,6.059239107592287e-18,1
76400,NORMAL,4.8473912860738297e-18,1,4.8473912860738297e-18,1,0,UNKNOWN,0.20000000000000001,0,1,0,1,0,0,0,0,0,30600,30600,0,0,0,1,1,0,1,1,0,1,1,0,1,1,0,1,1,0,1,1,0,0,0,0,0,0,0,0,0,0,0,0,0,0,0,1.7965586608254782e-40,0,0,0,0,0,0,0,0,0,4.8473912860738297e-18,0,0,0,0,0,0,0,0,0,0,0,0,0,0,0,0,0,0,1,0,4.8473912860738297e-18,1
76500,NORMAL,3.8779130288590639e-18,1,3.8779130288590639e-18,1,0,UNKNOWN,0.20000000000000001,0,1,0,1,0,0,0,0,0,30600,30600,0,0,0,1,1,0,1,1,0,1,1,0,1,1,0,1,1,0,1,1,0,0,0,0,0,0,0,0,0,0,0,0,0,0,0,1.4372469286603826e-40,0,0,0,0,0,0,0,0,0,3.8779130288590639e-18,0,0,0,0,0,0,0,0,0,0,0,0,0,0,0,0,0,0,1,0,3.8779130288590639e-18,1
76600,NORMAL,3.1023304230872514e-18,1,3.1023304230872514e-18,1,0,UNKNOWN,0.20000000000000001,0,1,0,1,0,0,0,0,0,30600,30600,0,0,0,1,1,0,1,1,0,1,1,0,1,1,0,1,1,0,1,1,0,0,0,0,0,0,0,0,0,0,0,0,0,0,0,1.1497975429283062e-40,0,0,0,0,0,0,0,0,0,3.1023304230872514e-18,0,0,0,0,0,0,0,0,0,0,0,0,0,0,0,0,0,0,1,0,3.1023304230872514e-18,1
76700,NORMAL,2.4818643384698014e-18,1,2.4818643384698014e-18,1,0,UNKNOWN,0.20000000000000001,0,1,0,1,0,0,0,0,0,30600,30600,0,0,0,1,1,0,1,1,0,1,1,0,1,1,0,1,1,0,1,1,0,0,0,0,0,0,0,0,0,0,0,0,0,0,0,9.1983803434264501e-41,0,0,0,0,0,0,0,0,0,2.4818643384698014e-18,0,0,0,0,0,0,0,0,0,0,0,0,0,0,0,0,0,0,1,0,2.4818643384698014e-18,1
76800,NORMAL,1.985491470775841e-18,1,1.985491470775841e-18,1,0,UNKNOWN,0.20000000000000001,0,1,0,1,0,0,0,0,0,30600,30600,0,0,0,1,1,0,1,1,0,1,1,0,1,1,0,1,1,0,1,1,0,0,0,0,0,0,0,0,0,0,0,0,0,0,0,7.3587042747411603e-41,0,0,0,0,0,0,0,0,0,1.985491470775841e-18,0,0,0,0,0,0,0,0,0,0,0,0,0,0,0,0,0,0,1,0,1.985491470775841e-18,1
76900,NORMAL,1.588393176620673e-18,1,1.588393176620673e-18,1,0,UNKNOWN,0.20000000000000001,0,1,0,1,0,0,0,0,0,30600,30600,0,0,0,1,1,0,1,1,0,1,1,0,1,1,0,1,1,0,1,1,0,0,0,0,0,0,0,0,0,0,0,0,0,0,0,5.8869634197929288e-41,0,0,0,0,0,0,0,0,0,1.588393176620673e-18,0,0,0,0,0,0,0,0,0,0,0,0,0,0,0,0,0,0,1,0,1.588393176620673e-18,1
77000,NORMAL,1.2707145412965384e-18,1,1.2707145412965384e-18,1,0,UNKNOWN,0.20000000000000001,0,1,0,1,0,0,0,0,0,30600,30600,0,0,0,1,1,0,1,1,0,1,1,0,1,1,0,1,1,0,1,1,0,0,0,0,0,0,0,0,0,0,0,0,0,0,0,4.7095707358343433e-41,0,0,0,0,0,0,0,0,0,1.2707145412965384e-18,0,0,0,0,0,0,0,0,0,0,0,0,0,0,0,0,0,0,1,0,1.2707145412965384e-18,1
77100,NORMAL,1.0165716330372308e-18,1,1.0165716330372308e-18,1,0,UNKNOWN,0.20000000000000001,0,1,0,1,0,0,0,0,0,30600,30600,0,0,0,1,1,0,1,1,0,1,1,0,1,1,0,1,1,0,1,1,0,0,0,0,0,0,0,0,0,0,0,0,0,0,0,3.7676565886674747e-41,0,0,0,0,0,0,0,0,0,1.0165716330372308e-18,0,0,0,0,0,0,0,0,0,0,0,0,0,0,0,0,0,0,1,0,1.0165716330372308e-18,1
77200,NORMAL,8.1325730642978465e-19,1,8.1325730642978465e-19,1,0,UNKNOWN,0.20000000000000001,0,1,0,1,0,0,0,0,0,30600,30600,0,0,0,1,1,0,1,1,0,1,1,0,1,1,0,1,1,0,1,1,0,0,0,0,0,0,0,0,0,0,0,0,0,0,0,3.0141252709339799e-41,0,0,0,0,0,0,0,0,0,8.1325730642978465e-19,0,0,0,0,0,0,0,0,0,0,0,0,0,0,0,0,0,0,1,0,8.1325730642978465e-19,1
77300,NORMAL,6.5060584514382778e-19,1,6.5060584514382778e-19,1,0,UNKNOWN,0.20000000000000001,0,1,0,1,0,0,0,0,0,30600,30600,0,0,0,1,1,0,1,1,0,1,1,0,1,1,0,1,1,0,1,1,0,0,0,0,0,0,0,0,0,0,0,0,0,0,0,2.4113002167471841e-41,0,0,0,0,0,0,0,0,0,6.5060584514382778e-19,0,0,0,0,0,0,0,0,0,0,0,0,0,0,0,0,0,0,1,0,6.5060584514382778e-19,1
77400,NORMAL,5.2048467611506226e-19,1,5.2048467611506226e-19,1,0,UNKNOWN,0.20000000000000001,0,1,0,1,0,0,0,0,0,30600,30600,0,0,0,1,1,0,1,1,0,1,1,0,1,1,0,1,1,0,1,1,0,0,0,0,0,0,0,0,0,0,0,0,0,0,0,1.9290401733977474e-41,0,0,0,0,0,0,0,0,0,5.2048467611506226e-19,0,0,0,0,0,0,0,0,0,0,0,0,0,0,0,0,0,0,1,0,5.2048467611506226e-19,1
77500,NORMAL,4.1638774089204981e-19,1,4.1638774089204981e-19,1,0,UNKNOWN,0.20000000000000001,0,1,0,1,0,0,0,0,0,30600,30600,0,0,0,1,1,0,1,1,0,1,1,0,1,1,0,1,1,0,1,1,0,0,0,0,0,0,0,0,0,0,0,0,0,0,0,1.5432321387181979e-41,0,0,0,0,0,0,0,0,0,4.1638774089204981e-19,0,0,0,0,0,0,0,0,0,0,0,0,0,0,0,0,0,0,1,0,4.1638774089204981e-19,1
77600,NORMAL,3.3311019271363986e-19,1,3.3311019271363986e-19,1,0,UNKNOWN,0.20000000000000001,0,1,0,1,0,0,0,0,0,30600,30600,0,0,0,1,1,0,1,1,0,1,1,0,1,1,0,1,1,0,1,1,0,0,0,0,0,0,0,0,0,0,0,0,0,0,0,1.2345857109745585e-41,0,0,0,0,0,0,0,0,0,3.3311019271363986e-19,0,0,0,0,0,0,0,0,0,0,0,0,0,0,0,0,0,0,1,0,3.3311019271363986e-19,1
77700,NORMAL,2.6648815417091191e-19,1,2.6648815417091191e-19,1,0,UNKNOWN,0.20000000000000001,0,1,0,1,0,0,0,0,0,30600,30600,0,0,0,1,1,0,1,1,0,1,1,0,1,1,0,1,1,0,1,1,0,0,0,0,0,0,0,0,0,0,0,0,0,0,0,9.8766856877964677e-42,0,0,0,0,0,0,0,0,0,2.6648815417091191e-19,0,0,0,0,0,0,0,0,0,0,0,0,0,0,0,0,0,0,1,0,2.6648815417091191e-19,1
77800,NORMAL,2.1319052333672954e-19,1,2.1319052333672954e-19,1,0,UNKNOWN,0.20000000000000001,0,1,0,1,0,0,0,0,0,30600,30600,0,0,0,1,1,0,1,1,0,1,1,0,1,1,0,1,1,0,1,1,0,0,0,0,0,0,0,0,0,0,0,0,0,0,0,7.9013485502371741e-42,0,0,0,0,0,0,0,0,0,2.1319052333672954e-19,0,0,0,0,0,0,0,0,0,0,0,0,0,0,0,0,0,0,1,0,2.1319052333672954e-19,1
77900,NORMAL,1.7055241866938364e-19,1,1.7055241866938364e-19,1,0,UNKNOWN,0.20000000000000001,0,1,0,1,0,0,0,0,0,30600,30600,0,0,0,1,1,0,1,1,0,1,1,0,1,1,0,1,1,0,1,1,0,0,0,0,0,0,0,0,0,0,0,0,0,0,0,6.3210788401897393e-42,0,0,0,0,0,0,0,0,0,1.7055241866938364e-19,0,0,0,0,0,0,0,0,0,0,0,0,0,0,0,0,0,0,1,0,1.7055241866938364e-19,1
78000,NORMAL,1.3644193493550693e-19,1,1.3644193493550693e-19,1,0,UNKNOWN,0.20000000000000001,0,1,0,1,0,0,0,0,0,30600,30600,0,0,0,1,1,0,1,1,0,1,1,0,1,1,0,1,1,0,1,1,0,0,0,0,0,0,0,0,0,0,0,0,0,0,0,5.0568630721517915e-42,0,0,0,0,0,0,0,0,0,1.3644193493550693e-19,0,0,0,0,0,0,0,0,0,0,0,0,0,0,0,0,0,0,1,0,1.3644193493550693e-19,1
78100,NORMAL,1.0915354794840556e-19,1,1.0915354794840556e-19,1,0,UNKNOWN,0.20000000000000001,0,1,0,1,0,0,0,0,0,30600,30600,0,0,0,1,1,0,1,1,0,1,1,0,1,1,0,1,1,0,1,1,0,0,0,0,0,0,0,0,0,0,0,0,0,0,0,4.0454904577214335e-42,0,0,0,0,0,0,0,0,0,1.0915354794840556e-19,0,0,0,0,0,0,0,0,0,0,0,0,0,0,0,0,0,0,1,0,1.0915354794840556e-19,1
78200,NORMAL,8.7322838358724449e-20,1,8.7322838358724449e-20,1,0,UNKNOWN,0.20000000000000001,0,1,0,1,0,0,0,0,0,30600,30600,0,0,0,1,1,0,1,1,0,1,1,0,1,1,0,1,1,0,1,1,0,0,0,0,0,0,0,0,0,0,0,0,0,0,0,3.2363923661771471e-42,0,0,0,0,0,0,0,0,0,8.7322838358724449e-20,0,0,0,0,0,0,0,0,0,0,0,0,0,0,0,0,0,0,1,0,8.7322838358724449e-20,1
78300,NORMAL,6.9858270686979564e-20,1,6.9858270686979564e-20,1,0,UNKNOWN,0.20000000000000001,0,1,0,1,0,0,0,0,0,30600,30600,0,0,0,1,1,0,1,1,0,1,1,0,1,1,0,1,1,0,1,1,0,0,0,0,0,0,0,0,0,0,0,0,0,0,0,2.5891138929417179e-42,0,0,0,0,0,0,0,0,0,6.9858270686979564e-20,0,0,0,0,0,0,0,0,0,0,0,0,0,0,0,0,0,0,1,0,6.9858270686979564e-20,1
78400,NORMAL,5.5886616549583649e-20,1,5.5886616549583649e-20,1,0,UNKNOWN,0.20000000000000001,0,1,0,1,0,0,0,0,0,30600,30600,0,0,0,1,1,0,1,1,0,1,1,0,1,1,0,1,1,0,1,1,0,0,0,0,0,0,0,0,0,0,0,0,0,0,0,2.0712911143533744e-42,0,0,0,0,0,0,0,0,0,5.5886616549583649e-20,0,0,0,0,0,0,0,0,0,0,0,0,0,0,0,0,0,0,1,0,5.5886616549583649e-20,1
78500,NORMAL,4.4709293239666923e-20,1,4.4709293239666923e-20,1,0,UNKNOWN,0.20000000000000001,0,1,0,1,0,0,0,0,0,30600,30600,0,0,0,1,1,0,1,1,0,1,1,0,1,1,0,1,1,0,1,1,0,0,0,0,0,0,0,0,0,0,0,0,0,0,0,1.6570328914826994e-42,0,0,0,0,0,0,0,0,0,4.4709293239666923e-20,0,0,0,0,0,0,0,0,0,0,0,0,0,0,0,0,0,0,1,0,4.4709293239666923e-20,1
78600,NORMAL,3.5767434591733543e-20,1,3.5767434591733543e-20,1,0,UNKNOWN,0.20000000000000001,0,1,0,1,0,0,0,0,0,30600,30600,0,0,0,1,1,0,1,1,0,1,1,0,1,1,0,1,1,0,1,1,0,0,0,0,0,0,0,0,0,0,0,0,0,0,0,1.3256263131861596e-42,0,0,0,0,0,0,0,0,0,3.5767434591733543e-20,0,0,0,0,0,0,0,0,0,0,0,0,0,0,0,0,0,0,1,0,3.5767434591733543e-20,1
78700,NORMAL,2.8613947673386836e-20,1,2.8613947673386836e-20,1,0,UNKNOWN,0.20000000000000001,0,1,0,1,0,0,0,0,0,30600,30600,0,0,0,1,1,0,1,1,0,1,1,0,1,1,0,1,1,0,1,1,0,0,0,0,0,0,0,0,0,0,0,0,0,0,0,1.0605010505489277e-42,0,0,0,0,0,0,0,0,0,2.8613947673386836e-20,0,0,0,0,0,0,0,0,0,0,0,0,0,0,0,0,0,0,1,0,2.8613947673386836e-20,1
78800,NORMAL,2.2891158138709468e-20,1,2.2891158138709468e-20,1,0,UNKNOWN,0.20000000000000001,0,1,0,1,0,0,0,0,0,30600,30600,0,0,0,1,1,0,1,1,0,1,1,0,1,1,0,1,1,0,1,1,0,0,0,0,0,0,0,0,0,0,0,0,0,0,0,8.4840084043914221e-43,0,0,0,0,0,0,0,0,0,2.2891158138709468e-20,0,0,0,0,0,0,0,0,0,0,0,0,0,0,0,0,0,0,1,0,2.2891158138709468e-20,1
78900,NORMAL,1.8312926510967577e-20,1,1.8312926510967577e-20,1,0,UNKNOWN,0.20000000000000001,0,1,0,1,0,0,0,0,0,30600,30600,0,0,0,1,1,0,1,1,0,1,1,0,1,1,0,1,1,0,1,1,0,0,0,0,0,0,0,0,0,0,0,0,0,0,0,6.7872067235131378e-43,0,0,0,0,0,0,0,0,0,1.8312926510967577e-20,0,0,0,0,0,0,0,0,0,0,0,0,0,0,0,0,0,0,1,0,1.8312926510967577e-20,1
79000,NORMAL,1.4650341208774062e-20,1,1.4650341208774062e-20,1,0,UNKNOWN,0.20000000000000001,0,1,0,1,0,0,0,0,0,30600,30600,0,0,0,1,1,0,1,1,0,1,1,0,1,1,0,1,1,0,1,1,0,0,0,0,0,0,0,0,0,0,0,0,0,0,0,5.4297653788105107e-43,0,0,0,0,0,0,0,0,0,1.4650341208774062e-20,0,0,0,0,0,0,0,0,0,0,0,0,0,0,0,0,0,0,1,0,1.4650341208774062e-20,1
79100,NORMAL,1.1720272967019251e-20,1,1.1720272967019251e-20,1,0,UNKNOWN,0.20000000000000001,0,1,0,1,0,0,0,0,0,30600,30600,0,0,0,1,1,0,1,1,0,1,1,0,1,1,0,1,1,0,1,1,0,0,0,0,0,0,0,0,0,0,0,0,0,0,0,4.3438123030484086e-43,0,0,0,0,0,0,0,0,0,1.1720272967019251e-20,0,0,0,0,0,0,0,0,0,0,0,0,0,0,0,0,0,0,1,0,1.1720272967019251e-20,1
79200,NORMAL,9.3762183736154018e-21,1,9.3762183736154018e-21,1,0,UNKNOWN,0.20000000000000001,0,1,0,1,0,0,0,0,0,30600,30600,0,0,0,1,1,0,1,1,0,1,1,0,1,1,0,1,1,0,1,1,0,0,0,0,0,0,0,0,0,0,0,0,0,0,0,3.475049842438727e-43,0,0,0,0,0,0,0,0,0,9.3762183736154018e-21,0,0,0,0,0,0,0,0,0,0,0,0,0,0,0,0,0,0,1,0,9.3762183736154018e-21,1
79300,NORMAL,7.500974698892322e-21,1,7.500974698892322e-21,1,0,UNKNOWN,0.20000000000000001,0,1,0,1,0,0,0,0,0,30600,30600,0,0,0,1,1,0,1,1,0,1,1,0,1,1,0,1,1,0,1,1,0,0,0,0,0,0,0,0,0,0,0,0,0,0,0,2.7800398739509819e-43,0,0,0,0,0,0,0,0,0,7.500974698892322e-21,0,0,0,0,0,0,0,0,0,0,0,0,0,0,0,0,0,0,1,0,7.500974698892322e-21,1
79400,NORMAL,6.0007797591138582e-21,1,6.0007797591138582e-21,1,0,UNKNOWN,0.20000000000000001,0,1,0,1,0,0,0,0,0,30600,30600,0,0,0,1,1,0,1,1,0,1,1,0,1,1,0,1,1,0,1,1,0,0,0,0,0,0,0,0,0,0,0,0,0,0,0,2.2240318991607856e-43,0,0,0,0,0,0,0,0,0,6.0007797591138582e-21,0,0,0,0,0,0,0,0,0,0,0,0,0,0,0,0,0,0,1,0,6.0007797591138582e-21,1
79500,NORMAL,4.8006238072910872e-21,1,4.8006238072910872e-21,1,0,UNKNOWN,0.20000000000000001,0,1,0,1,0,0,0,0,0,30600,30600,0,0,0,1,1,0,1,1,0,1,1,0,1,1,0,1,1,0,1,1,0,0,0,0,0,0,0,0,0,0,0,0,0,0,0,1.7792255193286285e-43,0,0,0,0,0,0,0,0,0,4.8006238072910872e-21,0,0,0,0,0,0,0,0,0,0,0,0,0,0,0,0,0,0,1,0,4.8006238072910872e-21,1
79600,NORMAL,3.8404990458328696e-21,1,3.8404990458328696e-21,1,0,UNKNOWN,0.20000000000000001,0,1,0,1,0,0,0,0,0,30600,30600,0,0,0,1,1,0,1,1,0,1,1,0,1,1,0,1,1,0,1,1,0,0,0,0,0,0,0,0,0,0,0,0,0,0,0,1.4233804154629029e-43,0,0,0,0,0,0,0,0,0,3.8404990458328696e-21,0,0,0,0,0,0,0,0,0,0,0,0,0,0,0,0,0,0,1,0,3.8404990458328696e-21,1
79700,NORMAL,3.072399236666296e-21,1,3.072399236666296e-21,1,0,UNKNOWN,0.20000000000000001,0,1,0,1,0,0,0,0,0,30600,30600,0,0,0,1,1,0,1,1,0,1,1,0,1,1,0,1,1,0,1,1,0,0,0,0,0,0,0,0,0,0,0,0,0,0,0,1.1387043323703224e-43,0,0,0,0,0,0,0,0,0,3.072399236666296e-21,0,0,0,0,0,0,0,0,0,0,0,0,0,0,0,0,0,0,1,0,3.072399236666296e-21,1
79800,NORMAL,2.4579193893330369e-21,1,2.4579193893330369e-21,1,0,UNKNOWN,0.20000000000000001,0,1,0,1,0,0,0,0,0,30600,30600,0,0,0,1,1,0,1,1,0,1,1,0,1,1,0,1,1,0,1,1,0,0,0,0,0,0,0,0,0,0,0,0,0,0,0,9.1096346589625796e-44,0,0,0,0,0,0,0,0,0,2.4579193893330369e-21,0,0,0,0,0,0,0,0,0,0,0,0,0,0,0,0,0,0,1,0,2.4579193893330369e-21,1
79900,NORMAL,1.9663355114664295e-21,1,1.9663355114664295e-21,1,0,UNKNOWN,0.20000000000000001,0,1,0,1,0,0,0,0,0,30600,30600,0,0,0,1,1,0,1,1,0,1,1,0,1,1,0,1,1,0,1,1,0,0,0,0,0,0,0,0,0,0,0,0,0,0,0,7.2877077271700639e-44,0,0,0,0,0,0,0,0,0,1.9663355114664295e-21,0,0,0,0,0,0,0,0,0,0,0,0,0,0,0,0,0,0,1,0,1.9663355114664295e-21,1
80000,NORMAL,1.5730684091731437e-21,1,1.5730684091731437e-21,1,0,UNKNOWN,0.20000000000000001,0,1,0,1,0,0,0,0,0,30600,30600,0,0,0,1,1,0,1,1,0,1,1,0,1,1,0,1,1,0,1,1,0,0,0,0,0,0,0,0,0,0,0,0,0,0,0,5.8301661817360513e-44,0,0,0,0,0,0,0,0,0,1.5730684091731437e-21,0,0,0,0,0,0,0,0,0,0,0,0,0,0,0,0,0,0,1,0,1.5730684091731437e-21,1
80100,NORMAL,1.2584547273385149e-21,1,1.2584547273385149e-21,1,0,UNKNOWN,0.20000000000000001,0,1,0,1,0,0,0,0,0,30600,30600,0,0,0,1,1,0,1,1,0,1,1,0,1,1,0,1,1,0,1,1,0,0,0,0,0,0,0,0,0,0,0,0,0,0,0,4.6641329453888415e-44,0,0,0,0,0,0,0,0,0,1.2584547273385149e-21,0,0,0,0,0,0,0,0,0,0,0,0,0,0,0,0,0,0,1,0,1.2584547273385149e-21,1
80200,NORMAL,1.0067637818708121e-21,1,1.0067637818708121e-21,1,0,UNKNOWN,0.20000000000000001,0,1,0,1,0,0,0,0,0,30600,30600,0,0,0,1,1,0,1,1,0,1,1,0,1,1,0,1,1,0,1,1,0,0,0,0,0,0,0,0,0,0,0,0,0,0,0,3.7313063563110733e-44,0,0,0,0,0,0,0,0,0,1.0067637818708121e-21,0,0,0,0,0,0,0,0,0,0,0,0,0,0,0,0,0,0,1,0,1.0067637818708121e-21,1
80300,NORMAL,8.0541102549664973e-22,1,8.0541102549664973e-22,1,0,UNKNOWN,0.20000000000000001,0,1,0,1,0,0,0,0,0,30600,30600,0,0,0,1,1,0,1,1,0,1,1,0,1,1,0,1,1,0,1,1,0,0,0,0,0,0,0,0,0,0,0,0,0,0,0,2.985045085048859e-44,0,0,0,0,0,0,0,0,0,8.0541102549664973e-22,0,0,0,0,0,0,0,0,0,0,0,0,0,0,0,0,0,0,1,0,8.0541102549664973e-22,1
80400,NORMAL,6.4432882039731986e-22,1,6.4432882039731986e-22,1,0,UNKNOWN,0.20000000000000001,0,1,0,1,0,0,0,0,0,30600,30600,0,0,0,1,1,0,1,1,0,1,1,0,1,1,0,1,1,0,1,1,0,0,0,0,0,0,0,0,0,0,0,0,0,0,0,2.3880360680390873e-44,0,0,0,0,0,0,0,0,0,6.4432882039731986e-22,0,0,0,0,0,0,0,0,0,0,0,0,0,0,0,0,0,0,1,0,6.4432882039731986e-22,1
80500,NORMAL,5.1546305631785594e-22,1,5.1546305631785594e-22,1,0,UNKNOWN,0.20000000000000001,0,1,0,1,0,0,0,0,0,30600,30600,0,0,0,1,1,0,1,1,0,1,1,0,1,1,0,1,1,0,1,1,0,0,0,0,0,0,0,0,0,0,0,0,0,0,0,1.9104288544312698e-44,0,0,0,0,0,0,0,0,0,5.1546305631785594e-22,0,0,0,0,0,0,0,0,0,0,0,0,0,0,0,0,0,0,1,0,5.1546305631785594e-22,1
80600,NORMAL,4.1237044505428479e-22,1,4.1237044505428479e-22,1,0,UNKNOWN,0.20000000000000001,0,1,0,1,0,0,0,0,0,30600,30600,0,0,0,1,1,0,1,1,0,1,1,0,1,1,0,1,1,0,1,1,0,0,0,0,0,0,0,0,0,0,0,0,0,0,0,1.5283430835450159e-44,0,0,0,0,0,0,0,0,0,4.1237044505428479e-22,0,0,0,0,0,0,0,0,0,0,0,0,0,0,0,0,0,0,1,0,4.1237044505428479e-22,1
80700,NORMAL,3.2989635604342785e-22,1,3.2989635604342785e-22,1,0,UNKNOWN,0.20000000000000001,0,1,0,1,0,0,0,0,0,30600,30600,0,0,0,1,1,0,1,1,0,1,1,0,1,1,0,1,1,0,1,1,0,0,0,0,0,0,0,0,0,0,0,0,0,0,0,1.2226744668360128e-44,0,0,0,0,0,0,0,0,0,3.2989635604342785e-22,0,0,0,0,0,0,0,0,0,0,0,0,0,0,0,0,0,0,1,0,3.2989635604342785e-22,1
80800,NORMAL,2.639170848347423e-22,1,2.639170848347423e-22,1,0,UNKNOWN,0.20000000000000001,0,1,0,1,0,0,0,0,0,30600,30600,0,0,0,1,1,0,1,1,0,1,1,0,1,1,0,1,1,0,1,1,0,0,0,0,0,0,0,0,0,0,0,0,0,0,0,9.781395734688102e-45,0,0,0,0,0,0,0,0,0,2.639170848347423e-22,0,0,0,0,0,0,0,0,0,0,0,0,0,0,0,0,0,0,1,0,2.639170848347423e-22,1
80900,NORMAL,2.1113366786779386e-22,1,2.1113366786779386e-22,1,0,UNKNOWN,0.20000000000000001,0,1,0,1,0,0,0,0,0,30600,30600,0,0,0,1,1,0,1,1,0,1,1,0,1,1,0,1,1,0,1,1,0,0,0,0,0,0,0,0,0,0,0,0,0,0,0,7.8251165877504826e-45,0,0,0,0,0,0,0,0,0,2.1113366786779386e-22,0,0,0,0,0,0,0,0,0,0,0,0,0,0,0,0,0,0,1,0,2.1113366786779386e-22,1
81000,NORMAL,1.689069342942351e-22,1,1.689069342942351e-22,1,0,UNKNOWN,0.20000000000000001,0,1,0,1,0,0,0,0,0,30600,30600,0,0,0,1,1,0,1,1,0,1,1,0,1,1,0,1,1,0,1,1,0,0,0,0,0,0,0,0,0,0,0,0,0,0,0,6.2600932702003866e-45,0,0,0,0,0,0,0,0,0,1.689069342942351e-22,0,0,0,0,0,0,0,0,0,0,0,0,0,0,0,0,0,0,1,0,1.689069342942351e-22,1
81100,NORMAL,1.351255474353881e-22,1,1.351255474353881e-22,1,0,UNKNOWN,0.20000000000000001,0,1,0,1,0,0,0,0,0,30600,30600,0,0,0,1,1,0,1,1,0,1,1,0,1,1,0,1,1,0,1,1,0,0,0,0,0,0,0,0,0,0,0,0,0,0,0,5.0080746161603094e-45,0,0,0,0,0,0,0,0,0,1.351255474353881e-22,0,0,0,0,0,0,0,0,0,0,0,0,0,0,0,0,0,0,1,0,1.351255474353881e-22,1
81200,NORMAL,1.0810043794831048e-22,1,1.0810043794831048e-22,1,0,UNKNOWN,0.20000000000000001,0,1,0,1,0,0,0,0,0,30600,30600,0,0,0,1,1,0,1,1,0,1,1,0,1,1,0,1,1,0,1,1,0,0,0,0,0,0,0,0,0,0,0,0,0,0,0,4.0064596929282476e-45,0,0,0,0,0,0,0,0,0,1.0810043794831048e-22,0,0,0,0,0,0,0,0,0,0,0,0,0,0,0,0,0,0,1,0,1.0810043794831048e-22,1
81300,NORMAL,8.6480350358648391e-23,1,8.6480350358648391e-23,1,0,UNKNOWN,0.20000000000000001,0,1,0,1,0,0,0,0,0,30600,30600,0,0,0,1,1,0,1,1,0,1,1,0,1,1,0,1,1,0,1,1,0,0,0,0,0,0,0,0,0,0,0,0,0,0,0,3.2051677543425985e-45,0,0,0,0,0,0,0,0,0,8.6480350358648391e-23,0,0,0,0,0,0,0,0,0,0,0,0,0,0,0,0,0,0,1,0,8.6480350358648391e-23,1
81400,NORMAL,6.9184280286918715e-23,1,6.9184280286918715e-23,1,0,UNKNOWN,0.20000000000000001,0,1,0,1,0,0,0,0,0,30600,30600,0,0,0,1,1,0,1,1,0,1,1,0,1,1,0,1,1,0,1,1,0,0,0,0,0,0,0,0,0,0,0,0,0,0,0,2.5641342034740788e-45,0,0,0,0,0,0,0,0,0,6.9184280286918715e-23,0,0,0,0,0,0,0,0,0,0,0,0,0,0,0,0,0,0,1,0,6.9184280286918715e-23,1
81500,NORMAL,5.5347424229534974e-23,1,5.5347424229534974e-23,1,0,UNKNOWN,0.20000000000000001,0,1,0,1,0,0,0,0,0,30600,30600,0,0,0,1,1,0,1,1,0,1,1,0,1,1,0,1,1,0,1,1,0,0,0,0,0,0,0,0,0,0,0,0,0,0,0,2.051307362779263e-45,0,0,0,0,0,0,0,0,0,5.5347424229534974e-23,0,0,0,0,0,0,0,0,0,0,0,0,0,0,0,0,0,0,1,0,5.5347424229534974e-23,1
81600,NORMAL,4.427793938362798e-23,1,4.427793938362798e-23,1,0,UNKNOWN,0.20000000000000001,0,1,0,1,0,0,0,0,0,30600,30600,0,0,0,1,1,0,1,1,0,1,1,0,1,1,0,1,1,0,1,1,0,0,0,0,0,0,0,0,0,0,0,0,0,0,0,1.6410458902234106e-45,0,0,0,0,0,0,0,0,0,4.427793938362798e-23,0,0,0,0,0,0,0,0,0,0,0,0,0,0,0,0,0,0,1,0,4.427793938362798e-23,1
81700,NORMAL,3.5422351506902388e-23,1,3.5422351506902388e-23,1,0,UNKNOWN,0.20000000000000001,0,1,0,1,0,0,0,0,0,30600,30600,0,0,0,1,1,0,1,1,0,1,1,0,1,1,0,1,1,0,1,1,0,0,0,0,0,0,0,0,0,0,0,0,0,0,0,1.3128367121787286e-45,0,0,0,0,0,0,0,0,0,3.5422351506902388e-23,0,0,0,0,0,0,0,0,0,0,0,0,0,0,0,0,0,0,1,0,3.5422351506902388e-23,1
81800,NORMAL,2.8337881205521914e-23,1,2.8337881205521914e-23,1,0,UNKNOWN,0.20000000000000001,0,1,0,1,0,0,0,0,0,30600,30600,0,0,0,1,1,0,1,1,0,1,1,0,1,1,0,1,1,0,1,1,0,0,0,0,0,0,0,0,0,0,0,0,0,0,0,1.0502693697429829e-45,0,0,0,0,0,0,0,0,0,2.8337881205521914e-23,0,0,0,0,0,0,0,0,0,0,0,0,0,0,0,0,0,0,1,0,2.8337881205521914e-23,1
81900,NORMAL,2.2670304964417534e-23,1,2.2670304964417534e-23,1,0,UNKNOWN,0.20000000000000001,0,1,0,1,0,0,0,0,0,30600,30600,0,0,0,1,1,0,1,1,0,1,1,0,1,1,0,1,1,0,1,1,0,0,0,0,0,0,0,0,0,0,0,0,0,0,0,8.4021549579438631e-46,0,0,0,0,0,0,0,0,0,2.2670304964417534e-23,0,0,0,0,0,0,0,0,0,0,0,0,0,0,0,0,0,0,1,0,2.2670304964417534e-23,1
82000,NORMAL,1.8136243971534027e-23,1,1.8136243971534027e-23,1,0,UNKNOWN,0.20000000000000001,0,1,0,1,0,0,0,0,0,30600,30600,0,0,0,1,1,0,1,1,0,1,1,0,1,1,0,1,1,0,1,1,0,0,0,0,0,0,0,0,0,0,0,0,0,0,0,6.7217239663550908e-46,0,0,0,0,0,0,0,0,0,1.8136243971534027e-23,0,0,0,0,0,0,0,0,0,0,0,0,0,0,0,0,0,0,1,0,1.8136243971534027e-23,1
82100,NORMAL,1.4508995177227222e-23,1,1.4508995177227222e-23,1,0,UNKNOWN,0.20000000000000001,0,1,0,1,0,0,0,0,0,30600,30600,0,0,0,1,1,0,1,1,0,1,1,0,1,1,0,1,1,0,1,1,0,0,0,0,0,0,0,0,0,0,0,0,0,0,0,5.3773791730840728e-46,0,0,0,0,0,0,0,0,0,1.4508995177227222e-23,0,0,0,0,0,0,0,0,0,0,0,0,0,0,0,0,0,0,1,0,1.4508995177227222e-23,1
82200,NORMAL,1.1607196141781777e-23,1,1.1607196141781777e-23,1,0,UNKNOWN,0.20000000000000001,0,1,0,1,0,0,0,0,0,30600,30600,0,0,0,1,1,0,1,1,0,1,1,0,1,1,0,1,1,0,1,1,0,0,0,0,0,0,0,0,0,0,0,0,0,0,0,4.3019033384672585e-46,0,0,0,0,0,0,0,0,0,1.1607196141781777e-23,0,0,0,0,0,0,0,0,0,0,0,0,0,0,0,0,0,0,1,0,1.1607196141781777e-23,1
82300,NORMAL,9.2857569134254221e-24,1,9.2857569134254221e-24,1,0,UNKNOWN,0.20000000000000001,0,1,0,1,0,0,0,0,0,30600,30600,0,0,0,1,1,0,1,1,0,1,1,0,1,1,0,1,1,0,1,1,0,0,0,0,0,0,0,0,0,0,0,0,0,0,0,3.4415226707738069e-46,0,0,0,0,0,0,0,0,0,9.2857569134254221e-24,0,0,0,0,0,0,0,0,0,0,0,0,0,0,0,0,0,0,1,0,9.2857569134254221e-24,1
82400,NORMAL,7.428605530740338e-24,1,7.428605530740338e-24,1,0,UNKNOWN,0.20000000000000001,0,1,0,1,0,0,0,0,0,30600,30600,0,0,0,1,1,0,1,1,0,1,1,0,1,1,0,1,1,0,1,1,0,0,0,0,0,0,0,0,0,0,0,0,0,0,0,2.7532181366190456e-46,0,0,0,0,0,0,0,0,0,7.428605530740338e-24,0,0,0,0,0,0,0,0,0,0,0,0,0,0,0,0,0,0,1,0,7.428605530740338e-24,1
82500,NORMAL,5.9428844245922705e-24,1,5.9428844245922705e-24,1,0,UNKNOWN,0.20000000000000001,0,1,0,1,0,0,0,0,0,30600,30600,0,0,0,1,1,0,1,1,0,1,1,0,1,1,0,1,1,0,1,1,0,0,0,0,0,0,0,0,0,0,0,0,0,0,0,2.2025745092952365e-46,0,0,0,0,0,0,0,0,0,5.9428844245922705e-24,0,0,0,0,0,0,0,0,0,0,0,0,0,0,0,0,0,0,1,0,5.9428844245922705e-24,1
82600,NORMAL,4.754307539673817e-24,1,4.754307539673817e-24,1,0,UNKNOWN,0.20000000000000001,0,1,0,1,0,0,0,0,0,30600,30600,0,0,0,1,1,0,1,1,0,1,1,0,1,1,0,1,1,0,1,1,0,0,0,0,0,0,0,0,0,0,0,0,0,0,0,1.7620596074361894e-46,0,0,0,0,0,0,0,0,0,4.754307539673817e-24,0,0,0,0,0,0,0,0,0,0,0,0,0,0,0,0,0,0,1,0,4.754307539673817e-24,1
82700,NORMAL,3.8034460317390536e-24,1,3.8034460317390536e-24,1,0,UNKNOWN,0.20000000000000001,0,1,0,1,0,0,0,0,0,30600,30600,0,0,0,1,1,0,1,1,0,1,1,0,1,1,0,1,1,0,1,1,0,0,0,0,0,0,0,0,0,0,0,0,0,0,0,1.4096476859489516e-46,0,0,0,0,0,0,0,0,0,3.8034460317390536e-24,0,0,0,0,0,0,0,0,0,0,0,0,0,0,0,0,0,0,1,0,3.8034460317390536e-24,1
82800,NORMAL,3.0427568253912431e-24,1,3.0427568253912431e-24,1,0,UNKNOWN,0.20000000000000001,0,1,0,1,0,0,0,0,0,30600,30600,0,0,0,1,1,0,1,1,0,1,1,0,1,1,0,1,1,0,1,1,0,0,0,0,0,0,0,0,0,0,0,0,0,0,0,1.1277181487591614e-46,0,0,0,0,0,0,0,0,0,3.0427568253912431e-24,0,0,0,0,0,0,0,0,0,0,0,0,0,0,0,0,0,0,1,0,3.0427568253912431e-24,1
82900,NORMAL,2.4342054603129947e-24,1,2.4342054603129947e-24,1,0,UNKNOWN,0.20000000000000001,0,1,0,1,0,0,0,0,0,30600,30600,0,0,0,1,1,0,1,1,0,1,1,0,1,1,0,1,1,0,1,1,0,0,0,0,0,0,0,0,0,0,0,0,0,0,0,9.0217451900732919e-47,0,0,0,0,0,0,0,0,0,2.4342054603129947e-24,0,0,0,0,0,0,0,0,0,0,0,0,0,0,0,0,0,0,1,0,2.4342054603129947e-24,1
83000,NORMAL,1.9473643682503959e-24,1,1.9473643682503959e-24,1,0,UNKNOWN,0.20000000000000001,0,1,0,1,0,0,0,0,0,30600,30600,0,0,0,1,1,0,1,1,0,1,1,0,1,1,0,1,1,0,1,1,0,0,0,0,0,0,0,0,0,0,0,0,0,0,0,7.2173961520586335e-47,0,0,0,0,0,0,0,0,0,1.9473643682503959e-24,0,0,0,0,0,0,0,0,0,0,0,0,0,0,0,0,0,0,1,0,1.9473643682503959e-24,1
83100,NORMAL,1.5578914946003169e-24,1,1.5578914946003169e-24,1,0,UNKNOWN,0.20000000000000001,0,1,0,1,0,0,0,0,0,30600,30600,0,0,0,1,1,0,1,1,0,1,1,0,1,1,0,1,1,0,1,1,0,0,0,0,0,0,0,0,0,0,0,0,0,0,0,5.773916921646907e-47,0,0,0,0,0,0,0,0,0,1.5578914946003169e-24,0,0,0,0,0,0,0,0,0,0,0,0,0,0,0,0,0,0,1,0,1.5578914946003169e-24,1
83200,NORMAL,1.2463131956802536e-24,1,1.2463131956802536e-24,1,0,UNKNOWN,0.20000000000000001,0,1,0,1,0,0,0,0,0,30600,30600,0,0,0,1,1,0,1,1,0,1,1,0,1,1,0,1,1,0,1,1,0,0,0,0,0,0,0,0,0,0,0,0,0,0,0,4.6191335373175254e-47,0,0,0,0,0,0,0,0,0,1.2463131956802536e-24,0,0,0,0,0,0,0,0,0,0,0,0,0,0,0,0,0,0,1,0,1.2463131956802536e-24,1
83300,NORMAL,9.9705055654420296e-25,1,9.9705055654420296e-25,1,0,UNKNOWN,0.20000000000000001,0,1,0,1,0,0,0,0,0,30600,30600,0,0,0,1,1,0,1,1,0,1,1,0,1,1,0,1,1,0,1,1,0,0,0,0,0,0,0,0,0,0,0,0,0,0,0,3.6953068298540207e-47,0,0,0,0,0,0,0,0,0,9.9705055654420296e-25,0,0,0,0,0,0,0,0,0,0,0,0,0,0,0,0,0,0,1,0,9.9705055654420296e-25,1
83400,NORMAL,7.9764044523536241e-25,1,7.9764044523536241e-25,1,0,UNKNOWN,0.20000000000000001,0,1,0,1,0,0,0,0,0,30600,30600,0,0,0,1,1,0,1,1,0,1,1,0,1,1,0,1,1,0,1,1,0,0,0,0,0,0,0,0,0,0,0,0,0,0,0,2.9562454638832168e-47,0,0,0,0,0,0,0,0,0,7.9764044523536241e-25,0,0,0,0,0,0,0,0,0,0,0,0,0,0,0,0,0,0,1,0,7.9764044523536241e-25,1
83500,NORMAL,6.3811235618828993e-25,1,6.3811235618828993e-25,1,0,UNKNOWN,0.20000000000000001,0,1,0,1,0,0,0,0,0,30600,30600,0,0,0,1,1,0,1,1,0,1,1,0,1,1,0,1,1,0,1,1,0,0,0,0,0,0,0,0,0,0,0,0,0,0,0,2.3649963711065734e-47,0,0,0,0,0,0,0,0,0,6.3811235618828993e-25,0,0,0,0,0,0,0,0,0,0,0,0,0,0,0,0,0,0,1,0,6.3811235618828993e-25,1
83600,NORMAL,5.1048988495063201e-25,1,5.1048988495063201e-25,1,0,UNKNOWN,0.20000000000000001,0,1,0,1,0,0,0,0,0,30600,30600,0,0,0,1,1,0,1,1,0,1,1,0,1,1,0,1,1,0,1,1,0,0,0,0,0,0,0,0,0,0,0,0,0,0,0,1.8919970968852588e-47,0,0,0,0,0,0,0,0,0,5.1048988495063201e-25,0,0,0,0,0,0,0,0,0,0,0,0,0,0,0,0,0,0,1,0,5.1048988495063201e-25,1
83700,NORMAL,4.0839190796050563e-25,1,4.0839190796050563e-25,1,0,UNKNOWN,0.20000000000000001,0,1,0,1,0,0,0,0,0,30600,30600,0,0,0,1,1,0,1,1,0,1,1,0,1,1,0,1,1,0,1,1,0,0,0,0,0,0,0,0,0,0,0,0,0,0,0,1.5135976775082072e-47,0,0,0,0,0,0,0,0,0,4.0839190796050563e-25,0,0,0,0,0,0,0,0,0,0,0,0,0,0,0,0,0,0,1,0,4.0839190796050563e-25,1
83800,NORMAL,3.267135263684045e-25,1,3.267135263684045e-25,1,0,UNKNOWN,0.20000000000000001,0,1,0,1,0,0,0,0,0,30600,30600,0,0,0,1,1,0,1,1,0,1,1,0,1,1,0,1,1,0,1,1,0,0,0,0,0,0,0,0,0,0,0,0,0,0,0,1.2108781420065657e-47,0,0,0,0,0,0,0,0,0,3.267135263684045e-25,0,0,0,0,0,0,0,0,0,0,0,0,0,0,0,0,0,0,1,0,3.267135263684045e-25,1
83900,NORMAL,2.6137082109472361e-25,1,2.6137082109472361e-25,1,0,UNKNOWN,0.20000000000000001,0,1,0,1,0,0,0,0,0,30600,30600,0,0,0,1,1,0,1,1,0,1,1,0,1,1,0,1,1,0,1,1,0,0,0,0,0,0,0,0,0,0,0,0,0,0,0,9.6870251360525263e-48,0,0,0,0,0,0,0,0,0,2.6137082109472361e-25,0,0,0,0,0,0,0,0,0,0,0,0,0,0,0,0,0,0,1,0,2.6137082109472361e-25,1
84000,NORMAL,2.0909665687577888e-25,1,2.0909665687577888e-25,1,0,UNKNOWN,0.20000000000000001,0,1,0,1,0,0,0,0,0,30600,30600,0,0,0,1,1,0,1,1,0,1,1,0,1,1,0,1,1,0,1,1,0,0,0,0,0,0,0,0,0,0,0,0,0,0,0,7.749620108842022e-48,0,0,0,0,0,0,0,0,0,2.0909665687577888e-25,0,0,0,0,0,0,0,0,0,0,0,0,0,0,0,0,0,0,1,0,2.0909665687577888e-25,1
84100,NORMAL,1.6727732550062311e-25,1,1.6727732550062311e-25,1,0,UNKNOWN,0.20000000000000001,0,1,0,1,0,0,0,0,0,30600,30600,0,0,0,1,1,0,1,1,0,1,1,0,1,1,0,1,1,0,1,1,0,0,0,0,0,0,0,0,0,0,0,0,0,0,0,6.1996960870736174e-48,0,0,0,0,0,0,0,0,0,1.6727732550062311e-25,0,0,0,0,0,0,0,0,0,0,0,0,0,0,0,0,0,0,1,0,1.6727732550062311e-25,1
84200,NORMAL,1.3382186040049849e-25,1,1.3382186040049849e-25,1,0,UNKNOWN,0.20000000000000001,0,1,0,1,0,0,0,0,0,30600,30600,0,0,0,1,1,0,1,1,0,1,1,0,1,1,0,1,1,0,1,1,0,0,0,0,0,0,0,0,0,0,0,0,0,0,0,4.959756869658894e-48,0,0,0,0,0,0,0,0,0,1.3382186040049849e-25,0,0,0,0,0,0,0,0,0,0,0,0,0,0,0,0,0,0,1,0,1.3382186040049849e-25,1
84300,NORMAL,1.0705748832039879e-25,1,1.0705748832039879e-25,1,0,UNKNOWN,0.20000000000000001,0,1,0,1,0,0,0,0,0,30600,30600,0,0,0,1,1,0,1,1,0,1,1,0,1,1,0,1,1,0,1,1,0,0,0,0,0,0,0,0,0,0,0,0,0,0,0,3.9678054957271157e-48,0,0,0,0,0,0,0,0,0,1.0705748832039879e-25,0,0,0,0,0,0,0,0,0,0,0,0,0,0,0,0,0,0,1,0,1.0705748832039879e-25,1
84400,NORMAL,8.5645990656319033e-26,1,8.5645990656319033e-26,1,0,UNKNOWN,0.20000000000000001,0,1,0,1,0,0,0,0,0,30600,30600,0,0,0,1,1,0,1,1,0,1,1,0,1,1,0,1,1,0,1,1,0,0,0,0,0,0,0,0,0,0,0,0,0,0,0,3.1742443965816927e-48,0,0,0,0,0,0,0,0,0,8.5645990656319033e-26,0,0,0,0,0,0,0,0,0,0,0,0,0,0,0,0,0,0,1,0,8.5645990656319033e-26,1
84500,NORMAL,6.8516792525055226e-26,1,6.8516792525055226e-26,1,0,UNKNOWN,0.20000000000000001,0,1,0,1,0,0,0,0,0,30600,30600,0,0,0,1,1,0,1,1,0,1,1,0,1,1,0,1,1,0,1,1,0,0,0,0,0,0,0,0,0,0,0,0,0,0,0,2.5393955172653544e-48,0,0,0,0,0,0,0,0,0,6.8516792525055226e-26,0,0,0,0,0,0,0,0,0,0,0,0,0,0,0,0,0,0,1,0,6.8516792525055226e-26,1
84600,NORMAL,5.4813434020044179e-26,1,5.4813434020044179e-26,1,0,UNKNOWN,0.20000000000000001,0,1,0,1,0,0,0,0,0,30600,30600,0,0,0,1,1,0,1,1,0,1,1,0,1,1,0,1,1,0,1,1,0,0,0,0,0,0,0,0,0,0,0,0,0,0,0,2.0315164138122837e-48,0,0,0,0,0,0,0,0,0,5.4813434020044179e-26,0,0,0,0,0,0,0,0,0,0,0,0,0,0,0,0,0,0,1,0,5.4813434020044179e-26,1
84700,NORMAL,4.3850747216035344e-26,1,4.3850747216035344e-26,1,0,UNKNOWN,0.20000000000000001,0,1,0,1,0,0,0,0,0,30600,30600,0,0,0,1,1,0,1,1,0,1,1,0,1,1,0,1,1,0,1,1,0,0,0,0,0,0,0,0,0,0,0,0,0,0,0,1.6252131310498271e-48,0,0,0,0,0,0,0,0,0,4.3850747216035344e-26,0,0,0,0,0,0,0,0,0,0,0,0,0,0,0,0,0,0,1,0,4.3850747216035344e-26,1
84800,NORMAL,3.5080597772828276e-26,1,3.5080597772828276e-26,1,0,UNKNOWN,0.20000000000000001,0,1,0,1,0,0,0,0,0,30600,30600,0,0,0,1,1,0,1,1,0,1,1,0,1,1,0,1,1,0,1,1,0,0,0,0,0,0,0,0,0,0,0,0,0,0,0,1.3001705048398618e-48,0,0,0,0,0,0,0,0,0,3.5080597772828276e-26,0,0,0,0,0,0,0,0,0,0,0,0,0,0,0,0,0,0,1,0,3.5080597772828276e-26,1
84900,NORMAL,2.8064478218262623e-26,1,2.8064478218262623e-26,1,0,UNKNOWN,0.20000000000000001,0,1,0,1,0,0,0,0,0,30600,30600,0,0,0,1,1,0,1,1,0,1,1,0,1,1,0,1,1,0,1,1,0,0,0,0,0,0,0,0,0,0,0,0,0,0,0,1.0401364038718895e-48,0,0,0,0,0,0,0,0,0,2.8064478218262623e-26,0,0,0,0,0,0,0,0,0,0,0,0,0,0,0,0,0,0,1,0,2.8064478218262623e-26,1
85000,NORMAL,2.2451582574610101e-26,1,2.2451582574610101e-26,1,0,UNKNOWN,0.20000000000000001,0,1,0,1,0,0,0,0,0,30600,30600,0,0,0,1,1,0,1,1,0,1,1,0,1,1,0,1,1,0,1,1,0,0,0,0,0,0,0,0,0,0,0,0,0,0,0,8.3210912309751174e-49,0,0,0,0,0,0,0,0,0,2.2451582574610101e-26,0,0,0,0,0,0,0,0,0,0,0,0,0,0,0,0,0,0,1,0,2.2451582574610101e-26,1
85100,NORMAL,1.7961266059688083e-26,1,1.7961266059688083e-26,1,0,UNKNOWN,0.20000000000000001,0,1,0,1,0,0,0,0,0,30600,30600,0,0,0,1,1,0,1,1,0,1,1,0,1,1,0,1,1,0,1,1,0,0,0,0,0,0,0,0,0,0,0,0,0,0,0,6.6568729847800945e-49,0,0,0,0,0,0,0,0,0,1.7961266059688083e-26,0,0,0,0,0,0,0,0,0,0,0,0,0,0,0,0,0,0,1,0,1.7961266059688083e-26,1
85200,NORMAL,1.4369012847750467e-26,1,1.4369012847750467e-26,1,0,UNKNOWN,0.20000000000000001,0,1,0,1,0,0,0,0,0,30600,30600,0,0,0,1,1,0,1,1,0,1,1,0,1,1,0,1,1,0,1,1,0,0,0,0,0,0,0,0,0,0,0,0,0,0,0,5.3254983878240759e-49,0,0,0,0,0,0,0,0,0,1.4369012847750467e-26,0,0,0,0,0,0,0,0,0,0,0,0,0,0,0,0,0,0,1,0,1.4369012847750467e-26,1
85300,NORMAL,1.1495210278200374e-26,1,1.1495210278200374e-26,1,0,UNKNOWN,0.20000000000000001,0,1,0,1,0,0,0,0,0,30600,30600,0,0,0,1,1,0,1,1,0,1,1,0,1,1,0,1,1,0,1,1,0,0,0,0,0,0,0,0,0,0,0,0,0,0,0,4.260398710259261e-49,0,0,0,0,0,0,0,0,0,1.1495210278200374e-26,0,0,0,0,0,0,0,0,0,0,0,0,0,0,0,0,0,0,1,0,1.1495210278200374e-26,1
85400,NORMAL,9.1961682225602999e-27,1,9.1961682225602999e-27,1,0,UNKNOWN,0.20000000000000001,0,1,0,1,0,0,0,0,0,30600,30600,0,0,0,1,1,0,1,1,0,1,1,0,1,1,0,1,1,0,1,1,0,0,0,0,0,0,0,0,0,0,0,0,0,0,0,3.4083189682074091e-49,0,0,0,0,0,0,0,0,0,9.1961682225602999e-27,0,0,0,0,0,0,0,0,0,0,0,0,0,0,0,0,0,0,1,0,9.1961682225602999e-27,1
85500,NORMAL,7.3569345780482405e-27,1,7.3569345780482405e-27,1,0,UNKNOWN,0.20000000000000001,0,1,0,1,0,0,0,0,0,30600,30600,0,0,0,1,1,0,1,1,0,1,1,0,1,1,0,1,1,0,1,1,0,0,0,0,0,0,0,0,0,0,0,0,0,0,0,2.7266551745659276e-49,0,0,0,0,0,0,0,0,0,7.3569345780482405e-27,0,0,0,0,0,0,0,0,0,0,0,0,0,0,0,0,0,0,1,0,7.3569345780482405e-27,1
85600,NORMAL,5.8855476624385926e-27,1,5.8855476624385926e-27,1,0,UNKNOWN,0.20000000000000001,0,1,0,1,0,0,0,0,0,30600,30600,0,0,0,1,1,0,1,1,0,1,1,0,1,1,0,1,1,0,1,1,0,0,0,0,0,0,0,0,0,0,0,0,0,0,0,2.1813241396527422e-49,0,0,0,0,0,0,0,0,0,5.8855476624385926e-27,0,0,0,0,0,0,0,0,0,0,0,0,0,0,0,0,0,0,1,0,5.8855476624385926e-27,1
85700,NORMAL,4.7084381299508742e-27,1,4.7084381299508742e-27,1,0,UNKNOWN,0.20000000000000001,0,1,0,1,0,0,0,0,0,30600,30600,0,0,0,1,1,0,1,1,0,1,1,0,1,1,0,1,1,0,1,1,0,0,0,0,0,0,0,0,0,0,0,0,0,0,0,1.7450593117221937e-49,0,0,0,0,0,0,0,0,0,4.7084381299508742e-27,0,0,0,0,0,0,0,0,0,0,0,0,0,0,0,0,0,0,1,0,4.7084381299508742e-27,1
85800,NORMAL,3.7667505039606992e-27,1,3.7667505039606992e-27,1,0,UNKNOWN,0.20000000000000001,0,1,0,1,0,0,0,0,0,30600,30600,0,0,0,1,1,0,1,1,0,1,1,0,1,1,0,1,1,0,1,1,0,0,0,0,0,0,0,0,0,0,0,0,0,0,0,1.396047449377755e-49,0,0,0,0,0,0,0,0,0,3.7667505039606992e-27,0,0,0,0,0,0,0,0,0,0,0,0,0,0,0,0,0,0,1,0,3.7667505039606992e-27,1
85900,NORMAL,3.0134004031685594e-27,1,3.0134004031685594e-27,1,0,UNKNOWN,0.20000000000000001,0,1,0,1,0,0,0,0,0,30600,30600,0,0,0,1,1,0,1,1,0,1,1,0,1,1,0,1,1,0,1,1,0,0,0,0,0,0,0,0,0,0,0,0,0,0,0,1.1168379595022041e-49,0,0,0,0,0,0,0,0,0,3.0134004031685594e-27,0,0,0,0,0,0,0,0,0,0,0,0,0,0,0,0,0,0,1,0,3.0134004031685594e-27,1
86000,NORMAL,2.4107203225348477e-27,1,2.4107203225348477e-27,1,0,UNKNOWN,0.20000000000000001,0,1,0,1,0,0,0,0,0,30600,30600,0,0,0,1,1,0,1,1,0,1,1,0,1,1,0,1,1,0,1,1,0,0,0,0,0,0,0,0,0,0,0,0,0,0,0,8.9347036760176326e-50,0,0,0,0,0,0,0,0,0,2.4107203225348477e-27,0,0,0,0,0,0,0,0,0,0,0,0,0,0,0,0,0,0,1,0,2.4107203225348477e-27,1
86100,NORMAL,1.9285762580278782e-27,1,1.9285762580278782e-27,1,0,UNKNOWN,0.20000000000000001,0,1,0,1,0,0,0,0,0,30600,30600,0,0,0,1,1,0,1,1,0,1,1,0,1,1,0,1,1,0,1,1,0,0,0,0,0,0,0,0,0,0,0,0,0,0,0,7.1477629408141061e-50,0,0,0,0,0,0,0,0,0,1.9285762580278782e-27,0,0,0,0,0,0,0,0,0,0,0,0,0,0,0,0,0,0,1,0,1.9285762580278782e-27,1
86200,NORMAL,1.5428610064223025e-27,1,1.5428610064223025e-27,1,0,UNKNOWN,0.20000000000000001,0,1,0,1,0,0,0,0,0,30600,30600,0,0,0,1,1,0,1,1,0,1,1,0,1,1,0,1,1,0,1,1,0,0,0,0,0,0,0,0,0,0,0,0,0,0,0,5.7182103526512852e-50,0,0,0,0,0,0,0,0,0,1.5428610064223025e-27,0,0,0,0,0,0,0,0,0,0,0,0,0,0,0,0,0,0,1,0,1.5428610064223025e-27,1
86300,NORMAL,1.2342888051378421e-27,1,1.2342888051378421e-27,1,0,UNKNOWN,0.20000000000000001,0,1,0,1,0,0,0,0,0,30600,30600,0,0,0,1,1,0,1,1,0,1,1,0,1,1,0,1,1,0,1,1,0,0,0,0,0,0,0,0,0,0,0,0,0,0,0,4.574568282121028e-50,0,0,0,0,0,0,0,0,0,1.2342888051378421e-27,0,0,0,0,0,0,0,0,0,0,0,0,0,0,0,0,0,0,1,0,1.2342888051378421e-27,1
86400,NORMAL,9.8743104411027378e-28,1,9.8743104411027378e-28,1,0,UNKNOWN,0.20000000000000001,0,1,0,1,0,0,0,0,0,30600,30600,0,0,0,1,1,0,1,1,0,1,1,0,1,1,0,1,1,0,1,1,0,0,0,0,0,0,0,0,0,0,0,0,0,0,0,3.6596546256968225e-50,0,0,0,0,0,0,0,0,0,9.8743104411027378e-28,0,0,0,0,0,0,0,0,0,0,0,0,0,0,0,0,0,0,1,0,9.8743104411027378e-28,1
86500,NORMAL,7.899448352882191e-28,1,7.899448352882191e-28,1,0,UNKNOWN,0.20000000000000001,0,1,0,1,0,0,0,0,0,30600,30600,0,0,0,1,1,0,1,1,0,1,1,0,1,1,0,1,1,0,1,1,0,0,0,0,0,0,0,0,0,0,0,0,0,0,0,2.927723700557458e-50,0,0,0,0,0,0,0,0,0,7.899448352882191e-28,0,0,0,0,0,0,0,0,0,0,0,0,0,0,0,0,0,0,1,0,7.899448352882191e-28,1
86600,NORMAL,6.3195586823057533e-28,1,6.3195586823057533e-28,1,0,UNKNOWN,0.20000000000000001,0,1,0,1,0,0,0,0,0,30600,30600,0,0,0,1,1,0,1,1,0,1,1,0,1,1,0,1,1,0,1,1,0,0,0,0,0,0,0,0,0,0,0,0,0,0,0,2.3421789604459666e-50,0,0,0,0,0,0,0,0,0,6.3195586823057533e-28,0,0,0,0,0,0,0,0,0,0,0,0,0,0,0,0,0,0,1,0,6.3195586823057533e-28,1
86700,NORMAL,5.055646945844603e-28,1,5.055646945844603e-28,1,0,UNKNOWN,0.20000000000000001,0,1,0,1,0,0,0,0,0,30600,30600,0,0,0,1,1,0,1,1,0,1,1,0,1,1,0,1,1,0,1,1,0,0,0,0,0,0,0,0,0,0,0,0,0,0,0,1.8737431683567734e-50,0,0,0,0,0,0,0,0,0,5.055646945844603e-28,0,0,0,0,0,0,0,0,0,0,0,0,0,0,0,0,0,0,1,0,5.055646945844603e-28,1
86800,NORMAL,4.0445175566756828e-28,1,4.0445175566756828e-28,1,0,UNKNOWN,0.20000000000000001,0,1,0,1,0,0,0,0,0,30600,30600,0,0,0,1,1,0,1,1,0,1,1,0,1,1,0,1,1,0,1,1,0,0,0,0,0,0,0,0,0,0,0,0,0,0,0,1.4989945346854189e-50,0,0,0,0,0,0,0,0,0,4.0445175566756828e-28,0,0,0,0,0,0,0,0,0,0,0,0,0,0,0,0,0,0,1,0,4.0445175566756828e-28,1
86900,NORMAL,3.2356140453405466e-28,1,3.2356140453405466e-28,1,0,UNKNOWN,0.20000000000000001,0,1,0,1,0,0,0,0,0,30600,30600,0,0,0,1,1,0,1,1,0,1,1,0,1,1,0,1,1,0,1,1,0,0,0,0,0,0,0,0,0,0,0,0,0,0,0,1.1991956277483351e-50,0,0,0,0,0,0,0,0,0,3.2356140453405466e-28,0,0,0,0,0,0,0,0,0,0,0,0,0,0,0,0,0,0,1,0,3.2356140453405466e-28,1
87000,NORMAL,2.5884912362724376e-28,1,2.5884912362724376e-28,1,0,UNKNOWN,0.20000000000000001,0,1,0,1,0,0,0,0,0,30600,30600,0,0,0,1,1,0,1,1,0,1,1,0,1,1,0,1,1,0,1,1,0,0,0,0,0,0,0,0,0,0,0,0,0,0,0,9.5935650219866813e-51,0,0,0,0,0,0,0,0,0,2.5884912362724376e-28,0,0,0,0,0,0,0,0,0,0,0,0,0,0,0,0,0,0,1,0,2.5884912362724376e-28,1
87100,NORMAL,2.0707929890179502e-28,1,2.0707929890179502e-28,1,0,UNKNOWN,0.20000000000000001,0,1,0,1,0,0,0,0,0,30600,30600,0,0,0,1,1,0,1,1,0,1,1,0,1,1,0,1,1,0,1,1,0,0,0,0,0,0,0,0,0,0,0,0,0,0,0,7.6748520175893455e-51,0,0,0,0,0,0,0,0,0,2.0707929890179502e-28,0,0,0,0,0,0,0,0,0,0,0,0,0,0,0,0,0,0,1,0,2.0707929890179502e-28,1
87200,NORMAL,1.6566343912143602e-28,1,1.6566343912143602e-28,1,0,UNKNOWN,0.20000000000000001,0,1,0,1,0,0,0,0,0,30600,30600,0,0,0,1,1,0,1,1,0,1,1,0,1,1,0,1,1,0,1,1,0,0,0,0,0,0,0,0,0,0,0,0,0,0,0,6.1398816140714764e-51,0,0,0,0,0,0,0,0,0,1.6566343912143602e-28,0,0,0,0,0,0,0,0,0,0,0,0,0,0,0,0,0,0,1,0,1.6566343912143602e-28,1
87300,NORMAL,1.3253075129714883e-28,1,1.3253075129714883e-28,1,0,UNKNOWN,0.20000000000000001,0,1,0,1,0,0,0,0,0,30600,30600,0,0,0,1,1,0,1,1,0,1,1,0,1,1,0,1,1,0,1,1,0,0,0,0,0,0,0,0,0,0,0,0,0,0,0,4.9119052912571814e-51,0,0,0,0,0,0,0,0,0,1.3253075129714883e-28,0,0,0,0,0,0,0,0,0,0,0,0,0,0,0,0,0,0,1,0,1.3253075129714883e-28,1
87400,NORMAL,1.0602460103771907e-28,1,1.0602460103771907e-28,1,0,UNKNOWN,0.20000000000000001,0,1,0,1,0,0,0,0,0,30600,30600,0,0,0,1,1,0,1,1,0,1,1,0,1,1,0,1,1,0,1,1,0,0,0,0,0,0,0,0,0,0,0,0,0,0,0,3.9295242330057451e-51,0,0,0,0,0,0,0,0,0,1.0602460103771907e-28,0,0,0,0,0,0,0,0,0,0,0,0,0,0,0,0,0,0,1,0,1.0602460103771907e-28,1
87500,NORMAL,8.4819680830175266e-29,1,8.4819680830175266e-29,1,0,UNKNOWN,0.20000000000000001,0,1,0,1,0,0,0,0,0,30600,30600,0,0,0,1,1,0,1,1,0,1,1,0,1,1,0,1,1,0,1,1,0,0,0,0,0,0,0,0,0,0,0,0,0,0,0,3.1436193864045963e-51,0,0,0,0,0,0,0,0,0,8.4819680830175266e-29,0,0,0,0,0,0,0,0,0,0,0,0,0,0,0,0,0,0,1,0,8.4819680830175266e-29,1
87600,NORMAL,6.7855744664140222e-29,1,6.7855744664140222e-29,1,0,UNKNOWN,0.20000000000000001,0,1,0,1,0,0,0,0,0,30600,30600,0,0,0,1,1,0,1,1,0,1,1,0,1,1,0,1,1,0,1,1,0,0,0,0,0,0,0,0,0,0,0,0,0,0,0,2.5148955091236772e-51,0,0,0,0,0,0,0,0,0,6.7855744664140222e-29,0,0,0,0,0,0,0,0,0,0,0,0,0,0,0,0,0,0,1,0,6.7855744664140222e-29,1
87700,NORMAL,5.4284595731312177e-29,1,5.4284595731312177e-29,1,0,UNKNOWN,0.20000000000000001,0,1,0,1,0,0,0,0,0,30600,30600,0,0,0,1,1,0,1,1,0,1,1,0,1,1,0,1,1,0,1,1,0,0,0,0,0,0,0,0,0,0,0,0,0,0,0,2.011916407298942e-51,0,0,0,0,0,0,0,0,0,5.4284595731312177e-29,0,0,0,0,0,0,0,0,0,0,0,0,0,0,0,0,0,0,1,0,5.4284595731312177e-29,1
87800,NORMAL,4.3427676585049745e-29,1,4.3427676585049745e-29,1,0,UNKNOWN,0.20000000000000001,0,1,0,1,0,0,0,0,0,30600,30600,0,0,0,1,1,0,1,1,0,1,1,0,1,1,0,1,1,0,1,1,0,0,0,0,0,0,0,0,0,0,0,0,0,0,0,1.6095331258391536e-51,0,0,0,0,0,0,0,0,0,4.3427676585049745e-29,0,0,0,0,0,0,0,0,0,0,0,0,0,0,0,0,0,0,1,0,4.3427676585049745e-29,1
87900,NORMAL,3.4742141268039797e-29,1,3.4742141268039797e-29,1,0,UNKNOWN,0.20000000000000001,0,1,0,1,0,0,0,0,0,30600,30600,0,0,0,1,1,0,1,1,0,1,1,0,1,1,0,1,1,0,1,1,0,0,0,0,0,0,0,0,0,0,0,0,0,0,0,1.2876265006713229e-51,0,0,0,0,0,0,0,0,0,3.4742141268039797e-29,0,0,0,0,0,0,0,0,0,0,0,0,0,0,0,0,0,0,1,0,3.4742141268039797e-29,1
88000,NORMAL,2.7793713014431837e-29,1,2.7793713014431837e-29,1,0,UNKNOWN,0.20000000000000001,0,1,0,1,0,0,0,0,0,30600,30600,0,0,0,1,1,0,1,1,0,1,1,0,1,1,0,1,1,0,1,1,0,0,0,0,0,0,0,0,0,0,0,0,0,0,0,1.0301012005370584e-51,0,0,0,0,0,0,0,0,0,2.7793713014431837e-29,0,0,0,0,0,0,0,0,0,0,0,0,0,0,0,0,0,0,1,0,2.7793713014431837e-29,1
88100,NORMAL,2.2234970411545471e-29,1,2.2234970411545471e-29,1,0,UNKNOWN,0.20000000000000001,0,1,0,1,0,0,0,0,0,30600,30600,0,0,0,1,1,0,1,1,0,1,1,0,1,1,0,1,1,0,1,1,0,0,0,0,0,0,0,0,0,0,0,0,0,0,0,8.2408096042964671e-52,0,0,0,0,0,0,0,0,0,2.2234970411545471e-29,0,0,0,0,0,0,0,0,0,0,0,0,0,0,0,0,0,0,1,0,2.2234970411545471e-29,1
88200,NORMAL,1.7787976329236376e-29,1,1.7787976329236376e-29,1,0,UNKNOWN,0.20000000000000001,0,1,0,1,0,0,0,0,0,30600,30600,0,0,0,1,1,0,1,1,0,1,1,0,1,1,0,1,1,0,1,1,0,0,0,0,0,0,0,0,0,0,0,0,0,0,0,6.5926476834371738e-52,0,0,0,0,0,0,0,0,0,1.7787976329236376e-29,0,0,0,0,0,0,0,0,0,0,0,0,0,0,0,0,0,0,1,0,1.7787976329236376e-29,1
88300,NORMAL,1.4230381063389102e-29,1,1.4230381063389102e-29,1,0,UNKNOWN,0.20000000000000001,0,1,0,1,0,0,0,0,0,30600,30600,0,0,0,1,1,0,1,1,0,1,1,0,1,1,0,1,1,0,1,1,0,0,0,0,0,0,0,0,0,0,0,0,0,0,0,5.2741181467497392e-52,0,0,0,0,0,0,0,0,0,1.4230381063389102e-29,0,0,0,0,0,0,0,0,0,0,0,0,0,0,0,0,0,0,1,0,1.4230381063389102e-29,1
88400,NORMAL,1.1384304850711282e-29,1,1.1384304850711282e-29,1,0,UNKNOWN,0.20000000000000001,0,1,0,1,0,0,0,0,0,30600,30600,0,0,0,1,1,0,1,1,0,1,1,0,1,1,0,1,1,0,1,1,0,0,0,0,0,0,0,0,0,0,0,0,0,0,0,4.2192945173997916e-52,0,0,0,0,0,0,0,0,0,1.1384304850711282e-29,0,0,0,0,0,0,0,0,0,0,0,0,0,0,0,0,0,0,1,0,1.1384304850711282e-29,1
88500,NORMAL,9.107443880569026e-30,1,9.107443880569026e-30,1,0,UNKNOWN,0.20000000000000001,0,1,0,1,0,0,0,0,0,30600,30600,0,0,0,1,1,0,1,1,0,1,1,0,1,1,0,1,1,0,1,1,0,0,0,0,0,0,0,0,0,0,0,0,0,0,0,3.3754356139198332e-52,0,0,0,0,0,0,0,0,0,9.107443880569026e-30,0,0,0,0,0,0,0,0,0,0,0,0,0,0,0,0,0,0,1,0,9.107443880569026e-30,1
88600,NORMAL,7.2859551044552216e-30,1,7.2859551044552216e-30,1,0,UNKNOWN,0.20000000000000001,0,1,0,1,0,0,0,0,0,30600,30600,0,0,0,1,1,0,1,1,0,1,1,0,1,1,0,1,1,0,1,1,0,0,0,0,0,0,0,0,0,0,0,0,0,0,0,2.7003484911358668e-52,0,0,0,0,0,0,0,0,0,7.2859551044552216e-30,0,0,0,0,0,0,0,0,0,0,0,0,0,0,0,0,0,0,1,0,7.2859551044552216e-30,1
88700,NORMAL,5.8287640835641775e-30,1,5.8287640835641775e-30,1,0,UNKNOWN,0.20000000000000001,0,1,0,1,0,0,0,0,0,30600,30600,0,0,0,1,1,0,1,1,0,1,1,0,1,1,0,1,1,0,1,1,0,0,0,0,0,0,0,0,0,0,0,0,0,0,0,2.1602787929086936e-52,0,0,0,0,0,0,0,0,0,5.8287640835641775e-30,0,0,0,0,0,0,0,0,0,0,0,0,0,0,0,0,0,0,1,0,5.8287640835641775e-30,1
88800,NORMAL,4.6630112668513421e-30,1,4.6630112668513421e-30,1,0,UNKNOWN,0.20000000000000001,0,1,0,1,0,0,0,0,0,30600,30600,0,0,0,1,1,0,1,1,0,1,1,0,1,1,0,1,1,0,1,1,0,0,0,0,0,0,0,0,0,0,0,0,0,0,0,1.7282230343269548e-52,0,0,0,0,0,0,0,0,0,4.6630112668513421e-30,0,0,0,0,0,0,0,0,0,0,0,0,0,0,0,0,0,0,1,0,4.6630112668513421e-30,1
88900,NORMAL,3.7304090134810741e-30,1,3.7304090134810741e-30,1,0,UNKNOWN,0.20000000000000001,0,1,0,1,0,0,0,0,0,30600,30600,0,0,0,1,1,0,1,1,0,1,1,0,1,1,0,1,1,0,1,1,0,0,0,0,0,0,0,0,0,0,0,0,0,0,0,1.3825784274615638e-52,0,0,0,0,0,0,0,0,0,3.7304090134810741e-30,0,0,0,0,0,0,0,0,0,0,0,0,0,0,0,0,0,0,1,0,3.7304090134810741e-30,1
89000,NORMAL,2.9843272107848595e-30,1,2.9843272107848595e-30,1,0,UNKNOWN,0.20000000000000001,0,1,0,1,0,0,0,0,0,30600,30600,0,0,0,1,1,0,1,1,0,1,1,0,1,1,0,1,1,0,1,1,0,0,0,0,0,0,0,0,0,0,0,0,0,0,0,1.1060627419692511e-52,0,0,0,0,0,0,0,0,0,2.9843272107848595e-30,0,0,0,0,0,0,0,0,0,0,0,0,0,0,0,0,0,0,1,0,2.9843272107848595e-30,1
89100,NORMAL,2.3874617686278877e-30,1,2.3874617686278877e-30,1,0,UNKNOWN,0.20000000000000001,0,1,0,1,0,0,0,0,0,30600,30600,0,0,0,1,1,0,1,1,0,1,1,0,1,1,0,1,1,0,1,1,0,0,0,0,0,0,0,0,0,0,0,0,0,0,0,8.8485019357540098e-53,0,0,0,0,0,0,0,0,0,2.3874617686278877e-30,0,0,0,0,0,0,0,0,0,0,0,0,0,0,0,0,0,0,1,0,2.3874617686278877e-30,1
89200,NORMAL,1.9099694149023103e-30,1,1.9099694149023103e-30,1,0,UNKNOWN,0.20000000000000001,0,1,0,1,0,0,0,0,0,30600,30600,0,0,0,1,1,0,1,1,0,1,1,0,1,1,0,1,1,0,1,1,0,0,0,0,0,0,0,0,0,0,0,0,0,0,0,7.0788015486032082e-53,0,0,0,0,0,0,0,0,0,1.9099694149023103e-30,0,0,0,0,0,0,0,0,0,0,0,0,0,0,0,0,0,0,1,0,1.9099694149023103e-30,1
89300,NORMAL,1.5279755319218483e-30,1,1.5279755319218483e-30,1,0,UNKNOWN,0.20000000000000001,0,1,0,1,0,0,0,0,0,30600,30600,0,0,0,1,1,0,1,1,0,1,1,0,1,1,0,1,1,0,1,1,0,0,0,0,0,0,0,0,0,0,0,0,0,0,0,5.6630412388825673e-53,0,0,0,0,0,0,0,0,0,1.5279755319218483e-30,0,0,0,0,0,0,0,0,0,0,0,0,0,0,0,0,0,0,1,0,1.5279755319218483e-30,1
89400,NORMAL,1.2223804255374788e-30,1,1.2223804255374788e-30,1,0,UNKNOWN,0.20000000000000001,0,1,0,1,0,0,0,0,0,30600,30600,0,0,0,1,1,0,1,1,0,1,1,0,1,1,0,1,1,0,1,1,0,0,0,0,0,0,0,0,0,0,0,0,0,0,0,4.5304329911060544e-53,0,0,0,0,0,0,0,0,0,1.2223804255374788e-30,0,0,0,0,0,0,0,0,0,0,0,0,0,0,0,0,0,0,1,0,1.2223804255374788e-30,1
89500,NORMAL,9.7790434042998317e-31,1,9.7790434042998317e-31,1,0,UNKNOWN,0.20000000000000001,0,1,0,1,0,0,0,0,0,30600,30600,0,0,0,1,1,0,1,1,0,1,1,0,1,1,0,1,1,0,1,1,0,0,0,0,0,0,0,0,0,0,0,0,0,0,0,3.6243463928848438e-53,0,0,0,0,0,0,0,0,0,9.7790434042998317e-31,0,0,0,0,0,0,0,0,0,0,0,0,0,0,0,0,0,0,1,0,9.7790434042998317e-31,1
89600,NORMAL,7.8232347234398655e-31,1,7.8232347234398655e-31,1,0,UNKNOWN,0.20000000000000001,0,1,0,1,0,0,0,0,0,30600,30600,0,0,0,1,1,0,1,1,0,1,1,0,1,1,0,1,1,0,1,1,0,0,0,0,0,0,0,0,0,0,0,0,0,0,0,2.899477114307875e-53,0,0,0,0,0,0,0,0,0,7.8232347234398655e-31,0,0,0,0,0,0,0,0,0,0,0,0,0,0,0,0,0,0,1,0,7.8232347234398655e-31,1
89700,NORMAL,6.2585877787518928e-31,1,6.2585877787518928e-31,1,0,UNKNOWN,0.20000000000000001,0,1,0,1,0,0,0,0,0,30600,30600,0,0,0,1,1,0,1,1,0,1,1,0,1,1,0,1,1,0,1,1,0,0,0,0,0,0,0,0,0,0,0,0,0,0,0,2.3195816914463002e-53,0,0,0,0,0,0,0,0,0,6.2585877787518928e-31,0,0,0,0,0,0,0,0,0,0,0,0,0,0,0,0,0,0,1,0,6.2585877787518928e-31,1
89800,NORMAL,5.0068702230015144e-31,1,5.0068702230015144e-31,1,0,UNKNOWN,0.20000000000000001,0,1,0,1,0,0,0,0,0,30600,30600,0,0,0,1,1,0,1,1,0,1,1,0,1,1,0,1,1,0,1,1,0,0,0,0,0,0,0,0,0,0,0,0,0,0,0,1.8556653531570403e-53,0,0,0,0,0,0,0,0,0,5.0068702230015144e-31,0,0,0,0,0,0,0,0,0,0,0,0,0,0,0,0,0,0,1,0,5.0068702230015144e-31,1
89900,NORMAL,4.0054961784012113e-31,1,4.0054961784012113e-31,1,0,UNKNOWN,0.20000000000000001,0,1,0,1,0,0,0,0,0,30600,30600,0,0,0,1,1,0,1,1,0,1,1,0,1,1,0,1,1,0,1,1,0,0,0,0,0,0,0,0,0,0,0,0,0,0,0,1.4845322825256322e-53,0,0,0,0,0,0,0,0,0,4.0054961784012113e-31,0,0,0,0,0,0,0,0,0,0,0,0,0,0,0,0,0,0,1,0,4.0054961784012113e-31,1
90000,NORMAL,3.2043969427209691e-31,1,3.2043969427209691e-31,1,0,UNKNOWN,0.20000000000000001,0,1,0,1,0,0,0,0,0,30600,30600,0,0,0,1,1,0,1,1,0,1,1,0,1,1,0,1,1,0,1,1,0,0,0,0,0,0,0,0,0,0,0,0,0,0,0,1.1876258260205059e-53,0,0,0,0,0,0,0,0,0,3.2043969427209691e-31,0,0,0,0,0,0,0,0,0,0,0,0,0,0,0,0,0,0,1,0,3.2043969427209691e-31,1
90100,NORMAL,0.085750579833984375,1,0.085750579833984375,0.91424942016601562,0,UNKNOWN,0.22572517395019531,0,1,0,0.91424942016601562,8.1471682565658425e-55,0,0,0,0,30600,30600,0,0,0,1,1,0,1,1,0,1,1,0.085750579833984375,1,1,0,1,1,0,1,1,0,0,0,0,0,0,0,0,0,0,0,0,0,8.1471682565658425e-55,0,8.6862897825074625e-54,0,0,0,0,0,0,0,0,0,0.085750579833984375,0,0,0,0,0,0,0,0,0,0,0,0,0,0,0,0,0,0,0.91424942016601562,0,0.085750579833984375,0.91424942016601562
90200,NORMAL,0.11390841249376536,1,0.11390841249376536,0.88609158750623462,0,UNKNOWN,0.23417252374812961,0,1,0,0.88609158750623462,3.3803578889933825e-55,0,0,0,0,30600,30600,0,0,0,1,1,0,1,1,0,1,1,0.04864501953125,1,1,0,1,1,0,1,1,0,0,0,0,0,0,0,0,0,0,0,0,0,3.3803578889933825e-55,0,6.610996037106632e-54,0,0,0,0,0,0,0,0,0,0.11390841249376536,0,0,0,0,0,0,0,0,0,0,0,0,0,0,0,0,0,0,0.88609158750623462,0,0.11390841249376536,0.88609158750623462
90300,NORMAL,0.12496192836681816,1,0.12496192836681816,0.87503807163318192,0,UNKNOWN,0.23748857851004546,0,1,0,0.87503807163318192,1.9688937477454719e-55,0,0,0,0,30600,30600,0,0,0,1,1,0,1,1,0,1,1,0.037227630615234375,1,1,0,1,1,0,1,1,0,0,0,0,0,0,0,0,0,0,0,0,0,1.9688937477454719e-55,0,5.0919074549107584e-54,0,0,0,0,0,0,0,0,0,0.12496192836681816,0,0,0,0,0,0,0,0,0,0,0,0,0,0,0,0,0,0,0.87503807163318192,0,0.12496192836681816,0.87503807163318192
90400,NORMAL,0.12387591504691475,1,0.12387591504691475,0.87612408495308525,0,UNKNOWN,0.23716277451407441,0,1,0,0.87612408495308525,1.0819992556318241e-55,0,0,0,0,30600,30600,0,0,0,1,1,0,1,1,0,1,1,0.026561737060546875,1,1,0,1,1,0,1,1,0,0,0,0,0,0,0,0,0,0,0,0,0,1.0819992556318241e-55,0,3.9653260383654246e-54,0,0,0,0,0,0,0,0,0,0.12387591504691475,0,0,0,0,0,0,0,0,0,0,0,0,0,0,0,0,0,0,0.87612408495308525,0,0.12387591504691475,0.87612408495308525
90500,NORMAL,0.11405363088284087,1,0.11405363088284087,0.88594636911715918,0,UNKNOWN,0.23421608926485227,0,1,0,0.88594636911715918,5.2652385232324104e-56,0,0,0,0,30600,30600,0,0,0,1,1,0,1,1,0,1,1,0.016597747802734375,1,1,0,1,1,0,1,1,0,0,0,0,0,0,0,0,0,0,0,0,0,5.2652385232324104e-56,0,3.1196084454600155e-54,0,0,0,0,0,0,0,0,0,0.11405363088284087,0,0,0,0,0,0,0,0,0,0,0,0,0,0,0,0,0,0,0.88594636911715918,0,0.11405363088284087,0.88594636911715918
90600,NORMAL,0.097864174130753212,1,0.097864174130753212,0.9021358258692469,0,UNKNOWN,0.22935925223922599,0,1,0,0.9021358258692469,1.8183752840663542e-56,0,0,0,0,30600,30600,0,0,0,1,1,0,1,1,0,1,1,0.00728607177734375,1,1,0,1,1,0,1,1,0,0,0,0,0,0,0,0,0,0,0,0,0,1.8183752840663542e-56,0,2.477503003527349e-54,0,0,0,0,0,0,0,0,0,0.097864174130753212,0,0,0,0,0,0,0,0,0,0,0,0,0,0,0,0,0,0,0.9021358258692469,0,0.097864174130753212,0.9021358258692469
90700,NORMAL,0.078291339304602581,1,0.078291339304602581,0.92170866069539747,0,UNKNOWN,0.2234874017913808,0,1,0,0.92170866069539747,0,0,0,0,0,30600,30600,0,0,0,1,1,0,1,1,0,1,1,0,1,1,0,1,1,0,1,1,0,0,0,0,0,0,0,0,0,0,0,0,0,0,0,1.9820024028218792e-54,0,0,0,0,0,0,0,0,0,0.078291339304602581,0,0,0,0,0,0,0,0,0,0,0,0,0,0,0,0,0,0,0.92170866069539747,0,0.078291339304602581,0.92170866069539747
90800,NORMAL,0.062633071443682062,1,0.062633071443682062,0.93736692855631798,0,UNKNOWN,0.21878992143310463,0,1,0,0.93736692855631798,0,0,0,0,0,30600,30600,0,0,0,1,1,0,1,1,0,1,1,0,1,1,0,1,1,0,1,1,0,0,0,0,0,0,0,0,0,0,0,0,0,0,0,1.5856019222575035e-54,0,0,0,0,0,0,0,0,0,0.062633071443682062,0,0,0,0,0,0,0,0,0,0,0,0,0,0,0,0,0,0,0.93736692855631798,0,0.062633071443682062,0.93736692855631798
90900,NORMAL,0.050106457154945654,1,0.050106457154945654,0.94989354284505434,0,UNKNOWN,0.21503193714648369,0,1,0,0.94989354284505434,0,0,0,0,0,30600,30600,0,0,0,1,1,0,1,1,0,1,1,0,1,1,0,1,1,0,1,1,0,0,0,0,0,0,0,0,0,0,0,0,0,0,0,1.2684815378060028e-54,0,0,0,0,0,0,0,0,0,0.050106457154945654,0,0,0,0,0,0,0,0,0,0,0,0,0,0,0,0,0,0,0.94989354284505434,0,0.050106457154945654,0.94989354284505434
91000,NORMAL,0.040085165723956526,1,0.040085165723956526,0.95991483427604352,0,UNKNOWN,0.21202554971718698,0,1,0,0.95991483427604352,0,0,0,0,0,30600,30600,0,0,0,1,1,0,1,1,0,1,1,0,1,1,0,1,1,0,1,1,0,0,0,0,0,0,0,0,0,0,0,0,0,0,0,1.0147852302448022e-54,0,0,0,0,0,0,0,0,0,0.040085165723956526,0,0,0,0,0,0,0,0,0,0,0,0,0,0,0,0,0,0,0.95991483427604352,0,0.040085165723956526,0.95991483427604352
91100,NORMAL,0.032068132579165222,1,0.032068132579165222,0.96793186742083481,0,UNKNOWN,0.20962043977374958,0,1,0,0.96793186742083481,0,0,0,0,0,30600,30600,0,0,0,1,1,0,1,1,0,1,1,0,1,1,0,1,1,0,1,1,0,0,0,0,0,0,0,0,0,0,0,0,0,0,0,8.1182818419584179e-55,0,0,0,0,0,0,0,0,0,0.032068132579165222,0,0,0,0,0,0,0,0,0,0,0,0,0,0,0,0,0,0,0.96793186742083481,0,0.032068132579165222,0.96793186742083481
91200,NORMAL,0.02565450606333218,1,0.02565450606333218,0.97434549393666781,0,UNKNOWN,0.20769635181899965,0,1,0,0.97434549393666781,0,0,0,0,0,30600,30600,0,0,0,1,1,0,1,1,0,1,1,0,1,1,0,1,1,0,1,1,0,0,0,0,0,0,0,0,0,0,0,0,0,0,0,6.4946254735667345e-55,0,0,0,0,0,0,0,0,0,0.02565450606333218,0,0,0,0,0,0,0,0,0,0,0,0,0,0,0,0,0,0,0.97434549393666781,0,0.02565450606333218,0.97434549393666781
91300,NORMAL,0.020523604850665747,1,0.020523604850665747,0.97947639514933427,0,UNKNOWN,0.20615708145519973,0,1,0,0.97947639514933427,0,0,0,0,0,30600,30600,0,0,0,1,1,0,1,1,0,1,1,0,1,1,0,1,1,0,1,1,0,0,0,0,0,0,0,0,0,0,0,0,0,0,0,5.1957003788533882e-55,0,0,0,0,0,0,0,0,0,0.020523604850665747,0,0,0,0,0,0,0,0,0,0,0,0,0,0,0,0,0,0,0.97947639514933427,0,0.020523604850665747,0.97947639514933427
91400,NORMAL,0.016418883880532597,1,0.016418883880532597,0.98358111611946741,0,UNKNOWN,0.20492566516415978,0,1,0,0.98358111611946741,0,0,0,0,0,30600,30600,0,0,0,1,1,0,1,1,0,1,1,0,1,1,0,1,1,0,1,1,0,0,0,0,0,0,0,0,0,0,0,0,0,0,0,4.1565603030827111e-55,0,0,0,0,0,0,0,0,0,0.016418883880532597,0,0,0,0,0,0,0,0,0,0,0,0,0,0,0,0,0,0,0.98358111611946741,0,0.016418883880532597,0.98358111611946741
91500,NORMAL,0.013135107104426079,1,0.013135107104426079,0.98686489289557389,0,UNKNOWN,0.20394053213132782,0,1,0,0.98686489289557389,0,0,0,0,0,30600,30600,0,0,0,1,1,0,1,1,0,1,1,0,1,1,0,1,1,0,1,1,0,0,0,0,0,0,0,0,0,0,0,0,0,0,0,3.325248242466169e-55,0,0,0,0,0,0,0,0,0,0.013135107104426079,0,0,0,0,0,0,0,0,0,0,0,0,0,0,0,0,0,0,0.98686489289557389,0,0.013135107104426079,0.98686489289557389
91600,NORMAL,0.010508085683540863,1,0.010508085683540863,0.98949191431645911,0,UNKNOWN,0.20315242570506226,0,1,0,0.98949191431645911,0,0,0,0,0,30600,30600,0,0,0,1,1,0,1,1,0,1,1,0,1,1,0,1,1,0,1,1,0,0,0,0,0,0,0,0,0,0,0,0,0,0,0,2.6601985939729352e-55,0,0,0,0,0,0,0,0,0,0.010508085683540863,0,0,0,0,0,0,0,0,0,0,0,0,0,0,0,0,0,0,0.98949191431645911,0,0.010508085683540863,0.98949191431645911
91700,NORMAL,0.0084064685468326905,1,0.0084064685468326905,0.99159353145316731,0,UNKNOWN,0.20252194056404982,0,1,0,0.99159353145316731,0,0,0,0,0,30600,30600,0,0,0,1,1,0,1,1,0,1,1,0,1,1,0,1,1,0,1,1,0,0,0,0,0,0,0,0,0,0,0,0,0,0,0,2.1281588751783482e-55,0,0,0,0,0,0,0,0,0,0.0084064685468326905,0,0,0,0,0,0,0,0,0,0,0,0,0,0,0,0,0,0,0.99159353145316731,0,0.0084064685468326905,0.99159353145316731
91800,NORMAL,0.0067251748374661524,1,0.0067251748374661524,0.99327482516253385,0,UNKNOWN,0.20201755245123984,0,1,0,0.99327482516253385,0,0,0,0,0,30600,30600,0,0,0,1,1,0,1,1,0,1,1,0,1,1,0,1,1,0,1,1,0,0,0,0,0,0,0,0,0,0,0,0,0,0,0,1.7025271001426787e-55,0,0,0,0,0,0,0,0,0,0.0067251748374661524,0,0,0,0,0,0,0,0,0,0,0,0,0,0,0,0,0,0,0.99327482516253385,0,0.0067251748374661524,0.99327482516253385
91900,NORMAL,0.0053801398699729226,1,0.0053801398699729226,0.99461986013002712,0,UNKNOWN,0.20161404196099189,0,1,0,0.99461986013002712,0,0,0,0,0,30600,30600,0,0,0,1,1,0,1,1,0,1,1,0,1,1,0,1,1,0,1,1,0,0,0,0,0,0,0,0,0,0,0,0,0,0,0,1.362021680114143e-55,0,0,0,0,0,0,0,0,0,0.0053801398699729226,0,0,0,0,0,0,0,0,0,0,0,0,0,0,0,0,0,0,0.99461986013002712,0,0.0053801398699729226,0.99461986013002712
92000,NORMAL,0.0043041118959783386,1,0.0043041118959783386,0.99569588810402165,0,UNKNOWN,0.2012912335687935,0,1,0,0.99569588810402165,0,0,0,0,0,30600,30600,0,0,0,1,1,0,1,1,0,1,1,0,1,1,0,1,1,0,1,1,0,0,0,0,0,0,0,0,0,0,0,0,0,0,0,1.0896173440913145e-55,0,0,0,0,0,0,0,0,0,0.0043041118959783386,0,0,0,0,0,0,0,0,0,0,0,0,0,0,0,0,0,0,0.99569588810402165,0,0.0043041118959783386,0.99569588810402165
92100,NORMAL,0.0034432895167826709,1,0.0034432895167826709,0.99655671048321737,0,UNKNOWN,0.20103298685503482,0,1,0,0.99655671048321737,0,0,0,0,0,30600,30600,0,0,0,1,1,0,1,1,0,1,1,0,1,1,0,1,1,0,1,1,0,0,0,0,0,0,0,0,0,0,0,0,0,0,0,8.7169387527305167e-56,0,0,0,0,0,0,0,0,0,0.0034432895167826709,0,0,0,0,0,0,0,0,0,0,0,0,0,0,0,0,0,0,0.99655671048321737,0,0.0034432895167826709,0.99655671048321737
92200,NORMAL,0.0027546316134261367,1,0.0027546316134261367,0.99724536838657385,0,UNKNOWN,0.20082638948402784,0,1,0,0.99724536838657385,0,0,0,0,0,30600,30600,0,0,0,1,1,0,1,1,0,1,1,0,1,1,0,1,1,0,1,1,0,0,0,0,0,0,0,0,0,0,0,0,0,0,0,6.9735510021844134e-56,0,0,0,0,0,0,0,0,0,0.0027546316134261367,0,0,0,0,0,0,0,0,0,0,0,0,0,0,0,0,0,0,0.99724536838657385,0,0.0027546316134261367,0.99724536838657385
92300,NORMAL,0.0022037052907409095,1,0.0022037052907409095,0.99779629470925912,0,UNKNOWN,0.2006611115872223,0,1,0,0.99779629470925912,0,0,0,0,0,30600,30600,0,0,0,1,1,0,1,1,0,1,1,0,1,1,0,1,1,0,1,1,0,0,0,0,0,0,0,0,0,0,0,0,0,0,0,5.5788408017475311e-56,0,0,0,0,0,0,0,0,0,0.0022037052907409095,0,0,0,0,0,0,0,0,0,0,0,0,0,0,0,0,0,0,0.99779629470925912,0,0.0022037052907409095,0.99779629470925912
92400,NORMAL,0.0017629642325927277,1,0.0017629642325927277,0.9982370357674073,0,UNKNOWN,0.2005288892697778,0,1,0,0.9982370357674073,0,0,0,0,0,30600,30600,0,0,0,1,1,0,1,1,0,1,1,0,1,1,0,1,1,0,1,1,0,0,0,0,0,0,0,0,0,0,0,0,0,0,0,4.463072641398025e-56,0,0,0,0,0,0,0,0,0,0.0017629642325927277,0,0,0,0,0,0,0,0,0,0,0,0,0,0,0,0,0,0,0.9982370357674073,0,0.0017629642325927277,0.9982370357674073
92500,NORMAL,0.0014103713860741823,1,0.0014103713860741823,0.99858962861392586,0,UNKNOWN,0.20042311141582228,0,1,0,0.99858962861392586,0,0,0,0,0,30600,30600,0,0,0,1,1,0,1,1,0,1,1,0,1,1,0,1,1,0,1,1,0,0,0,0,0,0,0,0,0,0,0,0,0,0,0,3.5704581131184204e-56,0,0,0,0,0,0,0,0,0,0.0014103713860741823,0,0,0,0,0,0,0,0,0,0,0,0,0,0,0,0,0,0,0.99858962861392586,0,0.0014103713860741823,0.99858962861392586
92600,NORMAL,0.0011282971088593459,1,0.0011282971088593459,0.99887170289114069,0,UNKNOWN,0.20033848913265781,0,1,0,0.99887170289114069,0,0,0,0,0,30600,30600,0,0,0,1,1,0,1,1,0,1,1,0,1,1,0,1,1,0,1,1,0,0,0,0,0,0,0,0,0,0,0,0,0,0,0,2.8563664904947365e-56,0,0,0,0,0,0,0,0,0,0.0011282971088593459,0,0,0,0,0,0,0,0,0,0,0,0,0,0,0,0,0,0,0.99887170289114069,0,0.0011282971088593459,0.99887170289114069
92700,NORMAL,0.00090263768708747673,1,0.00090263768708747673,0.99909736231291257,0,UNKNOWN,0.20027079130612627,0,1,0,0.99909736231291257,0,0,0,0,0,30600,30600,0,0,0,1,1,0,1,1,0,1,1,0,1,1,0,1,1,0,1,1,0,0,0,0,0,0,0,0,0,0,0,0,0,0,0,2.2850931923957892e-56,0,0,0,0,0,0,0,0,0,0.00090263768708747673,0,0,0,0,0,0,0,0,0,0,0,0,0,0,0,0,0,0,0.99909736231291257,0,0.00090263768708747673,0.99909736231291257
92800,NORMAL,0.00072211014966998147,1,0.00072211014966998147,0.99927788985033006,0,UNKNOWN,0.200216633044901,0,1,0,0.99927788985033006,0,0,0,0,0,30600,30600,0,0,0,1,1,0,1,1,0,1,1,0,1,1,0,1,1,0,1,1,0,0,0,0,0,0,0,0,0,0,0,0,0,0,0,1.8280745539166314e-56,0,0,0,0,0,0,0,0,0,0.00072211014966998147,0,0,0,0,0,0,0,0,0,0,0,0,0,0,0,0,0,0,0.99927788985033006,0,0.00072211014966998147,0.99927788985033006
92900,NORMAL,0.00057768811973598515,1,0.00057768811973598515,0.99942231188026409,0,UNKNOWN,0.20017330643592079,0,1,0,0.99942231188026409,0,0,0,0,0,30600,30600,0,0,0,1,1,0,1,1,0,1,1,0,1,1,0,1,1,0,1,1,0,0,0,0,0,0,0,0,0,0,0,0,0,0,0,1.4624596431333051e-56,0,0,0,0,0,0,0,0,0,0.00057768811973598515,0,0,0,0,0,0,0,0,0,0,0,0,0,0,0,0,0,0,0.99942231188026409,0,0.00057768811973598515,0.99942231188026409
93000,NORMAL,0.00046215049578878816,1,0.00046215049578878816,0.99953784950421132,0,UNKNOWN,0.20013864514873667,0,1,0,0.99953784950421132,0,0,0,0,0,30600,30600,0,0,0,1,1,0,1,1,0,1,1,0,1,1,0,1,1,0,1,1,0,0,0,0,0,0,0,0,0,0,0,0,0,0,0,1.1699677145066441e-56,0,0,0,0,0,0,0,0,0,0.00046215049578878816,0,0,0,0,0,0,0,0,0,0,0,0,0,0,0,0,0,0,0.99953784950421132,0,0.00046215049578878816,0.99953784950421132
93100,NORMAL,0.00036972039663103057,1,0.00036972039663103057,0.99963027960336903,0,UNKNOWN,0.20011091611898932,0,1,0,0.99963027960336903,0,0,0,0,0,30600,30600,0,0,0,1,1,0,1,1,0,1,1,0,1,1,0,1,1,0,1,1,0,0,0,0,0,0,0,0,0,0,0,0,0,0,0,9.3597417160531534e-57,0,0,0,0,0,0,0,0,0,0.00036972039663103057,0,0,0,0,0,0,0,0,0,0,0,0,0,0,0,0,0,0,0.99963027960336903,0,0.00036972039663103057,0.99963027960336903
93200,NORMAL,0.00029577631730482449,1,0.00029577631730482449,0.99970422368269518,0,UNKNOWN,0.20008873289519144,0,1,0,0.99970422368269518,0,0,0,0,0,30600,30600,0,0,0,1,1,0,1,1,0,1,1,0,1,1,0,1,1,0,1,1,0,0,0,0,0,0,0,0,0,0,0,0,0,0,0,7.4877933728425229e-57,0,0,0,0,0,0,0,0,0,0.00029577631730482449,0,0,0,0,0,0,0,0,0,0,0,0,0,0,0,0,0,0,0.99970422368269518,0,0.00029577631730482449,0.99970422368269518
93300,NORMAL,0.00023662105384385961,1,0.00023662105384385961,0.99976337894615619,0,UNKNOWN,0.20007098631615317,0,1,0,0.99976337894615619,0,0,0,0,0,30600,30600,0,0,0,1,1,0,1,1,0,1,1,0,1,1,0,1,1,0,1,1,0,0,0,0,0,0,0,0,0,0,0,0,0,0,0,5.9902346982740183e-57,0,0,0,0,0,0,0,0,0,0.00023662105384385961,0,0,0,0,0,0,0,0,0,0,0,0,0,0,0,0,0,0,0.99976337894615619,0,0.00023662105384385961,0.99976337894615619
93400,NORMAL,0.0001892968430750877,1,0.0001892968430750877,0.999810703156925,0,UNKNOWN,0.20005678905292257,0,1,0,0.999810703156925,0,0,0,0,0,30600,30600,0,0,0,1,1,0,1,1,0,1,1,0,1,1,0,1,1,0,1,1,0,0,0,0,0,0,0,0,0,0,0,0,0,0,0,4.7921877586192147e-57,0,0,0,0,0,0,0,0,0,0.0001892968430750877,0,0,0,0,0,0,0,0,0,0,0,0,0,0,0,0,0,0,0.999810703156925,0,0.0001892968430750877,0.999810703156925
93500,NORMAL,0.00015143747446007017,1,0.00015143747446007017,0.99984856252554,0,UNKNOWN,0.20004543124233803,0,1,0,0.99984856252554,0,0,0,0,0,30600,30600,0,0,0,1,1,0,1,1,0,1,1,0,1,1,0,1,1,0,1,1,0,0,0,0,0,0,0,0,0,0,0,0,0,0,0,3.8337502068953722e-57,0,0,0,0,0,0,0,0,0,0.00015143747446007017,0,0,0,0,0,0,0,0,0,0,0,0,0,0,0,0,0,0,0.99984856252554,0,0.00015143747446007017,0.99984856252554
93600,NORMAL,0.00012114997956805615,1,0.00012114997956805615,0.99987885002043198,0,UNKNOWN,0.20003634499387044,0,1,0,0.99987885002043198,0,0,0,0,0,30600,30600,0,0,0,1,1,0,1,1,0,1,1,0,1,1,0,1,1,0,1,1,0,0,0,0,0,0,0,0,0,0,0,0,0,0,0,3.067000165516298e-57,0,0,0,0,0,0,0,0,0,0.00012114997956805615,0,0,0,0,0,0,0,0,0,0,0,0,0,0,0,0,0,0,0.99987885002043198,0,0.00012114997956805615,0.99987885002043198
93700,NORMAL,9.6919983654444923e-05,1,9.6919983654444923e-05,0.99990308001634554,0,UNKNOWN,0.20002907599509634,0,1,0,0.99990308001634554,0,0,0,0,0,30600,30600,0,0,0,1,1,0,1,1,0,1,1,0,1,1,0,1,1,0,1,1,0,0,0,0,0,0,0,0,0,0,0,0,0,0,0,2.4536001324130384e-57,0,0,0,0,0,0,0,0,0,9.6919983654444923e-05,0,0,0,0,0,0,0,0,0,0,0,0,0,0,0,0,0,0,0.99990308001634554,0,9.6919983654444923e-05,0.99990308001634554
93800,NORMAL,7.7535986923555963e-05,1,7.7535986923555963e-05,0.9999224640130765,0,UNKNOWN,0.20002326079607707,0,1,0,0.9999224640130765,0,0,0,0,0,30600,30600,0,0,0,1,1,0,1,1,0,1,1,0,1,1,0,1,1,0,1,1,0,0,0,0,0,0,0,0,0,0,0,0,0,0,0,1.9628801059304312e-57,0,0,0,0,0,0,0,0,0,7.7535986923555963e-05,0,0,0,0,0,0,0,0,0,0,0,0,0,0,0,0,0,0,0.9999224640130765,0,7.7535986923555963e-05,0.9999224640130765
93900,NORMAL,6.2028789538844768e-05,1,6.2028789538844768e-05,0.99993797121046124,0,UNKNOWN,0.20001860863686169,0,1,0,0.99993797121046124,0,0,0,0,0,30600,30600,0,0,0,1,1,0,1,1,0,1,1,0,1,1,0,1,1,0,1,1,0,0,0,0,0,0,0,0,0,0,0,0,0,0,0,1.5703040847443451e-57,0,0,0,0,0,0,0,0,0,6.2028789538844768e-05,0,0,0,0,0,0,0,0,0,0,0,0,0,0,0,0,0,0,0.99993797121046124,0,6.2028789538844768e-05,0.99993797121046124
94000,NORMAL,4.962303163107582e-05,1,4.962303163107582e-05,0.99995037696836897,0,UNKNOWN,0.20001488690948935,0,1,0,0.99995037696836897,0,0,0,0,0,30600,30600,0,0,0,1,1,0,1,1,0,1,1,0,1,1,0,1,1,0,1,1,0,0,0,0,0,0,0,0,0,0,0,0,0,0,0,1.2562432677954762e-57,0,0,0,0,0,0,0,0,0,4.962303163107582e-05,0,0,0,0,0,0,0,0,0,0,0,0,0,0,0,0,0,0,0.99995037696836897,0,4.962303163107582e-05,0.99995037696836897
94100,NORMAL,3.9698425304860657e-05,1,3.9698425304860657e-05,0.99996030157469518,0,UNKNOWN,0.20001190952759149,0,1,0,0.99996030157469518,0,0,0,0,0,30600,30600,0,0,0,1,1,0,1,1,0,1,1,0,1,1,0,1,1,0,1,1,0,0,0,0,0,0,0,0,0,0,0,0,0,0,0,1.004994614236381e-57,0,0,0,0,0,0,0,0,0,3.9698425304860657e-05,0,0,0,0,0,0,0,0,0,0,0,0,0,0,0,0,0,0,0.99996030157469518,0,3.9698425304860657e-05,0.99996030157469518
94200,NORMAL,3.1758740243888528e-05,1,3.1758740243888528e-05,0.99996824125975614,0,UNKNOWN,0.20000952762207319,0,1,0,0.99996824125975614,0,0,0,0,0,30600,30600,0,0,0,1,1,0,1,1,0,1,1,0,1,1,0,1,1,0,1,1,0,0,0,0,0,0,0,0,0,0,0,0,0,0,0,8.0399569138910492e-58,0,0,0,0,0,0,0,0,0,3.1758740243888528e-05,0,0,0,0,0,0,0,0,0,0,0,0,0,0,0,0,0,0,0.99996824125975614,0,3.1758740243888528e-05,0.99996824125975614
94300,NORMAL,2.5406992195110825e-05,1,2.5406992195110825e-05,0.99997459300780489,0,UNKNOWN,0.20000762209765854,0,1,0,0.99997459300780489,0,0,0,0,0,30600,30600,0,0,0,1,1,0,1,1,0,1,1,0,1,1,0,1,1,0,1,1,0,0,0,0,0,0,0,0,0,0,0,0,0,0,0,6.4319655311128396e-58,0,0,0,0,0,0,0,0,0,2.5406992195110825e-05,0,0,0,0,0,0,0,0,0,0,0,0,0,0,0,0,0,0,0.99997459300780489,0,2.5406992195110825e-05,0.99997459300780489
94400,NORMAL,2.0325593756088661e-05,1,2.0325593756088661e-05,0.99997967440624391,0,UNKNOWN,0.20000609767812683,0,1,0,0.99997967440624391,0,0,0,0,0,30600,30600,0,0,0,1,1,0,1,1,0,1,1,0,1,1,0,1,1,0,1,1,0,0,0,0,0,0,0,0,0,0,0,0,0,0,0,5.1455724248902717e-58,0,0,0,0,0,0,0,0,0,2.0325593756088661e-05,0,0,0,0,0,0,0,0,0,0,0,0,0,0,0,0,0,0,0.99997967440624391,0,2.0325593756088661e-05,0.99997967440624391
94500,NORMAL,1.626047500487093e-05,1,1.626047500487093e-05,0.99998373952499509,0,UNKNOWN,0.20000487814250145,0,1,0,0.99998373952499509,0,0,0,0,0,30600,30600,0,0,0,1,1,0,1,1,0,1,1,0,1,1,0,1,1,0,1,1,0,0,0,0,0,0,0,0,0,0,0,0,0,0,0,4.1164579399122175e-58,0,0,0,0,0,0,0,0,0,1.626047500487093e-05,0,0,0,0,0,0,0,0,0,0,0,0,0,0,0,0,0,0,0.99998373952499509,0,1.626047500487093e-05,0.99998373952499509
94600,NORMAL,1.3008380003896747e-05,1,1.3008380003896747e-05,0.99998699161999616,0,UNKNOWN,0.20000390251400119,0,1,0,0.99998699161999616,0,0,0,0,0,30600,30600,0,0,0,1,1,0,1,1,0,1,1,0,1,1,0,1,1,0,1,1,0,0,0,0,0,0,0,0,0,0,0,0,0,0,0,3.2931663519297748e-58,0,0,0,0,0,0,0,0,0,1.3008380003896747e-05,0,0,0,0,0,0,0,0,0,0,0,0,0,0,0,0,0,0,0.99998699161999616,0,1.3008380003896747e-05,0.99998699161999616
94700,NORMAL,1.0406704003117399e-05,1,1.0406704003117399e-05,0.9999895932959969,0,UNKNOWN,0.20000312201120093,0,1,0,0.9999895932959969,0,0,0,0,0,30600,30600,0,0,0,1,1,0,1,1,0,1,1,0,1,1,0,1,1,0,1,1,0,0,0,0,0,0,0,0,0,0,0,0,0,0,0,2.6345330815438199e-58,0,0,0,0,0,0,0,0,0,1.0406704003117399e-05,0,0,0,0,0,0,0,0,0,0,0,0,0,0,0,0,0,0,0.9999895932959969,0,1.0406704003117399e-05,0.9999895932959969
94800,NORMAL,8.3253632024939194e-06,1,8.3253632024939194e-06,0.9999916746367975,0,UNKNOWN,0.20000249760896074,0,1,0,0.9999916746367975,0,0,0,0,0,30600,30600,0,0,0,1,1,0,1,1,0,1,1,0,1,1,0,1,1,0,1,1,0,0,0,0,0,0,0,0,0,0,0,0,0,0,0,2.1076264652350559e-58,0,0,0,0,0,0,0,0,0,8.3253632024939194e-06,0,0,0,0,0,0,0,0,0,0,0,0,0,0,0,0,0,0,0.9999916746367975,0,8.3253632024939194e-06,0.9999916746367975
94900,NORMAL,6.6602905619951362e-06,1,6.6602905619951362e-06,0.99999333970943804,0,UNKNOWN,0.20000199808716862,0,1,0,0.99999333970943804,0,0,0,0,0,30600,30600,0,0,0,1,1,0,1,1,0,1,1,0,1,1,0,1,1,0,1,1,0,0,0,0,0,0,0,0,0,0,0,0,0,0,0,1.6861011721880447e-58,0,0,0,0,0,0,0,0,0,6.6602905619951362e-06,0,0,0,0,0,0,0,0,0,0,0,0,0,0,0,0,0,0,0.99999333970943804,0,6.6602905619951362e-06,0.99999333970943804
95000,NORMAL,5.3282324495961091e-06,1,5.3282324495961091e-06,0.99999467176755041,0,UNKNOWN,0.20000159846973486,0,1,0,0.99999467176755041,0,0,0,0,0,30600,30600,0,0,0,1,1,0,1,1,0,1,1,0,1,1,0,1,1,0,1,1,0,0,0,0,0,0,0,0,0,0,0,0,0,0,0,1.3488809377504359e-58,0,0,0,0,0,0,0,0,0,5.3282324495961091e-06,0,0,0,0,0,0,0,0,0,0,0,0,0,0,0,0,0,0,0.99999467176755041,0,5.3282324495961091e-06,0.99999467176755041
95100,NORMAL,4.2625859596768878e-06,1,4.2625859596768878e-06,0.99999573741404035,0,UNKNOWN,0.20000127877578791,0,1,0,0.99999573741404035,0,0,0,0,0,30600,30600,0,0,0,1,1,0,1,1,0,1,1,0,1,1,0,1,1,0,1,1,0,0,0,0,0,0,0,0,0,0,0,0,0,0,0,1.0791047502003487e-58,0,0,0,0,0,0,0,0,0,4.2625859596768878e-06,0,0,0,0,0,0,0,0,0,0,0,0,0,0,0,0,0,0,0.99999573741404035,0,4.2625859596768878e-06,0.99999573741404035
95200,NORMAL,3.4100687677415105e-06,1,3.4100687677415105e-06,0.9999965899312323,0,UNKNOWN,0.20000102302063033,0,1,0,0.9999965899312323,0,0,0,0,0,30600,30600,0,0,0,1,1,0,1,1,0,1,1,0,1,1,0,1,1,0,1,1,0,0,0,0,0,0,0,0,0,0,0,0,0,0,0,8.632838001602791e-59,0,0,0,0,0,0,0,0,0,3.4100687677415105e-06,0,0,0,0,0,0,0,0,0,0,0,0,0,0,0,0,0,0,0.9999965899312323,0,3.4100687677415105e-06,0.9999965899312323
95300,NORMAL,2.7280550141932085e-06,1,2.7280550141932085e-06,0.99999727194498589,0,UNKNOWN,0.20000081841650427,0,1,0,0.99999727194498589,0,0,0,0,0,30600,30600,0,0,0,1,1,0,1,1,0,1,1,0,1,1,0,1,1,0,1,1,0,0,0,0,0,0,0,0,0,0,0,0,0,0,0,6.9062704012822333e-59,0,0,0,0,0,0,0,0,0,2.7280550141932085e-06,0,0,0,0,0,0,0,0,0,0,0,0,0,0,0,0,0,0,0.99999727194498589,0,2.7280550141932085e-06,0.99999727194498589
95400,NORMAL,2.1824440113545669e-06,1,2.1824440113545669e-06,0.99999781755598871,0,UNKNOWN,0.20000065473320341,0,1,0,0.99999781755598871,0,0,0,0,0,30600,30600,0,0,0,1,1,0,1,1,0,1,1,0,1,1,0,1,1,0,1,1,0,0,0,0,0,0,0,0,0,0,0,0,0,0,0,5.5250163210257872e-59,0,0,0,0,0,0,0,0,0,2.1824440113545669e-06,0,0,0,0,0,0,0,0,0,0,0,0,0,0,0,0,0,0,0.99999781755598871,0,2.1824440113545669e-06,0.99999781755598871
95500,NORMAL,1.7459552090836535e-06,1,1.7459552090836535e-06,0.99999825404479092,0,UNKNOWN,0.20000052378656272,0,1,0,0.99999825404479092,0,0,0,0,0,30600,30600,0,0,0,1,1,0,1,1,0,1,1,0,1,1,0,1,1,0,1,1,0,0,0,0,0,0,0,0,0,0,0,0,0,0,0,4.4200130568206299e-59,0,0,0,0,0,0,0,0,0,1.7459552090836535e-06,0,0,0,0,0,0,0,0,0,0,0,0,0,0,0,0,0,0,0.99999825404479092,0,1.7459552090836535e-06,0.99999825404479092
95600,NORMAL,1.396764167266923e-06,1,1.396764167266923e-06,0.99999860323583278,0,UNKNOWN,0.2000004190292502,0,1,0,0.99999860323583278,0,0,0,0,0,30600,30600,0,0,0,1,1,0,1,1,0,1,1,0,1,1,0,1,1,0,1,1,0,0,0,0,0,0,0,0,0,0,0,0,0,0,0,3.5360104454565039e-59,0,0,0,0,0,0,0,0,0,1.396764167266923e-06,0,0,0,0,0,0,0,0,0,0,0,0,0,0,0,0,0,0,0.99999860323583278,0,1.396764167266923e-06,0.99999860323583278
95700,NORMAL,1.1174113338135385e-06,1,1.1174113338135385e-06,0.9999988825886662,0,UNKNOWN,0.20000033522340013,0,1,0,0.9999988825886662,0,0,0,0,0,30600,30600,0,0,0,1,1,0,1,1,0,1,1,0,1,1,0,1,1,0,1,1,0,0,0,0,0,0,0,0,0,0,0,0,0,0,0,2.8288083563652032e-59,0,0,0,0,0,0,0,0,0,1.1174113338135385e-06,0,0,0,0,0,0,0,0,0,0,0,0,0,0,0,0,0,0,0.9999988825886662,0,1.1174113338135385e-06,0.9999988825886662
95800,NORMAL,8.9392906705083089e-07,1,8.9392906705083089e-07,0.99999910607093301,0,UNKNOWN,0.20000026817872013,0,1,0,0.99999910607093301,0,0,0,0,0,30600,30600,0,0,0,1,1,0,1,1,0,1,1,0,1,1,0,1,1,0,1,1,0,0,0,0,0,0,0,0,0,0,0,0,0,0,0,2.2630466850921624e-59,0,0,0,0,0,0,0,0,0,8.9392906705083089e-07,0,0,0,0,0,0,0,0,0,0,0,0,0,0,0,0,0,0,0.99999910607093301,0,8.9392906705083089e-07,0.99999910607093301
95900,NORMAL,7.1514325364066473e-07,1,7.1514325364066473e-07,0.99999928485674638,0,UNKNOWN,0.20000021454297609,0,1,0,0.99999928485674638,0,0,0,0,0,30600,30600,0,0,0,1,1,0,1,1,0,1,1,0,1,1,0,1,1,0,1,1,0,0,0,0,0,0,0,0,0,0,0,0,0,0,0,1.81043734807373e-59,0,0,0,0,0,0,0,0,0,7.1514325364066473e-07,0,0,0,0,0,0,0,0,0,0,0,0,0,0,0,0,0,0,0.99999928485674638,0,7.1514325364066473e-07,0.99999928485674638
96000,NORMAL,5.7211460291253181e-07,1,5.7211460291253181e-07,0.99999942788539709,0,UNKNOWN,0.20000017163438089,0,1,0,0.99999942788539709,0,0,0,0,0,30600,30600,0,0,0,1,1,0,1,1,0,1,1,0,1,1,0,1,1,0,1,1,0,0,0,0,0,0,0,0,0,0,0,0,0,0,0,1.4483498784589842e-59,0,0,0,0,0,0,0,0,0,5.7211460291253181e-07,0,0,0,0,0,0,0,0,0,0,0,0,0,0,0,0,0,0,0.99999942788539709,0,5.7211460291253181e-07,0.99999942788539709
96100,NORMAL,4.5769168233002545e-07,1,4.5769168233002545e-07,0.99999954230831767,0,UNKNOWN,0.20000013730750471,0,1,0,0.99999954230831767,0,0,0,0,0,30600,30600,0,0,0,1,1,0,1,1,0,1,1,0,1,1,0,1,1,0,1,1,0,0,0,0,0,0,0,0,0,0,0,0,0,0,0,1.1586799027671875e-59,0,0,0,0,0,0,0,0,0,4.5769168233002545e-07,0,0,0,0,0,0,0,0,0,0,0,0,0,0,0,0,0,0,0.99999954230831767,0,4.5769168233002545e-07,0.99999954230831767
96200,NORMAL,3.661533458640204e-07,1,3.661533458640204e-07,0.99999963384665413,0,UNKNOWN,0.20000010984600375,0,1,0,0.99999963384665413,0,0,0,0,0,30600,30600,0,0,0,1,1,0,1,1,0,1,1,0,1,1,0,1,1,0,1,1,0,0,0,0,0,0,0,0,0,0,0,0,0,0,0,9.2694392221375009e-60,0,0,0,0,0,0,0,0,0,3.661533458640204e-07,0,0,0,0,0,0,0,0,0,0,0,0,0,0,0,0,0,0,0.99999963384665413,0,3.661533458640204e-07,0.99999963384665413
96300,NORMAL,2.9292267669121634e-07,1,2.9292267669121634e-07,0.99999970707732333,0,UNKNOWN,0.20000008787680301,0,1,0,0.99999970707732333,0,0,0,0,0,30600,30600,0,0,0,1,1,0,1,1,0,1,1,0,1,1,0,1,1,0,1,1,0,0,0,0,0,0,0,0,0,0,0,0,0,0,0,7.4155513777100007e-60,0,0,0,0,0,0,0,0,0,2.9292267669121634e-07,0,0,0,0,0,0,0,0,0,0,0,0,0,0,0,0,0,0,0.99999970707732333,0,2.9292267669121634e-07,0.99999970707732333
96400,NORMAL,2.3433814135297308e-07,1,2.3433814135297308e-07,0.99999976566185866,0,UNKNOWN,0.2000000703014424,0,1,0,0.99999976566185866,0,0,0,0,0,30600,30600,0,0,0,1,1,0,1,1,0,1,1,0,1,1,0,1,1,0,1,1,0,0,0,0,0,0,0,0,0,0,0,0,0,0,0,5.932441102168001e-60,0,0,0,0,0,0,0,0,0,2.3433814135297308e-07,0,0,0,0,0,0,0,0,0,0,0,0,0,0,0,0,0,0,0.99999976566185866,0,2.3433814135297308e-07,0.99999976566185866
96500,NORMAL,1.8747051308237849e-07,1,1.8747051308237849e-07,0.99999981252948689,0,UNKNOWN,0.20000005624115391,0,1,0,0.99999981252948689,0,0,0,0,0,30600,30600,0,0,0,1,1,0,1,1,0,1,1,0,1,1,0,1,1,0,1,1,0,0,0,0,0,0,0,0,0,0,0,0,0,0,0,4.7459528817344012e-60,0,0,0,0,0,0,0,0,0,1.8747051308237849e-07,0,0,0,0,0,0,0,0,0,0,0,0,0,0,0,0,0,0,0.99999981252948689,0,1.8747051308237849e-07,0.99999981252948689
96600,NORMAL,1.4997641046590279e-07,1,1.4997641046590279e-07,0.99999985002358949,0,UNKNOWN,0.20000004499292312,0,1,0,0.99999985002358949,0,0,0,0,0,30600,30600,0,0,0,1,1,0,1,1,0,1,1,0,1,1,0,1,1,0,1,1,0,0,0,0,0,0,0,0,0,0,0,0,0,0,0,3.7967623053875211e-60,0,0,0,0,0,0,0,0,0,1.4997641046590279e-07,0,0,0,0,0,0,0,0,0,0,0,0,0,0,0,0,0,0,0.99999985002358949,0,1.4997641046590279e-07,0.99999985002358949
96700,NORMAL,1.1998112837272225e-07,1,1.1998112837272225e-07,0.99999988001887163,0,UNKNOWN,0.20000003599433852,0,1,0,0.99999988001887163,0,0,0,0,0,30600,30600,0,0,0,1,1,0,1,1,0,1,1,0,1,1,0,1,1,0,1,1,0,0,0,0,0,0,0,0,0,0,0,0,0,0,0,3.0374098443100171e-60,0,0,0,0,0,0,0,0,0,1.1998112837272225e-07,0,0,0,0,0,0,0,0,0,0,0,0,0,0,0,0,0,0,0.99999988001887163,0,1.1998112837272225e-07,0.99999988001887163
96800,NORMAL,9.5984902698177797e-08,1,9.5984902698177797e-08,0.99999990401509731,0,UNKNOWN,0.2000000287954708,0,1,0,0.99999990401509731,0,0,0,0,0,30600,30600,0,0,0,1,1,0,1,1,0,1,1,0,1,1,0,1,1,0,1,1,0,0,0,0,0,0,0,0,0,0,0,0,0,0,0,2.4299278754480137e-60,0,0,0,0,0,0,0,0,0,9.5984902698177797e-08,0,0,0,0,0,0,0,0,0,0,0,0,0,0,0,0,0,0,0.99999990401509731,0,9.5984902698177797e-08,0.99999990401509731
96900,NORMAL,7.6787922158542248e-08,1,7.6787922158542248e-08,0.99999992321207787,0,UNKNOWN,0.20000002303637665,0,1,0,0.99999992321207787,0,0,0,0,0,30600,30600,0,0,0,1,1,0,1,1,0,1,1,0,1,1,0,1,1,0,1,1,0,0,0,0,0,0,0,0,0,0,0,0,0,0,0,1.943942300358411e-60,0,0,0,0,0,0,0,0,0,7.6787922158542248e-08,0,0,0,0,0,0,0,0,0,0,0,0,0,0,0,0,0,0,0.99999992321207787,0,7.6787922158542248e-08,0.99999992321207787
97000,NORMAL,6.1430337726833804e-08,1,6.1430337726833804e-08,0.99999993856966229,0,UNKNOWN,0.20000001842910131,0,1,0,0.99999993856966229,0,0,0,0,0,30600,30600,0,0,0,1,1,0,1,1,0,1,1,0,1,1,0,1,1,0,1,1,0,0,0,0,0,0,0,0,0,0,0,0,0,0,0,1.555153840286729e-60,0,0,0,0,0,0,0,0,0,6.1430337726833804e-08,0,0,0,0,0,0,0,0,0,0,0,0,0,0,0,0,0,0,0.99999993856966229,0,6.1430337726833804e-08,0.99999993856966229
97100,NORMAL,4.9144270181467048e-08,1,4.9144270181467048e-08,0.99999995085572979,0,UNKNOWN,0.20000001474328105,0,1,0,0.99999995085572979,0,0,0,0,0,30600,30600,0,0,0,1,1,0,1,1,0,1,1,0,1,1,0,1,1,0,1,1,0,0,0,0,0,0,0,0,0,0,0,0,0,0,0,1.2441230722293833e-60,0,0,0,0,0,0,0,0,0,4.9144270181467048e-08,0,0,0,0,0,0,0,0,0,0,0,0,0,0,0,0,0,0,0.99999995085572979,0,4.9144270181467048e-08,0.99999995085572979
97200,NORMAL,3.9315416145173644e-08,1,3.9315416145173644e-08,0.99999996068458386,0,UNKNOWN,0.20000001179462484,0,1,0,0.99999996068458386,0,0,0,0,0,30600,30600,0,0,0,1,1,0,1,1,0,1,1,0,1,1,0,1,1,0,1,1,0,0,0,0,0,0,0,0,0,0,0,0,0,0,0,9.9529845778350668e-61,0,0,0,0,0,0,0,0,0,3.9315416145173644e-08,0,0,0,0,0,0,0,0,0,0,0,0,0,0,0,0,0,0,0.99999996068458386,0,3.9315416145173644e-08,0.99999996068458386
97300,NORMAL,3.1452332916138914e-08,1,3.1452332916138914e-08,0.99999996854766704,0,UNKNOWN,0.20000000943569987,0,1,0,0.99999996854766704,0,0,0,0,0,30600,30600,0,0,0,1,1,0,1,1,0,1,1,0,1,1,0,1,1,0,1,1,0,0,0,0,0,0,0,0,0,0,0,0,0,0,0,7.962387662268054e-61,0,0,0,0,0,0,0,0,0,3.1452332916138914e-08,0,0,0,0,0,0,0,0,0,0,0,0,0,0,0,0,0,0,0.99999996854766704,0,3.1452332916138914e-08,0.99999996854766704
97400,NORMAL,2.5161866332911134e-08,1,2.5161866332911134e-08,0.99999997483813363,0,UNKNOWN,0.20000000754855987,0,1,0,0.99999997483813363,0,0,0,0,0,30600,30600,0,0,0,1,1,0,1,1,0,1,1,0,1,1,0,1,1,0,1,1,0,0,0,0,0,0,0,0,0,0,0,0,0,0,0,6.3699101298144432e-61,0,0,0,0,0,0,0,0,0,2.5161866332911134e-08,0,0,0,0,0,0,0,0,0,0,0,0,0,0,0,0,0,0,0.99999997483813363,0,2.5161866332911134e-08,0.99999997483813363
97500,NORMAL,2.012949306632891e-08,1,2.012949306632891e-08,0.99999997987050693,0,UNKNOWN,0.20000000603884793,0,1,0,0.99999997987050693,0,0,0,0,0,30600,30600,0,0,0,1,1,0,1,1,0,1,1,0,1,1,0,1,1,0,1,1,0,0,0,0,0,0,0,0,0,0,0,0,0,0,0,5.0959281038515546e-61,0,0,0,0,0,0,0,0,0,2.012949306632891e-08,0,0,0,0,0,0,0,0,0,0,0,0,0,0,0,0,0,0,0.99999997987050693,0,2.012949306632891e-08,0.99999997987050693
97600,NORMAL,1.610359445306313e-08,1,1.610359445306313e-08,0.99999998389640554,0,UNKNOWN,0.20000000483107833,0,1,0,0.99999998389640554,0,0,0,0,0,30600,30600,0,0,0,1,1,0,1,1,0,1,1,0,1,1,0,1,1,0,1,1,0,0,0,0,0,0,0,0,0,0,0,0,0,0,0,4.0767424830812442e-61,0,0,0,0,0,0,0,0,0,1.610359445306313e-08,0,0,0,0,0,0,0,0,0,0,0,0,0,0,0,0,0,0,0.99999998389640554,0,1.610359445306313e-08,0.99999998389640554
97700,NORMAL,1.2882875562450504e-08,1,1.2882875562450504e-08,0.99999998711712446,0,UNKNOWN,0.20000000386486266,0,1,0,0.99999998711712446,0,0,0,0,0,30600,30600,0,0,0,1,1,0,1,1,0,1,1,0,1,1,0,1,1,0,1,1,0,0,0,0,0,0,0,0,0,0,0,0,0,0,0,3.2613939864649958e-61,0,0,0,0,0,0,0,0,0,1.2882875562450504e-08,0,0,0,0,0,0,0,0,0,0,0,0,0,0,0,0,0,0,0.99999998711712446,0,1.2882875562450504e-08,0.99999998711712446
97800,NORMAL,1.0306300449960403e-08,1,1.0306300449960403e-08,0.99999998969369952,0,UNKNOWN,0.20000000309189012,0,1,0,0.99999998969369952,0,0,0,0,0,30600,30600,0,0,0,1,1,0,1,1,0,1,1,0,1,1,0,1,1,0,1,1,0,0,0,0,0,0,0,0,0,0,0,0,0,0,0,2.6091151891719966e-61,0,0,0,0,0,0,0,0,0,1.0306300449960403e-08,0,0,0,0,0,0,0,0,0,0,0,0,0,0,0,0,0,0,0.99999998969369952,0,1.0306300449960403e-08,0.99999998969369952
97900,NORMAL,8.2450403599683246e-09,1,8.2450403599683246e-09,0.99999999175495968,0,UNKNOWN,0.20000000247351213,0,1,0,0.99999999175495968,0,0,0,0,0,30600,30600,0,0,0,1,1,0,1,1,0,1,1,0,1,1,0,1,1,0,1,1,0,0,0,0,0,0,0,0,0,0,0,0,0,0,0,2.0872921513375979e-61,0,0,0,0,0,0,0,0,0,8.2450403599683246e-09,0,0,0,0,0,0,0,0,0,0,0,0,0,0,0,0,0,0,0.99999999175495968,0,8.2450403599683246e-09,0.99999999175495968
98000,NORMAL,6.5960322879746604e-09,1,6.5960322879746604e-09,0.99999999340396772,0,UNKNOWN,0.20000000197880968,0,1,0,0.99999999340396772,0,0,0,0,0,30600,30600,0,0,0,1,1,0,1,1,0,1,1,0,1,1,0,1,1,0,1,1,0,0,0,0,0,0,0,0,0,0,0,0,0,0,0,1.6698337210700784e-61,0,0,0,0,0,0,0,0,0,6.5960322879746604e-09,0,0,0,0,0,0,0,0,0,0,0,0,0,0,0,0,0,0,0.99999999340396772,0,6.5960322879746604e-09,0.99999999340396772
98100,NORMAL,5.2768258303797289e-09,1,5.2768258303797289e-09,0.99999999472317413,0,UNKNOWN,0.20000000158304773,0,1,0,0.99999999472317413,0,0,0,0,0,30600,30600,0,0,0,1,1,0,1,1,0,1,1,0,1,1,0,1,1,0,1,1,0,0,0,0,0,0,0,0,0,0,0,0,0,0,0,1.3358669768560629e-61,0,0,0,0,0,0,0,0,0,5.2768258303797289e-09,0,0,0,0,0,0,0,0,0,0,0,0,0,0,0,0,0,0,0.99999999472317413,0,5.2768258303797289e-09,0.99999999472317413
98200,NORMAL,4.221460664303784e-09,1,4.221460664303784e-09,0.99999999577853937,0,UNKNOWN,0.20000000126643822,0,1,0,0.99999999577853937,0,0,0,0,0,30600,30600,0,0,0,1,1,0,1,1,0,1,1,0,1,1,0,1,1,0,1,1,0,0,0,0,0,0,0,0,0,0,0,0,0,0,0,1.0686935814848505e-61,0,0,0,0,0,0,0,0,0,4.221460664303784e-09,0,0,0,0,0,0,0,0,0,0,0,0,0,0,0,0,0,0,0.99999999577853937,0,4.221460664303784e-09,0.99999999577853937
98300,NORMAL,3.3771685314430274e-09,1,3.3771685314430274e-09,0.99999999662283146,0,UNKNOWN,0.20000000101315057,0,1,0,0.99999999662283146,0,0,0,0,0,30600,30600,0,0,0,1,1,0,1,1,0,1,1,0,1,1,0,1,1,0,1,1,0,0,0,0,0,0,0,0,0,0,0,0,0,0,0,8.5495486518788053e-62,0,0,0,0,0,0,0,0,0,3.3771685314430274e-09,0,0,0,0,0,0,0,0,0,0,0,0,0,0,0,0,0,0,0.99999999662283146,0,3.3771685314430274e-09,0.99999999662283146
98400,NORMAL,2.701734825154422e-09,1,2.701734825154422e-09,0.99999999729826516,0,UNKNOWN,0.20000000081052044,0,1,0,0.99999999729826516,0,0,0,0,0,30600,30600,0,0,0,1,1,0,1,1,0,1,1,0,1,1,0,1,1,0,1,1,0,0,0,0,0,0,0,0,0,0,0,0,0,0,0,6.8396389215030442e-62,0,0,0,0,0,0,0,0,0,2.701734825154422e-09,0,0,0,0,0,0,0,0,0,0,0,0,0,0,0,0,0,0,0.99999999729826516,0,2.701734825154422e-09,0.99999999729826516
98500,NORMAL,2.1613878601235379e-09,1,2.1613878601235379e-09,0.99999999783861215,0,UNKNOWN,0.20000000064841636,0,1,0,0.99999999783861215,0,0,0,0,0,30600,30600,0,0,0,1,1,0,1,1,0,1,1,0,1,1,0,1,1,0,1,1,0,0,0,0,0,0,0,0,0,0,0,0,0,0,0,5.4717111372024356e-62,0,0,0,0,0,0,0,0,0,2.1613878601235379e-09,0,0,0,0,0,0,0,0,0,0,0,0,0,0,0,0,0,0,0.99999999783861215,0,2.1613878601235379e-09,0.99999999783861215
98600,NORMAL,1.7291102880988303e-09,1,1.7291102880988303e-09,0.9999999982708897,0,UNKNOWN,0.2000000005187331,0,1,0,0.9999999982708897,0,0,0,0,0,30600,30600,0,0,0,1,1,0,1,1,0,1,1,0,1,1,0,1,1,0,1,1,0,0,0,0,0,0,0,0,0,0,0,0,0,0,0,4.377368909761949e-62,0,0,0,0,0,0,0,0,0,1.7291102880988303e-09,0,0,0,0,0,0,0,0,0,0,0,0,0,0,0,0,0,0,0.9999999982708897,0,1.7291102880988303e-09,0.9999999982708897
98700,NORMAL,1.3832882304790644e-09,1,1.3832882304790644e-09,0.99999999861671174,0,UNKNOWN,0.20000000041498645,0,1,0,0.99999999861671174,0,0,0,0,0,30600,30600,0,0,0,1,1,0,1,1,0,1,1,0,1,1,0,1,1,0,1,1,0,0,0,0,0,0,0,0,0,0,0,0,0,0,0,3.5018951278095594e-62,0,0,0,0,0,0,0,0,0,1.3832882304790644e-09,0,0,0,0,0,0,0,0,0,0,0,0,0,0,0,0,0,0,0.99999999861671174,0,1.3832882304790644e-09,0.99999999861671174
98800,NORMAL,1.1066305843832516e-09,1,1.1066305843832516e-09,0.99999999889336944,0,UNKNOWN,0.20000000033198917,0,1,0,0.99999999889336944,0,0,0,0,0,30600,30600,0,0,0,1,1,0,1,1,0,1,1,0,1,1,0,1,1,0,1,1,0,0,0,0,0,0,0,0,0,0,0,0,0,0,0,2.8015161022476476e-62,0,0,0,0,0,0,0,0,0,1.1066305843832516e-09,0,0,0,0,0,0,0,0,0,0,0,0,0,0,0,0,0,0,0.99999999889336944,0,1.1066305843832516e-09,0.99999999889336944
98900,NORMAL,8.8530446750660135e-10,1,8.8530446750660135e-10,0.9999999991146955,0,UNKNOWN,0.20000000026559131,0,1,0,0.9999999991146955,0,0,0,0,0,30600,30600,0,0,0,1,1,0,1,1,0,1,1,0,1,1,0,1,1,0,1,1,0,0,0,0,0,0,0,0,0,0,0,0,0,0,0,2.2412128817981182e-62,0,0,0,0,0,0,0,0,0,8.8530446750660135e-10,0,0,0,0,0,0,0,0,0,0,0,0,0,0,0,0,0,0,0.9999999991146955,0,8.8530446750660135e-10,0.9999999991146955
99000,NORMAL,7.0824357400528112e-10,1,7.0824357400528112e-10,0.99999999929175643,0,UNKNOWN,0.20000000021247308,0,1,0,0.99999999929175643,0,0,0,0,0,30600,30600,0,0,0,1,1,0,1,1,0,1,1,0,1,1,0,1,1,0,1,1,0,0,0,0,0,0,0,0,0,0,0,0,0,0,0,1.7929703054384947e-62,0,0,0,0,0,0,0,0,0,7.0824357400528112e-10,0,0,0,0,0,0,0,0,0,0,0,0,0,0,0,0,0,0,0.99999999929175643,0,7.0824357400528112e-10,0.99999999929175643
99100,NORMAL,5.6659485920422489e-10,1,5.6659485920422489e-10,0.99999999943340512,0,UNKNOWN,0.20000000016997846,0,1,0,0.99999999943340512,0,0,0,0,0,30600,30600,0,0,0,1,1,0,1,1,0,1,1,0,1,1,0,1,1,0,1,1,0,0,0,0,0,0,0,0,0,0,0,0,0,0,0,1.4343762443507957e-62,0,0,0,0,0,0,0,0,0,5.6659485920422489e-10,0,0,0,0,0,0,0,0,0,0,0,0,0,0,0,0,0,0,0.99999999943340512,0,5.6659485920422489e-10,0.99999999943340512
99200,NORMAL,4.5327588736337995e-10,1,4.5327588736337995e-10,0.99999999954672414,0,UNKNOWN,0.20000000013598276,0,1,0,0.99999999954672414,0,0,0,0,0,30600,30600,0,0,0,1,1,0,1,1,0,1,1,0,1,1,0,1,1,0,1,1,0,0,0,0,0,0,0,0,0,0,0,0,0,0,0,1.1475009954806367e-62,0,0,0,0,0,0,0,0,0,4.5327588736337995e-10,0,0,0,0,0,0,0,0,0,0,0,0,0,0,0,0,0,0,0.99999999954672414,0,4.5327588736337995e-10,0.99999999954672414
99300,NORMAL,3.62620709890704e-10,1,3.62620709890704e-10,0.99999999963737929,0,UNKNOWN,0.20000000010878621,0,1,0,0.99999999963737929,0,0,0,0,0,30600,30600,0,0,0,1,1,0,1,1,0,1,1,0,1,1,0,1,1,0,1,1,0,0,0,0,0,0,0,0,0,0,0,0,0,0,0,9.1800079638450943e-63,0,0,0,0,0,0,0,0,0,3.62620709890704e-10,0,0,0,0,0,0,0,0,0,0,0,0,0,0,0,0,0,0,0.99999999963737929,0,3.62620709890704e-10,0.99999999963737929
99400,NORMAL,2.9009656791256323e-10,1,2.9009656791256323e-10,0.99999999970990339,0,UNKNOWN,0.20000000008702895,0,1,0,0.99999999970990339,0,0,0,0,0,30600,30600,0,0,0,1,1,0,1,1,0,1,1,0,1,1,0,1,1,0,1,1,0,0,0,0,0,0,0,0,0,0,0,0,0,0,0,7.3440063710760756e-63,0,0,0,0,0,0,0,0,0,2.9009656791256323e-10,0,0,0,0,0,0,0,0,0,0,0,0,0,0,0,0,0,0,0.99999999970990339,0,2.9009656791256323e-10,0.99999999970990339
99500,NORMAL,2.3207725433005059e-10,1,2.3207725433005059e-10,0.99999999976792275,0,UNKNOWN,0.20000000006962318,0,1,0,0.99999999976792275,0,0,0,0,0,30600,30600,0,0,0,1,1,0,1,1,0,1,1,0,1,1,0,1,1,0,1,1,0,0,0,0,0,0,0,0,0,0,0,0,0,0,0,5.8752050968608609e-63,0,0,0,0,0,0,0,0,0,2.3207725433005059e-10,0,0,0,0,0,0,0,0,0,0,0,0,0,0,0,0,0,0,0.99999999976792275,0,2.3207725433005059e-10,0.99999999976792275
99600,NORMAL,1.8566180346404049e-10,1,1.8566180346404049e-10,0.99999999981433818,0,UNKNOWN,0.20000000005569854,0,1,0,0.99999999981433818,0,0,0,0,0,30600,30600,0,0,0,1,1,0,1,1,0,1,1,0,1,1,0,1,1,0,1,1,0,0,0,0,0,0,0,0,0,0,0,0,0,0,0,4.7001640774886892e-63,0,0,0,0,0,0,0,0,0,1.8566180346404049e-10,0,0,0,0,0,0,0,0,0,0,0,0,0,0,0,0,0,0,0.99999999981433818,0,1.8566180346404049e-10,0.99999999981433818
99700,NORMAL,1.4852944277123239e-10,1,1.4852944277123239e-10,0.99999999985147059,0,UNKNOWN,0.20000000004455884,0,1,0,0.99999999985147059,0,0,0,0,0,30600,30600,0,0,0,1,1,0,1,1,0,1,1,0,1,1,0,1,1,0,1,1,0,0,0,0,0,0,0,0,0,0,0,0,0,0,0,3.7601312619909516e-63,0,0,0,0,0,0,0,0,0,1.4852944277123239e-10,0,0,0,0,0,0,0,0,0,0,0,0,0,0,0,0,0,0,0.99999999985147059,0,1.4852944277123239e-10,0.99999999985147059
99800,NORMAL,1.1882355421698592e-10,1,1.1882355421698592e-10,0.99999999988117649,0,UNKNOWN,0.20000000003564708,0,1,0,0.99999999988117649,0,0,0,0,0,30600,30600,0,0,0,1,1,0,1,1,0,1,1,0,1,1,0,1,1,0,1,1,0,0,0,0,0,0,0,0,0,0,0,0,0,0,0,3.0081050095927616e-63,0,0,0,0,0,0,0,0,0,1.1882355421698592e-10,0,0,0,0,0,0,0,0,0,0,0,0,0,0,0,0,0,0,0.99999999988117649,0,1.1882355421698592e-10,0.99999999988117649
99900,NORMAL,9.5058843373588747e-11,1,9.5058843373588747e-11,0.99999999990494115,0,UNKNOWN,0.20000000002851764,0,1,0,0.99999999990494115,0,0,0,0,0,30600,30600,0,0,0,1,1,0,1,1,0,1,1,0,1,1,0,1,1,0,1,1,0,0,0,0,0,0,0,0,0,0,0,0,0,0,0,2.4064840076742095e-63,0,0,0,0,0,0,0,0,0,9.5058843373588747e-11,0,0,0,0,0,0,0,0,0,0,0,0,0,0,0,0,0,0,0.99999999990494115,0,9.5058843373588747e-11,0.99999999990494115
100000,NORMAL,7.6047074698871008e-11,1,7.6047074698871008e-11,0.99999999992395294,0,UNKNOWN,0.20000000002281412,0,1,0,0.99999999992395294,0,0,0,0,0,30600,30600,0,0,0,1,1,0,1,1,0,1,1,0,1,1,0,1,1,0,1,1,0,0,0,0,0,0,0,0,0,0,0,0,0,0,0,1.9251872061393678e-63,0,0,0,0,0,0,0,0,0,7.6047074698871008e-11,0,0,0,0,0,0,0,0,0,0,0,0,0,0,0,0,0,0,0.99999999992395294,0,7.6047074698871008e-11,0.99999999992395294
100100,NORMAL,6.0837659759096804e-11,1,6.0837659759096804e-11,0.99999999993916233,0,UNKNOWN,0.2000000000182513,0,1,0,0.99999999993916233,0,0,0,0,0,30600,30600,0,0,0,1,1,0,1,1,0,1,1,0,1,1,0,1,1,0,1,1,0,0,0,0,0,0,0,0,0,0,0,0,0,0,0,1.5401497649114943e-63,0,0,0,0,0,0,0,0,0,6.0837659759096804e-11,0,0,0,0,0,0,0,0,0,0,0,0,0,0,0,0,0,0,0.99999999993916233,0,6.0837659759096804e-11,0.99999999993916233
100200,NORMAL,4.8670127807277446e-11,1,4.8670127807277446e-11,0.99999999995132982,0,UNKNOWN,0.20000000001460103,0,1,0,0.99999999995132982,0,0,0,0,0,30600,30600,0,0,0,1,1,0,1,1,0,1,1,0,1,1,0,1,1,0,1,1,0,0,0,0,0,0,0,0,0,0,0,0,0,0,0,1.2321198119291955e-63,0,0,0,0,0,0,0,0,0,4.8670127807277446e-11,0,0,0,0,0,0,0,0,0,0,0,0,0,0,0,0,0,0,0.99999999995132982,0,4.8670127807277446e-11,0.99999999995132982
100300,NORMAL,3.8936102245821963e-11,1,3.8936102245821963e-11,0.99999999996106392,0,UNKNOWN,0.20000000001168083,0,1,0,0.99999999996106392,0,0,0,0,0,30600,30600,0,0,0,1,1,0,1,1,0,1,1,0,1,1,0,1,1,0,1,1,0,0,0,0,0,0,0,0,0,0,0,0,0,0,0,9.8569584954335661e-64,0,0,0,0,0,0,0,0,0,3.8936102245821963e-11,0,0,0,0,0,0,0,0,0,0,0,0,0,0,0,0,0,0,0.99999999996106392,0,3.8936102245821963e-11,0.99999999996106392
100400,NORMAL,3.1148881796657574e-11,1,3.1148881796657574e-11,0.99999999996885114,0,UNKNOWN,0.20000000000934465,0,1,0,0.99999999996885114,0,0,0,0,0,30600,30600,0,0,0,1,1,0,1,1,0,1,1,0,1,1,0,1,1,0,1,1,0,0,0,0,0,0,0,0,0,0,0,0,0,0,0,7.885566796346854e-64,0,0,0,0,0,0,0,0,0,3.1148881796657574e-11,0,0,0,0,0,0,0,0,0,0,0,0,0,0,0,0,0,0,0.99999999996885114,0,3.1148881796657574e-11,0.99999999996885114
100500,NORMAL,2.491910543732606e-11,1,2.491910543732606e-11,0.99999999997508093,0,UNKNOWN,0.20000000000747575,0,1,0,0.99999999997508093,0,0,0,0,0,30600,30600,0,0,0,1,1,0,1,1,0,1,1,0,1,1,0,1,1,0,1,1,0,0,0,0,0,0,0,0,0,0,0,0,0,0,0,6.3084534370774832e-64,0,0,0,0,0,0,0,0,0,2.491910543732606e-11,0,0,0,0,0,0,0,0,0,0,0,0,0,0,0,0,0,0,0.99999999997508093,0,2.491910543732606e-11,0.99999999997508093
100600,NORMAL,1.9935284349860851e-11,1,1.9935284349860851e-11,0.99999999998006472,0,UNKNOWN,0.20000000000598059,0,1,0,0.99999999998006472,0,0,0,0,0,30600,30600,0,0,0,1,1,0,1,1,0,1,1,0,1,1,0,1,1,0,1,1,0,0,0,0,0,0,0,0,0,0,0,0,0,0,0,5.0467627496619871e-64,0,0,0,0,0,0,0,0,0,1.9935284349860851e-11,0,0,0,0,0,0,0,0,0,0,0,0,0,0,0,0,0,0,0.99999999998006472,0,1.9935284349860851e-11,0.99999999998006472
100700,NORMAL,1.5948227479888682e-11,1,1.5948227479888682e-11,0.99999999998405176,0,UNKNOWN,0.20000000000478446,0,1,0,0.99999999998405176,0,0,0,0,0,30600,30600,0,0,0,1,1,0,1,1,0,1,1,0,1,1,0,1,1,0,1,1,0,0,0,0,0,0,0,0,0,0,0,0,0,0,0,4.0374101997295901e-64,0,0,0,0,0,0,0,0,0,1.5948227479888682e-11,0,0,0,0,0,0,0,0,0,0,0,0,0,0,0,0,0,0,0.99999999998405176,0,1.5948227479888682e-11,0.99999999998405176
100800,NORMAL,1.2758581983910946e-11,1,1.2758581983910946e-11,0.99999999998724143,0,UNKNOWN,0.20000000000382756,0,1,0,0.99999999998724143,0,0,0,0,0,30600,30600,0,0,0,1,1,0,1,1,0,1,1,0,1,1,0,1,1,0,1,1,0,0,0,0,0,0,0,0,0,0,0,0,0,0,0,3.2299281597836725e-64,0,0,0,0,0,0,0,0,0,1.2758581983910946e-11,0,0,0,0,0,0,0,0,0,0,0,0,0,0,0,0,0,0,0.99999999998724143,0,1.2758581983910946e-11,0.99999999998724143
100900,NORMAL,1.0206865587128757e-11,1,1.0206865587128757e-11,0.99999999998979316,0,UNKNOWN,0.20000000000306209,0,1,0,0.99999999998979316,0,0,0,0,0,30600,30600,0,0,0,1,1,0,1,1,0,1,1,0,1,1,0,1,1,0,1,1,0,0,0,0,0,0,0,0,0,0,0,0,0,0,0,2.5839425278269381e-64,0,0,0,0,0,0,0,0,0,1.0206865587128757e-11,0,0,0,0,0,0,0,0,0,0,0,0,0,0,0,0,0,0,0.99999999998979316,0,1.0206865587128757e-11,0.99999999998979316
101000,NORMAL,8.165492469703006e-12,1,8.165492469703006e-12,0.99999999999183453,0,UNKNOWN,0.20000000000244963,0,1,0,0.99999999999183453,0,0,0,0,0,30600,30600,0,0,0,1,1,0,1,1,0,1,1,0,1,1,0,1,1,0,1,1,0,0,0,0,0,0,0,0,0,0,0,0,0,0,0,2.0671540222615505e-64,0,0,0,0,0,0,0,0,0,8.165492469703006e-12,0,0,0,0,0,0,0,0,0,0,0,0,0,0,0,0,0,0,0.99999999999183453,0,8.165492469703006e-12,0.99999999999183453
101100,NORMAL,6.5323939757624049e-12,1,6.5323939757624049e-12,0.99999999999346767,0,UNKNOWN,0.20000000000195972,0,1,0,0.99999999999346767,0,0,0,0,0,30600,30600,0,0,0,1,1,0,1,1,0,1,1,0,1,1,0,1,1,0,1,1,0,0,0,0,0,0,0,0,0,0,0,0,0,0,0,1.6537232178092405e-64,0,0,0,0,0,0,0,0,0,6.5323939757624049e-12,0,0,0,0,0,0,0,0,0,0,0,0,0,0,0,0,0,0,0.99999999999346767,0,6.5323939757624049e-12,0.99999999999346767
101200,NORMAL,5.2259151806099244e-12,1,5.2259151806099244e-12,0.99999999999477418,0,UNKNOWN,0.20000000000156781,0,1,0,0.99999999999477418,0,0,0,0,0,30600,30600,0,0,0,1,1,0,1,1,0,1,1,0,1,1,0,1,1,0,1,1,0,0,0,0,0,0,0,0,0,0,0,0,0,0,0,1.3229785742473924e-64,0,0,0,0,0,0,0,0,0,5.2259151806099244e-12,0,0,0,0,0,0,0,0,0,0,0,0,0,0,0,0,0,0,0.99999999999477418,0,5.2259151806099244e-12,0.99999999999477418
101300,NORMAL,4.1807321444879395e-12,1,4.1807321444879395e-12,0.99999999999581934,0,UNKNOWN,0.20000000000125423,0,1,0,0.99999999999581934,0,0,0,0,0,30600,30600,0,0,0,1,1,0,1,1,0,1,1,0,1,1,0,1,1,0,1,1,0,0,0,0,0,0,0,0,0,0,0,0,0,0,0,1.058382859397914e-64,0,0,0,0,0,0,0,0,0,4.1807321444879395e-12,0,0,0,0,0,0,0,0,0,0,0,0,0,0,0,0,0,0,0.99999999999581934,0,4.1807321444879395e-12,0.99999999999581934
101400,NORMAL,3.344585715590352e-12,1,3.344585715590352e-12,0.99999999999665545,0,UNKNOWN,0.2000000000010034,0,1,0,0.99999999999665545,0,0,0,0,0,30600,30600,0,0,0,1,1,0,1,1,0,1,1,0,1,1,0,1,1,0,1,1,0,0,0,0,0,0,0,0,0,0,0,0,0,0,0,8.4670628751833125e-65,0,0,0,0,0,0,0,0,0,3.344585715590352e-12,0,0,0,0,0,0,0,0,0,0,0,0,0,0,0,0,0,0,0.99999999999665545,0,3.344585715590352e-12,0.99999999999665545
101500,NORMAL,2.6756685724722819e-12,1,2.6756685724722819e-12,0.99999999999732436,0,UNKNOWN,0.20000000000080273,0,1,0,0.99999999999732436,0,0,0,0,0,30600,30600,0,0,0,1,1,0,1,1,0,1,1,0,1,1,0,1,1,0,1,1,0,0,0,0,0,0,0,0,0,0,0,0,0,0,0,6.7736503001466505e-65,0,0,0,0,0,0,0,0,0,2.6756685724722819e-12,0,0,0,0,0,0,0,0,0,0,0,0,0,0,0,0,0,0,0.99999999999732436,0,2.6756685724722819e-12,0.99999999999732436
101600,NORMAL,2.1405348579778258e-12,1,2.1405348579778258e-12,0.99999999999785949,0,UNKNOWN,0.20000000000064216,0,1,0,0.99999999999785949,0,0,0,0,0,30600,30600,0,0,0,1,1,0,1,1,0,1,1,0,1,1,0,1,1,0,1,1,0,0,0,0,0,0,0,0,0,0,0,0,0,0,0,5.4189202401173204e-65,0,0,0,0,0,0,0,0,0,2.1405348579778258e-12,0,0,0,0,0,0,0,0,0,0,0,0,0,0,0,0,0,0,0.99999999999785949,0,2.1405348579778258e-12,0.99999999999785949
101700,NORMAL,1.7124278863822607e-12,1,1.7124278863822607e-12,0.99999999999828759,0,UNKNOWN,0.20000000000051371,0,1,0,0.99999999999828759,0,0,0,0,0,30600,30600,0,0,0,1,1,0,1,1,0,1,1,0,1,1,0,1,1,0,1,1,0,0,0,0,0,0,0,0,0,0,0,0,0,0,0,4.3351361920938567e-65,0,0,0,0,0,0,0,0,0,1.7124278863822607e-12,0,0,0,0,0,0,0,0,0,0,0,0,0,0,0,0,0,0,0.99999999999828759,0,1.7124278863822607e-12,0.99999999999828759
101800,NORMAL,1.3699423091058086e-12,1,1.3699423091058086e-12,0.9999999999986301,0,UNKNOWN,0.20000000000041099,0,1,0,0.9999999999986301,0,0,0,0,0,30600,30600,0,0,0,1,1,0,1,1,0,1,1,0,1,1,0,1,1,0,1,1,0,0,0,0,0,0,0,0,0,0,0,0,0,0,0,3.4681089536750856e-65,0,0,0,0,0,0,0,0,0,1.3699423091058086e-12,0,0,0,0,0,0,0,0,0,0,0,0,0,0,0,0,0,0,0.9999999999986301,0,1.3699423091058086e-12,0.9999999999986301
101900,NORMAL,1.095953847284647e-12,1,1.095953847284647e-12,0.9999999999989041,0,UNKNOWN,0.2000000000003288,0,1,0,0.9999999999989041,0,0,0,0,0,30600,30600,0,0,0,1,1,0,1,1,0,1,1,0,1,1,0,1,1,0,1,1,0,0,0,0,0,0,0,0,0,0,0,0,0,0,0,2.7744871629400687e-65,0,0,0,0,0,0,0,0,0,1.095953847284647e-12,0,0,0,0,0,0,0,0,0,0,0,0,0,0,0,0,0,0,0.9999999999989041,0,1.095953847284647e-12,0.9999999999989041
102000,NORMAL,8.7676307782771758e-13,1,8.7676307782771758e-13,0.99999999999912326,0,UNKNOWN,0.20000000000026302,0,1,0,0.99999999999912326,0,0,0,0,0,30600,30600,0,0,0,1,1,0,1,1,0,1,1,0,1,1,0,1,1,0,1,1,0,0,0,0,0,0,0,0,0,0,0,0,0,0,0,2.2195897303520552e-65,0,0,0,0,0,0,0,0,0,8.7676307782771758e-13,0,0,0,0,0,0,0,0,0,0,0,0,0,0,0,0,0,0,0.99999999999912326,0,8.7676307782771758e-13,0.99999999999912326
102100,NORMAL,7.0141046226217406e-13,1,7.0141046226217406e-13,0.99999999999929856,0,UNKNOWN,0.2000000000002104,0,1,0,0.99999999999929856,0,0,0,0,0,30600,30600,0,0,0,1,1,0,1,1,0,1,1,0,1,1,0,1,1,0,1,1,0,0,0,0,0,0,0,0,0,0,0,0,0,0,0,1.7756717842816441e-65,0,0,0,0,0,0,0,0,0,7.0141046226217406e-13,0,0,0,0,0,0,0,0,0,0,0,0,0,0,0,0,0,0,0.99999999999929856,0,7.0141046226217406e-13,0.99999999999929856
102200,NORMAL,5.6112836980973925e-13,1,5.6112836980973925e-13,0.99999999999943889,0,UNKNOWN,0.20000000000016832,0,1,0,0.99999999999943889,0,0,0,0,0,30600,30600,0,0,0,1,1,0,1,1,0,1,1,0,1,1,0,1,1,0,1,1,0,0,0,0,0,0,0,0,0,0,0,0,0,0,0,1.4205374274253153e-65,0,0,0,0,0,0,0,0,0,5.6112836980973925e-13,0,0,0,0,0,0,0,0,0,0,0,0,0,0,0,0,0,0,0.99999999999943889,0,5.6112836980973925e-13,0.99999999999943889
102300,NORMAL,4.489026958477914e-13,1,4.489026958477914e-13,0.99999999999955114,0,UNKNOWN,0.20000000000013468,0,1,0,0.99999999999955114,0,0,0,0,0,30600,30600,0,0,0,1,1,0,1,1,0,1,1,0,1,1,0,1,1,0,1,1,0,0,0,0,0,0,0,0,0,0,0,0,0,0,0,1.1364299419402523e-65,0,0,0,0,0,0,0,0,0,4.489026958477914e-13,0,0,0,0,0,0,0,0,0,0,0,0,0,0,0,0,0,0,0.99999999999955114,0,4.489026958477914e-13,0.99999999999955114
102400,NORMAL,3.5912215667823315e-13,1,3.5912215667823315e-13,0.99999999999964095,0,UNKNOWN,0.20000000000010773,0,1,0,0.99999999999964095,0,0,0,0,0,30600,30600,0,0,0,1,1,0,1,1,0,1,1,0,1,1,0,1,1,0,1,1,0,0,0,0,0,0,0,0,0,0,0,0,0,0,0,9.0914395355220186e-66,0,0,0,0,0,0,0,0,0,3.5912215667823315e-13,0,0,0,0,0,0,0,0,0,0,0,0,0,0,0,0,0,0,0.99999999999964095,0,3.5912215667823315e-13,0.99999999999964095
102500,NORMAL,2.8729772534258656e-13,1,2.8729772534258656e-13,0.99999999999971279,0,UNKNOWN,0.20000000000008619,0,1,0,0.99999999999971279,0,0,0,0,0,30600,30600,0,0,0,1,1,0,1,1,0,1,1,0,1,1,0,1,1,0,1,1,0,0,0,0,0,0,0,0,0,0,0,0,0,0,0,7.2731516284176157e-66,0,0,0,0,0,0,0,0,0,2.8729772534258656e-13,0,0,0,0,0,0,0,0,0,0,0,0,0,0,0,0,0,0,0.99999999999971279,0,2.8729772534258656e-13,0.99999999999971279
102600,NORMAL,2.2983818027406927e-13,1,2.2983818027406927e-13,0.99999999999977018,0,UNKNOWN,0.20000000000006896,0,1,0,0.99999999999977018,0,0,0,0,0,30600,30600,0,0,0,1,1,0,1,1,0,1,1,0,1,1,0,1,1,0,1,1,0,0,0,0,0,0,0,0,0,0,0,0,0,0,0,5.818521302734093e-66,0,0,0,0,0,0,0,0,0,2.2983818027406927e-13,0,0,0,0,0,0,0,0,0,0,0,0,0,0,0,0,0,0,0.99999999999977018,0,2.2983818027406927e-13,0.99999999999977018
102700,NORMAL,1.8387054421925543e-13,1,1.8387054421925543e-13,0.99999999999981615,0,UNKNOWN,0.20000000000005516,0,1,0,0.99999999999981615,0,0,0,0,0,30600,30600,0,0,0,1,1,0,1,1,0,1,1,0,1,1,0,1,1,0,1,1,0,0,0,0,0,0,0,0,0,0,0,0,0,0,0,4.6548170421872744e-66,0,0,0,0,0,0,0,0,0,1.8387054421925543e-13,0,0,0,0,0,0,0,0,0,0,0,0,0,0,0,0,0,0,0.99999999999981615,0,1.8387054421925543e-13,0.99999999999981615
102800,NORMAL,1.4709643537540436e-13,1,1.4709643537540436e-13,0.9999999999998529,0,UNKNOWN,0.20000000000004414,0,1,0,0.9999999999998529,0,0,0,0,0,30600,30600,0,0,0,1,1,0,1,1,0,1,1,0,1,1,0,1,1,0,1,1,0,0,0,0,0,0,0,0,0,0,0,0,0,0,0,3.7238536337498195e-66,0,0,0,0,0,0,0,0,0,1.4709643537540436e-13,0,0,0,0,0,0,0,0,0,0,0,0,0,0,0,0,0,0,0.9999999999998529,0,1.4709643537540436e-13,0.9999999999998529
102900,NORMAL,1.1767714830032348e-13,1,1.1767714830032348e-13,0.99999999999988232,0,UNKNOWN,0.20000000000003532,0,1,0,0.99999999999988232,0,0,0,0,0,30600,30600,0,0,0,1,1,0,1,1,0,1,1,0,1,1,0,1,1,0,1,1,0,0,0,0,0,0,0,0,0,0,0,0,0,0,0,2.979082906999856e-66,0,0,0,0,0,0,0,0,0,1.1767714830032348e-13,0,0,0,0,0,0,0,0,0,0,0,0,0,0,0,0,0,0,0.99999999999988232,0,1.1767714830032348e-13,0.99999999999988232
103000,NORMAL,9.4141718640258794e-14,1,9.4141718640258794e-14,0.99999999999990585,0,UNKNOWN,0.20000000000002824,0,1,0,0.99999999999990585,0,0,0,0,0,30600,30600,0,0,0,1,1,0,1,1,0,1,1,0,1,1,0,1,1,0,1,1,0,0,0,0,0,0,0,0,0,0,0,0,0,0,0,2.3832663255998847e-66,0,0,0,0,0,0,0,0,0,9.4141718640258794e-14,0,0,0,0,0,0,0,0,0,0,0,0,0,0,0,0,0,0,0.99999999999990585,0,9.4141718640258794e-14,0.99999999999990585
103100,NORMAL,7.531337491220704e-14,1,7.531337491220704e-14,0.99999999999992473,0,UNKNOWN,0.2000000000000226,0,1,0,0.99999999999992473,0,0,0,0,0,30600,30600,0,0,0,1,1,0,1,1,0,1,1,0,1,1,0,1,1,0,1,1,0,0,0,0,0,0,0,0,0,0,0,0,0,0,0,1.9066130604799079e-66,0,0,0,0,0,0,0,0,0,7.531337491220704e-14,0,0,0,0,0,0,0,0,0,0,0,0,0,0,0,0,0,0,0.99999999999992473,0,7.531337491220704e-14,0.99999999999992473
103200,NORMAL,6.025069992976564e-14,1,6.025069992976564e-14,0.99999999999993983,0,UNKNOWN,0.20000000000001808,0,1,0,0.99999999999993983,0,0,0,0,0,30600,30600,0,0,0,1,1,0,1,1,0,1,1,0,1,1,0,1,1,0,1,1,0,0,0,0,0,0,0,0,0,0,0,0,0,0,0,1.5252904483839266e-66,0,0,0,0,0,0,0,0,0,6.025069992976564e-14,0,0,0,0,0,0,0,0,0,0,0,0,0,0,0,0,0,0,0.99999999999993983,0,6.025069992976564e-14,0.99999999999993983
103300,NORMAL,4.8200559943812517e-14,1,4.8200559943812517e-14,0.99999999999995182,0,UNKNOWN,0.20000000000001444,0,1,0,0.99999999999995182,0,0,0,0,0,30600,30600,0,0,0,1,1,0,1,1,0,1,1,0,1,1,0,1,1,0,1,1,0,0,0,0,0,0,0,0,0,0,0,0,0,0,0,1.2202323587071413e-66,0,0,0,0,0,0,0,0,0,4.8200559943812517e-14,0,0,0,0,0,0,0,0,0,0,0,0,0,0,0,0,0,0,0.99999999999995182,0,4.8200559943812517e-14,0.99999999999995182
103400,NORMAL,3.8560447955050015e-14,1,3.8560447955050015e-14,0.99999999999996148,0,UNKNOWN,0.20000000000001159,0,1,0,0.99999999999996148,0,0,0,0,0,30600,30600,0,0,0,1,1,0,1,1,0,1,1,0,1,1,0,1,1,0,1,1,0,0,0,0,0,0,0,0,0,0,0,0,0,0,0,9.7618588696571307e-67,0,0,0,0,0,0,0,0,0,3.8560447955050015e-14,0,0,0,0,0,0,0,0,0,0,0,0,0,0,0,0,0,0,0.99999999999996148,0,3.8560447955050015e-14,0.99999999999996148
103500,NORMAL,3.084835836404001e-14,1,3.084835836404001e-14,0.99999999999996914,0,UNKNOWN,0.20000000000000925,0,1,0,0.99999999999996914,0,0,0,0,0,30600,30600,0,0,0,1,1,0,1,1,0,1,1,0,1,1,0,1,1,0,1,1,0,0,0,0,0,0,0,0,0,0,0,0,0,0,0,7.8094870957257048e-67,0,0,0,0,0,0,0,0,0,3.084835836404001e-14,0,0,0,0,0,0,0,0,0,0,0,0,0,0,0,0,0,0,0.99999999999996914,0,3.084835836404001e-14,0.99999999999996914
103600,NORMAL,2.4678686691232008e-14,1,2.4678686691232008e-14,0.99999999999997535,0,UNKNOWN,0.20000000000000742,0,1,0,0.99999999999997535,0,0,0,0,0,30600,30600,0,0,0,1,1,0,1,1,0,1,1,0,1,1,0,1,1,0,1,1,0,0,0,0,0,0,0,0,0,0,0,0,0,0,0,6.2475896765805644e-67,0,0,0,0,0,0,0,0,0,2.4678686691232008e-14,0,0,0,0,0,0,0,0,0,0,0,0,0,0,0,0,0,0,0.99999999999997535,0,2.4678686691232008e-14,0.99999999999997535
103700,NORMAL,1.9742949352985609e-14,1,1.9742949352985609e-14,0.99999999999998024,0,UNKNOWN,0.20000000000000592,0,1,0,0.99999999999998024,0,0,0,0,0,30600,30600,0,0,0,1,1,0,1,1,0,1,1,0,1,1,0,1,1,0,1,1,0,0,0,0,0,0,0,0,0,0,0,0,0,0,0,4.998071741264452e-67,0,0,0,0,0,0,0,0,0,1.9742949352985609e-14,0,0,0,0,0,0,0,0,0,0,0,0,0,0,0,0,0,0,0.99999999999998024,0,1.9742949352985609e-14,0.99999999999998024
103800,NORMAL,1.5794359482388487e-14,1,1.5794359482388487e-14,0.99999999999998423,0,UNKNOWN,0.20000000000000476,0,1,0,0.99999999999998423,0,0,0,0,0,30600,30600,0,0,0,1,1,0,1,1,0,1,1,0,1,1,0,1,1,0,1,1,0,0,0,0,0,0,0,0,0,0,0,0,0,0,0,3.9984573930115619e-67,0,0,0,0,0,0,0,0,0,1.5794359482388487e-14,0,0,0,0,0,0,0,0,0,0,0,0,0,0,0,0,0,0,0.99999999999998423,0,1.5794359482388487e-14,0.99999999999998423
103900,NORMAL,1.263548758591079e-14,1,1.263548758591079e-14,0.99999999999998734,0,UNKNOWN,0.20000000000000379,0,1,0,0.99999999999998734,0,0,0,0,0,30600,30600,0,0,0,1,1,0,1,1,0,1,1,0,1,1,0,1,1,0,1,1,0,0,0,0,0,0,0,0,0,0,0,0,0,0,0,3.1987659144092494e-67,0,0,0,0,0,0,0,0,0,1.263548758591079e-14,0,0,0,0,0,0,0,0,0,0,0,0,0,0,0,0,0,0,0.99999999999998734,0,1.263548758591079e-14,0.99999999999998734
104000,NORMAL,1.0108390068728632e-14,1,1.0108390068728632e-14,0.9999999999999899,0,UNKNOWN,0.20000000000000304,0,1,0,0.9999999999999899,0,0,0,0,0,30600,30600,0,0,0,1,1,0,1,1,0,1,1,0,1,1,0,1,1,0,1,1,0,0,0,0,0,0,0,0,0,0,0,0,0,0,0,2.5590127315273998e-67,0,0,0,0,0,0,0,0,0,1.0108390068728632e-14,0,0,0,0,0,0,0,0,0,0,0,0,0,0,0,0,0,0,0.9999999999999899,0,1.0108390068728632e-14,0.9999999999999899
104100,NORMAL,8.0867120549829066e-15,1,8.0867120549829066e-15,0.9999999999999919,0,UNKNOWN,0.20000000000000243,0,1,0,0.9999999999999919,0,0,0,0,0,30600,30600,0,0,0,1,1,0,1,1,0,1,1,0,1,1,0,1,1,0,1,1,0,0,0,0,0,0,0,0,0,0,0,0,0,0,0,2.04721018522192e-67,0,0,0,0,0,0,0,0,0,8.0867120549829066e-15,0,0,0,0,0,0,0,0,0,0,0,0,0,0,0,0,0,0,0.9999999999999919,0,8.0867120549829066e-15,0.9999999999999919
104200,NORMAL,6.4693696439863253e-15,1,6.4693696439863253e-15,0.99999999999999356,0,UNKNOWN,0.20000000000000195,0,1,0,0.99999999999999356,0,0,0,0,0,30600,30600,0,0,0,1,1,0,1,1,0,1,1,0,1,1,0,1,1,0,1,1,0,0,0,0,0,0,0,0,0,0,0,0,0,0,0,1.6377681481775359e-67,0,0,0,0,0,0,0,0,0,6.4693696439863253e-15,0,0,0,0,0,0,0,0,0,0,0,0,0,0,0,0,0,0,0.99999999999999356,0,6.4693696439863253e-15,0.99999999999999356
104300,NORMAL,5.1754957151890605e-15,1,5.1754957151890605e-15,0.99999999999999489,0,UNKNOWN,0.20000000000000157,0,1,0,0.99999999999999489,0,0,0,0,0,30600,30600,0,0,0,1,1,0,1,1,0,1,1,0,1,1,0,1,1,0,1,1,0,0,0,0,0,0,0,0,0,0,0,0,0,0,0,1.3102145185420288e-67,0,0,0,0,0,0,0,0,0,5.1754957151890605e-15,0,0,0,0,0,0,0,0,0,0,0,0,0,0,0,0,0,0,0.99999999999999489,0,5.1754957151890605e-15,0.99999999999999489
104400,NORMAL,4.1403965721512487e-15,1,4.1403965721512487e-15,0.99999999999999589,0,UNKNOWN,0.20000000000000126,0,1,0,0.99999999999999589,0,0,0,0,0,30600,30600,0,0,0,1,1,0,1,1,0,1,1,0,1,1,0,1,1,0,1,1,0,0,0,0,0,0,0,0,0,0,0,0,0,0,0,1.0481716148336232e-67,0,0,0,0,0,0,0,0,0,4.1403965721512487e-15,0,0,0,0,0,0,0,0,0,0,0,0,0,0,0,0,0,0,0.99999999999999589,0,4.1403965721512487e-15,0.99999999999999589
104500,NORMAL,3.3123172577209992e-15,1,3.3123172577209992e-15,0.99999999999999667,0,UNKNOWN,0.20000000000000101,0,1,0,0.99999999999999667,0,0,0,0,0,30600,30600,0,0,0,1,1,0,1,1,0,1,1,0,1,1,0,1,1,0,1,1,0,0,0,0,0,0,0,0,0,0,0,0,0,0,0,8.3853729186689858e-68,0,0,0,0,0,0,0,0,0,3.3123172577209992e-15,0,0,0,0,0,0,0,0,0,0,0,0,0,0,0,0,0,0,0.99999999999999667,0,3.3123172577209992e-15,0.99999999999999667
104600,NORMAL,2.6498538061767994e-15,1,2.6498538061767994e-15,0.99999999999999734,0,UNKNOWN,0.20000000000000079,0,1,0,0.99999999999999734,0,0,0,0,0,30600,30600,0,0,0,1,1,0,1,1,0,1,1,0,1,1,0,1,1,0,1,1,0,0,0,0,0,0,0,0,0,0,0,0,0,0,0,6.708298334935189e-68,0,0,0,0,0,0,0,0,0,2.6498538061767994e-15,0,0,0,0,0,0,0,0,0,0,0,0,0,0,0,0,0,0,0.99999999999999734,0,2.6498538061767994e-15,0.99999999999999734
104700,NORMAL,2.1198830449414396e-15,1,2.1198830449414396e-15,0.99999999999999789,0,UNKNOWN,0.20000000000000062,0,1,0,0.99999999999999789,0,0,0,0,0,30600,30600,0,0,0,1,1,0,1,1,0,1,1,0,1,1,0,1,1,0,1,1,0,0,0,0,0,0,0,0,0,0,0,0,0,0,0,5.3666386679481518e-68,0,0,0,0,0,0,0,0,0,2.1198830449414396e-15,0,0,0,0,0,0,0,0,0,0,0,0,0,0,0,0,0,0,0.99999999999999789,0,2.1198830449414396e-15,0.99999999999999789
104800,NORMAL,1.6959064359531517e-15,1,1.6959064359531517e-15,0.99999999999999833,0,UNKNOWN,0.20000000000000054,0,1,0,0.99999999999999833,0,0,0,0,0,30600,30600,0,0,0,1,1,0,1,1,0,1,1,0,1,1,0,1,1,0,1,1,0,0,0,0,0,0,0,0,0,0,0,0,0,0,0,4.2933109343585213e-68,0,0,0,0,0,0,0,0,0,1.6959064359531517e-15,0,0,0,0,0,0,0,0,0,0,0,0,0,0,0,0,0,0,0.99999999999999833,0,1.6959064359531517e-15,0.99999999999999833
104900,NORMAL,1.3567251487625213e-15,1,1.3567251487625213e-15,0.99999999999999867,0,UNKNOWN,0.2000000000000004,0,1,0,0.99999999999999867,0,0,0,0,0,30600,30600,0,0,0,1,1,0,1,1,0,1,1,0,1,1,0,1,1,0,1,1,0,0,0,0,0,0,0,0,0,0,0,0,0,0,0,3.4346487474868173e-68,0,0,0,0,0,0,0,0,0,1.3567251487625213e-15,0,0,0,0,0,0,0,0,0,0,0,0,0,0,0,0,0,0,0.99999999999999867,0,1.3567251487625213e-15,0.99999999999999867
105000,NORMAL,1.0853801190100171e-15,1,1.0853801190100171e-15,0.99999999999999889,0,UNKNOWN,0.20000000000000034,0,1,0,0.99999999999999889,0,0,0,0,0,30600,30600,0,0,0,1,1,0,1,1,0,1,1,0,1,1,0,1,1,0,1,1,0,0,0,0,0,0,0,0,0,0,0,0,0,0,0,2.7477189979894542e-68,0,0,0,0,0,0,0,0,0,1.0853801190100171e-15,0,0,0,0,0,0,0,0,0,0,0,0,0,0,0,0,0,0,0.99999999999999889,0,1.0853801190100171e-15,0.99999999999999889
105100,NORMAL,8.6830409520801373e-16,1,8.6830409520801373e-16,0.99999999999999911,0,UNKNOWN,0.20000000000000026,0,1,0,0.99999999999999911,0,0,0,0,0,30600,30600,0,0,0,1,1,0,1,1,0,1,1,0,1,1,0,1,1,0,1,1,0,0,0,0,0,0,0,0,0,0,0,0,0,0,0,2.1981751983915632e-68,0,0,0,0,0,0,0,0,0,8.6830409520801373e-16,0,0,0,0,0,0,0,0,0,0,0,0,0,0,0,0,0,0,0.99999999999999911,0,8.6830409520801373e-16,0.99999999999999911
105200,NORMAL,6.94643276166411e-16,1,6.94643276166411e-16,0.99999999999999933,0,UNKNOWN,0.20000000000000023,0,1,0,0.99999999999999933,0,0,0,0,0,30600,30600,0,0,0,1,1,0,1,1,0,1,1,0,1,1,0,1,1,0,1,1,0,0,0,0,0,0,0,0,0,0,0,0,0,0,0,1.7585401587132506e-68,0,0,0,0,0,0,0,0,0,6.94643276166411e-16,0,0,0,0,0,0,0,0,0,0,0,0,0,0,0,0,0,0,0.99999999999999933,0,6.94643276166411e-16,0.99999999999999933
105300,NORMAL,5.5571462093312884e-16,1,5.5571462093312884e-16,0.99999999999999944,0,UNKNOWN,0.20000000000000018,0,1,0,0.99999999999999944,0,0,0,0,0,30600,30600,0,0,0,1,1,0,1,1,0,1,1,0,1,1,0,1,1,0,1,1,0,0,0,0,0,0,0,0,0,0,0,0,0,0,0,1.4068321269706006e-68,0,0,0,0,0,0,0,0,0,5.5571462093312884e-16,0,0,0,0,0,0,0,0,0,0,0,0,0,0,0,0,0,0,0.99999999999999944,0,5.5571462093312884e-16,0.99999999999999944
105400,NORMAL,4.4457169674650307e-16,1,4.4457169674650307e-16,0.99999999999999956,0,UNKNOWN,0.20000000000000012,0,1,0,0.99999999999999956,0,0,0,0,0,30600,30600,0,0,0,1,1,0,1,1,0,1,1,0,1,1,0,1,1,0,1,1,0,0,0,0,0,0,0,0,0,0,0,0,0,0,0,1.1254657015764805e-68,0,0,0,0,0,0,0,0,0,4.4457169674650307e-16,0,0,0,0,0,0,0,0,0,0,0,0,0,0,0,0,0,0,0.99999999999999956,0,4.4457169674650307e-16,0.99999999999999956
105500,NORMAL,3.5565735739720248e-16,1,3.5565735739720248e-16,0.99999999999999967,0,UNKNOWN,0.20000000000000009,0,1,0,0.99999999999999967,0,0,0,0,0,30600,30600,0,0,0,1,1,0,1,1,0,1,1,0,1,1,0,1,1,0,1,1,0,0,0,0,0,0,0,0,0,0,0,0,0,0,0,9.0037256126118446e-69,0,0,0,0,0,0,0,0,0,3.5565735739720248e-16,0,0,0,0,0,0,0,0,0,0,0,0,0,0,0,0,0,0,0.99999999999999967,0,3.5565735739720248e-16,0.99999999999999967
105600,NORMAL,2.8452588591776202e-16,1,2.8452588591776202e-16,0.99999999999999978,0,UNKNOWN,0.20000000000000009,0,1,0,0.99999999999999978,0,0,0,0,0,30600,30600,0,0,0,1,1,0,1,1,0,1,1,0,1,1,0,1,1,0,1,1,0,0,0,0,0,0,0,0,0,0,0,0,0,0,0,7.2029804900894763e-69,0,0,0,0,0,0,0,0,0,2.8452588591776202e-16,0,0,0,0,0,0,0,0,0,0,0,0,0,0,0,0,0,0,0.99999999999999978,0,2.8452588591776202e-16,0.99999999999999978
105700,NORMAL,2.2762070873420963e-16,1,2.2762070873420963e-16,0.99999999999999978,0,UNKNOWN,0.20000000000000007,0,1,0,0.99999999999999978,0,0,0,0,0,30600,30600,0,0,0,1,1,0,1,1,0,1,1,0,1,1,0,1,1,0,1,1,0,0,0,0,0,0,0,0,0,0,0,0,0,0,0,5.7623843920715812e-69,0,0,0,0,0,0,0,0,0,2.2762070873420963e-16,0,0,0,0,0,0,0,0,0,0,0,0,0,0,0,0,0,0,0.99999999999999978,0,2.2762070873420963e-16,0.99999999999999978
105800,NORMAL,1.8209656698736771e-16,1,1.8209656698736771e-16,0.99999999999999978,0,UNKNOWN,0.20000000000000004,0,1,0,0.99999999999999978,0,0,0,0,0,30600,30600,0,0,0,1,1,0,1,1,0,1,1,0,1,1,0,1,1,0,1,1,0,0,0,0,0,0,0,0,0,0,0,0,0,0,0,4.609907513657265e-69,0,0,0,0,0,0,0,0,0,1.8209656698736771e-16,0,0,0,0,0,0,0,0,0,0,0,0,0,0,0,0,0,0,0.99999999999999978,0,1.8209656698736771e-16,0.99999999999999978
105900,NORMAL,1.456772535898942e-16,1,1.456772535898942e-16,0.99999999999999989,0,UNKNOWN,0.20000000000000007,0,1,0,0.99999999999999989,0,0,0,0,0,30600,30600,0,0,0,1,1,0,1,1,0,1,1,0,1,1,0,1,1,0,1,1,0,0,0,0,0,0,0,0,0,0,0,0,0,0,0,3.6879260109258129e-69,0,0,0,0,0,0,0,0,0,1.456772535898942e-16,0,0,0,0,0,0,0,0,0,0,0,0,0,0,0,0,0,0,0.99999999999999989,0,1.456772535898942e-16,0.99999999999999989
106000,NORMAL,1.1654180287191536e-16,1,1.1654180287191536e-16,0.99999999999999989,0,UNKNOWN,0.20000000000000004,0,1,0,0.99999999999999989,0,0,0,0,0,30600,30600,0,0,0,1,1,0,1,1,0,1,1,0,1,1,0,1,1,0,1,1,0,0,0,0,0,0,0,0,0,0,0,0,0,0,0,2.9503408087406504e-69,0,0,0,0,0,0,0,0,0,1.1654180287191536e-16,0,0,0,0,0,0,0,0,0,0,0,0,0,0,0,0,0,0,0.99999999999999989,0,1.1654180287191536e-16,0.99999999999999989
106100,NORMAL,9.3233442297532301e-17,1,9.3233442297532301e-17,0.99999999999999989,0,UNKNOWN,0.20000000000000004,0,1,0,0.99999999999999989,0,0,0,0,0,30600,30600,0,0,0,1,1,0,1,1,0,1,1,0,1,1,0,1,1,0,1,1,0,0,0,0,0,0,0,0,0,0,0,0,0,0,0,2.3602726469925205e-69,0,0,0,0,0,0,0,0,0,9.3233442297532301e-17,0,0,0,0,0,0,0,0,0,0,0,0,0,0,0,0,0,0,0.99999999999999989,0,9.3233442297532301e-17,0.99999999999999989
106200,NORMAL,7.4586753838025846e-17,1,7.4586753838025846e-17,0.99999999999999989,0,UNKNOWN,0.20000000000000001,0,1,0,0.99999999999999989,0,0,0,0,0,30600,30600,0,0,0,1,1,0,1,1,0,1,1,0,1,1,0,1,1,0,1,1,0,0,0,0,0,0,0,0,0,0,0,0,0,0,0,1.8882181175940165e-69,0,0,0,0,0,0,0,0,0,7.4586753838025846e-17,0,0,0,0,0,0,0,0,0,0,0,0,0,0,0,0,0,0,0.99999999999999989,0,7.4586753838025846e-17,0.99999999999999989
106300,NORMAL,5.9669403070420674e-17,1,5.9669403070420674e-17,0.99999999999999989,0,UNKNOWN,0.20000000000000001,0,1,0,0.99999999999999989,0,0,0,0,0,30600,30600,0,0,0,1,1,0,1,1,0,1,1,0,1,1,0,1,1,0,1,1,0,0,0,0,0,0,0,0,0,0,0,0,0,0,0,1.5105744940752134e-69,0,0,0,0,0,0,0,0,0,5.9669403070420674e-17,0,0,0,0,0,0,0,0,0,0,0,0,0,0,0,0,0,0,0.99999999999999989,0,5.9669403070420674e-17,0.99999999999999989
106400,NORMAL,4.7735522456336548e-17,1,4.7735522456336548e-17,1,0,UNKNOWN,0.20000000000000004,0,1,0,1,0,0,0,0,0,30600,30600,0,0,0,1,1,0,1,1,0,1,1,0,1,1,0,1,1,0,1,1,0,0,0,0,0,0,0,0,0,0,0,0,0,0,0,1.2084595952601711e-69,0,0,0,0,0,0,0,0,0,4.7735522456336548e-17,0,0,0,0,0,0,0,0,0,0,0,0,0,0,0,0,0,0,1,0,4.7735522456336548e-17,1
106500,NORMAL,3.8188417965069242e-17,1,3.8188417965069242e-17,1,0,UNKNOWN,0.20000000000000004,0,1,0,1,0,0,0,0,0,30600,30600,0,0,0,1,1,0,1,1,0,1,1,0,1,1,0,1,1,0,1,1,0,0,0,0,0,0,0,0,0,0,0,0,0,0,0,9.6676767620813696e-70,0,0,0,0,0,0,0,0,0,3.8188417965069242e-17,0,0,0,0,0,0,0,0,0,0,0,0,0,0,0,0,0,0,1,0,3.8188417965069242e-17,1
106600,NORMAL,3.0550734372055394e-17,1,3.0550734372055394e-17,1,0,UNKNOWN,0.20000000000000004,0,1,0,1,0,0,0,0,0,30600,30600,0,0,0,1,1,0,1,1,0,1,1,0,1,1,0,1,1,0,1,1,0,0,0,0,0,0,0,0,0,0,0,0,0,0,0,7.7341414096650956e-70,0,0,0,0,0,0,0,0,0,3.0550734372055394e-17,0,0,0,0,0,0,0,0,0,0,0,0,0,0,0,0,0,0,1,0,3.0550734372055394e-17,1
106700,NORMAL,2.4440587497644315e-17,1,2.4440587497644315e-17,1,0,UNKNOWN,0.20000000000000001,0,1,0,1,0,0,0,0,0,30600,30600,0,0,0,1,1,0,1,1,0,1,1,0,1,1,0,1,1,0,1,1,0,0,0,0,0,0,0,0,0,0,0,0,0,0,0,6.187313127732077e-70,0,0,0,0,0,0,0,0,0,2.4440587497644315e-17,0,0,0,0,0,0,0,0,0,0,0,0,0,0,0,0,0,0,1,0,2.4440587497644315e-17,1
106800,NORMAL,1.9552469998115452e-17,1,1.9552469998115452e-17,1,0,UNKNOWN,0.20000000000000001,0,1,0,1,0,0,0,0,0,30600,30600,0,0,0,1,1,0,1,1,0,1,1,0,1,1,0,1,1,0,1,1,0,0,0,0,0,0,0,0,0,0,0,0,0,0,0,4.949850502185662e-70,0,0,0,0,0,0,0,0,0,1.9552469998115452e-17,0,0,0,0,0,0,0,0,0,0,0,0,0,0,0,0,0,0,1,0,1.9552469998115452e-17,1
106900,NORMAL,1.5641975998492363e-17,1,1.5641975998492363e-17,1,0,UNKNOWN,0.20000000000000001,0,1,0,1,0,0,0,0,0,30600,30600,0,0,0,1,1,0,1,1,0,1,1,0,1,1,0,1,1,0,1,1,0,0,0,0,0,0,0,0,0,0,0,0,0,0,0,3.9598804017485297e-70,0,0,0,0,0,0,0,0,0,1.5641975998492363e-17,0,0,0,0,0,0,0,0,0,0,0,0,0,0,0,0,0,0,1,0,1.5641975998492363e-17,1
107000,NORMAL,1.2513580798793892e-17,1,1.2513580798793892e-17,1,0,UNKNOWN,0.20000000000000001,0,1,0,1,0,0,0,0,0,30600,30600,0,0,0,1,1,0,1,1,0,1,1,0,1,1,0,1,1,0,1,1,0,0,0,0,0,0,0,0,0,0,0,0,0,0,0,3.1679043213988242e-70,0,0,0,0,0,0,0,0,0,1.2513580798793892e-17,0,0,0,0,0,0,0,0,0,0,0,0,0,0,0,0,0,0,1,0,1.2513580798793892e-17,1
107100,NORMAL,1.0010864639035114e-17,1,1.0010864639035114e-17,1,0,UNKNOWN,0.20000000000000001,0,1,0,1,0,0,0,0,0,30600,30600,0,0,0,1,1,0,1,1,0,1,1,0,1,1,0,1,1,0,1,1,0,0,0,0,0,0,0,0,0,0,0,0,0,0,0,2.5343234571190594e-70,0,0,0,0,0,0,0,0,0,1.0010864639035114e-17,0,0,0,0,0,0,0,0,0,0,0,0,0,0,0,0,0,0,1,0,1.0010864639035114e-17,1
107200,NORMAL,8.0086917112280922e-18,1,8.0086917112280922e-18,1,0,UNKNOWN,0.20000000000000001,0,1,0,1,0,0,0,0,0,30600,30600,0,0,0,1,1,0,1,1,0,1,1,0,1,1,0,1,1,0,1,1,0,0,0,0,0,0,0,0,0,0,0,0,0,0,0,2.0274587656952476e-70,0,0,0,0,0,0,0,0,0,8.0086917112280922e-18,0,0,0,0,0,0,0,0,0,0,0,0,0,0,0,0,0,0,1,0,8.0086917112280922e-18,1
107300,NORMAL,6.4069533689824744e-18,1,6.4069533689824744e-18,1,0,UNKNOWN,0.20000000000000001,0,1,0,1,0,0,0,0,0,30600,30600,0,0,0,1,1,0,1,1,0,1,1,0,1,1,0,1,1,0,1,1,0,0,0,0,0,0,0,0,0,0,0,0,0,0,0,1.621967012556198e-70,0,0,0,0,0,0,0,0,0,6.4069533689824744e-18,0,0,0,0,0,0,0,0,0,0,0,0,0,0,0,0,0,0,1,0,6.4069533689824744e-18,1
107400,NORMAL,5.12556269518598e-18,1,5.12556269518598e-18,1,0,UNKNOWN,0.20000000000000001,0,1,0,1,0,0,0,0,0,30600,30600,0,0,0,1,1,0,1,1,0,1,1,0,1,1,0,1,1,0,1,1,0,0,0,0,0,0,0,0,0,0,0,0,0,0,0,1.2975736100449585e-70,0,0,0,0,0,0,0,0,0,5.12556269518598e-18,0,0,0,0,0,0,0,0,0,0,0,0,0,0,0,0,0,0,1,0,5.12556269518598e-18,1
107500,NORMAL,4.1004501561487843e-18,1,4.1004501561487843e-18,1,0,UNKNOWN,0.20000000000000001,0,1,0,1,0,0,0,0,0,30600,30600,0,0,0,1,1,0,1,1,0,1,1,0,1,1,0,1,1,0,1,1,0,0,0,0,0,0,0,0,0,0,0,0,0,0,0,1.0380588880359668e-70,0,0,0,0,0,0,0,0,0,4.1004501561487843e-18,0,0,0,0,0,0,0,0,0,0,0,0,0,0,0,0,0,0,1,0,4.1004501561487843e-18,1
107600,NORMAL,3.2803601249190277e-18,1,3.2803601249190277e-18,1,0,UNKNOWN,0.20000000000000001,0,1,0,1,0,0,0,0,0,30600,30600,0,0,0,1,1,0,1,1,0,1,1,0,1,1,0,1,1,0,1,1,0,0,0,0,0,0,0,0,0,0,0,0,0,0,0,8.3044711042877351e-71,0,0,0,0,0,0,0,0,0,3.2803601249190277e-18,0,0,0,0,0,0,0,0,0,0,0,0,0,0,0,0,0,0,1,0,3.2803601249190277e-18,1
107700,NORMAL,2.6242880999352222e-18,1,2.6242880999352222e-18,1,0,UNKNOWN,0.20000000000000001,0,1,0,1,0,0,0,0,0,30600,30600,0,0,0,1,1,0,1,1,0,1,1,0,1,1,0,1,1,0,1,1,0,0,0,0,0,0,0,0,0,0,0,0,0,0,0,6.6435768834301885e-71,0,0,0,0,0,0,0,0,0,2.6242880999352222e-18,0,0,0,0,0,0,0,0,0,0,0,0,0,0,0,0,0,0,1,0,2.6242880999352222e-18,1
107800,NORMAL,2.099430479948178e-18,1,2.099430479948178e-18,1,0,UNKNOWN,0.20000000000000001,0,1,0,1,0,0,0,0,0,30600,30600,0,0,0,1,1,0,1,1,0,1,1,0,1,1,0,1,1,0,1,1,0,0,0,0,0,0,0,0,0,0,0,0,0,0,0,5.3148615067441513e-71,0,0,0,0,0,0,0,0,0,2.099430479948178e-18,0,0,0,0,0,0,0,0,0,0,0,0,0,0,0,0,0,0,1,0,2.099430479948178e-18,1
107900,NORMAL,1.6795443839585424e-18,1,1.6795443839585424e-18,1,0,UNKNOWN,0.20000000000000001,0,1,0,1,0,0,0,0,0,30600,30600,0,0,0,1,1,0,1,1,0,1,1,0,1,1,0,1,1,0,1,1,0,0,0,0,0,0,0,0,0,0,0,0,0,0,0,4.2518892053953212e-71,0,0,0,0,0,0,0,0,0,1.6795443839585424e-18,0,0,0,0,0,0,0,0,0,0,0,0,0,0,0,0,0,0,1,0,1.6795443839585424e-18,1
108000,NORMAL,1.343635507166834e-18,1,1.343635507166834e-18,1,0,UNKNOWN,0.20000000000000001,0,1,0,1,0,0,0,0,0,30600,30600,0,0,0,1,1,0,1,1,0,1,1,0,1,1,0,1,1,0,1,1,0,0,0,0,0,0,0,0,0,0,0,0,0,0,0,3.401511364316257e-71,0,0,0,0,0,0,0,0,0,1.343635507166834e-18,0,0,0,0,0,0,0,0,0,0,0,0,0,0,0,0,0,0,1,0,1.343635507166834e-18,1
108100,NORMAL,1.0749084057334673e-18,1,1.0749084057334673e-18,1,0,UNKNOWN,0.20000000000000001,0,1,0,1,0,0,0,0,0,30600,30600,0,0,0,1,1,0,1,1,0,1,1,0,1,1,0,1,1,0,1,1,0,0,0,0,0,0,0,0,0,0,0,0,0,0,0,2.721209091453006e-71,0,0,0,0,0,0,0,0,0,1.0749084057334673e-18,0,0,0,0,0,0,0,0,0,0,0,0,0,0,0,0,0,0,1,0,1.0749084057334673e-18,1
108200,NORMAL,8.5992672458677389e-19,1,8.5992672458677389e-19,1,0,UNKNOWN,0.20000000000000001,0,1,0,1,0,0,0,0,0,30600,30600,0,0,0,1,1,0,1,1,0,1,1,0,1,1,0,1,1,0,1,1,0,0,0,0,0,0,0,0,0,0,0,0,0,0,0,2.1769672731624048e-71,0,0,0,0,0,0,0,0,0,8.5992672458677389e-19,0,0,0,0,0,0,0,0,0,0,0,0,0,0,0,0,0,0,1,0,8.5992672458677389e-19,1
108300,NORMAL,6.8794137966941911e-19,1,6.8794137966941911e-19,1,0,UNKNOWN,0.20000000000000001,0,1,0,1,0,0,0,0,0,30600,30600,0,0,0,1,1,0,1,1,0,1,1,0,1,1,0,1,1,0,1,1,0,0,0,0,0,0,0,0,0,0,0,0,0,0,0,1.7415738185299239e-71,0,0,0,0,0,0,0,0,0,6.8794137966941911e-19,0,0,0,0,0,0,0,0,0,0,0,0,0,0,0,0,0,0,1,0,6.8794137966941911e-19,1
108400,NORMAL,5.5035310373553529e-19,1,5.5035310373553529e-19,1,0,UNKNOWN,0.20000000000000001,0,1,0,1,0,0,0,0,0,30600,30600,0,0,0,1,1,0,1,1,0,1,1,0,1,1,0,1,1,0,1,1,0,0,0,0,0,0,0,0,0,0,0,0,0,0,0,1.3932590548239392e-71,0,0,0,0,0,0,0,0,0,5.5035310373553529e-19,0,0,0,0,0,0,0,0,0,0,0,0,0,0,0,0,0,0,1,0,5.5035310373553529e-19,1
108500,NORMAL,4.4028248298842821e-19,1,4.4028248298842821e-19,1,0,UNKNOWN,0.20000000000000001,0,1,0,1,0,0,0,0,0,30600,30600,0,0,0,1,1,0,1,1,0,1,1,0,1,1,0,1,1,0,1,1,0,0,0,0,0,0,0,0,0,0,0,0,0,0,0,1.1146072438591515e-71,0,0,0,0,0,0,0,0,0,4.4028248298842821e-19,0,0,0,0,0,0,0,0,0,0,0,0,0,0,0,0,0,0,1,0,4.4028248298842821e-19,1
108600,NORMAL,3.522259863907426e-19,1,3.522259863907426e-19,1,0,UNKNOWN,0.20000000000000001,0,1,0,1,0,0,0,0,0,30600,30600,0,0,0,1,1,0,1,1,0,1,1,0,1,1,0,1,1,0,1,1,0,0,0,0,0,0,0,0,0,0,0,0,0,0,0,8.9168579508732118e-72,0,0,0,0,0,0,0,0,0,3.522259863907426e-19,0,0,0,0,0,0,0,0,0,0,0,0,0,0,0,0,0,0,1,0,3.522259863907426e-19,1
108700,NORMAL,2.8178078911259408e-19,1,2.8178078911259408e-19,1,0,UNKNOWN,0.20000000000000001,0,1,0,1,0,0,0,0,0,30600,30600,0,0,0,1,1,0,1,1,0,1,1,0,1,1,0,1,1,0,1,1,0,0,0,0,0,0,0,0,0,0,0,0,0,0,0,7.13348636069857e-72,0,0,0,0,0,0,0,0,0,2.8178078911259408e-19,0,0,0,0,0,0,0,0,0,0,0,0,0,0,0,0,0,0,1,0,2.8178078911259408e-19,1
108800,NORMAL,2.2542463129007529e-19,1,2.2542463129007529e-19,1,0,UNKNOWN,0.20000000000000001,0,1,0,1,0,0,0,0,0,30600,30600,0,0,0,1,1,0,1,1,0,1,1,0,1,1,0,1,1,0,1,1,0,0,0,0,0,0,0,0,0,0,0,0,0,0,0,5.7067890885588564e-72,0,0,0,0,0,0,0,0,0,2.2542463129007529e-19,0,0,0,0,0,0,0,0,0,0,0,0,0,0,0,0,0,0,1,0,2.2542463129007529e-19,1
108900,NORMAL,1.8033970503206025e-19,1,1.8033970503206025e-19,1,0,UNKNOWN,0.20000000000000001,0,1,0,1,0,0,0,0,0,30600,30600,0,0,0,1,1,0,1,1,0,1,1,0,1,1,0,1,1,0,1,1,0,0,0,0,0,0,0,0,0,0,0,0,0,0,0,4.565431270847085e-72,0,0,0,0,0,0,0,0,0,1.8033970503206025e-19,0,0,0,0,0,0,0,0,0,0,0,0,0,0,0,0,0,0,1,0,1.8033970503206025e-19,1
109000,NORMAL,1.442717640256482e-19,1,1.442717640256482e-19,1,0,UNKNOWN,0.20000000000000001,0,1,0,1,0,0,0,0,0,30600,30600,0,0,0,1,1,0,1,1,0,1,1,0,1,1,0,1,1,0,1,1,0,0,0,0,0,0,0,0,0,0,0,0,0,0,0,3.652345016677668e-72,0,0,0,0,0,0,0,0,0,1.442717640256482e-19,0,0,0,0,0,0,0,0,0,0,0,0,0,0,0,0,0,0,1,0,1.442717640256482e-19,1
109100,NORMAL,1.1541741122051856e-19,1,1.1541741122051856e-19,1,0,UNKNOWN,0.20000000000000001,0,1,0,1,0,0,0,0,0,30600,30600,0,0,0,1,1,0,1,1,0,1,1,0,1,1,0,1,1,0,1,1,0,0,0,0,0,0,0,0,0,0,0,0,0,0,0,2.9218760133421345e-72,0,0,0,0,0,0,0,0,0,1.1541741122051856e-19,0,0,0,0,0,0,0,0,0,0,0,0,0,0,0,0,0,0,1,0,1.1541741122051856e-19,1
109200,NORMAL,9.2333928976414856e-20,1,9.2333928976414856e-20,1,0,UNKNOWN,0.20000000000000001,0,1,0,1,0,0,0,0,0,30600,30600,0,0,0,1,1,0,1,1,0,1,1,0,1,1,0,1,1,0,1,1,0,0,0,0,0,0,0,0,0,0,0,0,0,0,0,2.3375008106737077e-72,0,0,0,0,0,0,0,0,0,9.2333928976414856e-20,0,0,0,0,0,0,0,0,0,0,0,0,0,0,0,0,0,0,1,0,9.2333928976414856e-20,1
109300,NORMAL,7.3867143181131892e-20,1,7.3867143181131892e-20,1,0,UNKNOWN,0.20000000000000001,0,1,0,1,0,0,0,0,0,30600,30600,0,0,0,1,1,0,1,1,0,1,1,0,1,1,0,1,1,0,1,1,0,0,0,0,0,0,0,0,0,0,0,0,0,0,0,1.8700006485389662e-72,0,0,0,0,0,0,0,0,0,7.3867143181131892e-20,0,0,0,0,0,0,0,0,0,0,0,0,0,0,0,0,0,0,1,0,7.3867143181131892e-20,1
109400,NORMAL,5.9093714544905514e-20,1,5.9093714544905514e-20,1,0,UNKNOWN,0.20000000000000001,0,1,0,1,0,0,0,0,0,30600,30600,0,0,0,1,1,0,1,1,0,1,1,0,1,1,0,1,1,0,1,1,0,0,0,0,0,0,0,0,0,0,0,0,0,0,0,1.4960005188311732e-72,0,0,0,0,0,0,0,0,0,5.9093714544905514e-20,0,0,0,0,0,0,0,0,0,0,0,0,0,0,0,0,0,0,1,0,5.9093714544905514e-20,1
109500,NORMAL,4.7274971635924412e-20,1,4.7274971635924412e-20,1,0,UNKNOWN,0.20000000000000001,0,1,0,1,0,0,0,0,0,30600,30600,0,0,0,1,1,0,1,1,0,1,1,0,1,1,0,1,1,0,1,1,0,0,0,0,0,0,0,0,0,0,0,0,0,0,0,1.1968004150649386e-72,0,0,0,0,0,0,0,0,0,4.7274971635924412e-20,0,0,0,0,0,0,0,0,0,0,0,0,0,0,0,0,0,0,1,0,4.7274971635924412e-20,1
109600,NORMAL,3.7819977308739535e-20,1,3.7819977308739535e-20,1,0,UNKNOWN,0.20000000000000001,0,1,0,1,0,0,0,0,0,30600,30600,0,0,0,1,1,0,1,1,0,1,1,0,1,1,0,1,1,0,1,1,0,0,0,0,0,0,0,0,0,0,0,0,0,0,0,9.574403320519509e-73,0,0,0,0,0,0,0,0,0,3.7819977308739535e-20,0,0,0,0,0,0,0,0,0,0,0,0,0,0,0,0,0,0,1,0,3.7819977308739535e-20,1
109700,NORMAL,3.0255981846991629e-20,1,3.0255981846991629e-20,1,0,UNKNOWN,0.20000000000000001,0,1,0,1,0,0,0,0,0,30600,30600,0,0,0,1,1,0,1,1,0,1,1,0,1,1,0,1,1,0,1,1,0,0,0,0,0,0,0,0,0,0,0,0,0,0,0,7.6595226564156077e-73,0,0,0,0,0,0,0,0,0,3.0255981846991629e-20,0,0,0,0,0,0,0,0,0,0,0,0,0,0,0,0,0,0,1,0,3.0255981846991629e-20,1
109800,NORMAL,2.4204785477593303e-20,1,2.4204785477593303e-20,1,0,UNKNOWN,0.20000000000000001,0,1,0,1,0,0,0,0,0,30600,30600,0,0,0,1,1,0,1,1,0,1,1,0,1,1,0,1,1,0,1,1,0,0,0,0,0,0,0,0,0,0,0,0,0,0,0,6.1276181251324859e-73,0,0,0,0,0,0,0,0,0,2.4204785477593303e-20,0,0,0,0,0,0,0,0,0,0,0,0,0,0,0,0,0,0,1,0,2.4204785477593303e-20,1
109900,NORMAL,1.9363828382074643e-20,1,1.9363828382074643e-20,1,0,UNKNOWN,0.20000000000000001,0,1,0,1,0,0,0,0,0,30600,30600,0,0,0,1,1,0,1,1,0,1,1,0,1,1,0,1,1,0,1,1,0,0,0,0,0,0,0,0,0,0,0,0,0,0,0,4.902094500105989e-73,0,0,0,0,0,0,0,0,0,1.9363828382074643e-20,0,0,0,0,0,0,0,0,0,0,0,0,0,0,0,0,0,0,1,0,1.9363828382074643e-20,1
110000,NORMAL,1.5491062705659716e-20,1,1.5491062705659716e-20,1,0,UNKNOWN,0.20000000000000001,0,1,0,1,0,0,0,0,0,30600,30600,0,0,0,1,1,0,1,1,0,1,1,0,1,1,0,1,1,0,1,1,0,0,0,0,0,0,0,0,0,0,0,0,0,0,0,3.9216756000847914e-73,0,0,0,0,0,0,0,0,0,1.5491062705659716e-20,0,0,0,0,0,0,0,0,0,0,0,0,0,0,0,0,0,0,1,0,1.5491062705659716e-20,1
110100,NORMAL,1.2392850164527773e-20,1,1.2392850164527773e-20,1,0,UNKNOWN,0.20000000000000001,0,1,0,1,0,0,0,0,0,30600,30600,0,0,0,1,1,0,1,1,0,1,1,0,1,1,0,1,1,0,1,1,0,0,0,0,0,0,0,0,0,0,0,0,0,0,0,3.137340480067833e-73,0,0,0,0,0,0,0,0,0,1.2392850164527773e-20,0,0,0,0,0,0,0,0,0,0,0,0,0,0,0,0,0,0,1,0,1.2392850164527773e-20,1
110200,NORMAL,9.9142801316222189e-21,1,9.9142801316222189e-21,1,0,UNKNOWN,0.20000000000000001,0,1,0,1,0,0,0,0,0,30600,30600,0,0,0,1,1,0,1,1,0,1,1,0,1,1,0,1,1,0,1,1,0,0,0,0,0,0,0,0,0,0,0,0,0,0,0,2.5098723840542666e-73,0,0,0,0,0,0,0,0,0,9.9142801316222189e-21,0,0,0,0,0,0,0,0,0,0,0,0,0,0,0,0,0,0,1,0,9.9142801316222189e-21,1
110300,NORMAL,7.9314241052977757e-21,1,7.9314241052977757e-21,1,0,UNKNOWN,0.20000000000000001,0,1,0,1,0,0,0,0,0,30600,30600,0,0,0,1,1,0,1,1,0,1,1,0,1,1,0,1,1,0,1,1,0,0,0,0,0,0,0,0,0,0,0,0,0,0,0,2.0078979072434133e-73,0,0,0,0,0,0,0,0,0,7.9314241052977757e-21,0,0,0,0,0,0,0,0,0,0,0,0,0,0,0,0,0,0,1,0,7.9314241052977757e-21,1
110400,NORMAL,6.3451392842382209e-21,1,6.3451392842382209e-21,1,0,UNKNOWN,0.20000000000000001,0,1,0,1,0,0,0,0,0,30600,30600,0,0,0,1,1,0,1,1,0,1,1,0,1,1,0,1,1,0,1,1,0,0,0,0,0,0,0,0,0,0,0,0,0,0,0,1.6063183257947306e-73,0,0,0,0,0,0,0,0,0,6.3451392842382209e-21,0,0,0,0,0,0,0,0,0,0,0,0,0,0,0,0,0,0,1,0,6.3451392842382209e-21,1
110500,NORMAL,5.0761114273905769e-21,1,5.0761114273905769e-21,1,0,UNKNOWN,0.20000000000000001,0,1,0,1,0,0,0,0,0,30600,30600,0,0,0,1,1,0,1,1,0,1,1,0,1,1,0,1,1,0,1,1,0,0,0,0,0,0,0,0,0,0,0,0,0,0,0,1.2850546606357846e-73,0,0,0,0,0,0,0,0,0,5.0761114273905769e-21,0,0,0,0,0,0,0,0,0,0,0,0,0,0,0,0,0,0,1,0,5.0761114273905769e-21,1
110600,NORMAL,4.0608891419124615e-21,1,4.0608891419124615e-21,1,0,UNKNOWN,0.20000000000000001,0,1,0,1,0,0,0,0,0,30600,30600,0,0,0,1,1,0,1,1,0,1,1,0,1,1,0,1,1,0,1,1,0,0,0,0,0,0,0,0,0,0,0,0,0,0,0,1.0280437285086277e-73,0,0,0,0,0,0,0,0,0,4.0608891419124615e-21,0,0,0,0,0,0,0,0,0,0,0,0,0,0,0,0,0,0,1,0,4.0608891419124615e-21,1
110700,NORMAL,3.2487113135299693e-21,1,3.2487113135299693e-21,1,0,UNKNOWN,0.20000000000000001,0,1,0,1,0,0,0,0,0,30600,30600,0,0,0,1,1,0,1,1,0,1,1,0,1,1,0,1,1,0,1,1,0,0,0,0,0,0,0,0,0,0,0,0,0,0,0,8.2243498280690225e-74,0,0,0,0,0,0,0,0,0,3.2487113135299693e-21,0,0,0,0,0,0,0,0,0,0,0,0,0,0,0,0,0,0,1,0,3.2487113135299693e-21,1
110800,NORMAL,2.5989690508239754e-21,1,2.5989690508239754e-21,1,0,UNKNOWN,0.20000000000000001,0,1,0,1,0,0,0,0,0,30600,30600,0,0,0,1,1,0,1,1,0,1,1,0,1,1,0,1,1,0,1,1,0,0,0,0,0,0,0,0,0,0,0,0,0,0,0,6.579479862455218e-74,0,0,0,0,0,0,0,0,0,2.5989690508239754e-21,0,0,0,0,0,0,0,0,0,0,0,0,0,0,0,0,0,0,1,0,2.5989690508239754e-21,1
110900,NORMAL,2.0791752406591804e-21,1,2.0791752406591804e-21,1,0,UNKNOWN,0.20000000000000001,0,1,0,1,0,0,0,0,0,30600,30600,0,0,0,1,1,0,1,1,0,1,1,0,1,1,0,1,1,0,1,1,0,0,0,0,0,0,0,0,0,0,0,0,0,0,0,5.2635838899641747e-74,0,0,0,0,0,0,0,0,0,2.0791752406591804e-21,0,0,0,0,0,0,0,0,0,0,0,0,0,0,0,0,0,0,1,0,2.0791752406591804e-21,1
111000,NORMAL,1.6633401925273443e-21,1,1.6633401925273443e-21,1,0,UNKNOWN,0.20000000000000001,0,1,0,1,0,0,0,0,0,30600,30600,0,0,0,1,1,0,1,1,0,1,1,0,1,1,0,1,1,0,1,1,0,0,0,0,0,0,0,0,0,0,0,0,0,0,0,4.2108671119713402e-74,0,0,0,0,0,0,0,0,0,1.6633401925273443e-21,0,0,0,0,0,0,0,0,0,0,0,0,0,0,0,0,0,0,1,0,1.6633401925273443e-21,1
111100,NORMAL,1.3306721540218755e-21,1,1.3306721540218755e-21,1,0,UNKNOWN,0.20000000000000001,0,1,0,1,0,0,0,0,0,30600,30600,0,0,0,1,1,0,1,1,0,1,1,0,1,1,0,1,1,0,1,1,0,0,0,0,0,0,0,0,0,0,0,0,0,0,0,3.3686936895770723e-74,0,0,0,0,0,0,0,0,0,1.3306721540218755e-21,0,0,0,0,0,0,0,0,0,0,0,0,0,0,0,0,0,0,1,0,1.3306721540218755e-21,1
111200,NORMAL,1.0645377232175005e-21,1,1.0645377232175005e-21,1,0,UNKNOWN,0.20000000000000001,0,1,0,1,0,0,0,0,0,30600,30600,0,0,0,1,1,0,1,1,0,1,1,0,1,1,0,1,1,0,1,1,0,0,0,0,0,0,0,0,0,0,0,0,0,0,0,2.694954951661658e-74,0,0,0,0,0,0,0,0,0,1.0645377232175005e-21,0,0,0,0,0,0,0,0,0,0,0,0,0,0,0,0,0,0,1,0,1.0645377232175005e-21,1
111300,NORMAL,8.5163017857400055e-22,1,8.5163017857400055e-22,1,0,UNKNOWN,0.20000000000000001,0,1,0,1,0,0,0,0,0,30600,30600,0,0,0,1,1,0,1,1,0,1,1,0,1,1,0,1,1,0,1,1,0,0,0,0,0,0,0,0,0,0,0,0,0,0,0,2.1559639613293267e-74,0,0,0,0,0,0,0,0,0,8.5163017857400055e-22,0,0,0,0,0,0,0,0,0,0,0,0,0,0,0,0,0,0,1,0,8.5163017857400055e-22,1
111400,NORMAL,6.8130414285920044e-22,1,6.8130414285920044e-22,1,0,UNKNOWN,0.20000000000000001,0,1,0,1,0,0,0,0,0,30600,30600,0,0,0,1,1,0,1,1,0,1,1,0,1,1,0,1,1,0,1,1,0,0,0,0,0,0,0,0,0,0,0,0,0,0,0,1.7247711690634615e-74,0,0,0,0,0,0,0,0,0,6.8130414285920044e-22,0,0,0,0,0,0,0,0,0,0,0,0,0,0,0,0,0,0,1,0,6.8130414285920044e-22,1
111500,NORMAL,5.4504331428736035e-22,1,5.4504331428736035e-22,1,0,UNKNOWN,0.20000000000000001,0,1,0,1,0,0,0,0,0,30600,30600,0,0,0,1,1,0,1,1,0,1,1,0,1,1,0,1,1,0,1,1,0,0,0,0,0,0,0,0,0,0,0,0,0,0,0,1.3798169352507693e-74,0,0,0,0,0,0,0,0,0,5.4504331428736035e-22,0,0,0,0,0,0,0,0,0,0,0,0,0,0,0,0,0,0,1,0,5.4504331428736035e-22,1
111600,NORMAL,4.3603465142988834e-22,1,4.3603465142988834e-22,1,0,UNKNOWN,0.20000000000000001,0,1,0,1,0,0,0,0,0,30600,30600,0,0,0,1,1,0,1,1,0,1,1,0,1,1,0,1,1,0,1,1,0,0,0,0,0,0,0,0,0,0,0,0,0,0,0,1.1038535482006156e-74,0,0,0,0,0,0,0,0,0,4.3603465142988834e-22,0,0,0,0,0,0,0,0,0,0,0,0,0,0,0,0,0,0,1,0,4.3603465142988834e-22,1
111700,NORMAL,3.488277211439107e-22,1,3.488277211439107e-22,1,0,UNKNOWN,0.20000000000000001,0,1,0,1,0,0,0,0,0,30600,30600,0,0,0,1,1,0,1,1,0,1,1,0,1,1,0,1,1,0,1,1,0,0,0,0,0,0,0,0,0,0,0,0,0,0,0,8.830828385604925e-75,0,0,0,0,0,0,0,0,0,3.488277211439107e-22,0,0,0,0,0,0,0,0,0,0,0,0,0,0,0,0,0,0,1,0,3.488277211439107e-22,1
111800,NORMAL,2.790621769151286e-22,1,2.790621769151286e-22,1,0,UNKNOWN,0.20000000000000001,0,1,0,1,0,0,0,0,0,30600,30600,0,0,0,1,1,0,1,1,0,1,1,0,1,1,0,1,1,0,1,1,0,0,0,0,0,0,0,0,0,0,0,0,0,0,0,7.0646627084839402e-75,0,0,0,0,0,0,0,0,0,2.790621769151286e-22,0,0,0,0,0,0,0,0,0,0,0,0,0,0,0,0,0,0,1,0,2.790621769151286e-22,1
111900,NORMAL,2.2324974153210289e-22,1,2.2324974153210289e-22,1,0,UNKNOWN,0.20000000000000001,0,1,0,1,0,0,0,0,0,30600,30600,0,0,0,1,1,0,1,1,0,1,1,0,1,1,0,1,1,0,1,1,0,0,0,0,0,0,0,0,0,0,0,0,0,0,0,5.651730166787153e-75,0,0,0,0,0,0,0,0,0,2.2324974153210289e-22,0,0,0,0,0,0,0,0,0,0,0,0,0,0,0,0,0,0,1,0,2.2324974153210289e-22,1
112000,NORMAL,1.7859979322568233e-22,1,1.7859979322568233e-22,1,0,UNKNOWN,0.20000000000000001,0,1,0,1,0,0,0,0,0,30600,30600,0,0,0,1,1,0,1,1,0,1,1,0,1,1,0,1,1,0,1,1,0,0,0,0,0,0,0,0,0,0,0,0,0,0,0,4.5213841334297229e-75,0,0,0,0,0,0,0,0,0,1.7859979322568233e-22,0,0,0,0,0,0,0,0,0,0,0,0,0,0,0,0,0,0,1,0,1.7859979322568233e-22,1
112100,NORMAL,1.4287983458054588e-22,1,1.4287983458054588e-22,1,0,UNKNOWN,0.20000000000000001,0,1,0,1,0,0,0,0,0,30600,30600,0,0,0,1,1,0,1,1,0,1,1,0,1,1,0,1,1,0,1,1,0,0,0,0,0,0,0,0,0,0,0,0,0,0,0,3.6171073067437784e-75,0,0,0,0,0,0,0,0,0,1.4287983458054588e-22,0,0,0,0,0,0,0,0,0,0,0,0,0,0,0,0,0,0,1,0,1.4287983458054588e-22,1
112200,NORMAL,1.1430386766443672e-22,1,1.1430386766443672e-22,1,0,UNKNOWN,0.20000000000000001,0,1,0,1,0,0,0,0,0,30600,30600,0,0,0,1,1,0,1,1,0,1,1,0,1,1,0,1,1,0,1,1,0,0,0,0,0,0,0,0,0,0,0,0,0,0,0,2.8936858453950228e-75,0,0,0,0,0,0,0,0,0,1.1430386766443672e-22,0,0,0,0,0,0,0,0,0,0,0,0,0,0,0,0,0,0,1,0,1.1430386766443672e-22,1
112300,NORMAL,9.1443094131549377e-23,1,9.1443094131549377e-23,1,0,UNKNOWN,0.20000000000000001,0,1,0,1,0,0,0,0,0,30600,30600,0,0,0,1,1,0,1,1,0,1,1,0,1,1,0,1,1,0,1,1,0,0,0,0,0,0,0,0,0,0,0,0,0,0,0,2.3149486763160185e-75,0,0,0,0,0,0,0,0,0,9.1443094131549377e-23,0,0,0,0,0,0,0,0,0,0,0,0,0,0,0,0,0,0,1,0,9.1443094131549377e-23,1
112400,NORMAL,7.3154475305239502e-23,1,7.3154475305239502e-23,1,0,UNKNOWN,0.20000000000000001,0,1,0,1,0,0,0,0,0,30600,30600,0,0,0,1,1,0,1,1,0,1,1,0,1,1,0,1,1,0,1,1,0,0,0,0,0,0,0,0,0,0,0,0,0,0,0,1.851958941052815e-75,0,0,0,0,0,0,0,0,0,7.3154475305239502e-23,0,0,0,0,0,0,0,0,0,0,0,0,0,0,0,0,0,0,1,0,7.3154475305239502e-23,1
112500,NORMAL,5.8523580244191602e-23,1,5.8523580244191602e-23,1,0,UNKNOWN,0.20000000000000001,0,1,0,1,0,0,0,0,0,30600,30600,0,0,0,1,1,0,1,1,0,1,1,0,1,1,0,1,1,0,1,1,0,0,0,0,0,0,0,0,0,0,0,0,0,0,0,1.4815671528422522e-75,0,0,0,0,0,0,0,0,0,5.8523580244191602e-23,0,0,0,0,0,0,0,0,0,0,0,0,0,0,0,0,0,0,1,0,5.8523580244191602e-23,1
112600,NORMAL,4.6818864195353282e-23,1,4.6818864195353282e-23,1,0,UNKNOWN,0.20000000000000001,0,1,0,1,0,0,0,0,0,30600,30600,0,0,0,1,1,0,1,1,0,1,1,0,1,1,0,1,1,0,1,1,0,0,0,0,0,0,0,0,0,0,0,0,0,0,0,1.1852537222738017e-75,0,0,0,0,0,0,0,0,0,4.6818864195353282e-23,0,0,0,0,0,0,0,0,0,0,0,0,0,0,0,0,0,0,1,0,4.6818864195353282e-23,1
112700,NORMAL,3.7455091356282628e-23,1,3.7455091356282628e-23,1,0,UNKNOWN,0.20000000000000001,0,1,0,1,0,0,0,0,0,30600,30600,0,0,0,1,1,0,1,1,0,1,1,0,1,1,0,1,1,0,1,1,0,0,0,0,0,0,0,0,0,0,0,0,0,0,0,9.4820297781904137e-76,0,0,0,0,0,0,0,0,0,3.7455091356282628e-23,0,0,0,0,0,0,0,0,0,0,0,0,0,0,0,0,0,0,1,0,3.7455091356282628e-23,1
112800,NORMAL,2.9964073085026106e-23,1,2.9964073085026106e-23,1,0,UNKNOWN,0.20000000000000001,0,1,0,1,0,0,0,0,0,30600,30600,0,0,0,1,1,0,1,1,0,1,1,0,1,1,0,1,1,0,1,1,0,0,0,0,0,0,0,0,0,0,0,0,0,0,0,7.5856238225523315e-76,0,0,0,0,0,0,0,0,0,2.9964073085026106e-23,0,0,0,0,0,0,0,0,0,0,0,0,0,0,0,0,0,0,1,0,2.9964073085026106e-23,1
112900,NORMAL,2.3971258468020885e-23,1,2.3971258468020885e-23,1,0,UNKNOWN,0.20000000000000001,0,1,0,1,0,0,0,0,0,30600,30600,0,0,0,1,1,0,1,1,0,1,1,0,1,1,0,1,1,0,1,1,0,0,0,0,0,0,0,0,0,0,0,0,0,0,0,6.0684990580418652e-76,0,0,0,0,0,0,0,0,0,2.3971258468020885e-23,0,0,0,0,0,0,0,0,0,0,0,0,0,0,0,0,0,0,1,0,2.3971258468020885e-23,1
113000,NORMAL,1.9177006774416709e-23,1,1.9177006774416709e-23,1,0,UNKNOWN,0.20000000000000001,0,1,0,1,0,0,0,0,0,30600,30600,0,0,0,1,1,0,1,1,0,1,1,0,1,1,0,1,1,0,1,1,0,0,0,0,0,0,0,0,0,0,0,0,0,0,0,4.8547992464334923e-76,0,0,0,0,0,0,0,0,0,1.9177006774416709e-23,0,0,0,0,0,0,0,0,0,0,0,0,0,0,0,0,0,0,1,0,1.9177006774416709e-23,1
113100,NORMAL,1.5341605419533366e-23,1,1.5341605419533366e-23,1,0,UNKNOWN,0.20000000000000001,0,1,0,1,0,0,0,0,0,30600,30600,0,0,0,1,1,0,1,1,0,1,1,0,1,1,0,1,1,0,1,1,0,0,0,0,0,0,0,0,0,0,0,0,0,0,0,3.8838393971467939e-76,0,0,0,0,0,0,0,0,0,1.5341605419533366e-23,0,0,0,0,0,0,0,0,0,0,0,0,0,0,0,0,0,0,1,0,1.5341605419533366e-23,1
113200,NORMAL,1.2273284335626694e-23,1,1.2273284335626694e-23,1,0,UNKNOWN,0.20000000000000001,0,1,0,1,0,0,0,0,0,30600,30600,0,0,0,1,1,0,1,1,0,1,1,0,1,1,0,1,1,0,1,1,0,0,0,0,0,0,0,0,0,0,0,0,0,0,0,3.107071517717435e-76,0,0,0,0,0,0,0,0,0,1.2273284335626694e-23,0,0,0,0,0,0,0,0,0,0,0,0,0,0,0,0,0,0,1,0,1.2273284335626694e-23,1
113300,NORMAL,9.8186274685013557e-24,1,9.8186274685013557e-24,1,0,UNKNOWN,0.20000000000000001,0,1,0,1,0,0,0,0,0,30600,30600,0,0,0,1,1,0,1,1,0,1,1,0,1,1,0,1,1,0,1,1,0,0,0,0,0,0,0,0,0,0,0,0,0,0,0,2.4856572141739483e-76,0,0,0,0,0,0,0,0,0,9.8186274685013557e-24,0,0,0,0,0,0,0,0,0,0,0,0,0,0,0,0,0,0,1,0,9.8186274685013557e-24,1
113400,NORMAL,7.8549019748010852e-24,1,7.8549019748010852e-24,1,0,UNKNOWN,0.20000000000000001,0,1,0,1,0,0,0,0,0,30600,30600,0,0,0,1,1,0,1,1,0,1,1,0,1,1,0,1,1,0,1,1,0,0,0,0,0,0,0,0,0,0,0,0,0,0,0,1.9885257713391586e-76,0,0,0,0,0,0,0,0,0,7.8549019748010852e-24,0,0,0,0,0,0,0,0,0,0,0,0,0,0,0,0,0,0,1,0,7.8549019748010852e-24,1
113500,NORMAL,6.2839215798408686e-24,1,6.2839215798408686e-24,1,0,UNKNOWN,0.20000000000000001,0,1,0,1,0,0,0,0,0,30600,30600,0,0,0,1,1,0,1,1,0,1,1,0,1,1,0,1,1,0,1,1,0,0,0,0,0,0,0,0,0,0,0,0,0,0,0,1.5908206170713269e-76,0,0,0,0,0,0,0,0,0,6.2839215798408686e-24,0,0,0,0,0,0,0,0,0,0,0,0,0,0,0,0,0,0,1,0,6.2839215798408686e-24,1
113600,NORMAL,5.0271372638726949e-24,1,5.0271372638726949e-24,1,0,UNKNOWN,0.20000000000000001,0,1,0,1,0,0,0,0,0,30600,30600,0,0,0,1,1,0,1,1,0,1,1,0,1,1,0,1,1,0,1,1,0,0,0,0,0,0,0,0,0,0,0,0,0,0,0,1.2726564936570616e-76,0,0,0,0,0,0,0,0,0,5.0271372638726949e-24,0,0,0,0,0,0,0,0,0,0,0,0,0,0,0,0,0,0,1,0,5.0271372638726949e-24,1
113700,NORMAL,4.0217098110981565e-24,1,4.0217098110981565e-24,1,0,UNKNOWN,0.20000000000000001,0,1,0,1,0,0,0,0,0,30600,30600,0,0,0,1,1,0,1,1,0,1,1,0,1,1,0,1,1,0,1,1,0,0,0,0,0,0,0,0,0,0,0,0,0,0,0,1.0181251949256493e-76,0,0,0,0,0,0,0,0,0,4.0217098110981565e-24,0,0,0,0,0,0,0,0,0,0,0,0,0,0,0,0,0,0,1,0,4.0217098110981565e-24,1
113800,NORMAL,3.2173678488785254e-24,1,3.2173678488785254e-24,1,0,UNKNOWN,0.20000000000000001,0,1,0,1,0,0,0,0,0,30600,30600,0,0,0,1,1,0,1,1,0,1,1,0,1,1,0,1,1,0,1,1,0,0,0,0,0,0,0,0,0,0,0,0,0,0,0,8.1450015594051944e-77,0,0,0,0,0,0,0,0,0,3.2173678488785254e-24,0,0,0,0,0,0,0,0,0,0,0,0,0,0,0,0,0,0,1,0,3.2173678488785254e-24,1
113900,NORMAL,2.5738942791028205e-24,1,2.5738942791028205e-24,1,0,UNKNOWN,0.20000000000000001,0,1,0,1,0,0,0,0,0,30600,30600,0,0,0,1,1,0,1,1,0,1,1,0,1,1,0,1,1,0,1,1,0,0,0,0,0,0,0,0,0,0,0,0,0,0,0,6.516001247524156e-77,0,0,0,0,0,0,0,0,0,2.5738942791028205e-24,0,0,0,0,0,0,0,0,0,0,0,0,0,0,0,0,0,0,1,0,2.5738942791028205e-24,1
114000,NORMAL,2.0591154232822567e-24,1,2.0591154232822567e-24,1,0,UNKNOWN,0.20000000000000001,0,1,0,1,0,0,0,0,0,30600,30600,0,0,0,1,1,0,1,1,0,1,1,0,1,1,0,1,1,0,1,1,0,0,0,0,0,0,0,0,0,0,0,0,0,0,0,5.2128009980193253e-77,0,0,0,0,0,0,0,0,0,2.0591154232822567e-24,0,0,0,0,0,0,0,0,0,0,0,0,0,0,0,0,0,0,1,0,2.0591154232822567e-24,1
114100,NORMAL,1.6472923386258054e-24,1,1.6472923386258054e-24,1,0,UNKNOWN,0.20000000000000001,0,1,0,1,0,0,0,0,0,30600,30600,0,0,0,1,1,0,1,1,0,1,1,0,1,1,0,1,1,0,1,1,0,0,0,0,0,0,0,0,0,0,0,0,0,0,0,4.1702407984154602e-77,0,0,0,0,0,0,0,0,0,1.6472923386258054e-24,0,0,0,0,0,0,0,0,0,0,0,0,0,0,0,0,0,0,1,0,1.6472923386258054e-24,1
114200,NORMAL,1.3178338709006445e-24,1,1.3178338709006445e-24,1,0,UNKNOWN,0.20000000000000001,0,1,0,1,0,0,0,0,0,30600,30600,0,0,0,1,1,0,1,1,0,1,1,0,1,1,0,1,1,0,1,1,0,0,0,0,0,0,0,0,0,0,0,0,0,0,0,3.3361926387323685e-77,0,0,0,0,0,0,0,0,0,1.3178338709006445e-24,0,0,0,0,0,0,0,0,0,0,0,0,0,0,0,0,0,0,1,0,1.3178338709006445e-24,1
114300,NORMAL,1.0542670967205156e-24,1,1.0542670967205156e-24,1,0,UNKNOWN,0.20000000000000001,0,1,0,1,0,0,0,0,0,30600,30600,0,0,0,1,1,0,1,1,0,1,1,0,1,1,0,1,1,0,1,1,0,0,0,0,0,0,0,0,0,0,0,0,0,0,0,2.668954110985895e-77,0,0,0,0,0,0,0,0,0,1.0542670967205156e-24,0,0,0,0,0,0,0,0,0,0,0,0,0,0,0,0,0,0,1,0,1.0542670967205156e-24,1
114400,NORMAL,8.4341367737641257e-25,1,8.4341367737641257e-25,1,0,UNKNOWN,0.20000000000000001,0,1,0,1,0,0,0,0,0,30600,30600,0,0,0,1,1,0,1,1,0,1,1,0,1,1,0,1,1,0,1,1,0,0,0,0,0,0,0,0,0,0,0,0,0,0,0,2.1351632887887163e-77,0,0,0,0,0,0,0,0,0,8.4341367737641257e-25,0,0,0,0,0,0,0,0,0,0,0,0,0,0,0,0,0,0,1,0,8.4341367737641257e-25,1
114500,NORMAL,6.7473094190113005e-25,1,6.7473094190113005e-25,1,0,UNKNOWN,0.20000000000000001,0,1,0,1,0,0,0,0,0,30600,30600,0,0,0,1,1,0,1,1,0,1,1,0,1,1,0,1,1,0,1,1,0,0,0,0,0,0,0,0,0,0,0,0,0,0,0,1.7081306310309732e-77,0,0,0,0,0,0,0,0,0,6.7473094190113005e-25,0,0,0,0,0,0,0,0,0,0,0,0,0,0,0,0,0,0,1,0,6.7473094190113005e-25,1
114600,NORMAL,5.3978475352090412e-25,1,5.3978475352090412e-25,1,0,UNKNOWN,0.20000000000000001,0,1,0,1,0,0,0,0,0,30600,30600,0,0,0,1,1,0,1,1,0,1,1,0,1,1,0,1,1,0,1,1,0,0,0,0,0,0,0,0,0,0,0,0,0,0,0,1.3665045048247786e-77,0,0,0,0,0,0,0,0,0,5.3978475352090412e-25,0,0,0,0,0,0,0,0,0,0,0,0,0,0,0,0,0,0,1,0,5.3978475352090412e-25,1
114700,NORMAL,4.3182780281672331e-25,1,4.3182780281672331e-25,1,0,UNKNOWN,0.20000000000000001,0,1,0,1,0,0,0,0,0,30600,30600,0,0,0,1,1,0,1,1,0,1,1,0,1,1,0,1,1,0,1,1,0,0,0,0,0,0,0,0,0,0,0,0,0,0,0,1.0932036038598231e-77,0,0,0,0,0,0,0,0,0,4.3182780281672331e-25,0,0,0,0,0,0,0,0,0,0,0,0,0,0,0,0,0,0,1,0,4.3182780281672331e-25,1
114800,NORMAL,3.4546224225337866e-25,1,3.4546224225337866e-25,1,0,UNKNOWN,0.20000000000000001,0,1,0,1,0,0,0,0,0,30600,30600,0,0,0,1,1,0,1,1,0,1,1,0,1,1,0,1,1,0,1,1,0,0,0,0,0,0,0,0,0,0,0,0,0,0,0,8.7456288308785853e-78,0,0,0,0,0,0,0,0,0,3.4546224225337866e-25,0,0,0,0,0,0,0,0,0,0,0,0,0,0,0,0,0,0,1,0,3.4546224225337866e-25,1
114900,NORMAL,2.7636979380270295e-25,1,2.7636979380270295e-25,1,0,UNKNOWN,0.20000000000000001,0,1,0,1,0,0,0,0,0,30600,30600,0,0,0,1,1,0,1,1,0,1,1,0,1,1,0,1,1,0,1,1,0,0,0,0,0,0,0,0,0,0,0,0,0,0,0,6.9965030647028688e-78,0,0,0,0,0,0,0,0,0,2.7636979380270295e-25,0,0,0,0,0,0,0,0,0,0,0,0,0,0,0,0,0,0,1,0,2.7636979380270295e-25,1
115000,NORMAL,2.2109583504216236e-25,1,2.2109583504216236e-25,1,0,UNKNOWN,0.20000000000000001,0,1,0,1,0,0,0,0,0,30600,30600,0,0,0,1,1,0,1,1,0,1,1,0,1,1,0,1,1,0,1,1,0,0,0,0,0,0,0,0,0,0,0,0,0,0,0,5.5972024517622954e-78,0,0,0,0,0,0,0,0,0,2.2109583504216236e-25,0,0,0,0,0,0,0,0,0,0,0,0,0,0,0,0,0,0,1,0,2.2109583504216236e-25,1
115100,NORMAL,1.7687666803372989e-25,1,1.7687666803372989e-25,1,0,UNKNOWN,0.20000000000000001,0,1,0,1,0,0,0,0,0,30600,30600,0,0,0,1,1,0,1,1,0,1,1,0,1,1,0,1,1,0,1,1,0,0,0,0,0,0,0,0,0,0,0,0,0,0,0,4.4777619614098367e-78,0,0,0,0,0,0,0,0,0,1.7687666803372989e-25,0,0,0,0,0,0,0,0,0,0,0,0,0,0,0,0,0,0,1,0,1.7687666803372989e-25,1
115200,NORMAL,1.4150133442698393e-25,1,1.4150133442698393e-25,1,0,UNKNOWN,0.20000000000000001,0,1,0,1,0,0,0,0,0,30600,30600,0,0,0,1,1,0,1,1,0,1,1,0,1,1,0,1,1,0,1,1,0,0,0,0,0,0,0,0,0,0,0,0,0,0,0,3.5822095691278698e-78,0,0,0,0,0,0,0,0,0,1.4150133442698393e-25,0,0,0,0,0,0,0,0,0,0,0,0,0,0,0,0,0,0,1,0,1.4150133442698393e-25,1
115300,NORMAL,1.1320106754158715e-25,1,1.1320106754158715e-25,1,0,UNKNOWN,0.20000000000000001,0,1,0,1,0,0,0,0,0,30600,30600,0,0,0,1,1,0,1,1,0,1,1,0,1,1,0,1,1,0,1,1,0,0,0,0,0,0,0,0,0,0,0,0,0,0,0,2.8657676553022962e-78,0,0,0,0,0,0,0,0,0,1.1320106754158715e-25,0,0,0,0,0,0,0,0,0,0,0,0,0,0,0,0,0,0,1,0,1.1320106754158715e-25,1
115400,NORMAL,9.0560854033269731e-26,1,9.0560854033269731e-26,1,0,UNKNOWN,0.20000000000000001,0,1,0,1,0,0,0,0,0,30600,30600,0,0,0,1,1,0,1,1,0,1,1,0,1,1,0,1,1,0,1,1,0,0,0,0,0,0,0,0,0,0,0,0,0,0,0,2.292614124241837e-78,0,0,0,0,0,0,0,0,0,9.0560854033269731e-26,0,0,0,0,0,0,0,0,0,0,0,0,0,0,0,0,0,0,1,0,9.0560854033269731e-26,1
115500,NORMAL,7.2448683226615787e-26,1,7.2448683226615787e-26,1,0,UNKNOWN,0.20000000000000001,0,1,0,1,0,0,0,0,0,30600,30600,0,0,0,1,1,0,1,1,0,1,1,0,1,1,0,1,1,0,1,1,0,0,0,0,0,0,0,0,0,0,0,0,0,0,0,1.8340912993934696e-78,0,0,0,0,0,0,0,0,0,7.2448683226615787e-26,0,0,0,0,0,0,0,0,0,0,0,0,0,0,0,0,0,0,1,0,7.2448683226615787e-26,1
115600,NORMAL,5.7958946581292634e-26,1,5.7958946581292634e-26,1,0,UNKNOWN,0.20000000000000001,0,1,0,1,0,0,0,0,0,30600,30600,0,0,0,1,1,0,1,1,0,1,1,0,1,1,0,1,1,0,1,1,0,0,0,0,0,0,0,0,0,0,0,0,0,0,0,1.4672730395147757e-78,0,0,0,0,0,0,0,0,0,5.7958946581292634e-26,0,0,0,0,0,0,0,0,0,0,0,0,0,0,0,0,0,0,1,0,5.7958946581292634e-26,1
115700,NORMAL,4.6367157265034112e-26,1,4.6367157265034112e-26,1,0,UNKNOWN,0.20000000000000001,0,1,0,1,0,0,0,0,0,30600,30600,0,0,0,1,1,0,1,1,0,1,1,0,1,1,0,1,1,0,1,1,0,0,0,0,0,0,0,0,0,0,0,0,0,0,0,1.1738184316118207e-78,0,0,0,0,0,0,0,0,0,4.6367157265034112e-26,0,0,0,0,0,0,0,0,0,0,0,0,0,0,0,0,0,0,1,0,4.6367157265034112e-26,1
115800,NORMAL,3.7093725812027292e-26,1,3.7093725812027292e-26,1,0,UNKNOWN,0.20000000000000001,0,1,0,1,0,0,0,0,0,30600,30600,0,0,0,1,1,0,1,1,0,1,1,0,1,1,0,1,1,0,1,1,0,0,0,0,0,0,0,0,0,0,0,0,0,0,0,9.3905474528945653e-79,0,0,0,0,0,0,0,0,0,3.7093725812027292e-26,0,0,0,0,0,0,0,0,0,0,0,0,0,0,0,0,0,0,1,0,3.7093725812027292e-26,1
115900,NORMAL,2.9674980649621832e-26,1,2.9674980649621832e-26,1,0,UNKNOWN,0.20000000000000001,0,1,0,1,0,0,0,0,0,30600,30600,0,0,0,1,1,0,1,1,0,1,1,0,1,1,0,1,1,0,1,1,0,0,0,0,0,0,0,0,0,0,0,0,0,0,0,7.5124379623156525e-79,0,0,0,0,0,0,0,0,0,2.9674980649621832e-26,0,0,0,0,0,0,0,0,0,0,0,0,0,0,0,0,0,0,1,0,2.9674980649621832e-26,1
116000,NORMAL,2.3739984519697468e-26,1,2.3739984519697468e-26,1,0,UNKNOWN,0.20000000000000001,0,1,0,1,0,0,0,0,0,30600,30600,0,0,0,1,1,0,1,1,0,1,1,0,1,1,0,1,1,0,1,1,0,0,0,0,0,0,0,0,0,0,0,0,0,0,0,6.0099503698525222e-79,0,0,0,0,0,0,0,0,0,2.3739984519697468e-26,0,0,0,0,0,0,0,0,0,0,0,0,0,0,0,0,0,0,1,0,2.3739984519697468e-26,1
116100,NORMAL,1.8991987615757975e-26,1,1.8991987615757975e-26,1,0,UNKNOWN,0.20000000000000001,0,1,0,1,0,0,0,0,0,30600,30600,0,0,0,1,1,0,1,1,0,1,1,0,1,1,0,1,1,0,1,1,0,0,0,0,0,0,0,0,0,0,0,0,0,0,0,4.8079602958820181e-79,0,0,0,0,0,0,0,0,0,1.8991987615757975e-26,0,0,0,0,0,0,0,0,0,0,0,0,0,0,0,0,0,0,1,0,1.8991987615757975e-26,1
116200,NORMAL,1.5193590092606381e-26,1,1.5193590092606381e-26,1,0,UNKNOWN,0.20000000000000001,0,1,0,1,0,0,0,0,0,30600,30600,0,0,0,1,1,0,1,1,0,1,1,0,1,1,0,1,1,0,1,1,0,0,0,0,0,0,0,0,0,0,0,0,0,0,0,3.8463682367056148e-79,0,0,0,0,0,0,0,0,0,1.5193590092606381e-26,0,0,0,0,0,0,0,0,0,0,0,0,0,0,0,0,0,0,1,0,1.5193590092606381e-26,1
116300,NORMAL,1.2154872074085106e-26,1,1.2154872074085106e-26,1,0,UNKNOWN,0.20000000000000001,0,1,0,1,0,0,0,0,0,30600,30600,0,0,0,1,1,0,1,1,0,1,1,0,1,1,0,1,1,0,1,1,0,0,0,0,0,0,0,0,0,0,0,0,0,0,0,3.0770945893644917e-79,0,0,0,0,0,0,0,0,0,1.2154872074085106e-26,0,0,0,0,0,0,0,0,0,0,0,0,0,0,0,0,0,0,1,0,1.2154872074085106e-26,1
116400,NORMAL,9.7238976592680854e-27,1,9.7238976592680854e-27,1,0,UNKNOWN,0.20000000000000001,0,1,0,1,0,0,0,0,0,30600,30600,0,0,0,1,1,0,1,1,0,1,1,0,1,1,0,1,1,0,1,1,0,0,0,0,0,0,0,0,0,0,0,0,0,0,0,2.4616756714915936e-79,0,0,0,0,0,0,0,0,0,9.7238976592680854e-27,0,0,0,0,0,0,0,0,0,0,0,0,0,0,0,0,0,0,1,0,9.7238976592680854e-27,1
116500,NORMAL,7.7791181274144683e-27,1,7.7791181274144683e-27,1,0,UNKNOWN,0.20000000000000001,0,1,0,1,0,0,0,0,0,30600,30600,0,0,0,1,1,0,1,1,0,1,1,0,1,1,0,1,1,0,1,1,0,0,0,0,0,0,0,0,0,0,0,0,0,0,0,1.9693405371932751e-79,0,0,0,0,0,0,0,0,0,7.7791181274144683e-27,0,0,0,0,0,0,0,0,0,0,0,0,0,0,0,0,0,0,1,0,7.7791181274144683e-27,1
116600,NORMAL,6.2232945019315748e-27,1,6.2232945019315748e-27,1,0,UNKNOWN,0.20000000000000001,0,1,0,1,0,0,0,0,0,30600,30600,0,0,0,1,1,0,1,1,0,1,1,0,1,1,0,1,1,0,1,1,0,0,0,0,0,0,0,0,0,0,0,0,0,0,0,1.5754724297546202e-79,0,0,0,0,0,0,0,0,0,6.2232945019315748e-27,0,0,0,0,0,0,0,0,0,0,0,0,0,0,0,0,0,0,1,0,6.2232945019315748e-27,1
116700,NORMAL,4.9786356015452601e-27,1,4.9786356015452601e-27,1,0,UNKNOWN,0.20000000000000001,0,1,0,1,0,0,0,0,0,30600,30600,0,0,0,1,1,0,1,1,0,1,1,0,1,1,0,1,1,0,1,1,0,0,0,0,0,0,0,0,0,0,0,0,0,0,0,1.2603779438036962e-79,0,0,0,0,0,0,0,0,0,4.9786356015452601e-27,0,0,0,0,0,0,0,0,0,0,0,0,0,0,0,0,0,0,1,0,4.9786356015452601e-27,1
116800,NORMAL,3.9829084812362081e-27,1,3.9829084812362081e-27,1,0,UNKNOWN,0.20000000000000001,0,1,0,1,0,0,0,0,0,30600,30600,0,0,0,1,1,0,1,1,0,1,1,0,1,1,0,1,1,0,1,1,0,0,0,0,0,0,0,0,0,0,0,0,0,0,0,1.0083023550429571e-79,0,0,0,0,0,0,0,0,0,3.9829084812362081e-27,0,0,0,0,0,0,0,0,0,0,0,0,0,0,0,0,0,0,1,0,3.9829084812362081e-27,1
116900,NORMAL,3.1863267849889667e-27,1,3.1863267849889667e-27,1,0,UNKNOWN,0.20000000000000001,0,1,0,1,0,0,0,0,0,30600,30600,0,0,0,1,1,0,1,1,0,1,1,0,1,1,0,1,1,0,1,1,0,0,0,0,0,0,0,0,0,0,0,0,0,0,0,8.0664188403436574e-80,0,0,0,0,0,0,0,0,0,3.1863267849889667e-27,0,0,0,0,0,0,0,0,0,0,0,0,0,0,0,0,0,0,1,0,3.1863267849889667e-27,1
117000,NORMAL,2.5490614279911735e-27,1,2.5490614279911735e-27,1,0,UNKNOWN,0.20000000000000001,0,1,0,1,0,0,0,0,0,30600,30600,0,0,0,1,1,0,1,1,0,1,1,0,1,1,0,1,1,0,1,1,0,0,0,0,0,0,0,0,0,0,0,0,0,0,0,6.4531350722749261e-80,0,0,0,0,0,0,0,0,0,2.5490614279911735e-27,0,0,0,0,0,0,0,0,0,0,0,0,0,0,0,0,0,0,1,0,2.5490614279911735e-27,1
117100,NORMAL,2.0392491423929389e-27,1,2.0392491423929389e-27,1,0,UNKNOWN,0.20000000000000001,0,1,0,1,0,0,0,0,0,30600,30600,0,0,0,1,1,0,1,1,0,1,1,0,1,1,0,1,1,0,1,1,0,0,0,0,0,0,0,0,0,0,0,0,0,0,0,5.1625080578199412e-80,0,0,0,0,0,0,0,0,0,2.0392491423929389e-27,0,0,0,0,0,0,0,0,0,0,0,0,0,0,0,0,0,0,1,0,2.0392491423929389e-27,1
117200,NORMAL,1.6313993139143514e-27,1,1.6313993139143514e-27,1,0,UNKNOWN,0.20000000000000001,0,1,0,1,0,0,0,0,0,30600,30600,0,0,0,1,1,0,1,1,0,1,1,0,1,1,0,1,1,0,1,1,0,0,0,0,0,0,0,0,0,0,0,0,0,0,0,4.1300064462559535e-80,0,0,0,0,0,0,0,0,0,1.6313993139143514e-27,0,0,0,0,0,0,0,0,0,0,0,0,0,0,0,0,0,0,1,0,1.6313993139143514e-27,1
117300,NORMAL,1.3051194511314811e-27,1,1.3051194511314811e-27,1,0,UNKNOWN,0.20000000000000001,0,1,0,1,0,0,0,0,0,30600,30600,0,0,0,1,1,0,1,1,0,1,1,0,1,1,0,1,1,0,1,1,0,0,0,0,0,0,0,0,0,0,0,0,0,0,0,3.304005157004763e-80,0,0,0,0,0,0,0,0,0,1.3051194511314811e-27,0,0,0,0,0,0,0,0,0,0,0,0,0,0,0,0,0,0,1,0,1.3051194511314811e-27,1
117400,NORMAL,1.0440955609051849e-27,1,1.0440955609051849e-27,1,0,UNKNOWN,0.20000000000000001,0,1,0,1,0,0,0,0,0,30600,30600,0,0,0,1,1,0,1,1,0,1,1,0,1,1,0,1,1,0,1,1,0,0,0,0,0,0,0,0,0,0,0,0,0,0,0,2.6432041256038105e-80,0,0,0,0,0,0,0,0,0,1.0440955609051849e-27,0,0,0,0,0,0,0,0,0,0,0,0,0,0,0,0,0,0,1,0,1.0440955609051849e-27,1
117500,NORMAL,8.3527644872414792e-28,1,8.3527644872414792e-28,1,0,UNKNOWN,0.20000000000000001,0,1,0,1,0,0,0,0,0,30600,30600,0,0,0,1,1,0,1,1,0,1,1,0,1,1,0,1,1,0,1,1,0,0,0,0,0,0,0,0,0,0,0,0,0,0,0,2.1145633004830484e-80,0,0,0,0,0,0,0,0,0,8.3527644872414792e-28,0,0,0,0,0,0,0,0,0,0,0,0,0,0,0,0,0,0,1,0,8.3527644872414792e-28,1
117600,NORMAL,6.6822115897931836e-28,1,6.6822115897931836e-28,1,0,UNKNOWN,0.20000000000000001,0,1,0,1,0,0,0,0,0,30600,30600,0,0,0,1,1,0,1,1,0,1,1,0,1,1,0,1,1,0,1,1,0,0,0,0,0,0,0,0,0,0,0,0,0,0,0,1.6916506403864386e-80,0,0,0,0,0,0,0,0,0,6.6822115897931836e-28,0,0,0,0,0,0,0,0,0,0,0,0,0,0,0,0,0,0,1,0,6.6822115897931836e-28,1
117700,NORMAL,5.345769271834547e-28,1,5.345769271834547e-28,1,0,UNKNOWN,0.20000000000000001,0,1,0,1,0,0,0,0,0,30600,30600,0,0,0,1,1,0,1,1,0,1,1,0,1,1,0,1,1,0,1,1,0,0,0,0,0,0,0,0,0,0,0,0,0,0,0,1.3533205123091509e-80,0,0,0,0,0,0,0,0,0,5.345769271834547e-28,0,0,0,0,0,0,0,0,0,0,0,0,0,0,0,0,0,0,1,0,5.345769271834547e-28,1
117800,NORMAL,4.2766154174676378e-28,1,4.2766154174676378e-28,1,0,UNKNOWN,0.20000000000000001,0,1,0,1,0,0,0,0,0,30600,30600,0,0,0,1,1,0,1,1,0,1,1,0,1,1,0,1,1,0,1,1,0,0,0,0,0,0,0,0,0,0,0,0,0,0,0,1.0826564098473208e-80,0,0,0,0,0,0,0,0,0,4.2766154174676378e-28,0,0,0,0,0,0,0,0,0,0,0,0,0,0,0,0,0,0,1,0,4.2766154174676378e-28,1
117900,NORMAL,3.4212923339741103e-28,1,3.4212923339741103e-28,1,0,UNKNOWN,0.20000000000000001,0,1,0,1,0,0,0,0,0,30600,30600,0,0,0,1,1,0,1,1,0,1,1,0,1,1,0,1,1,0,1,1,0,0,0,0,0,0,0,0,0,0,0,0,0,0,0,8.6612512787785673e-81,0,0,0,0,0,0,0,0,0,3.4212923339741103e-28,0,0,0,0,0,0,0,0,0,0,0,0,0,0,0,0,0,0,1,0,3.4212923339741103e-28,1
118000,NORMAL,2.7370338671792884e-28,1,2.7370338671792884e-28,1,0,UNKNOWN,0.20000000000000001,0,1,0,1,0,0,0,0,0,30600,30600,0,0,0,1,1,0,1,1,0,1,1,0,1,1,0,1,1,0,1,1,0,0,0,0,0,0,0,0,0,0,0,0,0,0,0,6.9290010230228542e-81,0,0,0,0,0,0,0,0,0,2.7370338671792884e-28,0,0,0,0,0,0,0,0,0,0,0,0,0,0,0,0,0,0,1,0,2.7370338671792884e-28,1
118100,NORMAL,2.1896270937434309e-28,1,2.1896270937434309e-28,1,0,UNKNOWN,0.20000000000000001,0,1,0,1,0,0,0,0,0,30600,30600,0,0,0,1,1,0,1,1,0,1,1,0,1,1,0,1,1,0,1,1,0,0,0,0,0,0,0,0,0,0,0,0,0,0,0,5.5432008184182834e-81,0,0,0,0,0,0,0,0,0,2.1896270937434309e-28,0,0,0,0,0,0,0,0,0,0,0,0,0,0,0,0,0,0,1,0,2.1896270937434309e-28,1
118200,NORMAL,1.7517016749947448e-28,1,1.7517016749947448e-28,1,0,UNKNOWN,0.20000000000000001,0,1,0,1,0,0,0,0,0,30600,30600,0,0,0,1,1,0,1,1,0,1,1,0,1,1,0,1,1,0,1,1,0,0,0,0,0,0,0,0,0,0,0,0,0,0,0,4.4345606547346269e-81,0,0,0,0,0,0,0,0,0,1.7517016749947448e-28,0,0,0,0,0,0,0,0,0,0,0,0,0,0,0,0,0,0,1,0,1.7517016749947448e-28,1
118300,NORMAL,1.4013613399957959e-28,1,1.4013613399957959e-28,1,0,UNKNOWN,0.20000000000000001,0,1,0,1,0,0,0,0,0,30600,30600,0,0,0,1,1,0,1,1,0,1,1,0,1,1,0,1,1,0,1,1,0,0,0,0,0,0,0,0,0,0,0,0,0,0,0,3.5476485237877016e-81,0,0,0,0,0,0,0,0,0,1.4013613399957959e-28,0,0,0,0,0,0,0,0,0,0,0,0,0,0,0,0,0,0,1,0,1.4013613399957959e-28,1
118400,NORMAL,1.1210890719966368e-28,1,1.1210890719966368e-28,1,0,UNKNOWN,0.20000000000000001,0,1,0,1,0,0,0,0,0,30600,30600,0,0,0,1,1,0,1,1,0,1,1,0,1,1,0,1,1,0,1,1,0,0,0,0,0,0,0,0,0,0,0,0,0,0,0,2.8381188190301613e-81,0,0,0,0,0,0,0,0,0,1.1210890719966368e-28,0,0,0,0,0,0,0,0,0,0,0,0,0,0,0,0,0,0,1,0,1.1210890719966368e-28,1
118500,NORMAL,8.9687125759730943e-29,1,8.9687125759730943e-29,1,0,UNKNOWN,0.20000000000000001,0,1,0,1,0,0,0,0,0,30600,30600,0,0,0,1,1,0,1,1,0,1,1,0,1,1,0,1,1,0,1,1,0,0,0,0,0,0,0,0,0,0,0,0,0,0,0,2.2704950552241293e-81,0,0,0,0,0,0,0,0,0,8.9687125759730943e-29,0,0,0,0,0,0,0,0,0,0,0,0,0,0,0,0,0,0,1,0,8.9687125759730943e-29,1
118600,NORMAL,7.1749700607784761e-29,1,7.1749700607784761e-29,1,0,UNKNOWN,0.20000000000000001,0,1,0,1,0,0,0,0,0,30600,30600,0,0,0,1,1,0,1,1,0,1,1,0,1,1,0,1,1,0,1,1,0,0,0,0,0,0,0,0,0,0,0,0,0,0,0,1.8163960441793035e-81,0,0,0,0,0,0,0,0,0,7.1749700607784761e-29,0,0,0,0,0,0,0,0,0,0,0,0,0,0,0,0,0,0,1,0,7.1749700607784761e-29,1
118700,NORMAL,5.7399760486227816e-29,1,5.7399760486227816e-29,1,0,UNKNOWN,0.20000000000000001,0,1,0,1,0,0,0,0,0,30600,30600,0,0,0,1,1,0,1,1,0,1,1,0,1,1,0,1,1,0,1,1,0,0,0,0,0,0,0,0,0,0,0,0,0,0,0,1.453116835343443e-81,0,0,0,0,0,0,0,0,0,5.7399760486227816e-29,0,0,0,0,0,0,0,0,0,0,0,0,0,0,0,0,0,0,1,0,5.7399760486227816e-29,1
118800,NORMAL,4.5919808388982255e-29,1,4.5919808388982255e-29,1,0,UNKNOWN,0.20000000000000001,0,1,0,1,0,0,0,0,0,30600,30600,0,0,0,1,1,0,1,1,0,1,1,0,1,1,0,1,1,0,1,1,0,0,0,0,0,0,0,0,0,0,0,0,0,0,0,1.1624934682747546e-81,0,0,0,0,0,0,0,0,0,4.5919808388982255e-29,0,0,0,0,0,0,0,0,0,0,0,0,0,0,0,0,0,0,1,0,4.5919808388982255e-29,1
118900,NORMAL,3.6735846711185807e-29,1,3.6735846711185807e-29,1,0,UNKNOWN,0.20000000000000001,0,1,0,1,0,0,0,0,0,30600,30600,0,0,0,1,1,0,1,1,0,1,1,0,1,1,0,1,1,0,1,1,0,0,0,0,0,0,0,0,0,0,0,0,0,0,0,9.2999477461980367e-82,0,0,0,0,0,0,0,0,0,3.6735846711185807e-29,0,0,0,0,0,0,0,0,0,0,0,0,0,0,0,0,0,0,1,0,3.6735846711185807e-29,1
119000,NORMAL,2.9388677368948647e-29,1,2.9388677368948647e-29,1,0,UNKNOWN,0.20000000000000001,0,1,0,1,0,0,0,0,0,30600,30600,0,0,0,1,1,0,1,1,0,1,1,0,1,1,0,1,1,0,1,1,0,0,0,0,0,0,0,0,0,0,0,0,0,0,0,7.4399581969584298e-82,0,0,0,0,0,0,0,0,0,2.9388677368948647e-29,0,0,0,0,0,0,0,0,0,0,0,0,0,0,0,0,0,0,1,0,2.9388677368948647e-29,1
119100,NORMAL,2.351094189515892e-29,1,2.351094189515892e-29,1,0,UNKNOWN,0.20000000000000001,0,1,0,1,0,0,0,0,0,30600,30600,0,0,0,1,1,0,1,1,0,1,1,0,1,1,0,1,1,0,1,1,0,0,0,0,0,0,0,0,0,0,0,0,0,0,0,5.9519665575667441e-82,0,0,0,0,0,0,0,0,0,2.351094189515892e-29,0,0,0,0,0,0,0,0,0,0,0,0,0,0,0,0,0,0,1,0,2.351094189515892e-29,1
119200,NORMAL,1.8808753516127138e-29,1,1.8808753516127138e-29,1,0,UNKNOWN,0.20000000000000001,0,1,0,1,0,0,0,0,0,30600,30600,0,0,0,1,1,0,1,1,0,1,1,0,1,1,0,1,1,0,1,1,0,0,0,0,0,0,0,0,0,0,0,0,0,0,0,4.7615732460533956e-82,0,0,0,0,0,0,0,0,0,1.8808753516127138e-29,0,0,0,0,0,0,0,0,0,0,0,0,0,0,0,0,0,0,1,0,1.8808753516127138e-29,1
119300,NORMAL,1.5047002812901712e-29,1,1.5047002812901712e-29,1,0,UNKNOWN,0.20000000000000001,0,1,0,1,0,0,0,0,0,30600,30600,0,0,0,1,1,0,1,1,0,1,1,0,1,1,0,1,1,0,1,1,0,0,0,0,0,0,0,0,0,0,0,0,0,0,0,3.809258596842717e-82,0,0,0,0,0,0,0,0,0,1.5047002812901712e-29,0,0,0,0,0,0,0,0,0,0,0,0,0,0,0,0,0,0,1,0,1.5047002812901712e-29,1
119400,NORMAL,1.203760225032137e-29,1,1.203760225032137e-29,1,0,UNKNOWN,0.20000000000000001,0,1,0,1,0,0,0,0,0,30600,30600,0,0,0,1,1,0,1,1,0,1,1,0,1,1,0,1,1,0,1,1,0,0,0,0,0,0,0,0,0,0,0,0,0,0,0,3.0474068774741737e-82,0,0,0,0,0,0,0,0,0,1.203760225032137e-29,0,0,0,0,0,0,0,0,0,0,0,0,0,0,0,0,0,0,1,0,1.203760225032137e-29,1
119500,NORMAL,9.6300818002570969e-30,1,9.6300818002570969e-30,1,0,UNKNOWN,0.20000000000000001,0,1,0,1,0,0,0,0,0,30600,30600,0,0,0,1,1,0,1,1,0,1,1,0,1,1,0,1,1,0,1,1,0,0,0,0,0,0,0,0,0,0,0,0,0,0,0,2.4379255019793389e-82,0,0,0,0,0,0,0,0,0,9.6300818002570969e-30,0,0,0,0,0,0,0,0,0,0,0,0,0,0,0,0,0,0,1,0,9.6300818002570969e-30,1
119600,NORMAL,7.7040654402056787e-30,1,7.7040654402056787e-30,1,0,UNKNOWN,0.20000000000000001,0,1,0,1,0,0,0,0,0,30600,30600,0,0,0,1,1,0,1,1,0,1,1,0,1,1,0,1,1,0,1,1,0,0,0,0,0,0,0,0,0,0,0,0,0,0,0,1.9503404015834713e-82,0,0,0,0,0,0,0,0,0,7.7040654402056787e-30,0,0,0,0,0,0,0,0,0,0,0,0,0,0,0,0,0,0,1,0,7.7040654402056787e-30,1
119700,NORMAL,6.1632523521645429e-30,1,6.1632523521645429e-30,1,0,UNKNOWN,0.20000000000000001,0,1,0,1,0,0,0,0,0,30600,30600,0,0,0,1,1,0,1,1,0,1,1,0,1,1,0,1,1,0,1,1,0,0,0,0,0,0,0,0,0,0,0,0,0,0,0,1.5602723212667771e-82,0,0,0,0,0,0,0,0,0,6.1632523521645429e-30,0,0,0,0,0,0,0,0,0,0,0,0,0,0,0,0,0,0,1,0,6.1632523521645429e-30,1
119800,NORMAL,4.9306018817316349e-30,1,4.9306018817316349e-30,1,0,UNKNOWN,0.20000000000000001,0,1,0,1,0,0,0,0,0,30600,30600,0,0,0,1,1,0,1,1,0,1,1,0,1,1,0,1,1,0,1,1,0,0,0,0,0,0,0,0,0,0,0,0,0,0,0,1.2482178570134217e-82,0,0,0,0,0,0,0,0,0,4.9306018817316349e-30,0,0,0,0,0,0,0,0,0,0,0,0,0,0,0,0,0,0,1,0,4.9306018817316349e-30,1
119900,NORMAL,3.9444815053853079e-30,1,3.9444815053853079e-30,1,0,UNKNOWN,0.20000000000000001,0,1,0,1,0,0,0,0,0,30600,30600,0,0,0,1,1,0,1,1,0,1,1,0,1,1,0,1,1,0,1,1,0,0,0,0,0,0,0,0,0,0,0,0,0,0,0,9.9857428561073745e-83,0,0,0,0,0,0,0,0,0,3.9444815053853079e-30,0,0,0,0,0,0,0,0,0,0,0,0,0,0,0,0,0,0,1,0,3.9444815053853079e-30,1
120000,NORMAL,3.1555852043082466e-30,1,3.1555852043082466e-30,1,0,UNKNOWN,0.20000000000000001,0,1,0,1,0,0,0,0,0,30600,30600,0,0,0,1,1,0,1,1,0,1,1,0,1,1,0,1,1,0,1,1,0,0,0,0,0,0,0,0,0,0,0,0,0,0,0,7.9885942848859002e-83,0,0,0,0,0,0,0,0,0,3.1555852043082466e-30,0,0,0,0,0,0,0,0,0,0,0,0,0,0,0,0,0,0,1,0,3.1555852043082466e-30,1
