run_id,true_origin_evaluation_only,injected,detected,unknown_at_first_alarm,any_confirmed_unknown,confirmed_unknown_steps,first_unknown_ms,wrong_localized_runtime_steps,diagnostic_path_steps,control_effect,actuator_effect,plant_manifestation,observation_sha256,evidence_sha256,first_alarm_observation_sha256,mixed_origin_equivalence_levels
final_0000,MEMORY,1,1,0,0,0,-1,0,0,1,1,1,cc2351ea72c455fbf21f4133030defaa90ab3db4f4dfb974bc09f8dc4df0a34b,e2f31279d1f5fe956799b55940e27eb0698f1ef71b0828d76caac706b584fa49,d1a4a04c265828be6d4487699ffac4dd5fd629d8dbbdb55454a02a0e6d2ec6d7,
final_0001,MEMORY,1,1,0,0,0,-1,0,0,1,1,1,df9bbc9125471dad2a2863ff6daf4f74da7f907f639a6b5bcf57655182a50953,a4b0e057ab5ee2588041688e2ad0abd665250f3c77831d83c075c8c8656fd59b,ad7038fd6bb0a241debd53c393287ae1708ee0eaf6ac54d82a282518ea1abb5e,
final_0002,MEMORY,1,1,0,0,0,-1,0,0,1,1,1,93c5d2bfc35a822609905bd2017f9bee2fa9c50cc2eae0c5b700ffb0e53ad225,d43f62d1f3ccbaeba6f65d0d401983e53bf0cfe021ba11ffbb556e0caa66f13d,bb32718a618626852036dda355a54b0734d9d6141fec63160f372fd72a3eba5a,
final_0003,MEMORY,1,1,0,0,0,-1,0,0,1,1,1,6881039c0c0c2001f8141f4766e02fda79a9fda0a1438aa8d710efd881df25be,b5138cfe49900cefc14c38e76956a8ad4f5caad9fb7a49a09f450103e56f92e1,78c1c50b5b7297f8f9c5445794b186391638914350f916bec25f8150dae88dcc,
final_0004,MEMORY,1,1,0,0,0,-1,0,0,1,1,1,f21cfdec582a71535c0a4061ae1b6f7d3c281d24c0dc2d30c9f798593981896e,d43f62d1f3ccbaeba6f65d0d401983e53bf0cfe021ba11ffbb556e0caa66f13d,2c87bd58e8545f209deeca3e349fba2dec8669653d99aa23717c4624f14c3b42,
final_0005,MEMORY,1,1,0,0,0,-1,0,0,1,1,1,424ce8de41ca1642f0e6b365de8ba9a1f82b3bc84a428db711ef864a1a405239,b5138cfe49900cefc14c38e76956a8ad4f5caad9fb7a49a09f450103e56f92e1,a93495f6e0fcac0a9e447fe6f7127bafe0057f3b40172157b0f61f793c43acbf,
final_0006,MEMORY,1,1,0,0,0,-1,0,0,1,1,1,1632cf8522db0edb8445512a3a0c95f76b6df6064d32a9fc9f3d0123110ce71c,1fe9c07ffabc3862c529e73f4041abed58bc89881f999e93e1b4e38a3366c17c,9e9d0c3a39ee94e2c69180b97d9670a0ef5d7508979d8fb7e254042cec309df7,
final_0007,MEMORY,1,1,0,0,0,-1,0,0,1,1,1,dc2f2cc46b4bb39c7abe201a33f0c9d5362428b9d40827db28f0003f43d357e7,600dd77ee9832fc30d6cf192287c510f94ba8b517f7aa326f21f3642a5c68b54,2f4074498e958c1d81062dd12026d6ee224a4fd6d58f9f25316a099d044e6370,
final_0008,MEMORY,1,1,0,0,0,-1,0,0,1,1,1,f42dd1e56d819764d9dee162be93aaa1c74861594d5cd7f4126448502eef3adf,aa3971a69271a7e0ddcd84a34e5aa87b9d99cb28e35d4d054176af1c2f3ff116,3bcf22cc31a34ea5bca31bb5fb3b589f5cdba8c3827f94c7de643e5fe06bf3a1,
final_0009,MEMORY,1,1,0,0,0,-1,0,0,1,1,1,67a7a2215f917915bc26b3498df64fdcdd287ed68b02597cd0a62dc6a782ff56,5a6fc827604e014ced118ac915e62d29da5ae95669827b4f142c3bfd3b638a07,3f217352ad9e1a3c3f659fbf3d746558214ff9ff33eb6deb3f27764d04c3cac4,
final_0010,MEMORY,1,1,0,0,0,-1,0,0,1,1,1,4d74335bb19b9024a7d6fd87846228f315c0689cf3ee7b060cea06970535dbea,f653c778d66b08dad2bf6561151547985582c205e004bfa53764c612884e7f25,b96477690c1af03129ce9eec19b099bfec158a54792f48b3934bc2ec44a593de,
final_0011,MEMORY,1,1,0,0,0,-1,0,0,1,1,1,a2fbb1206736bb29f0468a546a2110d944df5a04e9ce43b58f8a7d2d53a787a4,5adc0c9045510e42a782fb2106f82be8424d847c3bcb13e204bdd607d6c1d5d8,c065ba7c762dbf81cc238faf1dceacf768be3e61ca25beb73109743c50bf9604,
final_0012,MEMORY,1,1,0,0,0,-1,0,0,1,1,1,bab7b797fca9f9a2431c5200b2293c7a9f1d98ee80858093ce3e586d24efb595,20757b5509f2dbefd4074df2bcb846eddad06d1540ef81a7f925a070a8f1a63d,bba403fd0f86ce046e9ca0bee69799e437e4dbbfeedf8b73a64d2f939116b4bd,
final_0013,MEMORY,1,1,0,0,0,-1,0,0,1,1,1,86f655c81b254dcbebccbf4c547aa2f1b549aff562001bcdac3b817738e75b7d,046aabcf211735770733561377fb5c66292b6cc758c890185b80bfcd23ff00ef,9275ba3ddb70de04a6e5d2630afa73dfeba01532d7ef1e201b5c41759f9341ad,
final_0014,MEMORY,1,1,0,0,0,-1,0,0,1,1,1,fc6706f889509357ccd097536480ed1d4882b4586a944e3c74f3fa43b7f1cbe1,c6a7dc51e5f6f10eae0742c84ae2551281caecde07cdffae2fb59b500fecc918,a54369974c6c3f9cbb78990a0c96de4f409ab252180dd0a0cdd19ec00bfc20fe,
final_0015,MEMORY,1,1,0,0,0,-1,0,0,1,1,1,f999f3c5b2cf34e150a18d35cb2228b59103efe88ae978325a7b4d9a11a13d3c,22eba8e41a1012b33804d46d42639f177968c03c1a6d96ccff73d325b5712e62,20b51ae8283b71eadca118aef71e6fd66ecb9083362591fb0456f48cf47ebcce,
final_0016,MEMORY,1,1,0,0,0,-1,0,0,1,1,1,456967846ef71db24b04135b9ff867f81eef5770e9011c979e4a8c7202bbab99,6b2d23b32aa4a9b0cf70e96e500ad4598b952939271f3837e588e927e5674882,17dbc77b38175e294bdad3e15b940e355183c44e8cb6353c0c49289513dc27a0,
final_0017,MEMORY,1,1,0,0,0,-1,0,0,1,1,1,f0f79a6d25b290b3b056659e062b214446601ff0b8aeef0f38e40b8f3a29d805,7985aa11d453d8ca4ed9907272c61a8f40cd6006b81e786bd0bd5a8586772f36,cf225f6c6a3ba84bf2b4df221a588cadcfa0a67ecdc046891ea1222ef362a256,
final_0018,MEMORY,1,1,0,1,14,41600,0,0,1,1,1,72f2ee86536db92b99f387dd2c99c2e40c993eafe4ded3a7e4756d45c1b64bb8,efec15d12231968e8876fd6e14251a916d2309705f18250b20b5a48dda387f62,bf55f03b996ea2f449d17fe892cddd5c6c1d8d63e125c38cfd2f2dbef925f674,
final_0019,MEMORY,1,1,0,1,28,83600,0,0,1,1,1,60ee125ab634d9f31a95d0850bcd607dfa4136dc60fb60beb6afe044ed7836bf,de9720023445d20112b5614d26f0494f473253a4dd90ea60a1876c5c6e2a11bf,1bc6a7aef28710284a3c007471ac17f2848d8945aee15a44924d1da02a42fddb,
final_0020,MEMORY,1,1,0,1,32,41700,0,0,1,1,1,e62466db4a7fc61a0539efae97ebec0f23fd3bbcdd03ea43e423e53bc4fcfc2f,b63ec49a95ae758d4be9c91e08353c469c8030ec65bc5ddec9a171653ed1e499,5d1670ad7bdf8cf4a6dafb40281758c58de4e4fa90e5c0e4d6327c2a7a39ba7c,
final_0021,MEMORY,1,1,0,1,32,83700,0,0,1,1,1,1272ef7a69709bfc028013ebe1034dc0076470fcd63e30af779607aabfcb7ba2,045d2a20ababb1a689b955ee8cbe9b595e769642f8566232918e48d374ef4feb,3d3b35438b600c3c54a42ad2f0c8acdfced31422ef38dab95acf602d83ee5c62,
final_0022,MEMORY,1,1,0,1,41,41700,0,0,1,1,1,11fdaf982416d49d6655f3c3f8fbaff3d7ee1d3e7650985e27822a6485d0d966,90a72443668dff4f30b5dc6ebfcb501916c6d50e6c176f0c766322e0161faef2,9506c2266f1d60023f43e210fcc1ea70ad4bf4ba27654c2d6ffd363643d25cb0,
final_0023,MEMORY,1,1,0,1,34,83700,0,0,1,1,1,d1c5a1597d79e918cf2260036e0271c6f4bd6f771faa18bf8b27833e201409b7,4f9835c7d40e5e20ba01198ec4cb6ed8e58123a925bb1c8c899f82995037b436,4ed1434632bccc504967f6e719af00cd760eadafae6694882a24043f395496f5,
final_0024,MEMORY,1,1,0,0,0,-1,0,0,1,1,1,a23b965f636442118717da28bbda6ea90513e24d8d74c05eeea05b0c78a27030,196bbfc3e017bdd109ecb221fdf691cb0f454cb4ade5c70070a28b0deffba607,d1a4a04c265828be6d4487699ffac4dd5fd629d8dbbdb55454a02a0e6d2ec6d7,
final_0025,MEMORY,1,1,0,0,0,-1,0,0,1,1,1,68a6d30e907a2d2bbe36082cbcd286319155c0610097001fd60c5c5e62a73945,bcc4528e656a99d654e4113e55162039b6632ff55a1ba41f2609eb270a2bfd6b,ad7038fd6bb0a241debd53c393287ae1708ee0eaf6ac54d82a282518ea1abb5e,
final_0026,MEMORY,1,1,0,0,0,-1,0,0,1,1,1,a056dbcc4f66bea18149ea26edd96f462e2ee0d055d49e469a3732a8fb8f04d6,8a4bd2f5eba8fb6f16338f5290e05121ac2620b7db682f26a85dd2508966b7e8,bb32718a618626852036dda355a54b0734d9d6141fec63160f372fd72a3eba5a,
final_0027,MEMORY,1,1,0,0,0,-1,0,0,1,1,1,44590c4f0533efec155370bd860a885556aa65fa7dc392613c238b913cb1aea2,549298de5ccda763a5ce90534684e9837797b6f8d2118d38c298e04fc0912002,78c1c50b5b7297f8f9c5445794b186391638914350f916bec25f8150dae88dcc,
final_0028,MEMORY,1,1,0,0,0,-1,0,0,1,1,1,2b3431436f3c67cb279c33a83416924a6cc82a5216ea6253dd388ac14535e352,8a4bd2f5eba8fb6f16338f5290e05121ac2620b7db682f26a85dd2508966b7e8,2c87bd58e8545f209deeca3e349fba2dec8669653d99aa23717c4624f14c3b42,
final_0029,MEMORY,1,1,0,0,0,-1,0,0,1,1,1,590727affb2ed184792386f108220fe0753bd1af27dde85714b4f90e3e516db5,549298de5ccda763a5ce90534684e9837797b6f8d2118d38c298e04fc0912002,a93495f6e0fcac0a9e447fe6f7127bafe0057f3b40172157b0f61f793c43acbf,
final_0030,MEMORY,1,1,0,0,0,-1,0,0,1,1,1,01609c83414a9e33b8bf014c36dda2a8c563b77848be30f19da41843951da3b4,e5b3bf136817ba5cc69831d6f62661fa8cb006dfa40b258fa45bcd4e8ebeaa5c,9e9d0c3a39ee94e2c69180b97d9670a0ef5d7508979d8fb7e254042cec309df7,
final_0031,MEMORY,1,1,0,0,0,-1,0,0,1,1,1,ff1e89eba48f2e82199a65e9b652eb894705f5b59c888b216469322b6dfa461e,f36c9cb76a16f4942adbe2962aca56746727cfde4d162af03bdde362bf2dc101,2f4074498e958c1d81062dd12026d6ee224a4fd6d58f9f25316a099d044e6370,
final_0032,MEMORY,1,1,0,0,0,-1,0,0,1,1,1,dff4b28269e19d3dbecd1bb68b572d03413330a0c3d1025383f8336f1913354d,bcfbd040f773ff7c849615bc4a4634cb29116bdf1be83536886f944a6cf6521c,3bcf22cc31a34ea5bca31bb5fb3b589f5cdba8c3827f94c7de643e5fe06bf3a1,
final_0033,MEMORY,1,1,0,0,0,-1,0,0,1,1,1,576211769e695ad033fa4a3435e60929a9af3494adca7f6ca54fc87b4ca1e7c8,4a93e4f5b3ee0ec96e3b0990323ec5f09c705f4ff51e3f94e8412919d0b106b7,3f217352ad9e1a3c3f659fbf3d746558214ff9ff33eb6deb3f27764d04c3cac4,
final_0034,MEMORY,1,1,0,0,0,-1,0,0,1,1,1,cd664af0f5239c23e0913dfd8d15546f04a9a077b48a00137cbedd112b046209,aca3b71419412c705f93ac827b2b3bbec44d964c1dab6fd664e6ffcbdb16a21a,b96477690c1af03129ce9eec19b099bfec158a54792f48b3934bc2ec44a593de,
final_0035,MEMORY,1,1,0,0,0,-1,0,0,1,1,1,850e96e11626c71d5763ca10106c6f504e93deab01da5e4956bc8f4041cf39a4,ae76a4e78a2f3ffdc2b99fa5d10150e7aac81ad0d4086eb19f7886afa6beba53,c065ba7c762dbf81cc238faf1dceacf768be3e61ca25beb73109743c50bf9604,
final_0036,MEMORY,1,1,0,0,0,-1,0,0,1,1,1,aefc467830b398400417e2fd34e1123c4c8e5930466934befa5f17ef50015d5f,c949598bfc025588de88d2e22069cea130b711eafde4b28c23279ae7449f0565,bba403fd0f86ce046e9ca0bee69799e437e4dbbfeedf8b73a64d2f939116b4bd,
final_0037,MEMORY,1,1,0,0,0,-1,0,0,1,1,1,2bd659fc8ed3d49e04bd5710633623bf007b6237fb238e68ba3cc372d4057dd9,dcf1f5e6cb0caa464987f80f2fccd4e44fafcd14c737046e8e2d18bedb6cbbb9,9275ba3ddb70de04a6e5d2630afa73dfeba01532d7ef1e201b5c41759f9341ad,
final_0038,MEMORY,1,1,0,0,0,-1,0,0,1,1,1,7e90a2cab1b11353e5d3b2f1feeb56273a2510c04ca4d844ad915c3b6459e96b,2db904821bfb79785390b6b7e775bb947ba867cfcd3958c7c71565c1e575795f,a54369974c6c3f9cbb78990a0c96de4f409ab252180dd0a0cdd19ec00bfc20fe,
final_0039,MEMORY,1,1,0,0,0,-1,0,0,1,1,1,4cfb8a1745d9868b5c3e0f781a7b28757732806622ad1928aa2c45abb1eb436a,fba6c40f8250e2cc1de9821e82430427800641457e98d0acc880ac1615ab7bf8,20b51ae8283b71eadca118aef71e6fd66ecb9083362591fb0456f48cf47ebcce,
final_0040,MEMORY,1,1,0,0,0,-1,0,0,1,1,1,8471b330277e5bd5dc8bcd1d81cc29cce9bd123cdd2d6086a3b128ee27982ce0,92a42bd7fee583201affc6a51d8323cbba7907be290232e313dcedc1192f29ad,17dbc77b38175e294bdad3e15b940e355183c44e8cb6353c0c49289513dc27a0,
final_0041,MEMORY,1,1,0,0,0,-1,0,0,1,1,1,3da60b475f9439de1ff632f83fae20ad118b74dfa083aadec49ab49d420abd3f,7e18b8bb3e88c0c2ce3df5d9a71084b0859642f1ff0b11a8fe237c99234dbc96,cf225f6c6a3ba84bf2b4df221a588cadcfa0a67ecdc046891ea1222ef362a256,
final_0042,MEMORY,1,1,0,0,0,-1,0,0,1,1,1,62ef756ca029afec56d7157f72e734094b16adf4785c3479241bc69d15da673c,fd8ba74442d77b402ab4736469a3b4d1f4f4d919da240de98ea289d83c22bf68,bf55f03b996ea2f449d17fe892cddd5c6c1d8d63e125c38cfd2f2dbef925f674,
final_0043,MEMORY,1,1,0,0,0,-1,0,0,1,1,1,f25a8ee32ccdb50daed5e4a91fa33adf07dbbf2a76fcab3a5d40e3faa1af180a,70b4ff202746f3f9849132c742302a5908715a3a1bc17fc73975ac074ecc4511,1bc6a7aef28710284a3c007471ac17f2848d8945aee15a44924d1da02a42fddb,
final_0044,MEMORY,1,1,0,0,0,-1,0,0,1,1,1,3c8d20737b5955cfc8ccc24171d22ac227bd20aeab68db0dda3ae651b5552b67,ffab1cbe5664496fe5cccd094386d909966d409e9615932c7123245c040fa8d2,5d1670ad7bdf8cf4a6dafb40281758c58de4e4fa90e5c0e4d6327c2a7a39ba7c,
final_0045,MEMORY,1,1,0,0,0,-1,0,0,1,1,1,d5423a971349a3c0ebb8ee04079659b857bb342035c26ed663ad49b13ab47f22,e2bacc7adeb09414c62d6850335a991e9c299d96f76f821bc7bf0e31ec26eb5b,3d3b35438b600c3c54a42ad2f0c8acdfced31422ef38dab95acf602d83ee5c62,
final_0046,MEMORY,1,1,0,1,25,32900,0,0,1,1,1,63d1ae335074a2a10d5592906848a826aec8a5f01e697b97dc2fffd709ea9f51,69c82cc064393b674de3b92f3f8ea90ee7d9f51509db4346aa76e69a927f69f3,9506c2266f1d60023f43e210fcc1ea70ad4bf4ba27654c2d6ffd363643d25cb0,
final_0047,MEMORY,1,1,0,1,21,74900,0,0,1,1,1,780a043480626c7d6531413497e26927b144f1d9e82c58c2dd8045b6b2aad973,985df8371c9af64efc0005d23a83eff523a5a55ea3dbe7254753bd8aa0216bdf,4ed1434632bccc504967f6e719af00cd760eadafae6694882a24043f395496f5,
final_0048,MEMORY,1,1,0,0,0,-1,0,0,1,1,1,4072293f26c0775c415597624d5736780cd794ceb86f969f111ad3d3e23a2b4e,8e4332aa4c2d37667073ede7e176c0999e2274462f2c22cce8dab1c738daad51,d1a4a04c265828be6d4487699ffac4dd5fd629d8dbbdb55454a02a0e6d2ec6d7,
final_0049,MEMORY,1,1,0,0,0,-1,0,0,1,1,1,0a48659d20ac49211b18542a6c4cac45954d2c8696ccc2f4a3109a8160fffa8f,226f9c9ca38a8f0d22e250e0681f315e733b0fbe12a5fed100f5c7ecf56ad82f,ad7038fd6bb0a241debd53c393287ae1708ee0eaf6ac54d82a282518ea1abb5e,
final_0050,MEMORY,1,1,0,0,0,-1,0,0,1,1,1,b6417773b23d29ef66e4115e143d797315660953d0be1537211e7e7641f02397,fdca86768659a6175c5be61ec9aa457b8a1cd0724fb70becd5c742712d5a2d32,bb32718a618626852036dda355a54b0734d9d6141fec63160f372fd72a3eba5a,
final_0051,MEMORY,1,1,0,0,0,-1,0,0,1,1,1,4a91f0bd7e5bd8c95026b7fc503d9a8d92d25efd10bf9afbc66bfc8ef9198c85,55ca2cac15c613ca0168e7e521e4824d442e7a950b29453601557c9a16612184,78c1c50b5b7297f8f9c5445794b186391638914350f916bec25f8150dae88dcc,
final_0052,MEMORY,1,1,0,0,0,-1,0,0,1,1,1,4638c14f02a2c923b60c6b498adb0616befdf2b94e6d51da9d5bd1aad7ff19f5,fdca86768659a6175c5be61ec9aa457b8a1cd0724fb70becd5c742712d5a2d32,2c87bd58e8545f209deeca3e349fba2dec8669653d99aa23717c4624f14c3b42,
final_0053,MEMORY,1,1,0,0,0,-1,0,0,1,1,1,76059b3a921889146fde3f7e2bf0995faa61e14cc18fd8af60f71ec02cdeb9ae,55ca2cac15c613ca0168e7e521e4824d442e7a950b29453601557c9a16612184,a93495f6e0fcac0a9e447fe6f7127bafe0057f3b40172157b0f61f793c43acbf,
final_0054,MEMORY,1,1,0,0,0,-1,0,0,1,1,1,1c24c4ca95ee81580bfdbb75685090bb17fe174a3b1dc33686d8f02559614e11,7290f58129c94592a8b908069f9b4190e75cc2e1f489b223cf15f6de964353ae,9e9d0c3a39ee94e2c69180b97d9670a0ef5d7508979d8fb7e254042cec309df7,
final_0055,MEMORY,1,1,0,0,0,-1,0,0,1,1,1,5b47d3e1ebb2994151790f2ce9af0b419270ee19cd52ba3dad3a21845ad8be7d,75678d35473ffaabcc482d14f8683934e6e954060e45a06dd45b980f98d628b4,2f4074498e958c1d81062dd12026d6ee224a4fd6d58f9f25316a099d044e6370,
final_0056,MEMORY,1,1,0,0,0,-1,0,0,1,1,1,922bf2fd359cf88c7f5d9d618b64ca18712a72042202c033585d695161852c94,5417a65e4e371db60c262e4dea5bd6caa5225c33f6c168d1c614a49d01550135,3bcf22cc31a34ea5bca31bb5fb3b589f5cdba8c3827f94c7de643e5fe06bf3a1,
final_0057,MEMORY,1,1,0,0,0,-1,0,0,1,1,1,9044e2b4a4ffa516dda71bdab1abb2024e409d9e594ea0a8c64ea05ad2f384b9,dd22980adb7ace7f22737d0b30af0c22017e4c3ab91c9cab16ac32f529ea9d47,3f217352ad9e1a3c3f659fbf3d746558214ff9ff33eb6deb3f27764d04c3cac4,
final_0058,MEMORY,1,1,0,0,0,-1,0,0,1,1,1,44ad9668f9cba6a024b89869a1450fd45676e92d54a1097184fb91caa6a94720,9aa7cccde14510a6d24c86c739f1b5ae3004a91fa65c9881055880fad2c95e54,b96477690c1af03129ce9eec19b099bfec158a54792f48b3934bc2ec44a593de,
final_0059,MEMORY,1,1,0,0,0,-1,0,0,1,1,1,e7548c9f8a906e52e262c0592d0669b171410d69d258a39bc5cb255204888e1e,f219e12526e401595bcec5dacafa1ef9a22f0b2daaf32428b9d36533eb85c819,c065ba7c762dbf81cc238faf1dceacf768be3e61ca25beb73109743c50bf9604,
final_0060,MEMORY,1,1,0,0,0,-1,0,0,1,1,1,6ea2cc370dc255f7d525f9d25c0cc8b652b57a6fc3a5147dd55a3fc4b6dc9929,7f0b804e3c7c2bef5dbc68e7baea84b6def22342a5ffeb7b75014eaacb32f01f,bba403fd0f86ce046e9ca0bee69799e437e4dbbfeedf8b73a64d2f939116b4bd,
final_0061,MEMORY,1,1,0,0,0,-1,0,0,1,1,1,fe6d260f7fcb36fbf15fc3dd5c842b969bb21c1f3488f20259a51b9a8d74dffc,cdf67b877ea679825b2aa064b2c55c20884505c71c130f5f60b602d9d5e5c379,9275ba3ddb70de04a6e5d2630afa73dfeba01532d7ef1e201b5c41759f9341ad,
final_0062,MEMORY,1,1,0,0,0,-1,0,0,1,1,1,c14104efd7c52f632c16fd01ddf18aec813270cec93d71e5568f0bbab66a9725,5a4a4265e599076cc7432de7522b5aa20ed67c44aaf7e9201973e0238ba92204,a54369974c6c3f9cbb78990a0c96de4f409ab252180dd0a0cdd19ec00bfc20fe,
final_0063,MEMORY,1,1,0,0,0,-1,0,0,1,1,1,1a2f198762b1d23f26b66729e7e0728ae148f5704830ad9c8e63ff641ba6389b,8941581bfda4a053ca7bf718856d71a5c919c5d7e433a23657765c1829198fcc,20b51ae8283b71eadca118aef71e6fd66ecb9083362591fb0456f48cf47ebcce,
final_0064,MEMORY,1,1,0,0,0,-1,0,0,1,1,1,7def373e992e88a5fdd9d304ae8b63b6a981bd6000c15bd4462819c22e4c3bc4,5417a65e4e371db60c262e4dea5bd6caa5225c33f6c168d1c614a49d01550135,17dbc77b38175e294bdad3e15b940e355183c44e8cb6353c0c49289513dc27a0,
final_0065,MEMORY,1,1,0,0,0,-1,0,0,1,1,1,292b3df62be4c9ae248c62ada4401a0c1d97a78d3fc1498e91fe669c604dd815,dd22980adb7ace7f22737d0b30af0c22017e4c3ab91c9cab16ac32f529ea9d47,cf225f6c6a3ba84bf2b4df221a588cadcfa0a67ecdc046891ea1222ef362a256,
final_0066,MEMORY,1,1,0,0,0,-1,0,0,1,1,1,b62cdffd23ff821e3a17b1c6a0e85b369b3efb02ce91dd86ac7c1fa77212a979,5e76ff5003d409fb3fbfc4aa3f97a676dd4caf11e98b3f0ae76d31c80bb1efc7,bf55f03b996ea2f449d17fe892cddd5c6c1d8d63e125c38cfd2f2dbef925f674,
final_0067,MEMORY,1,1,0,0,0,-1,0,0,1,1,1,ac40abd6b8d24f1a1e228f3ea6e97cd8bacc6fa3a3770ee0f2439973ec9d7839,f186c1e4e944432fbbfa3dabef29ad1bd65204b662b52e9a52cb04c318f7e3bd,1bc6a7aef28710284a3c007471ac17f2848d8945aee15a44924d1da02a42fddb,
final_0068,MEMORY,1,1,0,0,0,-1,0,0,1,1,1,ffb961b0e2f855e76a31957e24e8fa7ac2b305bd19a9110e35a05f788e84b00c,0733654a339b4b380ef798c17b7869b483520105c62113d5afe51382e3088c0f,5d1670ad7bdf8cf4a6dafb40281758c58de4e4fa90e5c0e4d6327c2a7a39ba7c,
final_0069,MEMORY,1,1,0,0,0,-1,0,0,1,1,1,b25db53540534ff8561d8821884bdd0f8e47220fb35b47a0492b84b886759d82,3317efd1128edda5cedb86226a851768a5da0df1bf00610d66fd129594a60296,3d3b35438b600c3c54a42ad2f0c8acdfced31422ef38dab95acf602d83ee5c62,
final_0070,MEMORY,1,1,0,0,0,-1,0,0,1,1,1,aa878485aa9390b1321d8dfb4ff0a61b463ae08c75f49a6c281d76943678482c,62b4e4e1288c08b94b75eeaab16266bcd24963db41b7b6f58904b1ce8f65b66e,9506c2266f1d60023f43e210fcc1ea70ad4bf4ba27654c2d6ffd363643d25cb0,
final_0071,MEMORY,1,1,0,0,0,-1,0,0,1,1,1,4ad9ba33026569f862ec726a6644033c431fce0baa3a7bac9f0b0aef94284aa3,247c75bb578c7de510dac7312ebdb648de57ddd0d743df87c7c8fab375208faf,4ed1434632bccc504967f6e719af00cd760eadafae6694882a24043f395496f5,
final_0072,MEMORY,1,0,0,0,0,-1,0,0,0,0,0,151a81974c6e5e054d2c53d956f391bc7bac1ef0b5ceaee1ad73291b4e64d652,87c253e5d7bd5503e469c1232fe6f77d430d74d0e87c56f6dd17c9ddf2127b3f,,full_evidence_history
final_0073,MEMORY,1,0,0,0,0,-1,0,0,0,0,0,151a81974c6e5e054d2c53d956f391bc7bac1ef0b5ceaee1ad73291b4e64d652,87c253e5d7bd5503e469c1232fe6f77d430d74d0e87c56f6dd17c9ddf2127b3f,,full_evidence_history
final_0074,MEMORY,1,1,0,0,0,-1,0,0,1,1,1,93c5d2bfc35a822609905bd2017f9bee2fa9c50cc2eae0c5b700ffb0e53ad225,d43f62d1f3ccbaeba6f65d0d401983e53bf0cfe021ba11ffbb556e0caa66f13d,bb32718a618626852036dda355a54b0734d9d6141fec63160f372fd72a3eba5a,
final_0075,MEMORY,1,1,0,0,0,-1,0,0,1,1,1,6881039c0c0c2001f8141f4766e02fda79a9fda0a1438aa8d710efd881df25be,b5138cfe49900cefc14c38e76956a8ad4f5caad9fb7a49a09f450103e56f92e1,78c1c50b5b7297f8f9c5445794b186391638914350f916bec25f8150dae88dcc,
final_0076,MEMORY,1,0,0,0,0,-1,0,0,0,0,0,c8179d9c8f23975aec24544c579090dd925c757328f8fda10209dbf78b4602b4,a03823fc15b58ee26e6c1193cf5917b098d8a98ca37a3e24137a0a5579573ce5,,full_evidence_history
final_0077,MEMORY,1,0,0,0,0,-1,0,0,0,0,0,c8179d9c8f23975aec24544c579090dd925c757328f8fda10209dbf78b4602b4,a03823fc15b58ee26e6c1193cf5917b098d8a98ca37a3e24137a0a5579573ce5,,full_evidence_history
final_0078,MEMORY,1,1,0,0,0,-1,0,0,1,1,1,1632cf8522db0edb8445512a3a0c95f76b6df6064d32a9fc9f3d0123110ce71c,1fe9c07ffabc3862c529e73f4041abed58bc89881f999e93e1b4e38a3366c17c,9e9d0c3a39ee94e2c69180b97d9670a0ef5d7508979d8fb7e254042cec309df7,
final_0079,MEMORY,1,1,0,0,0,-1,0,0,1,1,1,dc2f2cc46b4bb39c7abe201a33f0c9d5362428b9d40827db28f0003f43d357e7,600dd77ee9832fc30d6cf192287c510f94ba8b517f7aa326f21f3642a5c68b54,2f4074498e958c1d81062dd12026d6ee224a4fd6d58f9f25316a099d044e6370,
final_0080,MEMORY,1,1,0,0,0,-1,0,0,1,1,1,f42dd1e56d819764d9dee162be93aaa1c74861594d5cd7f4126448502eef3adf,aa3971a69271a7e0ddcd84a34e5aa87b9d99cb28e35d4d054176af1c2f3ff116,3bcf22cc31a34ea5bca31bb5fb3b589f5cdba8c3827f94c7de643e5fe06bf3a1,
final_0081,MEMORY,1,1,0,0,0,-1,0,0,1,1,1,67a7a2215f917915bc26b3498df64fdcdd287ed68b02597cd0a62dc6a782ff56,5a6fc827604e014ced118ac915e62d29da5ae95669827b4f142c3bfd3b638a07,3f217352ad9e1a3c3f659fbf3d746558214ff9ff33eb6deb3f27764d04c3cac4,
final_0082,MEMORY,1,0,0,0,0,-1,0,0,0,0,0,d91c40d24c4474c51d14e6c75f37515675596ba841c9c8817a3a6b1833140899,a03823fc15b58ee26e6c1193cf5917b098d8a98ca37a3e24137a0a5579573ce5,,full_evidence_history
final_0083,MEMORY,1,0,0,0,0,-1,0,0,0,0,0,d91c40d24c4474c51d14e6c75f37515675596ba841c9c8817a3a6b1833140899,a03823fc15b58ee26e6c1193cf5917b098d8a98ca37a3e24137a0a5579573ce5,,full_evidence_history
final_0084,MEMORY,1,1,0,0,0,-1,0,0,1,1,1,bab7b797fca9f9a2431c5200b2293c7a9f1d98ee80858093ce3e586d24efb595,20757b5509f2dbefd4074df2bcb846eddad06d1540ef81a7f925a070a8f1a63d,bba403fd0f86ce046e9ca0bee69799e437e4dbbfeedf8b73a64d2f939116b4bd,
final_0085,MEMORY,1,1,0,0,0,-1,0,0,1,1,1,86f655c81b254dcbebccbf4c547aa2f1b549aff562001bcdac3b817738e75b7d,046aabcf211735770733561377fb5c66292b6cc758c890185b80bfcd23ff00ef,9275ba3ddb70de04a6e5d2630afa73dfeba01532d7ef1e201b5c41759f9341ad,
final_0086,MEMORY,1,0,0,0,0,-1,0,0,0,0,0,22b0b6d6a708ce2739dc704e9dd5680f18e17737eb009b7c73738ee9511fb77d,ed2edfd8ef6a2fff35554ab56fbaa499e584783f75a2888b722b29a1ebfba783,,full_evidence_history
final_0087,MEMORY,1,0,0,0,0,-1,0,0,0,0,0,22b0b6d6a708ce2739dc704e9dd5680f18e17737eb009b7c73738ee9511fb77d,ed2edfd8ef6a2fff35554ab56fbaa499e584783f75a2888b722b29a1ebfba783,,full_evidence_history
final_0088,MEMORY,1,0,0,0,0,-1,0,0,0,0,0,151a81974c6e5e054d2c53d956f391bc7bac1ef0b5ceaee1ad73291b4e64d652,87c253e5d7bd5503e469c1232fe6f77d430d74d0e87c56f6dd17c9ddf2127b3f,,full_evidence_history
final_0089,MEMORY,1,0,0,0,0,-1,0,0,0,0,0,151a81974c6e5e054d2c53d956f391bc7bac1ef0b5ceaee1ad73291b4e64d652,87c253e5d7bd5503e469c1232fe6f77d430d74d0e87c56f6dd17c9ddf2127b3f,,full_evidence_history
final_0090,MEMORY,1,1,0,1,14,41600,0,0,1,1,1,72f2ee86536db92b99f387dd2c99c2e40c993eafe4ded3a7e4756d45c1b64bb8,efec15d12231968e8876fd6e14251a916d2309705f18250b20b5a48dda387f62,bf55f03b996ea2f449d17fe892cddd5c6c1d8d63e125c38cfd2f2dbef925f674,
final_0091,MEMORY,1,1,0,1,28,83600,0,0,1,1,1,60ee125ab634d9f31a95d0850bcd607dfa4136dc60fb60beb6afe044ed7836bf,de9720023445d20112b5614d26f0494f473253a4dd90ea60a1876c5c6e2a11bf,1bc6a7aef28710284a3c007471ac17f2848d8945aee15a44924d1da02a42fddb,
final_0092,MEMORY,1,0,0,0,0,-1,0,0,0,0,0,c8179d9c8f23975aec24544c579090dd925c757328f8fda10209dbf78b4602b4,a03823fc15b58ee26e6c1193cf5917b098d8a98ca37a3e24137a0a5579573ce5,,full_evidence_history
final_0093,MEMORY,1,0,0,0,0,-1,0,0,0,0,0,c8179d9c8f23975aec24544c579090dd925c757328f8fda10209dbf78b4602b4,a03823fc15b58ee26e6c1193cf5917b098d8a98ca37a3e24137a0a5579573ce5,,full_evidence_history
final_0094,MEMORY,1,1,0,1,41,41700,0,0,1,1,1,11fdaf982416d49d6655f3c3f8fbaff3d7ee1d3e7650985e27822a6485d0d966,90a72443668dff4f30b5dc6ebfcb501916c6d50e6c176f0c766322e0161faef2,9506c2266f1d60023f43e210fcc1ea70ad4bf4ba27654c2d6ffd363643d25cb0,
final_0095,MEMORY,1,1,0,1,34,83700,0,0,1,1,1,d1c5a1597d79e918cf2260036e0271c6f4bd6f771faa18bf8b27833e201409b7,4f9835c7d40e5e20ba01198ec4cb6ed8e58123a925bb1c8c899f82995037b436,4ed1434632bccc504967f6e719af00cd760eadafae6694882a24043f395496f5,
final_0096,MEMORY,1,0,0,0,0,-1,0,0,0,0,0,151a81974c6e5e054d2c53d956f391bc7bac1ef0b5ceaee1ad73291b4e64d652,87c253e5d7bd5503e469c1232fe6f77d430d74d0e87c56f6dd17c9ddf2127b3f,,full_evidence_history
final_0097,MEMORY,1,0,0,0,0,-1,0,0,0,0,0,151a81974c6e5e054d2c53d956f391bc7bac1ef0b5ceaee1ad73291b4e64d652,87c253e5d7bd5503e469c1232fe6f77d430d74d0e87c56f6dd17c9ddf2127b3f,,full_evidence_history
final_0098,MEMORY,1,1,0,0,0,-1,0,0,1,1,1,a056dbcc4f66bea18149ea26edd96f462e2ee0d055d49e469a3732a8fb8f04d6,8a4bd2f5eba8fb6f16338f5290e05121ac2620b7db682f26a85dd2508966b7e8,bb32718a618626852036dda355a54b0734d9d6141fec63160f372fd72a3eba5a,
final_0099,MEMORY,1,1,0,0,0,-1,0,0,1,1,1,44590c4f0533efec155370bd860a885556aa65fa7dc392613c238b913cb1aea2,549298de5ccda763a5ce90534684e9837797b6f8d2118d38c298e04fc0912002,78c1c50b5b7297f8f9c5445794b186391638914350f916bec25f8150dae88dcc,
final_0100,MEMORY,1,0,0,0,0,-1,0,0,0,0,0,c8179d9c8f23975aec24544c579090dd925c757328f8fda10209dbf78b4602b4,a03823fc15b58ee26e6c1193cf5917b098d8a98ca37a3e24137a0a5579573ce5,,full_evidence_history
final_0101,MEMORY,1,0,0,0,0,-1,0,0,0,0,0,c8179d9c8f23975aec24544c579090dd925c757328f8fda10209dbf78b4602b4,a03823fc15b58ee26e6c1193cf5917b098d8a98ca37a3e24137a0a5579573ce5,,full_evidence_history
final_0102,MEMORY,1,1,0,0,0,-1,0,0,1,1,1,01609c83414a9e33b8bf014c36dda2a8c563b77848be30f19da41843951da3b4,e5b3bf136817ba5cc69831d6f62661fa8cb006dfa40b258fa45bcd4e8ebeaa5c,9e9d0c3a39ee94e2c69180b97d9670a0ef5d7508979d8fb7e254042cec309df7,
final_0103,MEMORY,1,1,0,0,0,-1,0,0,1,1,1,ff1e89eba48f2e82199a65e9b652eb894705f5b59c888b216469322b6dfa461e,f36c9cb76a16f4942adbe2962aca56746727cfde4d162af03bdde362bf2dc101,2f4074498e958c1d81062dd12026d6ee224a4fd6d58f9f25316a099d044e6370,
final_0104,MEMORY,1,1,0,0,0,-1,0,0,1,1,1,dff4b28269e19d3dbecd1bb68b572d03413330a0c3d1025383f8336f1913354d,bcfbd040f773ff7c849615bc4a4634cb29116bdf1be83536886f944a6cf6521c,3bcf22cc31a34ea5bca31bb5fb3b589f5cdba8c3827f94c7de643e5fe06bf3a1,
final_0105,MEMORY,1,1,0,0,0,-1,0,0,1,1,1,576211769e695ad033fa4a3435e60929a9af3494adca7f6ca54fc87b4ca1e7c8,4a93e4f5b3ee0ec96e3b0990323ec5f09c705f4ff51e3f94e8412919d0b106b7,3f217352ad9e1a3c3f659fbf3d746558214ff9ff33eb6deb3f27764d04c3cac4,
final_0106,MEMORY,1,0,0,0,0,-1,0,0,0,0,0,d91c40d24c4474c51d14e6c75f37515675596ba841c9c8817a3a6b1833140899,a03823fc15b58ee26e6c1193cf5917b098d8a98ca37a3e24137a0a5579573ce5,,full_evidence_history
final_0107,MEMORY,1,0,0,0,0,-1,0,0,0,0,0,d91c40d24c4474c51d14e6c75f37515675596ba841c9c8817a3a6b1833140899,a03823fc15b58ee26e6c1193cf5917b098d8a98ca37a3e24137a0a5579573ce5,,full_evidence_history
final_0108,MEMORY,1,1,0,0,0,-1,0,0,1,1,1,aefc467830b398400417e2fd34e1123c4c8e5930466934befa5f17ef50015d5f,c949598bfc025588de88d2e22069cea130b711eafde4b28c23279ae7449f0565,bba403fd0f86ce046e9ca0bee69799e437e4dbbfeedf8b73a64d2f939116b4bd,
final_0109,MEMORY,1,1,0,0,0,-1,0,0,1,1,1,2bd659fc8ed3d49e04bd5710633623bf007b6237fb238e68ba3cc372d4057dd9,dcf1f5e6cb0caa464987f80f2fccd4e44fafcd14c737046e8e2d18bedb6cbbb9,9275ba3ddb70de04a6e5d2630afa73dfeba01532d7ef1e201b5c41759f9341ad,
final_0110,MEMORY,1,0,0,0,0,-1,0,0,0,0,0,22b0b6d6a708ce2739dc704e9dd5680f18e17737eb009b7c73738ee9511fb77d,ed2edfd8ef6a2fff35554ab56fbaa499e584783f75a2888b722b29a1ebfba783,,full_evidence_history
final_0111,MEMORY,1,0,0,0,0,-1,0,0,0,0,0,22b0b6d6a708ce2739dc704e9dd5680f18e17737eb009b7c73738ee9511fb77d,ed2edfd8ef6a2fff35554ab56fbaa499e584783f75a2888b722b29a1ebfba783,,full_evidence_history
final_0112,MEMORY,1,0,0,0,0,-1,0,0,0,0,0,151a81974c6e5e054d2c53d956f391bc7bac1ef0b5ceaee1ad73291b4e64d652,87c253e5d7bd5503e469c1232fe6f77d430d74d0e87c56f6dd17c9ddf2127b3f,,full_evidence_history
final_0113,MEMORY,1,0,0,0,0,-1,0,0,0,0,0,151a81974c6e5e054d2c53d956f391bc7bac1ef0b5ceaee1ad73291b4e64d652,87c253e5d7bd5503e469c1232fe6f77d430d74d0e87c56f6dd17c9ddf2127b3f,,full_evidence_history
final_0114,MEMORY,1,1,0,0,0,-1,0,0,1,1,1,62ef756ca029afec56d7157f72e734094b16adf4785c3479241bc69d15da673c,fd8ba74442d77b402ab4736469a3b4d1f4f4d919da240de98ea289d83c22bf68,bf55f03b996ea2f449d17fe892cddd5c6c1d8d63e125c38cfd2f2dbef925f674,
final_0115,MEMORY,1,1,0,0,0,-1,0,0,1,1,1,f25a8ee32ccdb50daed5e4a91fa33adf07dbbf2a76fcab3a5d40e3faa1af180a,70b4ff202746f3f9849132c742302a5908715a3a1bc17fc73975ac074ecc4511,1bc6a7aef28710284a3c007471ac17f2848d8945aee15a44924d1da02a42fddb,
final_0116,MEMORY,1,0,0,0,0,-1,0,0,0,0,0,c8179d9c8f23975aec24544c579090dd925c757328f8fda10209dbf78b4602b4,a03823fc15b58ee26e6c1193cf5917b098d8a98ca37a3e24137a0a5579573ce5,,full_evidence_history
final_0117,MEMORY,1,0,0,0,0,-1,0,0,0,0,0,c8179d9c8f23975aec24544c579090dd925c757328f8fda10209dbf78b4602b4,a03823fc15b58ee26e6c1193cf5917b098d8a98ca37a3e24137a0a5579573ce5,,full_evidence_history
final_0118,MEMORY,1,1,0,1,25,32900,0,0,1,1,1,63d1ae335074a2a10d5592906848a826aec8a5f01e697b97dc2fffd709ea9f51,69c82cc064393b674de3b92f3f8ea90ee7d9f51509db4346aa76e69a927f69f3,9506c2266f1d60023f43e210fcc1ea70ad4bf4ba27654c2d6ffd363643d25cb0,
final_0119,MEMORY,1,1,0,1,21,74900,0,0,1,1,1,780a043480626c7d6531413497e26927b144f1d9e82c58c2dd8045b6b2aad973,985df8371c9af64efc0005d23a83eff523a5a55ea3dbe7254753bd8aa0216bdf,4ed1434632bccc504967f6e719af00cd760eadafae6694882a24043f395496f5,
final_0120,MEMORY,1,0,0,0,0,-1,0,0,0,0,0,151a81974c6e5e054d2c53d956f391bc7bac1ef0b5ceaee1ad73291b4e64d652,87c253e5d7bd5503e469c1232fe6f77d430d74d0e87c56f6dd17c9ddf2127b3f,,full_evidence_history
final_0121,MEMORY,1,0,0,0,0,-1,0,0,0,0,0,151a81974c6e5e054d2c53d956f391bc7bac1ef0b5ceaee1ad73291b4e64d652,87c253e5d7bd5503e469c1232fe6f77d430d74d0e87c56f6dd17c9ddf2127b3f,,full_evidence_history
final_0122,MEMORY,1,1,0,0,0,-1,0,0,1,1,1,b6417773b23d29ef66e4115e143d797315660953d0be1537211e7e7641f02397,fdca86768659a6175c5be61ec9aa457b8a1cd0724fb70becd5c742712d5a2d32,bb32718a618626852036dda355a54b0734d9d6141fec63160f372fd72a3eba5a,
final_0123,MEMORY,1,1,0,0,0,-1,0,0,1,1,1,4a91f0bd7e5bd8c95026b7fc503d9a8d92d25efd10bf9afbc66bfc8ef9198c85,55ca2cac15c613ca0168e7e521e4824d442e7a950b29453601557c9a16612184,78c1c50b5b7297f8f9c5445794b186391638914350f916bec25f8150dae88dcc,
final_0124,MEMORY,1,0,0,0,0,-1,0,0,0,0,0,c8179d9c8f23975aec24544c579090dd925c757328f8fda10209dbf78b4602b4,a03823fc15b58ee26e6c1193cf5917b098d8a98ca37a3e24137a0a5579573ce5,,full_evidence_history
final_0125,MEMORY,1,0,0,0,0,-1,0,0,0,0,0,c8179d9c8f23975aec24544c579090dd925c757328f8fda10209dbf78b4602b4,a03823fc15b58ee26e6c1193cf5917b098d8a98ca37a3e24137a0a5579573ce5,,full_evidence_history
final_0126,MEMORY,1,1,0,0,0,-1,0,0,1,1,1,1c24c4ca95ee81580bfdbb75685090bb17fe174a3b1dc33686d8f02559614e11,7290f58129c94592a8b908069f9b4190e75cc2e1f489b223cf15f6de964353ae,9e9d0c3a39ee94e2c69180b97d9670a0ef5d7508979d8fb7e254042cec309df7,
final_0127,MEMORY,1,1,0,0,0,-1,0,0,1,1,1,5b47d3e1ebb2994151790f2ce9af0b419270ee19cd52ba3dad3a21845ad8be7d,75678d35473ffaabcc482d14f8683934e6e954060e45a06dd45b980f98d628b4,2f4074498e958c1d81062dd12026d6ee224a4fd6d58f9f25316a099d044e6370,
final_0128,MEMORY,1,1,0,0,0,-1,0,0,1,1,1,922bf2fd359cf88c7f5d9d618b64ca18712a72042202c033585d695161852c94,5417a65e4e371db60c262e4dea5bd6caa5225c33f6c168d1c614a49d01550135,3bcf22cc31a34ea5bca31bb5fb3b589f5cdba8c3827f94c7de643e5fe06bf3a1,
final_0129,MEMORY,1,1,0,0,0,-1,0,0,1,1,1,9044e2b4a4ffa516dda71bdab1abb2024e409d9e594ea0a8c64ea05ad2f384b9,dd22980adb7ace7f22737d0b30af0c22017e4c3ab91c9cab16ac32f529ea9d47,3f217352ad9e1a3c3f659fbf3d746558214ff9ff33eb6deb3f27764d04c3cac4,
final_0130,MEMORY,1,0,0,0,0,-1,0,0,0,0,0,d91c40d24c4474c51d14e6c75f37515675596ba841c9c8817a3a6b1833140899,a03823fc15b58ee26e6c1193cf5917b098d8a98ca37a3e24137a0a5579573ce5,,full_evidence_history
final_0131,MEMORY,1,0,0,0,0,-1,0,0,0,0,0,d91c40d24c4474c51d14e6c75f37515675596ba841c9c8817a3a6b1833140899,a03823fc15b58ee26e6c1193cf5917b098d8a98ca37a3e24137a0a5579573ce5,,full_evidence_history
final_0132,MEMORY,1,1,0,0,0,-1,0,0,1,1,1,6ea2cc370dc255f7d525f9d25c0cc8b652b57a6fc3a5147dd55a3fc4b6dc9929,7f0b804e3c7c2bef5dbc68e7baea84b6def22342a5ffeb7b75014eaacb32f01f,bba403fd0f86ce046e9ca0bee69799e437e4dbbfeedf8b73a64d2f939116b4bd,
final_0133,MEMORY,1,1,0,0,0,-1,0,0,1,1,1,fe6d260f7fcb36fbf15fc3dd5c842b969bb21c1f3488f20259a51b9a8d74dffc,cdf67b877ea679825b2aa064b2c55c20884505c71c130f5f60b602d9d5e5c379,9275ba3ddb70de04a6e5d2630afa73dfeba01532d7ef1e201b5c41759f9341ad,
final_0134,MEMORY,1,0,0,0,0,-1,0,0,0,0,0,22b0b6d6a708ce2739dc704e9dd5680f18e17737eb009b7c73738ee9511fb77d,ed2edfd8ef6a2fff35554ab56fbaa499e584783f75a2888b722b29a1ebfba783,,full_evidence_history
final_0135,MEMORY,1,0,0,0,0,-1,0,0,0,0,0,22b0b6d6a708ce2739dc704e9dd5680f18e17737eb009b7c73738ee9511fb77d,ed2edfd8ef6a2fff35554ab56fbaa499e584783f75a2888b722b29a1ebfba783,,full_evidence_history
final_0136,MEMORY,1,0,0,0,0,-1,0,0,0,0,0,151a81974c6e5e054d2c53d956f391bc7bac1ef0b5ceaee1ad73291b4e64d652,87c253e5d7bd5503e469c1232fe6f77d430d74d0e87c56f6dd17c9ddf2127b3f,,full_evidence_history
final_0137,MEMORY,1,0,0,0,0,-1,0,0,0,0,0,151a81974c6e5e054d2c53d956f391bc7bac1ef0b5ceaee1ad73291b4e64d652,87c253e5d7bd5503e469c1232fe6f77d430d74d0e87c56f6dd17c9ddf2127b3f,,full_evidence_history
final_0138,MEMORY,1,1,0,0,0,-1,0,0,1,1,1,b62cdffd23ff821e3a17b1c6a0e85b369b3efb02ce91dd86ac7c1fa77212a979,5e76ff5003d409fb3fbfc4aa3f97a676dd4caf11e98b3f0ae76d31c80bb1efc7,bf55f03b996ea2f449d17fe892cddd5c6c1d8d63e125c38cfd2f2dbef925f674,
final_0139,MEMORY,1,1,0,0,0,-1,0,0,1,1,1,ac40abd6b8d24f1a1e228f3ea6e97cd8bacc6fa3a3770ee0f2439973ec9d7839,f186c1e4e944432fbbfa3dabef29ad1bd65204b662b52e9a52cb04c318f7e3bd,1bc6a7aef28710284a3c007471ac17f2848d8945aee15a44924d1da02a42fddb,
final_0140,MEMORY,1,0,0,0,0,-1,0,0,0,0,0,c8179d9c8f23975aec24544c579090dd925c757328f8fda10209dbf78b4602b4,a03823fc15b58ee26e6c1193cf5917b098d8a98ca37a3e24137a0a5579573ce5,,full_evidence_history
final_0141,MEMORY,1,0,0,0,0,-1,0,0,0,0,0,c8179d9c8f23975aec24544c579090dd925c757328f8fda10209dbf78b4602b4,a03823fc15b58ee26e6c1193cf5917b098d8a98ca37a3e24137a0a5579573ce5,,full_evidence_history
final_0142,MEMORY,1,1,0,0,0,-1,0,0,1,1,1,aa878485aa9390b1321d8dfb4ff0a61b463ae08c75f49a6c281d76943678482c,62b4e4e1288c08b94b75eeaab16266bcd24963db41b7b6f58904b1ce8f65b66e,9506c2266f1d60023f43e210fcc1ea70ad4bf4ba27654c2d6ffd363643d25cb0,
final_0143,MEMORY,1,1,0,0,0,-1,0,0,1,1,1,4ad9ba33026569f862ec726a6644033c431fce0baa3a7bac9f0b0aef94284aa3,247c75bb578c7de510dac7312ebdb648de57ddd0d743df87c7c8fab375208faf,4ed1434632bccc504967f6e719af00cd760eadafae6694882a24043f395496f5,
final_0144,TIMING,1,1,0,0,0,-1,0,0,1,1,0,cd0ea2778262ea23cb8e642913572549ea41b278bf151a3a91bb75b62af6d6f4,f4e7a3f4914a4708992dcf6fa108352dd34e1e1173562090f5deaa9f96d59d22,3a5bd130ab4700763e5b90bc435465934cc226531cbdc66048581d516fb422b9,
final_0145,TIMING,1,1,0,0,0,-1,0,0,1,0,0,8062c82843659a5028bbfc6f838fab692038694d67ac86e738575f945ca56d31,4b1fe9a139b1d6068642029b03820ce72916535b14cc45c1936256bed14c0dff,ce007d4999dc4f2ac3dbe387cf7f5029784e22d9047a7ce0069772b5dd638c97,
final_0146,TIMING,1,1,0,0,0,-1,0,0,1,1,0,a8be2c5f996fbd1cae53ebe1907c1047259943e837a5de20979cc8a9b334e9cd,3a0182b8dfd8a4d394eaeba8bbd14c940e2338d896a097360d93ecd400478fd5,804e1e1e53820eda848e6cf58aab17d5e148b30435e75cdfefbad59d88174f61,
final_0147,TIMING,1,1,0,0,0,-1,0,0,1,0,0,72f14e310bb17256f142af928744370edfab5f2fa20e5f9d307ead39ae2bd358,13bec6a6d0e2dbd2eca594d54fd7c926a2da49abcedf6632d222307e159c6ba6,0f127f2101bbda2db7545af8b0ce7c48e95d33d9703ee69a3862873d674c6d7b,
final_0148,TIMING,1,1,0,0,0,-1,0,0,1,1,0,616371930d320984a2b499ff015e8e536fb24e3c1343ccc94a4a7f13fc2306d7,3a0182b8dfd8a4d394eaeba8bbd14c940e2338d896a097360d93ecd400478fd5,556de093df911b9eec3ce45fb84aca1ebf6bc7b36f4da4b6cc80d5ca6513077f,
final_0149,TIMING,1,1,0,0,0,-1,0,0,1,0,0,56f4d843f2a5c267c72375e25108f5d8193a6621ad14dad33b3587f7dea127ff,13bec6a6d0e2dbd2eca594d54fd7c926a2da49abcedf6632d222307e159c6ba6,7af6ce5ed137c20c6a1f52a096826b11b9c6e52758a261c6067febf29148e1f1,
final_0150,TIMING,1,1,0,0,0,-1,0,0,1,1,0,6c81afa284a65b7e95fbd04ba1f16845a750131ea7fa2f0b4ff01f6a868ab2dc,19b1344da8489147398df5a4d3f078e69ae3b41d440ca41170e41edd9e1dfbef,6c9513f676dab5cdfc996f9ff41f684e34cefe2f8e42567d9accac22b606f630,
final_0151,TIMING,1,1,0,0,0,-1,0,0,1,0,0,3de4b123e9554f9de8b3711c3f1ac7144f5409c72daca999e0b4d9e1be9699c7,70d2a70889556571e2e73ef99fc22c76c662493987ed940b3f1feff8dac0c2fe,70ee21a9805487d707a83cf5533926f73ac55818245c615666bdc8fbb0b1e3a9,
final_0152,TIMING,1,1,0,0,0,-1,0,0,1,1,0,c165681ff4c1a4b1e007a8d7e58512c5e591210e7a48ae5727b71d356c86eb9c,f714fca356a042cd65fedd20da4721d6d21737b65bac4667a31cef9e084b720f,5e050ad70f523772aa700a7c31a02f9b8282911ca51a7283ac4f8c8fabdf95e6,
final_0153,TIMING,1,1,0,0,0,-1,0,0,1,0,0,0e48e05d2bffe70787ba97d27da9533f1145e502f340c79b77a0b917887645c9,fb870b685119a92a572e21f601ff3d8780b3a2da13b0f33dbae1a7c296a2500d,6fa18d0b9a81df14c252f495c83958a7e53db2430323c3dd3d7fd6ec49acade1,
final_0154,TIMING,1,1,0,0,0,-1,0,0,1,1,0,8a5834173a1ed1e087b0feb0aa7949588103c4cdee9eab65496623315fa3faa6,766aeca204597785f45a390535147fbd55611f171a398575ec01bf97040567be,83c759c523dbb95e8ad1b70cdfccb2fafba4e07d390d56f12882c2e3ae6aa17e,
final_0155,TIMING,1,1,0,0,0,-1,0,0,1,0,0,73031f919b943043515fd765884a5b1c1101681ce2b7346a5dddf6bfc4cc70d7,adf253d65754b3237381dec537f10138bb46e7049817629581a0e6c4883561bb,aa1b428e33c9f11eaceae1971856367ad1348818534ac79e05a8667077aab80c,
final_0156,TIMING,1,1,0,0,0,-1,0,0,1,1,0,a679b0702fb7925f3be6591a8f0136715763a40e9b453139c2cf346720d3fcf7,766aeca204597785f45a390535147fbd55611f171a398575ec01bf97040567be,0f398bade470a7f1d8f43ca309f4a3eb33162dfe3e7d1d7ee6206eeaed4debec,
final_0157,TIMING,1,1,0,0,0,-1,0,0,1,0,0,e5c00320092e9ddfb3588686a7d1a0320adc8843ac77abc0adcb2d7ff54a2441,adf253d65754b3237381dec537f10138bb46e7049817629581a0e6c4883561bb,e46ebb45a9b6cd53e8e3cdd805a013c639c404d992f4f912248a98ef92376bfe,
final_0158,TIMING,1,1,0,0,0,-1,0,0,1,1,0,a3560c7d1d9ea9ff750c33552a34059e07603ce7257c071880aaba2594a6d010,c9df511f0729a42de22d0789430f5a9f53b1f7993e894251ddb65c548ebeca1c,6203ed94e5d2f030098b4bc4a0e5b3d47574626c37964af7eb17c12dea6009c8,
final_0159,TIMING,1,1,0,0,0,-1,0,0,1,0,0,ad0ee127358156e8b7af2e845ac5742132a1c820b5ac15a4ac4f2a2a74bbabd9,3ae938364cd0d7208a4126279aca8cec459db66977509c4b68e3771fc4e33852,788136ac197a5c79e00a2312e4f189efdfa28739c01daa5dad18ad89ba418b37,
final_0160,TIMING,1,1,0,0,0,-1,0,0,1,1,0,2a22163037c8b33a21e7aedd0cc947d2459eef69392762eab6a941f0a00e12e6,a3154509d609679699309b5edf8121bfb96047710f7dab5d84b94c5902f7691a,cd2061dcc83f058ea21667d2cd930759e21717298590705c543541afe736f0dd,
final_0161,TIMING,1,1,0,0,0,-1,0,0,1,0,0,a5d6938287e00210efe2e86d0e47378d9926165ecdc873de231978d6b0ab5da8,b91d06dd506742b20287811e08eb5cae15813e497dd0e949e5c59926a6b43f61,62ffbfcbe92df24370288ea56445491a091b2ea6cf046aa2baf38c241afe2a11,
final_0162,TIMING,1,1,0,0,0,-1,0,0,1,1,0,21dbe38f3d40a18ab3e17bb5729db02efacffbbe8c111895ad4d277f7aebc278,0ea2ee788cf40ec4df3d0fd134dc9611a8231db93e3164d2a659f0d395acc917,b03bed8de225ebb1c057f7e6ed556df0ac3c735dfdc69e53c3b6af9633d5306f,
final_0163,TIMING,1,1,0,0,0,-1,0,0,1,0,0,39fef41436331922680fbf15d99aba12a728bfaac7825ab287ad12340f198fe2,e9892df6bcf6df57b27cd9d2fd8478c54f1b7ebe002f9811ce77a612b8be70ab,15de86ab2b5709592d45a461368f4195d15480a4fd028ff789d7987671510cae,
final_0164,TIMING,1,1,0,0,0,-1,0,0,1,1,0,22b7a3a01f6224eba01fd175398d1c3a05cc77725ae69e22e5083b2834ec4988,0ea2ee788cf40ec4df3d0fd134dc9611a8231db93e3164d2a659f0d395acc917,56c96b209bc2423b2b2a7a1fa3e970890e0d2eddae467709b4e43ccfdc9e9554,
final_0165,TIMING,1,1,0,0,0,-1,0,0,1,0,0,bf326a7b780a632be48c4eb11de616bdac4627ab85dfefa3bd6f667b251a38d1,e9892df6bcf6df57b27cd9d2fd8478c54f1b7ebe002f9811ce77a612b8be70ab,d3f9f165150d310238a2d51a23422c2ef522a7e645a1d24d2b306ba93fc01486,
final_0166,TIMING,1,1,0,0,0,-1,0,0,1,1,0,6303a1e3d60a642dbb6403e1063a9284814e6cd89e73b1b61310d79b89937d14,335e37e2018422ff8e0cc9592d28b1928304fd46b237543c35c48329b1d893a5,91bfb997c81d019db5614aef84851c5ecdd078bede35ce6c37e194658dec10ba,
final_0167,TIMING,1,1,0,0,0,-1,0,0,1,0,0,1b906ee0a0fd02442265a726681b31c4a9ae6ff63bd6ac45c2491646670d0f6f,b6e44408eb3641216c46d21da58b612c8c317ec3487c0aba3697b808d5628cf1,3270e7eedd660cef55a2baf46283c71184f50de1269f6e49da0b44c1070a8276,
final_0168,TIMING,1,1,0,0,0,-1,0,0,1,1,0,cca87a9f3749a7716f7f5b6bf99c5dbe9e32f841cd6c0c064c5169af76c2891a,6be4868347b92354bbad76b0de6769bf954411a36b8713c442134e09744ba151,3a5bd130ab4700763e5b90bc435465934cc226531cbdc66048581d516fb422b9,
final_0169,TIMING,1,1,0,0,0,-1,0,0,1,0,0,05fbc97993883372c87725d01d27fd6abbf993b7738590dad9e29d1f9ba86c7d,af163a711e1443c7bceef6a0ac6cf697a9ba7a7c1a87a9ab851fec241094a2ab,ce007d4999dc4f2ac3dbe387cf7f5029784e22d9047a7ce0069772b5dd638c97,
final_0170,TIMING,1,1,0,0,0,-1,0,0,1,1,0,cf8e1f8720950aee3ba0fa5645ee968dcae579e623dfe1cb94592e1e3200fc21,e9c5b59cff4e69b21dac1b7b9012b50098d51683a0179643988cd0f62706520a,804e1e1e53820eda848e6cf58aab17d5e148b30435e75cdfefbad59d88174f61,
final_0171,TIMING,1,1,0,0,0,-1,0,0,1,0,0,75956d1ceb0f93f4a4f08427e72e2efb0bab556fcf940eaefb3bbddd701e9367,121eb306cd097591282f7b406eac96c2d966a92553b334fa4f3b5a9cb1e754d6,0f127f2101bbda2db7545af8b0ce7c48e95d33d9703ee69a3862873d674c6d7b,
final_0172,TIMING,1,1,0,0,0,-1,0,0,1,1,0,280c088746417044ebd5de1acdd2215ced1cc51cf0cc0f799d5b2625a1e0ea5e,e9c5b59cff4e69b21dac1b7b9012b50098d51683a0179643988cd0f62706520a,556de093df911b9eec3ce45fb84aca1ebf6bc7b36f4da4b6cc80d5ca6513077f,
final_0173,TIMING,1,1,0,0,0,-1,0,0,1,0,0,bd3ac977cbd2fb295f7073a3be13236cd66919b09349da1a5c4c234e6ddfc507,121eb306cd097591282f7b406eac96c2d966a92553b334fa4f3b5a9cb1e754d6,7af6ce5ed137c20c6a1f52a096826b11b9c6e52758a261c6067febf29148e1f1,
final_0174,TIMING,1,1,0,0,0,-1,0,0,1,1,0,0073d5b70dd583d890080ff67905285397fa76beb7791785605f7e123e6f8bc2,43997e31579c5fd28bf1be2165c8f7ea42b3a7fcc6668b70f8674fc5dd10410c,6c9513f676dab5cdfc996f9ff41f684e34cefe2f8e42567d9accac22b606f630,
final_0175,TIMING,1,1,0,0,0,-1,0,0,1,0,0,4ab6ea9ed212c51d33cfeb1ce8d13ddd2b03650ada4ee8874ab484b6d21bbc94,d99793e79832b6f189f756a126f63f7fcc6b18061237b3699841dea2e4881a8d,70ee21a9805487d707a83cf5533926f73ac55818245c615666bdc8fbb0b1e3a9,
final_0176,TIMING,1,1,0,0,0,-1,0,0,1,1,0,bd26c5b30bf775f5cf135597c8999e213a0059a20ce2f6bef5443f2f6c4df3bc,81058374f6b1bfb7d8c6d8cb322fb535e0a70223370a9d94665fd19cb012c351,3a5bd130ab4700763e5b90bc435465934cc226531cbdc66048581d516fb422b9,
final_0177,TIMING,1,1,0,0,0,-1,0,0,1,1,1,aebb93c988d67785e4350f18987f23c6926254bc5931d2d586c78accc3a60609,042cd5e7eb67c7f80db61b7a3cb3f982a62cae10a80a165b6d2dc55db4ca310a,ce007d4999dc4f2ac3dbe387cf7f5029784e22d9047a7ce0069772b5dd638c97,
final_0178,TIMING,1,1,0,0,0,-1,0,0,1,1,0,627c8f042b80d6b421c6c2a50726c32b8641dcf79c95caea7c1ed8770f05ebe1,801b3f91328933b267cc100b32174e617fb192c95c8a049c7af8d44237052532,804e1e1e53820eda848e6cf58aab17d5e148b30435e75cdfefbad59d88174f61,
final_0179,TIMING,1,1,0,0,0,-1,0,0,1,1,1,ebf46d629cacf4add540c7c2d97c46afc43b6be209ed13b8a4dbfd08e5abae9c,162d5925a369e352ff7315f1ffbd26d95d1cfd775fd9df2091f0159e781530c8,0f127f2101bbda2db7545af8b0ce7c48e95d33d9703ee69a3862873d674c6d7b,
final_0180,TIMING,1,1,0,0,0,-1,0,0,1,1,0,bc33a40b95d13df578996bf51f0005176b3c3478e76d2ac306b7f14dc4e934b1,801b3f91328933b267cc100b32174e617fb192c95c8a049c7af8d44237052532,556de093df911b9eec3ce45fb84aca1ebf6bc7b36f4da4b6cc80d5ca6513077f,
final_0181,TIMING,1,1,0,0,0,-1,0,0,1,1,1,aa59dd3d04926f8825cf90f0db14acd36d46572e811cb1e4cb19b1ec4c27c8d1,162d5925a369e352ff7315f1ffbd26d95d1cfd775fd9df2091f0159e781530c8,7af6ce5ed137c20c6a1f52a096826b11b9c6e52758a261c6067febf29148e1f1,
final_0182,TIMING,1,1,0,0,0,-1,0,0,1,1,0,21b10012b17a377acef2df70067169d40d5ec108cf740a2ddf042ec9c121b886,de51570f6187569805da325fb5d1e5fced95fb73f4ec17d2701405448ac80dc5,6c9513f676dab5cdfc996f9ff41f684e34cefe2f8e42567d9accac22b606f630,
final_0183,TIMING,1,1,0,0,0,-1,0,0,1,1,1,cdefa135ad1a56ebd94faeea162c4d5c8f4fe0da75013aa61bfea8b89f8d48a8,2d3305b5d023b96ae3ea5085a719412a1250fecad840199a66cd86877cfaad92,70ee21a9805487d707a83cf5533926f73ac55818245c615666bdc8fbb0b1e3a9,
final_0184,TIMING,1,1,0,0,0,-1,0,0,1,1,0,ef8c2a4bc5e80850a9200c2e151bbd019de3bf083b9dee233c9352758ab8723f,0070899dc28118f8ef8b079098012268f55e894f4f78682b66d3ad0a0d2dfd81,3a5bd130ab4700763e5b90bc435465934cc226531cbdc66048581d516fb422b9,
final_0185,TIMING,1,1,0,0,0,-1,0,0,1,1,1,9fba7361f06c79732b86e35bebf79866ba337fed23b5304d31351fdc1edf9eb3,d30998e91461105b0da467bd46c3951237afe3c22f57f2bdad26a502501a3347,ce007d4999dc4f2ac3dbe387cf7f5029784e22d9047a7ce0069772b5dd638c97,
final_0186,TIMING,1,1,0,0,0,-1,0,0,1,1,0,b2bdc38d4f82e6df40ed7586175f4febdff9bf29af5cd12cd7ea026aaec658c2,6090dc3e7f94408fd793579abd125299b2d54178410057dd015c5ecf09c02c5a,804e1e1e53820eda848e6cf58aab17d5e148b30435e75cdfefbad59d88174f61,
final_0187,TIMING,1,1,0,0,0,-1,0,0,1,1,1,5f82068d216b2319a5c40ee357454941de6d7f94d301c3620cd539bde8e90ab5,9254dc8e9817eb6b6d8ed81c1cf70b2e81fe0bb6fc3ff72cc83098fd8ef4bf3e,0f127f2101bbda2db7545af8b0ce7c48e95d33d9703ee69a3862873d674c6d7b,
final_0188,TIMING,1,1,0,0,0,-1,0,0,1,1,0,3adc9eb3d8de1abbe8e68c60f6a86ae738dca53f5226e2c70e48c33249c45b9e,6090dc3e7f94408fd793579abd125299b2d54178410057dd015c5ecf09c02c5a,556de093df911b9eec3ce45fb84aca1ebf6bc7b36f4da4b6cc80d5ca6513077f,
final_0189,TIMING,1,1,0,0,0,-1,0,0,1,1,1,f74878c76fdc5591d178abf46235953d6d99f00244d46639558c81a98cdb9f16,9254dc8e9817eb6b6d8ed81c1cf70b2e81fe0bb6fc3ff72cc83098fd8ef4bf3e,7af6ce5ed137c20c6a1f52a096826b11b9c6e52758a261c6067febf29148e1f1,
final_0190,TIMING,1,1,0,0,0,-1,0,0,1,1,0,4d96dfb326cbffcb0ca6659e0d14ccc7b607cb08b5710f4282700efeaef84631,c959cf023b5692e8a56c0a734ce77bb6db88cba0522d8a218e5edb7e217d9a1e,6c9513f676dab5cdfc996f9ff41f684e34cefe2f8e42567d9accac22b606f630,
final_0191,TIMING,1,1,0,0,0,-1,0,0,1,1,1,bd4bf8ada955e6624ebeea1d2dafdbb5e3830af8a8d918a1891f86e99af9724a,6e9706b98ae304880303a4dae4aa7747d8bedfbf35246371eb9c2852298a2a74,70ee21a9805487d707a83cf5533926f73ac55818245c615666bdc8fbb0b1e3a9,
final_0192,TIMING,1,1,0,0,0,-1,0,0,1,1,1,1aafc894f75389cb71d79a1d1cdb6f0f7a79979a88102bd6bcb2e32590ef4fba,ec2c47c9bbe12351c8d1fe9812b30b8a46e110d905877b0b24e7c6b54481c6ca,3a5bd130ab4700763e5b90bc435465934cc226531cbdc66048581d516fb422b9,
final_0193,TIMING,1,1,0,0,0,-1,0,0,1,1,1,40902058470de0e9651e9edb1c3bbbdd9f2cba205112983c04e0537bebde1194,600d6abc26a6e5f1070e250907069159089d1a720441ee7cd9667006130467ce,ce007d4999dc4f2ac3dbe387cf7f5029784e22d9047a7ce0069772b5dd638c97,
final_0194,TIMING,1,1,0,0,0,-1,0,0,1,1,1,48c460aca4ca6d5e5fadae02b3c601f895b7e8c1d27868aa48da9a803119cf71,12e79f9cd85051d4f33a7ef0720b84b42bcf32534f7f313bb00d748109c7d6f0,804e1e1e53820eda848e6cf58aab17d5e148b30435e75cdfefbad59d88174f61,
final_0195,TIMING,1,1,0,0,0,-1,0,0,1,1,1,09fe79224e00f401c17ddb5af198c847c9c30a83fe5e1f6587dc5c425d2c0f43,adec16dece04fb8e233b966679ed4074caace1670ae44594da34e3bdaab7a23f,0f127f2101bbda2db7545af8b0ce7c48e95d33d9703ee69a3862873d674c6d7b,
final_0196,TIMING,1,1,0,0,0,-1,0,0,1,1,1,31647d85415b5c9a2d8b25f41c3ac4e15988d1516878a66e5db7c1fe47514f2a,12e79f9cd85051d4f33a7ef0720b84b42bcf32534f7f313bb00d748109c7d6f0,556de093df911b9eec3ce45fb84aca1ebf6bc7b36f4da4b6cc80d5ca6513077f,
final_0197,TIMING,1,1,0,0,0,-1,0,0,1,1,1,7d0c0a831b10001689e440fd0193aa28b6fddb881bc178a6e281f7aa95e9a5a0,adec16dece04fb8e233b966679ed4074caace1670ae44594da34e3bdaab7a23f,7af6ce5ed137c20c6a1f52a096826b11b9c6e52758a261c6067febf29148e1f1,
final_0198,TIMING,1,1,0,0,0,-1,0,0,1,1,1,9c1466d37b74a5f07af4cc5dbe2d2727f293982aab0be0198eabcab6a66313eb,5c09982528cbe3b84185a50d282442c4524cdf48d92538afbc867ed5d6d27e04,6c9513f676dab5cdfc996f9ff41f684e34cefe2f8e42567d9accac22b606f630,
final_0199,TIMING,1,1,0,0,0,-1,0,0,1,1,1,59709e077ea6834512b2744e682ed46fd2f1d900a01395cab5e60c3279bfee74,9dc83ffdc9c74f3f536c20e8993a19a65ac646bf48232d2eab3512d39cbf9acf,70ee21a9805487d707a83cf5533926f73ac55818245c615666bdc8fbb0b1e3a9,
final_0200,TIMING,1,1,0,0,0,-1,0,0,1,1,1,aca4434f4c2703f587df44937aa64fb3f69593acc656f38bc5b81a76eb9bb79c,0a879512a5ba7d404fba313c54d9f9f3fa9423448f00f1a7b3780d2e7f1b7d72,5e050ad70f523772aa700a7c31a02f9b8282911ca51a7283ac4f8c8fabdf95e6,
final_0201,TIMING,1,1,0,0,0,-1,0,0,1,1,1,8b9abc9a0147287588c437b4e8348997d0efe387dd2b551aeb2d0a8a42ec1f48,462b1ee744340894a3c38c2c971d3c283ef190615d5a50d5b5da0a48655d82cf,6fa18d0b9a81df14c252f495c83958a7e53db2430323c3dd3d7fd6ec49acade1,
final_0202,TIMING,1,1,0,0,0,-1,0,0,1,1,1,ef95d2119f6926ec87680e8ed28c99354250153821e7af0b4ba95c8618267a75,f821ca2d82e5b942ba40fc8b1ce50c2471177a8e76c23f4e4587f59e1cf86756,83c759c523dbb95e8ad1b70cdfccb2fafba4e07d390d56f12882c2e3ae6aa17e,
final_0203,TIMING,1,1,0,0,0,-1,0,0,1,1,1,715e54617f5d5c286e11b7a81c9714bf801fa486da9107152d0ae8a8ae8a085b,4295c29f5a221900b2fe5d92a5d0337bef0296594b0989e7eb2c6a11accaa5a5,aa1b428e33c9f11eaceae1971856367ad1348818534ac79e05a8667077aab80c,
final_0204,TIMING,1,1,0,0,0,-1,0,0,1,1,1,bba91fbde99b43cf22836e03b8f76daa29ffc2a1894f7bd0ca8a2649f77ae73a,f821ca2d82e5b942ba40fc8b1ce50c2471177a8e76c23f4e4587f59e1cf86756,0f398bade470a7f1d8f43ca309f4a3eb33162dfe3e7d1d7ee6206eeaed4debec,
final_0205,TIMING,1,1,0,0,0,-1,0,0,1,1,1,c48b08253fc65a2bf4ad2e861d5b939e306618fba2f4a38cf00e897ad0a5a79b,4295c29f5a221900b2fe5d92a5d0337bef0296594b0989e7eb2c6a11accaa5a5,e46ebb45a9b6cd53e8e3cdd805a013c639c404d992f4f912248a98ef92376bfe,
final_0206,TIMING,1,1,0,0,0,-1,0,0,1,1,1,99f844522b182c93826d7c514881faf4ad7272b4190557049df8b192584cc94b,e3812337f17eabbfbcf058861392ebcebbc4405e48b22c7f3188dd8d669f93f0,6203ed94e5d2f030098b4bc4a0e5b3d47574626c37964af7eb17c12dea6009c8,
final_0207,TIMING,1,1,0,0,0,-1,0,0,1,1,1,daf88ae6dddb7829ff041ad41ac87cc5f11c2eb67dec9bcbcfa9340dca6f2dd7,230f5db55521de5c8dcb815416c33fcaab66877c5d4befa5b007d4aabec72350,788136ac197a5c79e00a2312e4f189efdfa28739c01daa5dad18ad89ba418b37,
final_0208,TIMING,1,1,0,0,0,-1,0,0,1,1,1,70b7116c42124ffed78ac007db6a0237afafa00d46bc1cf6cb84921dc5a51c5b,058348d660ea8ae909cc42ea07d443c67d170432285cd61d2e411cf03ce116ba,cd2061dcc83f058ea21667d2cd930759e21717298590705c543541afe736f0dd,
final_0209,TIMING,1,1,0,0,0,-1,0,0,1,1,1,7fb1379e85ea85f661e7e5b62e709496714bdd9a0ece7f5a0f78978d66192b61,1551e2dc2d4b620c3810868d30acf8e31ac057aad0fe4103c664f4afa3e627f2,62ffbfcbe92df24370288ea56445491a091b2ea6cf046aa2baf38c241afe2a11,
final_0210,TIMING,1,1,0,0,0,-1,0,0,1,1,1,9e6124b0eebe3115166819651ed8bb67229d543c6b39092fde2c14ad7436dde4,3766043fa50a9eda11b2886944bbbb5ebdcccd34518f0a440917633e8d27dc7f,b03bed8de225ebb1c057f7e6ed556df0ac3c735dfdc69e53c3b6af9633d5306f,
final_0211,TIMING,1,1,0,0,0,-1,0,0,1,1,1,6333d4596505f142cd2642d56a31d7ef8f51d48f22b051730fc92a49c454396a,03897e73c4a65a4f54e147d5377d1ccf5c4b1519fc0a1a7cb619b1e9e6b0a7fb,15de86ab2b5709592d45a461368f4195d15480a4fd028ff789d7987671510cae,
final_0212,TIMING,1,1,0,0,0,-1,0,0,1,1,1,1e207000fbb1a6ff42ef53f6765f4fecfe80c340362017af5a2201db71264166,3766043fa50a9eda11b2886944bbbb5ebdcccd34518f0a440917633e8d27dc7f,56c96b209bc2423b2b2a7a1fa3e970890e0d2eddae467709b4e43ccfdc9e9554,
final_0213,TIMING,1,1,0,0,0,-1,0,0,1,1,1,d25708b2d2e765245ae40c74f688c206779328906e39330d22729244f9ff20e2,03897e73c4a65a4f54e147d5377d1ccf5c4b1519fc0a1a7cb619b1e9e6b0a7fb,d3f9f165150d310238a2d51a23422c2ef522a7e645a1d24d2b306ba93fc01486,
final_0214,TIMING,1,1,0,0,0,-1,0,0,1,1,1,bc8a032c7e67595aa8cd7585e376ae116a540a6d98076a0358c93a0de6d3e67c,ec706a34522492f4505ac6d5aeb37d44e5529e7e24414e1dc43079ad9bdccfe1,91bfb997c81d019db5614aef84851c5ecdd078bede35ce6c37e194658dec10ba,
final_0215,TIMING,1,1,0,0,0,-1,0,0,1,1,1,1796da3fff71c576a8672857f635a3513a63631b48f8fe06e8b5d7a7b092db7f,8c33096a57f4d1ef412f568287dad78fa53c830936705da79d4d84bb22a99bdc,3270e7eedd660cef55a2baf46283c71184f50de1269f6e49da0b44c1070a8276,
final_0216,TIMING,1,1,0,0,0,-1,0,0,1,1,0,3885fd73409f959d19fcb87381f2dc8e4ecb2f4d970568f906b63cbbbf626da6,62182bb9e9d720a272a4964e0e6d4a49942da5c3ab5f0263047f19c8074d7bcf,2277565b6143bf95d443f44a04049b933429c01c72e23b5644af6c7e9457ad61,
final_0217,TIMING,1,1,0,0,0,-1,0,0,1,0,0,3116c4bdec90b909a498994bb91fd44db1f71e1c5a4c3cb4b8eb0e8b8e34c208,b5c9491ed8d2c8b4347dc48e3fd52ad56b666d7295e167e5258f0509ba9220bd,1a871c1e1ce15610bd3bf136f4900d096198f3f01d091b2beff5c0c525f831b3,
final_0218,TIMING,1,1,0,0,0,-1,0,0,1,1,0,1810f012b960484d23868dac6284dd2a294ca720c341113e2b7a1633fb1537e4,aa1ea92b6f7763250a666c10654e3429fd23601f80a82e7afcdb7c7e8779e904,edd02de97e601722521f69cae6b81c16f2b1aaa995db1b86adf8304af5c4a03e,
final_0219,TIMING,1,1,0,0,0,-1,0,0,1,0,0,d4202ca2135006acbaebc8b801efe609c2cb4d597d4f77aab614d157ffcaf4bf,3722683343373c484e810220850f968eff80bf4a1eb42045b7ace9ef7c0c8c3e,ba7788f0ce98ae560c9a1ebf8f2b7f0f64253a701096b0345201f9dcb4301e78,
final_0220,TIMING,1,1,0,0,0,-1,0,0,1,1,0,26b8a0d64c62b1563d5cadffff9517de0d2045b01902395417c73ceb831adf76,aa1ea92b6f7763250a666c10654e3429fd23601f80a82e7afcdb7c7e8779e904,2ed8520624674730416f9f5bbad61257cfb522b2a4de71165a47dee67769b25a,
final_0221,TIMING,1,1,0,0,0,-1,0,0,1,0,0,6d3ad6a679699aa32995036584811b73007d6e6b292a1c68c5e2e7a53faff6f2,3722683343373c484e810220850f968eff80bf4a1eb42045b7ace9ef7c0c8c3e,66087695296f143cddd438a3aad4e7215de3080698cb90a6a9513fee6ed145b7,
final_0222,TIMING,1,1,0,0,0,-1,0,0,1,1,0,8950c665afc3dea6ebcc7c50239759c384c067b9e68e310ca9754f761eba5886,c18d4fcf1ff5b317cf1be8c41243e87cb3226d93442160bf76f42a636c42c290,f466be6f27c771ac36d0008f93aeb44e089bcada45c1b83ee01bee9475e337bf,
final_0223,TIMING,1,1,0,0,0,-1,0,0,1,0,0,b071ff0bc5327c4970d2d797c9efb0adce82651a369815f82e27d5c388f26a8b,6302ac9096d4d541e7a102121d438179b620be17132a62ce7fdc5710a2ddeb28,bcb1c96dd05d9b7e0adce6a36b4554f41060b1d0fb7b4b8869bac9b0e1bfd691,
final_0224,TIMING,1,1,0,0,0,-1,0,0,1,1,0,86daf1545a9dced7a5200af393b2ba0e23ea73e633261e0ced869b1cb0201d49,77748bbc9a23eb6980be38be69e846c91b1a0eb534a63e804404f34e579de846,2277565b6143bf95d443f44a04049b933429c01c72e23b5644af6c7e9457ad61,
final_0225,TIMING,1,1,0,0,0,-1,0,0,1,1,1,9657226d933d29ba103796c6d6a6454a2b77c172098ef4d2f05ff77d4b83b69d,2758f31360316e683c39d23ca31ec6f3e49d96ca964cf1c35eeb7907ce502e7c,1a871c1e1ce15610bd3bf136f4900d096198f3f01d091b2beff5c0c525f831b3,
final_0226,TIMING,1,1,0,0,0,-1,0,0,1,1,1,40da3431ed4a806e1e49a33922d8631c68889f5807e52f7fffcc90c59fa54225,c08a7e2aa0677cd01fdb6a15ebc25f6db1b5b81afede32ea6f0c34dfaf81bf3d,edd02de97e601722521f69cae6b81c16f2b1aaa995db1b86adf8304af5c4a03e,
final_0227,TIMING,1,1,0,0,0,-1,0,0,1,1,1,57e658290d95783fa58cf11a58b7d0458f608a9a4c8b6bcdd28cc8509b24e48c,45e596cc8b28c4a41e5370590249182a8c22a9eaf02d924e32af3d8dabe4b4a2,ba7788f0ce98ae560c9a1ebf8f2b7f0f64253a701096b0345201f9dcb4301e78,
final_0228,TIMING,1,1,0,0,0,-1,0,0,1,1,1,0a9942e59dfc560981ad591827cd16a6580ca4d5550ac46855bc52d46ff8cedc,c08a7e2aa0677cd01fdb6a15ebc25f6db1b5b81afede32ea6f0c34dfaf81bf3d,2ed8520624674730416f9f5bbad61257cfb522b2a4de71165a47dee67769b25a,
final_0229,TIMING,1,1,0,0,0,-1,0,0,1,1,1,560e26518b479bc962138eff3216730b3ca61adb42298ebf001b9657edb106a5,45e596cc8b28c4a41e5370590249182a8c22a9eaf02d924e32af3d8dabe4b4a2,66087695296f143cddd438a3aad4e7215de3080698cb90a6a9513fee6ed145b7,
final_0230,TIMING,1,1,0,0,0,-1,0,0,1,1,0,7dfaf92ac88b085d9b0ad3e728440d583c2fbb9ad187c4a54b02e1fbe33b0a6f,58e706392846e4f01bc0dd249588fcd85e47019828c1ae57ac626613554a5336,f466be6f27c771ac36d0008f93aeb44e089bcada45c1b83ee01bee9475e337bf,
final_0231,TIMING,1,1,0,0,0,-1,0,0,1,1,1,0461d4d0dcfe048c8e804ae3ae547d830dffa5f986876a4ba2cec71d613c06d7,c724838961c4d8a4ae9595914e7d0f92c3df7818ef92fda8d0a74105362f1570,bcb1c96dd05d9b7e0adce6a36b4554f41060b1d0fb7b4b8869bac9b0e1bfd691,
final_0232,TIMING,1,1,0,0,0,-1,0,0,1,1,1,8700406c259bcf36f8c11f216ceaf2276cb8f40621262c00b1c3073c1f3dcdb4,56a6155664822afa29f275955ee0acd5ac318f1260b0bb86a59bc0f1332e063e,2277565b6143bf95d443f44a04049b933429c01c72e23b5644af6c7e9457ad61,
final_0233,TIMING,1,1,0,0,0,-1,0,0,1,1,1,5f57d586eefb9d7437b1c4d256e2ac536851b31cb03218cfffb108342737d729,af1a76e86f5cb3632c8fe813246567da959abcf4d465526e097fed7c77a55527,1a871c1e1ce15610bd3bf136f4900d096198f3f01d091b2beff5c0c525f831b3,
final_0234,TIMING,1,1,0,0,0,-1,0,0,1,1,1,d2138626cc5814b1f61481c45710066acc0b988e07bd8b873da47603a16ebfe0,af5b8378c9eeb7c0d1cd558cdb108e0c719e2f2d38ece0b52c46dadacb494e1b,edd02de97e601722521f69cae6b81c16f2b1aaa995db1b86adf8304af5c4a03e,
final_0235,TIMING,1,1,0,0,0,-1,0,0,1,1,1,51bf32fcc644b4b1deef0e62fdacf8aba1e3b540129123e49fb207154a546f35,68f55c81cde56388bf0e633dabee6de8d0e1d10fe1f3990cbc0aa00f119d259b,ba7788f0ce98ae560c9a1ebf8f2b7f0f64253a701096b0345201f9dcb4301e78,
final_0236,TIMING,1,1,0,0,0,-1,0,0,1,1,1,d42a1f4bf4547ab7a037c64a93bbc155c9e563d9687efcdfcef152b9a2aace26,af5b8378c9eeb7c0d1cd558cdb108e0c719e2f2d38ece0b52c46dadacb494e1b,2ed8520624674730416f9f5bbad61257cfb522b2a4de71165a47dee67769b25a,
final_0237,TIMING,1,1,0,0,0,-1,0,0,1,1,1,106bfe2f984ab4df7508726639d0d02a34abde358e1b6b9d605650d561a17392,68f55c81cde56388bf0e633dabee6de8d0e1d10fe1f3990cbc0aa00f119d259b,66087695296f143cddd438a3aad4e7215de3080698cb90a6a9513fee6ed145b7,
final_0238,TIMING,1,1,0,0,0,-1,0,0,1,1,0,1f43ba41ff39744837926ed8edf59e7aa93ddaea99e42f1e209388f36342da98,d371064c9204531ea60a5294ea4ed91bb34c55ab5998e074f8c25be1481390e5,f466be6f27c771ac36d0008f93aeb44e089bcada45c1b83ee01bee9475e337bf,
final_0239,TIMING,1,1,0,0,0,-1,0,0,1,1,1,1c441294d18bde4f2c32f628f2a14be8c4eb0f5360056338c4e61893715a2f4a,8990c3d4f0e6626503818016a2cb07eb46f26a1fafdb2b918112f649d871522a,bcb1c96dd05d9b7e0adce6a36b4554f41060b1d0fb7b4b8869bac9b0e1bfd691,
final_0240,TIMING,1,1,0,0,0,-1,0,0,1,1,0,3885fd73409f959d19fcb87381f2dc8e4ecb2f4d970568f906b63cbbbf626da6,62182bb9e9d720a272a4964e0e6d4a49942da5c3ab5f0263047f19c8074d7bcf,2277565b6143bf95d443f44a04049b933429c01c72e23b5644af6c7e9457ad61,
final_0241,TIMING,1,1,0,0,0,-1,0,0,1,0,0,3116c4bdec90b909a498994bb91fd44db1f71e1c5a4c3cb4b8eb0e8b8e34c208,b5c9491ed8d2c8b4347dc48e3fd52ad56b666d7295e167e5258f0509ba9220bd,1a871c1e1ce15610bd3bf136f4900d096198f3f01d091b2beff5c0c525f831b3,
final_0242,TIMING,1,1,0,0,0,-1,0,0,1,1,0,1810f012b960484d23868dac6284dd2a294ca720c341113e2b7a1633fb1537e4,aa1ea92b6f7763250a666c10654e3429fd23601f80a82e7afcdb7c7e8779e904,edd02de97e601722521f69cae6b81c16f2b1aaa995db1b86adf8304af5c4a03e,
final_0243,TIMING,1,1,0,0,0,-1,0,0,1,0,0,d4202ca2135006acbaebc8b801efe609c2cb4d597d4f77aab614d157ffcaf4bf,3722683343373c484e810220850f968eff80bf4a1eb42045b7ace9ef7c0c8c3e,ba7788f0ce98ae560c9a1ebf8f2b7f0f64253a701096b0345201f9dcb4301e78,
final_0244,TIMING,1,1,0,0,0,-1,0,0,1,1,0,26b8a0d64c62b1563d5cadffff9517de0d2045b01902395417c73ceb831adf76,aa1ea92b6f7763250a666c10654e3429fd23601f80a82e7afcdb7c7e8779e904,2ed8520624674730416f9f5bbad61257cfb522b2a4de71165a47dee67769b25a,
final_0245,TIMING,1,1,0,0,0,-1,0,0,1,0,0,6d3ad6a679699aa32995036584811b73007d6e6b292a1c68c5e2e7a53faff6f2,3722683343373c484e810220850f968eff80bf4a1eb42045b7ace9ef7c0c8c3e,66087695296f143cddd438a3aad4e7215de3080698cb90a6a9513fee6ed145b7,
final_0246,TIMING,1,1,0,0,0,-1,0,0,1,1,0,8950c665afc3dea6ebcc7c50239759c384c067b9e68e310ca9754f761eba5886,c18d4fcf1ff5b317cf1be8c41243e87cb3226d93442160bf76f42a636c42c290,f466be6f27c771ac36d0008f93aeb44e089bcada45c1b83ee01bee9475e337bf,
final_0247,TIMING,1,1,0,0,0,-1,0,0,1,0,0,b071ff0bc5327c4970d2d797c9efb0adce82651a369815f82e27d5c388f26a8b,6302ac9096d4d541e7a102121d438179b620be17132a62ce7fdc5710a2ddeb28,bcb1c96dd05d9b7e0adce6a36b4554f41060b1d0fb7b4b8869bac9b0e1bfd691,
final_0248,TIMING,1,1,0,0,0,-1,0,0,1,1,0,753f6a6ef5e97b6be4643a82f80a9205b7b164cac959603832eef4f07d416143,9e6c24bcbe7522cf3d27c225fa4bb74f3c252c1a6e62f8ce0074c2fe0fe89701,2277565b6143bf95d443f44a04049b933429c01c72e23b5644af6c7e9457ad61,
final_0249,TIMING,1,1,0,0,0,-1,0,0,1,1,1,fef6868feb31dcd42640100171b172b1bab9eb8b1153005e697408116a7c411a,39b4f7e1fdd350412669705a0d15c160016b3ae7db4143d617621850a0318334,1a871c1e1ce15610bd3bf136f4900d096198f3f01d091b2beff5c0c525f831b3,
final_0250,TIMING,1,1,0,0,0,-1,0,0,1,1,1,60978a9a88a138b15ed337813678cbb443fbc3bb929b1c96ac0404c75642f0c5,46682a35a8b861c65ae6a2e283b8cbbe5c708d0ade7ae8fe5fbb7eca93f8bcd2,edd02de97e601722521f69cae6b81c16f2b1aaa995db1b86adf8304af5c4a03e,
final_0251,TIMING,1,1,0,0,0,-1,0,0,1,1,1,58784a898f74b66fb8489683be290e83260a3ff1087214c060bcc3473d83d497,9571d6e0c709f88714f269808ba61bbe2b60b9b982d3c0c68ce480cbda96274c,ba7788f0ce98ae560c9a1ebf8f2b7f0f64253a701096b0345201f9dcb4301e78,
final_0252,TIMING,1,1,0,0,0,-1,0,0,1,1,1,df0bdf97c03f50415bd237af3a9a7a41cfeeba02ea8c1a0155512e472b83a585,46682a35a8b861c65ae6a2e283b8cbbe5c708d0ade7ae8fe5fbb7eca93f8bcd2,2ed8520624674730416f9f5bbad61257cfb522b2a4de71165a47dee67769b25a,
final_0253,TIMING,1,1,0,0,0,-1,0,0,1,1,1,43de092e6de8323a03e9b6ea3fee8031adf4670f620fecaa6d28d5a77005a349,9571d6e0c709f88714f269808ba61bbe2b60b9b982d3c0c68ce480cbda96274c,66087695296f143cddd438a3aad4e7215de3080698cb90a6a9513fee6ed145b7,
final_0254,TIMING,1,1,0,0,0,-1,0,0,1,1,0,37858c894ece8305b37f32ebabe164fd9086d1ce86bd53cd77408b153901919c,93fcc75d10c7cd49f5b160e6642c60bebdb9482951f6616a4ebb31faaa6ede52,f466be6f27c771ac36d0008f93aeb44e089bcada45c1b83ee01bee9475e337bf,
final_0255,TIMING,1,1,0,0,0,-1,0,0,1,1,1,1d9f40cc11bae1a90b11063918e25013c53ce7ccf834bc3f3425688d7e745e39,93ad89398f7671d540cfed7c8ee50bbd9f4ebf76a445006b6df769e6175b97fc,bcb1c96dd05d9b7e0adce6a36b4554f41060b1d0fb7b4b8869bac9b0e1bfd691,
final_0256,TIMING,1,1,0,0,0,-1,0,0,1,1,1,7dd92a1f580ff8069bfa1b27352b86a24cb5769585a6387a48fb002b99be5e23,364e9bd9e0d955e639f6c91e41f5bfabbee4dfba7d7833e1986b01fe73b4bddc,2277565b6143bf95d443f44a04049b933429c01c72e23b5644af6c7e9457ad61,
final_0257,TIMING,1,1,0,0,0,-1,0,0,1,1,1,6a177470a1ee8ea00a893238fbd8ed10e065b469350dcfc9d2defe580e26e705,873707290d4051b5a441912029cbf22fbe35e1f7c90dd4f7bca52d283c89d7e7,1a871c1e1ce15610bd3bf136f4900d096198f3f01d091b2beff5c0c525f831b3,
final_0258,TIMING,1,1,0,0,0,-1,0,0,1,1,1,e8506d6546d171029e8c5a5eb50dbe020b4c1d4b28486cf8c81f08b006f7ea4f,993b61bf4150fff205ada2bf7edd21530b088636b659fa0b9a7d4ce25fab28f1,edd02de97e601722521f69cae6b81c16f2b1aaa995db1b86adf8304af5c4a03e,
final_0259,TIMING,1,1,0,0,0,-1,0,0,1,1,1,45da5741db0f3a55b858a394eaf6a226f836acc94e93256437bbf9c8abfee9d6,9a3953060fa9a66c3f80dc29d9243b7ded27d21e553826aa61f1b6911fb72728,ba7788f0ce98ae560c9a1ebf8f2b7f0f64253a701096b0345201f9dcb4301e78,
final_0260,TIMING,1,1,0,0,0,-1,0,0,1,1,1,dd0fc75e0048e822f10c3de841d35720acb58ca2722bbf412ad534fb606ad8db,993b61bf4150fff205ada2bf7edd21530b088636b659fa0b9a7d4ce25fab28f1,2ed8520624674730416f9f5bbad61257cfb522b2a4de71165a47dee67769b25a,
final_0261,TIMING,1,1,0,0,0,-1,0,0,1,1,1,4aa7555016ad603ca9f273a64f4b9136833fdf5a9de13741ea77c51287107c71,9a3953060fa9a66c3f80dc29d9243b7ded27d21e553826aa61f1b6911fb72728,66087695296f143cddd438a3aad4e7215de3080698cb90a6a9513fee6ed145b7,
final_0262,TIMING,1,1,0,0,0,-1,0,0,1,1,0,7b7773263bbb7d4f77b6756deb39703a7f40f082f61f60adad0bc502ef2e4072,bbcb2d57f82ebd7e903f144d264c06372dbbc0a1382f92e9d1924b5e42dedd9f,f466be6f27c771ac36d0008f93aeb44e089bcada45c1b83ee01bee9475e337bf,
final_0263,TIMING,1,1,0,0,0,-1,0,0,1,1,1,14583528b8db9303f9185b1d1193943da7f69733ef665046f3e0cf20eef7b298,e2238d0d80228f89a6b9f34eefd004eeccf6d5d501fe07a1885d7f7901052fee,bcb1c96dd05d9b7e0adce6a36b4554f41060b1d0fb7b4b8869bac9b0e1bfd691,
final_0264,TIMING,1,1,0,0,0,-1,0,0,1,1,1,d199787fb4347ffdb0a36722ea708118ebc358ba3498d50bff8832ecdae7b25f,56a29d85cc5f0a7e1568163e9168b3f8fd6adcdb18bf25f9e3cc3e570e02021d,2277565b6143bf95d443f44a04049b933429c01c72e23b5644af6c7e9457ad61,
final_0265,TIMING,1,1,0,0,0,-1,0,0,1,1,1,ca90dfb9cee4f71048a3c049052324d07adce429336f23b65baaf3336645d537,03c60dedec8cb5fa4bb275d13484013027d2f4b0e40ed0996abd320f4d745236,1a871c1e1ce15610bd3bf136f4900d096198f3f01d091b2beff5c0c525f831b3,
final_0266,TIMING,1,1,0,0,0,-1,0,0,1,1,1,54bed9d8c0768aeb4837b60a4851874dab6a37724aaffdbd91423e1e5d1484a7,ec3943f9ecc9dc2f5fe2bba668d80b1289938f058edcf47992e90e86f99994d8,edd02de97e601722521f69cae6b81c16f2b1aaa995db1b86adf8304af5c4a03e,
final_0267,TIMING,1,1,0,0,0,-1,0,0,1,1,1,6606eb64c5eb904fc6cf0fec3d60170a631a7712e15fdff12830db21b3619603,08c5181ce839b8b7eb10a793ec0abac74a41a2f2dbc34d02cb4fd4a52f79aba6,ba7788f0ce98ae560c9a1ebf8f2b7f0f64253a701096b0345201f9dcb4301e78,
final_0268,TIMING,1,1,0,0,0,-1,0,0,1,1,1,8f618510129471febb39e0b4067c5240782d2d04f297cc0e65c8510947e85e9c,ec3943f9ecc9dc2f5fe2bba668d80b1289938f058edcf47992e90e86f99994d8,2ed8520624674730416f9f5bbad61257cfb522b2a4de71165a47dee67769b25a,
final_0269,TIMING,1,1,0,0,0,-1,0,0,1,1,1,a2a320e9ec352f2ec1fe1455f2df6a1b00627e659093a05a30267633c9dfbda1,08c5181ce839b8b7eb10a793ec0abac74a41a2f2dbc34d02cb4fd4a52f79aba6,66087695296f143cddd438a3aad4e7215de3080698cb90a6a9513fee6ed145b7,
final_0270,TIMING,1,1,0,0,0,-1,0,0,1,1,1,4625912d1bed2b90f7dcf48973fcdbb0e2af4da1482ad10e851566769a1164ab,f8a048ab0c62743062390c45d46693bde6692e140b6e6708545e1dbf14514f8f,f466be6f27c771ac36d0008f93aeb44e089bcada45c1b83ee01bee9475e337bf,
final_0271,TIMING,1,1,0,0,0,-1,0,0,1,1,1,86094de90022babff452a488371d5e6841bdfc434966b94d0577df58bbb8ea26,6f5d815a21f0ae86a7aff457c1a5da6fe79a2bdee0fbe48946d9341f427095c3,bcb1c96dd05d9b7e0adce6a36b4554f41060b1d0fb7b4b8869bac9b0e1bfd691,
final_0272,TIMING,1,1,0,0,0,-1,0,0,1,1,1,757ed98be22b06889edc251def510406edf6fb67f131d247445345c16f4b22f5,56a29d85cc5f0a7e1568163e9168b3f8fd6adcdb18bf25f9e3cc3e570e02021d,2277565b6143bf95d443f44a04049b933429c01c72e23b5644af6c7e9457ad61,
final_0273,TIMING,1,1,0,0,0,-1,0,0,1,1,1,e8dbea01e0a7604b196fb833ef450cdeafda89ec40b783a61054c68cc88694b9,03c60dedec8cb5fa4bb275d13484013027d2f4b0e40ed0996abd320f4d745236,1a871c1e1ce15610bd3bf136f4900d096198f3f01d091b2beff5c0c525f831b3,
final_0274,TIMING,1,1,0,0,0,-1,0,0,1,1,1,cdb9d2b5133d1f386988687472db59f57187ac3f2fe4c99b978ac8284e85476c,ec3943f9ecc9dc2f5fe2bba668d80b1289938f058edcf47992e90e86f99994d8,edd02de97e601722521f69cae6b81c16f2b1aaa995db1b86adf8304af5c4a03e,
final_0275,TIMING,1,1,0,0,0,-1,0,0,1,1,1,cf2e77bfd8b978ddbbcd3f496bcd1931b29c7eaa694bd5f88fe7bbd7cb99e5ce,08c5181ce839b8b7eb10a793ec0abac74a41a2f2dbc34d02cb4fd4a52f79aba6,ba7788f0ce98ae560c9a1ebf8f2b7f0f64253a701096b0345201f9dcb4301e78,
final_0276,TIMING,1,1,0,0,0,-1,0,0,1,1,1,ddda98b2ad7cbede08e8094b54b256f9d06be83695599ad1569db344f095657b,ec3943f9ecc9dc2f5fe2bba668d80b1289938f058edcf47992e90e86f99994d8,2ed8520624674730416f9f5bbad61257cfb522b2a4de71165a47dee67769b25a,
final_0277,TIMING,1,1,0,0,0,-1,0,0,1,1,1,dd389c0052405a861c6ea2fff07d31e424ba29386e492ceef3aaa469d0184b12,08c5181ce839b8b7eb10a793ec0abac74a41a2f2dbc34d02cb4fd4a52f79aba6,66087695296f143cddd438a3aad4e7215de3080698cb90a6a9513fee6ed145b7,
final_0278,TIMING,1,1,0,0,0,-1,0,0,1,1,1,b3ed1ff8e1227144f9e8983db779d8438774177043758ccc71d3abfc7e129e30,f8a048ab0c62743062390c45d46693bde6692e140b6e6708545e1dbf14514f8f,f466be6f27c771ac36d0008f93aeb44e089bcada45c1b83ee01bee9475e337bf,
final_0279,TIMING,1,1,0,0,0,-1,0,0,1,1,1,ef06fb2a3bc2590c190716379cc9c9c2dd1dea4ba7ec3ed49c1aa142ca023648,6f5d815a21f0ae86a7aff457c1a5da6fe79a2bdee0fbe48946d9341f427095c3,bcb1c96dd05d9b7e0adce6a36b4554f41060b1d0fb7b4b8869bac9b0e1bfd691,
final_0280,TIMING,1,1,0,0,0,-1,0,0,1,1,1,10158a8410e9dd6529f9684017fd78ae37e093a536517a5cc85d8a9669473e92,56a29d85cc5f0a7e1568163e9168b3f8fd6adcdb18bf25f9e3cc3e570e02021d,2277565b6143bf95d443f44a04049b933429c01c72e23b5644af6c7e9457ad61,
final_0281,TIMING,1,1,0,0,0,-1,0,0,1,1,1,0a9168df88b0704563b371772e5c75395c0b12146488594943e3ad557553f6f6,03c60dedec8cb5fa4bb275d13484013027d2f4b0e40ed0996abd320f4d745236,1a871c1e1ce15610bd3bf136f4900d096198f3f01d091b2beff5c0c525f831b3,
final_0282,TIMING,1,1,0,0,0,-1,0,0,1,1,1,0925ba978120e641364e288256c252f5b05798fa0d480d9cfd2047443a181859,ec3943f9ecc9dc2f5fe2bba668d80b1289938f058edcf47992e90e86f99994d8,edd02de97e601722521f69cae6b81c16f2b1aaa995db1b86adf8304af5c4a03e,
final_0283,TIMING,1,1,0,0,0,-1,0,0,1,1,1,ac7008adbfa483d9337d2ddebaef385e95f0aef0a9e0e61f2e1ccc1ef4fb75be,08c5181ce839b8b7eb10a793ec0abac74a41a2f2dbc34d02cb4fd4a52f79aba6,ba7788f0ce98ae560c9a1ebf8f2b7f0f64253a701096b0345201f9dcb4301e78,
final_0284,TIMING,1,1,0,0,0,-1,0,0,1,1,1,e00d3583264b79c48c982e589e87e4cb20b181ed9a3ba4546d6ad770806e9be2,ec3943f9ecc9dc2f5fe2bba668d80b1289938f058edcf47992e90e86f99994d8,2ed8520624674730416f9f5bbad61257cfb522b2a4de71165a47dee67769b25a,
final_0285,TIMING,1,1,0,0,0,-1,0,0,1,1,1,4bfb685b3dc3217248128b5ae0fce6d36020da6f591d6a412d0ebe94f597a480,08c5181ce839b8b7eb10a793ec0abac74a41a2f2dbc34d02cb4fd4a52f79aba6,66087695296f143cddd438a3aad4e7215de3080698cb90a6a9513fee6ed145b7,
final_0286,TIMING,1,1,0,0,0,-1,0,0,1,1,1,78df1ad725daedfbb760a786aabaed734f2f73afbe97842e839d058f56bb11bd,f8a048ab0c62743062390c45d46693bde6692e140b6e6708545e1dbf14514f8f,f466be6f27c771ac36d0008f93aeb44e089bcada45c1b83ee01bee9475e337bf,
final_0287,TIMING,1,1,0,0,0,-1,0,0,1,1,1,5753d7271e5016e01ed99611d62b8a6d0f7b070e6e245f6e911f5c2ac15737aa,6f5d815a21f0ae86a7aff457c1a5da6fe79a2bdee0fbe48946d9341f427095c3,bcb1c96dd05d9b7e0adce6a36b4554f41060b1d0fb7b4b8869bac9b0e1bfd691,
final_0288,COMMUNICATION,1,0,0,0,0,-1,0,0,1,1,0,b40a2134fb572d877489c39fb8722e84e84baf559762840926d0abe75d5565c3,87c253e5d7bd5503e469c1232fe6f77d430d74d0e87c56f6dd17c9ddf2127b3f,,full_evidence_history
final_0289,COMMUNICATION,1,0,0,0,0,-1,0,0,0,0,0,1b214f1760efaa48aa8f6af5677efdc8f858c5f9f03dd41351cad28ce0d11639,87c253e5d7bd5503e469c1232fe6f77d430d74d0e87c56f6dd17c9ddf2127b3f,,full_evidence_history
final_0290,COMMUNICATION,1,0,0,0,0,-1,0,0,1,1,0,54c6135497194d1194bd6b91d2e7f18db9360d26a32706304865bab4ffcb5362,a03823fc15b58ee26e6c1193cf5917b098d8a98ca37a3e24137a0a5579573ce5,,full_evidence_history
final_0291,COMMUNICATION,1,0,0,0,0,-1,0,0,0,0,0,d310c1ffcd830122f3773724b039ec868b08339cee379b7c2c0922c485a4f70d,a03823fc15b58ee26e6c1193cf5917b098d8a98ca37a3e24137a0a5579573ce5,,full_evidence_history
final_0292,COMMUNICATION,1,0,0,0,0,-1,0,0,1,1,0,4b8cab284bd6457633650b17a71a3c39f354d70ecc29cf33303e378e26e1c898,a03823fc15b58ee26e6c1193cf5917b098d8a98ca37a3e24137a0a5579573ce5,,full_evidence_history
final_0293,COMMUNICATION,1,0,0,0,0,-1,0,0,0,0,0,43807f205ee4da389fa9477c8e3beb7dd60e69d87d767e03183736fe2007eee8,a03823fc15b58ee26e6c1193cf5917b098d8a98ca37a3e24137a0a5579573ce5,,full_evidence_history
final_0294,COMMUNICATION,1,0,0,0,0,-1,0,0,1,1,0,73bb35c0592b387207c6e035ec752031c9017c56806460d5eec6967db3eab5c5,ed2edfd8ef6a2fff35554ab56fbaa499e584783f75a2888b722b29a1ebfba783,,full_evidence_history
final_0295,COMMUNICATION,1,0,0,0,0,-1,0,0,0,0,0,85596e260f8f93f3e2356848b5e9fae2c82ba3f3d52819329e1aae0b066c0391,ed2edfd8ef6a2fff35554ab56fbaa499e584783f75a2888b722b29a1ebfba783,,full_evidence_history
final_0296,COMMUNICATION,1,1,0,0,0,-1,0,0,1,1,1,1540b2f9c0af8f536e35a8eaa3eff4073dfc055863aabf4d4ad84289db497bb0,9be2ba4bb97a5e4e613a3716651af592a5c16600a33492d26a78e1fe2f35ea9a,a6b7a6f38ef13a920bd7fc955857f261d1ea12f08f3ba3a260bf3fa46f0de180,
final_0297,COMMUNICATION,1,1,0,0,0,-1,0,0,1,1,1,4172e949482b74540f5daf09e95efae4e7e56137d0b3bc374a559cc0c5c1abc0,88dd523d4a6064362893aa2a2d32ff99dbcb9e9a72799262272984111a982771,fb263234540a514e92ea1cbd36e29febcd5c4677b2abd29f30ef1f37f6f6802b,
final_0298,COMMUNICATION,1,1,0,0,0,-1,0,0,1,1,1,ab19c5bc9ee902103dc1ea1bc5f57eec51174a20fe0b3935184c580ff63d44f5,c10e053d7554055da10f399480ccd013f26f0758e0f3a4020a12eee01b185947,6abd491277e2d341ef44e453db98be6d8693d0e9218765d2afb9571969bb2323,
final_0299,COMMUNICATION,1,1,0,0,0,-1,0,0,1,1,1,d9d68b99941cfaba4395aab7c923f487e10d1c4b8d27d276cf0dcbe7404ba5b6,1288d89a781ea3fe10b8d7b5e4ccce98aed66c33eb80edd12b3df0867c7d5655,ea3298cbf895e457064b881e9d4e88444bc5b668805a6bc6fefc66a375637f99,
final_0300,COMMUNICATION,1,1,0,0,0,-1,0,0,1,1,1,791012cc49814096600b0c4631a44bf8a8edcc04488800589969dd126f99b6e0,c10e053d7554055da10f399480ccd013f26f0758e0f3a4020a12eee01b185947,f5a6826f9072c88278531f3e218c671da22203cd3e16b2ab8586e67f879bbcb2,
final_0301,COMMUNICATION,1,1,0,0,0,-1,0,0,1,1,1,9df78d2d980c046fb90672150b1bbdb866487e5f4e6d7c10723c0486710dd3be,489ce982d58993eea5ca0aeacc0103bbe8266d4e15362884ec3d1f564ef319d0,181f2fd22329f109f264b11016c2eed3d39dd6f4da241ef5cf9d91569d1ba498,
final_0302,COMMUNICATION,1,1,0,0,0,-1,0,0,1,1,0,1bda2dbcf9301ac3e290d8ecdba47fdc5fc64996f6c6cb20674c8c033d74b88f,6fb163fe8e1764a5cb13b0064b1993f19ed04ede36a03db367fd29e2d43c2497,e51dfc875ddb532c85a9d5bed867c2b85ce93b849f417c5f2faf2d7ca3b9a049,
final_0303,COMMUNICATION,1,1,0,0,0,-1,0,0,1,1,1,49a21f5619c9141fbeb861a22fa760eb1c9b60798dc5855bbfdb23e4e1fa794a,2bf88dcd3cd9c12d18fee671bebba2a2bc8a75fec4d4cfe87fc977bff2e8dfdb,0c67f74bb10672aae8247fa6fd817a55eda787e5f589039132d792cea88fbc38,
final_0304,COMMUNICATION,1,0,0,0,0,-1,0,0,1,1,0,054b8fdd3e1e643f71bbeebe42f9c93f93aa6d4ffa50be138b9078c30fa2d833,87c253e5d7bd5503e469c1232fe6f77d430d74d0e87c56f6dd17c9ddf2127b3f,,full_evidence_history
final_0305,COMMUNICATION,1,0,0,0,0,-1,0,0,0,0,0,df537634b1243b5683db7edee720e0f6b49dbd9148632aefe5ccfdd7f271f624,87c253e5d7bd5503e469c1232fe6f77d430d74d0e87c56f6dd17c9ddf2127b3f,,full_evidence_history
final_0306,COMMUNICATION,1,0,0,0,0,-1,0,0,1,1,0,7bcc01773ce8a8fde7410324c88203c9267cec8178b60ba23e599caf95edbd6d,a03823fc15b58ee26e6c1193cf5917b098d8a98ca37a3e24137a0a5579573ce5,,full_evidence_history
final_0307,COMMUNICATION,1,0,0,0,0,-1,0,0,0,0,0,d608d2e322dfc783dd15a90df0c1447d7abe8bddb477be1534fd328f4c6b4c73,a03823fc15b58ee26e6c1193cf5917b098d8a98ca37a3e24137a0a5579573ce5,,full_evidence_history
final_0308,COMMUNICATION,1,0,0,0,0,-1,0,0,1,1,0,1eaedb58bcd493ce44b1785ba345781deea0d80335335e966d1e9d5440acf3a8,a03823fc15b58ee26e6c1193cf5917b098d8a98ca37a3e24137a0a5579573ce5,,full_evidence_history
final_0309,COMMUNICATION,1,0,0,0,0,-1,0,0,0,0,0,e3dc8c4fd612f3f1641f17bed3bd95fcb4419e6a7526b6f526d6b9ec0c31c98a,a03823fc15b58ee26e6c1193cf5917b098d8a98ca37a3e24137a0a5579573ce5,,full_evidence_history
final_0310,COMMUNICATION,1,0,0,0,0,-1,0,0,1,1,0,4b354cebaf2e59244576754b8bbae45944642b08686912ccf98294be158907bf,ed2edfd8ef6a2fff35554ab56fbaa499e584783f75a2888b722b29a1ebfba783,,full_evidence_history
final_0311,COMMUNICATION,1,0,0,0,0,-1,0,0,0,0,0,fb4df95dc8046045ec63c26c291ec432a8d3d6332b37b022d898d70a2d71bcad,ed2edfd8ef6a2fff35554ab56fbaa499e584783f75a2888b722b29a1ebfba783,,full_evidence_history
final_0312,COMMUNICATION,1,1,0,0,0,-1,0,0,1,1,0,9300aac79926c68d6a924324ed91051017a1f5203ca99b193b3e527931a9959b,f0e125b9be77d48af71359f04c3fb29463cd7fe9e1db6829a597047eb80f2a25,a6b7a6f38ef13a920bd7fc955857f261d1ea12f08f3ba3a260bf3fa46f0de180,
final_0313,COMMUNICATION,1,1,0,0,0,-1,0,0,1,1,0,87e99d15466aaff6e5245f049b2b3d673b74f3e96faaac1c186de9b0392366ab,09e834d9b4ed1cbf8bd89c418ab97ae5b9b020e5d5b660a7af8e70bbe55d4393,fb263234540a514e92ea1cbd36e29febcd5c4677b2abd29f30ef1f37f6f6802b,
final_0314,COMMUNICATION,1,1,0,0,0,-1,0,0,1,1,0,2a4a9ae3f0c9971eba5d516cdcf6300ea742091aeff747729dfa9af1af7c56d3,40625b37fb87def13944a3dec60d032b164deefef3e225a586f76ae776c3ed02,6abd491277e2d341ef44e453db98be6d8693d0e9218765d2afb9571969bb2323,
final_0315,COMMUNICATION,1,1,0,0,0,-1,0,0,1,1,1,bea5df9cf2ad2600dce16d3078f814324668f76ac6ef6a8767e648ad39d53220,0d15582c18bf91190dfdd790cda0a8552f85194ebbcc71be84b09734ffaf40d4,ea3298cbf895e457064b881e9d4e88444bc5b668805a6bc6fefc66a375637f99,
final_0316,COMMUNICATION,1,1,0,0,0,-1,0,0,1,1,0,b54fde5a490a0a513c1ecf1d2d90a30ecca3808d9caad672dfcec518c179c6d2,40625b37fb87def13944a3dec60d032b164deefef3e225a586f76ae776c3ed02,f5a6826f9072c88278531f3e218c671da22203cd3e16b2ab8586e67f879bbcb2,
final_0317,COMMUNICATION,1,1,0,0,0,-1,0,0,1,1,0,a5c71f92574213990ce118ee402b6c5187d04b2dc7117f53d409bf5f0eac75e5,0d15582c18bf91190dfdd790cda0a8552f85194ebbcc71be84b09734ffaf40d4,181f2fd22329f109f264b11016c2eed3d39dd6f4da241ef5cf9d91569d1ba498,
final_0318,COMMUNICATION,1,1,0,0,0,-1,0,0,1,1,0,66bddc1c08aa0b1a07b0a476898a1141629cacfe3f9f01345c8eb4a6b3ba1d99,39031a653017a59394a64966ccea5c8e4e9c38c8d1765da98454990da8a851ef,e51dfc875ddb532c85a9d5bed867c2b85ce93b849f417c5f2faf2d7ca3b9a049,
final_0319,COMMUNICATION,1,1,0,0,0,-1,0,0,1,1,1,e51639881aec57672447c3e903ed66bfd1018208f4692be15d2666d6ffc41714,a35b4d2e53f338a5da1527f9f8fb4333444ba0570068ea1953f45533be16ad3c,0c67f74bb10672aae8247fa6fd817a55eda787e5f589039132d792cea88fbc38,
final_0320,COMMUNICATION,1,0,0,0,0,-1,0,0,1,1,0,cba2f4b2843739e2d17b245a869480226612f0006a5c3b40e18ea3678482d52d,87c253e5d7bd5503e469c1232fe6f77d430d74d0e87c56f6dd17c9ddf2127b3f,,full_evidence_history
final_0321,COMMUNICATION,1,0,0,0,0,-1,0,0,1,1,0,7e97b443ddb51ac32e5639499f6b812e7ea136076b4d9634ac1da23c75c84995,87c253e5d7bd5503e469c1232fe6f77d430d74d0e87c56f6dd17c9ddf2127b3f,,full_evidence_history
final_0322,COMMUNICATION,1,0,0,0,0,-1,0,0,1,1,1,e58772e88d6bde99d7e7cb3dcc4a2cd0105d08323d7a0a04caa14722bc4924bd,a03823fc15b58ee26e6c1193cf5917b098d8a98ca37a3e24137a0a5579573ce5,,full_evidence_history
final_0323,COMMUNICATION,1,0,0,0,0,-1,0,0,1,1,1,4e6e4ca4147c2c7bb4168189c1976a6b1bc80e2abe3e2466217c9d562772c5d5,a03823fc15b58ee26e6c1193cf5917b098d8a98ca37a3e24137a0a5579573ce5,,full_evidence_history
final_0324,COMMUNICATION,1,0,0,0,0,-1,0,0,1,1,1,5274496c774038e2676d49da3c3ea34805c87678e4cf9924c70a9241b9ea2de0,a03823fc15b58ee26e6c1193cf5917b098d8a98ca37a3e24137a0a5579573ce5,,full_evidence_history
final_0325,COMMUNICATION,1,0,0,0,0,-1,0,0,1,1,1,6956a636da3138b2a211dde559ffdc482fe2c47c665cbcfc0d6f3f3472fe115a,a03823fc15b58ee26e6c1193cf5917b098d8a98ca37a3e24137a0a5579573ce5,,full_evidence_history
final_0326,COMMUNICATION,1,0,0,0,0,-1,0,0,1,1,1,9bc5ca2c3ffdab69859586502d3d08fc18a34014af4420704a252bf795f158df,ed2edfd8ef6a2fff35554ab56fbaa499e584783f75a2888b722b29a1ebfba783,,full_evidence_history
final_0327,COMMUNICATION,1,0,0,0,0,-1,0,0,1,1,1,924d5f42e695a30f364cc05ddc2f79374c289982f2cef06fa3f2547017351b23,ed2edfd8ef6a2fff35554ab56fbaa499e584783f75a2888b722b29a1ebfba783,,full_evidence_history
final_0328,COMMUNICATION,1,1,0,0,0,-1,0,0,1,1,1,498414f3fd2a66a6560758423b3b16823fd1d932e20cdc246040595cb837c7b5,6241f09e88e0bf0025e837e77b5e4830eb9ffe6017512179059c3721cd1bfb5d,a6b7a6f38ef13a920bd7fc955857f261d1ea12f08f3ba3a260bf3fa46f0de180,
final_0329,COMMUNICATION,1,1,0,0,0,-1,0,0,1,1,1,32c8038811851f4d28b3f9b17fe9fa025fbd94d13439298a2999420943c687ac,7f74d191c294add0cb2dabdb772c0221d478eaa3951837c3b0d37d56636a4e91,fb263234540a514e92ea1cbd36e29febcd5c4677b2abd29f30ef1f37f6f6802b,
final_0330,COMMUNICATION,1,1,0,0,0,-1,0,0,1,1,1,1cf4e302f9961c396fbcbd3bd565c4a9006662bdd170bbb0374913e4dea613cb,4d7334693889c4a880817468aae5936452810e429ead7e1bed932cfe737528ba,6abd491277e2d341ef44e453db98be6d8693d0e9218765d2afb9571969bb2323,
final_0331,COMMUNICATION,1,1,0,0,0,-1,0,0,1,1,1,795fff986a33edf95bb2733cb86172339b959341a8781d6bb5a5df4fcb764859,50919ecaa01cc7f6d0f8ee91448dc43bd106bae60efd0762156f94f1b5ad11ea,ea3298cbf895e457064b881e9d4e88444bc5b668805a6bc6fefc66a375637f99,
final_0332,COMMUNICATION,1,1,0,0,0,-1,0,0,1,1,1,4fd44451b19874d5bbc1cdf1900e5e8b72024753ad1ba0f8a0e13c3851f1648b,4d7334693889c4a880817468aae5936452810e429ead7e1bed932cfe737528ba,f5a6826f9072c88278531f3e218c671da22203cd3e16b2ab8586e67f879bbcb2,
final_0333,COMMUNICATION,1,1,0,0,0,-1,0,0,1,1,1,d3703e4846a75ba67de5c526388be683236e2e5512a92669d87bb92787468472,50919ecaa01cc7f6d0f8ee91448dc43bd106bae60efd0762156f94f1b5ad11ea,181f2fd22329f109f264b11016c2eed3d39dd6f4da241ef5cf9d91569d1ba498,
final_0334,COMMUNICATION,1,1,0,0,0,-1,0,0,1,1,1,5864f36bdd37e11b721f9b15392f563c57b97da839c398ed8191c1251d4665b7,fa39ed675190dda2818600abf93f1d71e81cbcbdc8ce92a9b384f44ce5785bfe,e51dfc875ddb532c85a9d5bed867c2b85ce93b849f417c5f2faf2d7ca3b9a049,
final_0335,COMMUNICATION,1,1,0,0,0,-1,0,0,1,1,1,a29a8e6a7656e6d3212ef6d80c7ae82acd09d8179e9acba4372470d7a3f3ff37,74906ff4bb3339a19eafcd374226a8311b1f21de811587f3721d2a09d17eceed,0c67f74bb10672aae8247fa6fd817a55eda787e5f589039132d792cea88fbc38,
final_0336,COMMUNICATION,1,0,0,0,0,-1,0,0,1,1,0,b12523e8308762cef7dfe9587efcd067276172f29a4821bb01fcb06cc022dbe9,87c253e5d7bd5503e469c1232fe6f77d430d74d0e87c56f6dd17c9ddf2127b3f,,full_evidence_history
final_0337,COMMUNICATION,1,0,0,0,0,-1,0,0,0,0,0,6692f61cb28446938721134da4ce6116369d16c6f338f7fd7c18fcb4ee1adc12,87c253e5d7bd5503e469c1232fe6f77d430d74d0e87c56f6dd17c9ddf2127b3f,,full_evidence_history
final_0338,COMMUNICATION,1,0,0,0,0,-1,0,0,1,1,0,02a0e9cf8d822d6ceebe48676fac912bf8c1d8a9c0b8306ac4dc71c6efd07b02,a03823fc15b58ee26e6c1193cf5917b098d8a98ca37a3e24137a0a5579573ce5,,full_evidence_history
final_0339,COMMUNICATION,1,0,0,0,0,-1,0,0,0,0,0,41fbfd347f67d21037d14300660ba7a73f0816ecdbe12d40a158ef635a8a045f,a03823fc15b58ee26e6c1193cf5917b098d8a98ca37a3e24137a0a5579573ce5,,full_evidence_history
final_0340,COMMUNICATION,1,0,0,0,0,-1,0,0,1,1,0,f19ef4ecbf8c035a0e3bab01566e89f21528264f03f232df1b37e51eb51a4b28,a03823fc15b58ee26e6c1193cf5917b098d8a98ca37a3e24137a0a5579573ce5,,full_evidence_history
final_0341,COMMUNICATION,1,0,0,0,0,-1,0,0,0,0,0,28d94812e39f4db82bc70b33d9d9e340e0024c4a2c2f3f1027332b826575ba93,a03823fc15b58ee26e6c1193cf5917b098d8a98ca37a3e24137a0a5579573ce5,,full_evidence_history
final_0342,COMMUNICATION,1,0,0,0,0,-1,0,0,1,1,0,a26c28f24c45358551b7f826e2371c47c09af94c2524b75241335aa8182a8423,ed2edfd8ef6a2fff35554ab56fbaa499e584783f75a2888b722b29a1ebfba783,,full_evidence_history
final_0343,COMMUNICATION,1,0,0,0,0,-1,0,0,0,0,0,c0d5befbf3d8bbcd76eecbbd0150ed3739dfe19bb3c3899d9efc0a667cbc8469,ed2edfd8ef6a2fff35554ab56fbaa499e584783f75a2888b722b29a1ebfba783,,full_evidence_history
final_0344,COMMUNICATION,1,1,0,0,0,-1,0,0,1,1,0,33a5c2b6c319b6a6f98e1645286a29396ef9ac8e132760ed12e400b239d6a07e,a0e432f8112ff492741224ff14f3c98b67751df83974e00b1eb9828e8634fdd4,a6b7a6f38ef13a920bd7fc955857f261d1ea12f08f3ba3a260bf3fa46f0de180,
final_0345,COMMUNICATION,1,1,0,0,0,-1,0,0,1,1,0,fe249f8f0c680dbbd46e22a613c5ba30e1956e5d6041f79babc91665e88a6238,521d006647fa436a3b7ee47c7eec26cf737799fab33541b25fb1fe8d1e2692cb,fb263234540a514e92ea1cbd36e29febcd5c4677b2abd29f30ef1f37f6f6802b,
final_0346,COMMUNICATION,1,1,0,0,0,-1,0,0,1,1,1,0d0ceebf5c4c8deac101ebfcceda93cbed067bd39eca04e88ff75cb0a4bab3cd,0f8dc4a5d52560055520200e3db882bc8ec941f97dfb88e71750e93cdaa68894,6abd491277e2d341ef44e453db98be6d8693d0e9218765d2afb9571969bb2323,
final_0347,COMMUNICATION,1,1,0,0,0,-1,0,0,1,1,1,3ab9a84248fddc34f6c53353c15f6a21c2f5d6c10d018a773096d039fc8c5ada,b5b2dbd82cfe91b8106ea5b86198113240a3c41ae6d2e51829591923e8df8c8e,ea3298cbf895e457064b881e9d4e88444bc5b668805a6bc6fefc66a375637f99,
final_0348,COMMUNICATION,1,1,0,0,0,-1,0,0,1,1,1,248e6aad61f91e95eec386631cd20e5037b3b9b9e4ff330e0787e677e3346071,0f8dc4a5d52560055520200e3db882bc8ec941f97dfb88e71750e93cdaa68894,f5a6826f9072c88278531f3e218c671da22203cd3e16b2ab8586e67f879bbcb2,
final_0349,COMMUNICATION,1,1,0,0,0,-1,0,0,1,1,1,08660e8a75843e3b4807a620c37beb1c60c9bae6fad9a0173e9ca84434ec7f68,a9b46327e65d3a98e9060d67a0723709293173e80bd24657b1d123de2b296463,181f2fd22329f109f264b11016c2eed3d39dd6f4da241ef5cf9d91569d1ba498,
final_0350,COMMUNICATION,1,1,0,0,0,-1,0,0,1,1,0,5dc13c290243d380d3dc5ea220b33e29867b55a67f3dd719aec21d07c32d46bf,3e3a5ff4822208e3a52a0d925fe88bcc9253c211098433db2ce8c96b8ce70c6e,e51dfc875ddb532c85a9d5bed867c2b85ce93b849f417c5f2faf2d7ca3b9a049,
final_0351,COMMUNICATION,1,1,0,0,0,-1,0,0,1,1,1,31726952cf15488737e84914eeb6cdb8df0172f384533bb52886c63b53d6d460,8bf943741c1a6bf50adb49e0f20fd309b71da0388e8c9a0bd528047cfe10398b,0c67f74bb10672aae8247fa6fd817a55eda787e5f589039132d792cea88fbc38,
final_0352,COMMUNICATION,1,0,0,0,0,-1,0,0,1,1,0,b12523e8308762cef7dfe9587efcd067276172f29a4821bb01fcb06cc022dbe9,87c253e5d7bd5503e469c1232fe6f77d430d74d0e87c56f6dd17c9ddf2127b3f,,full_evidence_history
final_0353,COMMUNICATION,1,0,0,0,0,-1,0,0,0,0,0,6692f61cb28446938721134da4ce6116369d16c6f338f7fd7c18fcb4ee1adc12,87c253e5d7bd5503e469c1232fe6f77d430d74d0e87c56f6dd17c9ddf2127b3f,,full_evidence_history
final_0354,COMMUNICATION,1,0,0,0,0,-1,0,0,1,1,0,02a0e9cf8d822d6ceebe48676fac912bf8c1d8a9c0b8306ac4dc71c6efd07b02,a03823fc15b58ee26e6c1193cf5917b098d8a98ca37a3e24137a0a5579573ce5,,full_evidence_history
final_0355,COMMUNICATION,1,0,0,0,0,-1,0,0,0,0,0,41fbfd347f67d21037d14300660ba7a73f0816ecdbe12d40a158ef635a8a045f,a03823fc15b58ee26e6c1193cf5917b098d8a98ca37a3e24137a0a5579573ce5,,full_evidence_history
final_0356,COMMUNICATION,1,0,0,0,0,-1,0,0,1,1,0,f19ef4ecbf8c035a0e3bab01566e89f21528264f03f232df1b37e51eb51a4b28,a03823fc15b58ee26e6c1193cf5917b098d8a98ca37a3e24137a0a5579573ce5,,full_evidence_history
final_0357,COMMUNICATION,1,0,0,0,0,-1,0,0,0,0,0,28d94812e39f4db82bc70b33d9d9e340e0024c4a2c2f3f1027332b826575ba93,a03823fc15b58ee26e6c1193cf5917b098d8a98ca37a3e24137a0a5579573ce5,,full_evidence_history
final_0358,COMMUNICATION,1,0,0,0,0,-1,0,0,1,1,0,a26c28f24c45358551b7f826e2371c47c09af94c2524b75241335aa8182a8423,ed2edfd8ef6a2fff35554ab56fbaa499e584783f75a2888b722b29a1ebfba783,,full_evidence_history
final_0359,COMMUNICATION,1,0,0,0,0,-1,0,0,0,0,0,c0d5befbf3d8bbcd76eecbbd0150ed3739dfe19bb3c3899d9efc0a667cbc8469,ed2edfd8ef6a2fff35554ab56fbaa499e584783f75a2888b722b29a1ebfba783,,full_evidence_history
final_0360,COMMUNICATION,1,1,0,0,0,-1,0,0,1,1,0,9300aac79926c68d6a924324ed91051017a1f5203ca99b193b3e527931a9959b,f0e125b9be77d48af71359f04c3fb29463cd7fe9e1db6829a597047eb80f2a25,a6b7a6f38ef13a920bd7fc955857f261d1ea12f08f3ba3a260bf3fa46f0de180,
final_0361,COMMUNICATION,1,1,0,0,0,-1,0,0,1,1,0,87e99d15466aaff6e5245f049b2b3d673b74f3e96faaac1c186de9b0392366ab,09e834d9b4ed1cbf8bd89c418ab97ae5b9b020e5d5b660a7af8e70bbe55d4393,fb263234540a514e92ea1cbd36e29febcd5c4677b2abd29f30ef1f37f6f6802b,
final_0362,COMMUNICATION,1,1,0,0,0,-1,0,0,1,1,0,2a4a9ae3f0c9971eba5d516cdcf6300ea742091aeff747729dfa9af1af7c56d3,40625b37fb87def13944a3dec60d032b164deefef3e225a586f76ae776c3ed02,6abd491277e2d341ef44e453db98be6d8693d0e9218765d2afb9571969bb2323,
final_0363,COMMUNICATION,1,1,0,0,0,-1,0,0,1,1,1,bea5df9cf2ad2600dce16d3078f814324668f76ac6ef6a8767e648ad39d53220,0d15582c18bf91190dfdd790cda0a8552f85194ebbcc71be84b09734ffaf40d4,ea3298cbf895e457064b881e9d4e88444bc5b668805a6bc6fefc66a375637f99,
final_0364,COMMUNICATION,1,1,0,0,0,-1,0,0,1,1,0,b54fde5a490a0a513c1ecf1d2d90a30ecca3808d9caad672dfcec518c179c6d2,40625b37fb87def13944a3dec60d032b164deefef3e225a586f76ae776c3ed02,f5a6826f9072c88278531f3e218c671da22203cd3e16b2ab8586e67f879bbcb2,
final_0365,COMMUNICATION,1,1,0,0,0,-1,0,0,1,1,0,a5c71f92574213990ce118ee402b6c5187d04b2dc7117f53d409bf5f0eac75e5,0d15582c18bf91190dfdd790cda0a8552f85194ebbcc71be84b09734ffaf40d4,181f2fd22329f109f264b11016c2eed3d39dd6f4da241ef5cf9d91569d1ba498,
final_0366,COMMUNICATION,1,1,0,0,0,-1,0,0,1,1,0,66bddc1c08aa0b1a07b0a476898a1141629cacfe3f9f01345c8eb4a6b3ba1d99,39031a653017a59394a64966ccea5c8e4e9c38c8d1765da98454990da8a851ef,e51dfc875ddb532c85a9d5bed867c2b85ce93b849f417c5f2faf2d7ca3b9a049,
final_0367,COMMUNICATION,1,1,0,0,0,-1,0,0,1,1,1,e51639881aec57672447c3e903ed66bfd1018208f4692be15d2666d6ffc41714,a35b4d2e53f338a5da1527f9f8fb4333444ba0570068ea1953f45533be16ad3c,0c67f74bb10672aae8247fa6fd817a55eda787e5f589039132d792cea88fbc38,
final_0368,COMMUNICATION,1,0,0,0,0,-1,0,0,1,1,0,8380e74a30fe16c8807495abe4913e10d25cfb22ea97e500b3bc9552cc023d27,87c253e5d7bd5503e469c1232fe6f77d430d74d0e87c56f6dd17c9ddf2127b3f,,full_evidence_history
final_0369,COMMUNICATION,1,0,0,0,0,-1,0,0,1,1,0,6d77b5a2ebd764556e4defcbd974357372c371d14eb4b0607d5806c9d19d3a5b,87c253e5d7bd5503e469c1232fe6f77d430d74d0e87c56f6dd17c9ddf2127b3f,,full_evidence_history
final_0370,COMMUNICATION,1,0,0,0,0,-1,0,0,1,1,0,1961d1777213e0633c390435312c0e0eb5b3ad0e4ff09d06e6372593eca70c29,a03823fc15b58ee26e6c1193cf5917b098d8a98ca37a3e24137a0a5579573ce5,,full_evidence_history
final_0371,COMMUNICATION,1,0,0,0,0,-1,0,0,1,1,0,c4b4af6676c2bf0d8c9b87d9d590c0cff7de6ba892324e9a4be1808f1cea0732,a03823fc15b58ee26e6c1193cf5917b098d8a98ca37a3e24137a0a5579573ce5,,full_evidence_history
final_0372,COMMUNICATION,1,0,0,0,0,-1,0,0,1,1,0,b93f6734d7ca4f1548000b66d8a35c3e5319bf24e670c4d11e392efcc9ce5569,a03823fc15b58ee26e6c1193cf5917b098d8a98ca37a3e24137a0a5579573ce5,,full_evidence_history
final_0373,COMMUNICATION,1,0,0,0,0,-1,0,0,1,1,0,e402af9f7a7542578f9fb277a459348620caa5820d8e801c99a413a03e5a576d,a03823fc15b58ee26e6c1193cf5917b098d8a98ca37a3e24137a0a5579573ce5,,full_evidence_history
final_0374,COMMUNICATION,1,0,0,0,0,-1,0,0,1,1,0,fb6fa7781cd86d601ce0dd18c9f67b2a5a083d2cedef6a28586c5bcdf4eecd09,ed2edfd8ef6a2fff35554ab56fbaa499e584783f75a2888b722b29a1ebfba783,,full_evidence_history
final_0375,COMMUNICATION,1,0,0,0,0,-1,0,0,1,1,0,d2e0a452750a5baf4bd6b21d41026f304a8b87bb177535f62f33fc4fe3e6e0b1,ed2edfd8ef6a2fff35554ab56fbaa499e584783f75a2888b722b29a1ebfba783,,full_evidence_history
final_0376,COMMUNICATION,1,1,0,0,0,-1,0,0,1,1,0,b404bbb7eb8c7dbed8b7380a4acf0a8004a874dc4ca4a45c0422ecec84cd6cc9,802f1c89d57a66f6ed06ada564d4a256df3239b796366cc9979f8e6465d71c2a,a6b7a6f38ef13a920bd7fc955857f261d1ea12f08f3ba3a260bf3fa46f0de180,
final_0377,COMMUNICATION,1,1,0,0,0,-1,0,0,1,1,1,f3db26a6ae9c965f8ba9db6699962d6ae1fce3a41ae016b685de7f9f55d16b3f,95ea681e5daca83fe90811a7dc9a4bdda651037f6fe2e272845b3d9514c549bb,fb263234540a514e92ea1cbd36e29febcd5c4677b2abd29f30ef1f37f6f6802b,
final_0378,COMMUNICATION,1,1,0,0,0,-1,0,0,1,1,1,a884866b8b94580481e81c12d67e88d1d0969acc45ffc93c727c17f83b34c719,7a499e3e2951f861f0076f7e3dcf700a94c92457a3e0f5bf5972a2ce8e90dc53,6abd491277e2d341ef44e453db98be6d8693d0e9218765d2afb9571969bb2323,
final_0379,COMMUNICATION,1,1,0,0,0,-1,0,0,1,1,1,578c09d098c3f9bffbef6b3d0896cb64b9b860e84bbe7717cd1eea721434ba18,822ce109eb27454b79263a6bbef997cacd227428fa347c5176977ea4752d1be6,ea3298cbf895e457064b881e9d4e88444bc5b668805a6bc6fefc66a375637f99,
final_0380,COMMUNICATION,1,1,0,0,0,-1,0,0,1,1,1,468f79c5d34f032234038302c8efe588862e176a3df72f45a97b77f46f929e7a,7a499e3e2951f861f0076f7e3dcf700a94c92457a3e0f5bf5972a2ce8e90dc53,f5a6826f9072c88278531f3e218c671da22203cd3e16b2ab8586e67f879bbcb2,
final_0381,COMMUNICATION,1,1,0,0,0,-1,0,0,1,1,1,fb007b1541b0f191e333b40c0265e4fe321926abfbff0c12bc1a38d88a91f72c,eae680a2c68f421e3bf4191c7949b1e52cc90984b3cb05cf2e90eefb51df717c,181f2fd22329f109f264b11016c2eed3d39dd6f4da241ef5cf9d91569d1ba498,
final_0382,COMMUNICATION,1,1,0,0,0,-1,0,0,1,1,1,b0be25748ac1abe436fffc92ef23a5bba2df94c1e73ab2c37050c5a4f7798189,ae60b5cd1e3f4047eaf5abaa28d44a6c0ec6506dba25255b2d9f66136ff69802,e51dfc875ddb532c85a9d5bed867c2b85ce93b849f417c5f2faf2d7ca3b9a049,
final_0383,COMMUNICATION,1,1,0,0,0,-1,0,0,1,1,1,a94a7705c4d68226081dacba4c2c759a6fafab7d1829a5c7a7ef9e47eeeab071,4e3f75b64ecd15742b824c9e11f20b8335983261092112bbd30b6481df33ecd8,0c67f74bb10672aae8247fa6fd817a55eda787e5f589039132d792cea88fbc38,
final_0384,COMMUNICATION,1,1,0,0,0,-1,0,0,1,1,0,d0d755fb50882362b331508e2185702c7ca0c3961e7c0cacbba028ff7d5b2df3,e4d84fb5f03ddfc06eebe38847098e8dcf2ceca44fde5899677be76375bcaac2,137af464172589fce72eadefe16bd28ebd8f8fed1fd4dd17762d6274a728fb82,
final_0385,COMMUNICATION,1,1,0,0,0,-1,0,0,0,0,0,0ff25c209e257dc2aa955dffc1b4ad0189000d08340b6f0e684ab4647d5397ed,0f468e268fcd7d130440d72f90ed3621d21ace64b41d4aedf75e27da929928bb,e7d6bcf96139f8194dd774c74d9eb85bdb0bb5e93985b60b29279ff6b1af7495,
final_0386,COMMUNICATION,1,1,0,0,0,-1,0,0,1,1,1,65e5d0fba299e84ad6945595668e8f5b4155ed3500d0b5f73a0d68586c9be1b0,f4f47eeb197feb1e94dd00ee660c9052b663c8d7f946a76a84ba6d9ccd338af0,7dd4e220a09d70bd80c1f728aaa01803ce5832f39f3c17006410f5e7ee23c6f9,
final_0387,COMMUNICATION,1,1,0,0,0,-1,0,0,0,0,0,299221e90ee1d369d30766513618f44af5e8b588c74ebd548c56a51a57eaf455,b1824eba3af5449cf67fc0819dde7386acf03c90063bc530211883750fc0a8b5,5827d261cb039862b4aec1d377cd70d10979ca5bfbc3b6bf27c0b2d3e513d2c6,
final_0388,COMMUNICATION,1,1,0,0,0,-1,0,0,1,1,0,8185296c93007d1a45c2e79a878734ad107e6ae6159e07e7d1ecab37de4400bb,f4f47eeb197feb1e94dd00ee660c9052b663c8d7f946a76a84ba6d9ccd338af0,6519d6b039c78c8c5963f8c9ebf9c09f4308cceef956cd0ba048574f3688b4f8,
final_0389,COMMUNICATION,1,1,0,0,0,-1,0,0,0,0,0,ff341f57feef2b5018bdd497c9a6247ae13a59ce7e41fb78110bde45df2ce362,b1824eba3af5449cf67fc0819dde7386acf03c90063bc530211883750fc0a8b5,65d97105a6ff74e48ce7cc81820257ba10e5f2cd2df09c38d61b4eb6d45b5b31,
final_0390,COMMUNICATION,1,1,0,0,0,-1,0,0,1,1,0,347e6f92e919f4f829bcd4b3d335bb8c97f0ba3aecf40f09701f087adc01fb5b,e87a59b36f83b93eaa0dfba67f8fe5728e0700532906e9513580d883408dc2f4,d3b7b1465617382abc134652089d6f9bc59d6266a33be90dd5dc89d4810b5a61,
final_0391,COMMUNICATION,1,1,0,0,0,-1,0,0,0,0,0,b014e399769a937495e1818e20a52126545e1b4306d66c7c0819dd2c73c7b701,de13bf46e63076463153277c3da007f98849bda8d1882f912fc586932cd55e44,87e33f1c483e6f3d90af7d7462ffd394590995a45e9efaf2acfcf3517c9e7a07,
final_0392,COMMUNICATION,1,1,0,0,0,-1,0,0,1,1,1,df9bedcf9056e73a0e3c77113d269eab829377c8d3f4585aafa3826ad10b3d21,d640fdd803d2192bad23ba184647d8726f7cedeb297cd2a21f444f872a621b25,73ffce77a6e78e18e128833ebdd61c1881f08c239cfee0bba5a768bfb9e841f1,
final_0393,COMMUNICATION,1,1,0,0,0,-1,0,0,1,1,1,0edbaff1ee13d473abe46a3a883256ee00d15af2ac87c8933be45fe681d413bc,a027add5a4b9396cd8940ab7629e83afaf2bc0b1a92d9c1872007d2858003ec5,d47d3d8058ad9e574fd3995b7dd32bd149d696c2121f92916f5498e7bf4f4537,
final_0394,COMMUNICATION,1,1,0,0,0,-1,0,0,1,1,1,8722766abd0afe0076431ce236dda9ec483dce4af49222310982ec84ae697ff1,af47280c6d2ef2f42d73d8f89ccebe166ea0f40521976d85e78ae6ac0b9b3efb,44eb646cd0b0708181ad5ce8eb2cdf7996d51655a3ec4bc800a86f90346443cf,
final_0395,COMMUNICATION,1,1,0,0,0,-1,0,0,1,1,1,64c5d3ccdcc09ac83a14bc58347d8af1df0a987b52eb58442f7f51005f8fc1cf,373c779c9788a91442ec445e5b987083f0494f479ae3766446daeeeaa289d918,0c942d632b3b3cd6f54da3eadeff3a256646665d403797b81b2d54d3196ecfa9,
final_0396,COMMUNICATION,1,1,0,0,0,-1,0,0,1,1,1,2b7fc0d28cec13511152898e4eae49e0da7d9b1a24ab04ff6b6a4dc26322865f,d22ae1f7a1562a5b59ed9fd7bfe578b4492f1e4fd6cb9ad82122d59c6c020b70,249cf429e5422a659501e000c8514f949279476a25ad7e8602be69fcc7778726,
final_0397,COMMUNICATION,1,1,0,0,0,-1,0,0,1,1,1,84fbf387212f37081a93c337d38f5db0bda786295a8028febdf884280559fb1c,df1f1737ba4ed167f8194c072dba817d6df7dff596be5308d086d191a813d290,81fdca8c521643fa1a915b53a174d2990deaa6e8ebabd32e46a81d2f92a21ed5,
final_0398,COMMUNICATION,1,1,0,0,0,-1,0,0,1,1,1,23735dc573383134d55cdf3c7fbba2f733aa971b448d891f5ff03a20a730e5a7,7fffb603399c1e6e0f5714d2310f43b0f6825137d3c5ad03f290a72b3fd5de61,812e338f597b5c33cf0ce8afd1584709c62d503afa22a730e2e0a8c6f7ea4702,
final_0399,COMMUNICATION,1,1,0,0,0,-1,0,0,1,1,1,6591f504137ee937a9a1764f171b88cc84c309a58a45c574bd6d32e55e5145a1,5b5811e650a661b001deb729866d03bc2e6d40c4046eced3f8fd4bad422a095d,2155322bb96cb808b9af836caa9a8545881f597d21a7d550d0a83b9375d0c13d,
final_0400,COMMUNICATION,1,1,0,0,0,-1,0,0,1,1,0,7e3f7cf2572296abc0538895abc322feef34598a498d60c737cc8c53c88650f9,672d47b0559699fd7ff0a6b980242f076d4790a30cc64ec4a8e6a91ec18c1568,137af464172589fce72eadefe16bd28ebd8f8fed1fd4dd17762d6274a728fb82,
final_0401,COMMUNICATION,1,1,0,0,0,-1,0,0,0,0,0,dc6b5bd370dca0e13933f121b0cfdb5ed2fef5152cc951df5b12c052a06f99d4,b281c5c659b5321d94c1e974adc9689c79e7770d1cd101d16adedce63de81e46,e7d6bcf96139f8194dd774c74d9eb85bdb0bb5e93985b60b29279ff6b1af7495,
final_0402,COMMUNICATION,1,1,0,0,0,-1,0,0,1,1,1,59660532c763fd90ca86bc8d7d6855ec90624a7e986333d7f0bbf353610f5a02,03fff9c61ba6da7595b6d936cf2d2a17e7df1a137603b9b0d7ecc95be2363eee,7dd4e220a09d70bd80c1f728aaa01803ce5832f39f3c17006410f5e7ee23c6f9,
final_0403,COMMUNICATION,1,1,0,0,0,-1,0,0,0,0,0,9185461219839724971d22a36b2dedda76da50f3cc41fa3382c728ae9aa87e57,326a1c2fff4604271a54fe026d66c46eefde93e5196674ba106b4155fbd04609,5827d261cb039862b4aec1d377cd70d10979ca5bfbc3b6bf27c0b2d3e513d2c6,
final_0404,COMMUNICATION,1,1,0,0,0,-1,0,0,1,1,0,5667445aea90b6b4c9dcd6366e446ee1953db93eda0371abf4de7c270c5e2942,03fff9c61ba6da7595b6d936cf2d2a17e7df1a137603b9b0d7ecc95be2363eee,6519d6b039c78c8c5963f8c9ebf9c09f4308cceef956cd0ba048574f3688b4f8,
final_0405,COMMUNICATION,1,1,0,0,0,-1,0,0,0,0,0,991085f13b74fd6f6efa66c82a748c97822865e00ce34f15e998b5b2706480ae,326a1c2fff4604271a54fe026d66c46eefde93e5196674ba106b4155fbd04609,65d97105a6ff74e48ce7cc81820257ba10e5f2cd2df09c38d61b4eb6d45b5b31,
final_0406,COMMUNICATION,1,1,0,0,0,-1,0,0,1,1,0,771722be170a4d6f28a9c7f9dc8b9a9bd2726cbb61ee3e72510484a71d56fb69,c7982b088b26ca39a2618b458871ebc2785359c36e201c7d27507db6f1168f17,d3b7b1465617382abc134652089d6f9bc59d6266a33be90dd5dc89d4810b5a61,
final_0407,COMMUNICATION,1,1,0,0,0,-1,0,0,0,0,0,e1700ff7805ce066dbc43a0d84fd9f8ede76fdfa0e2514723e3aa5fe7ef5dd0d,d439ab02845345e5ba88896d6719676485b2481dc5159c2e5fbd69275a4e33f9,87e33f1c483e6f3d90af7d7462ffd394590995a45e9efaf2acfcf3517c9e7a07,
final_0408,COMMUNICATION,1,1,0,0,0,-1,0,0,1,1,1,46c80c8eb903d0573dbcf25c09e5f1acd515a118f24c23ef7cbaf61e1ac86fa8,89858f19e98d48da74309ab6fdfbc25fc492ce059a1dc4afb6c1bf2c0707c0c9,73ffce77a6e78e18e128833ebdd61c1881f08c239cfee0bba5a768bfb9e841f1,
final_0409,COMMUNICATION,1,1,0,0,0,-1,0,0,1,1,0,ee387cff856394b67ba652167962f41865af13f68ee6defdc1163b80afabe80d,3f86182a19c8d950588889137140fecf793b7a81bc198f23db93be4a1d95faa4,d47d3d8058ad9e574fd3995b7dd32bd149d696c2121f92916f5498e7bf4f4537,
final_0410,COMMUNICATION,1,1,0,0,0,-1,0,0,1,1,1,f2aa4300fa5434a12dc145092e74a3ffd44dbbcceb64f7641c1ecd23c792216e,97a8783ef9c0ba6f3b9179f2af776a08ad66efe7a9e3e27809e8425b83cca8bf,44eb646cd0b0708181ad5ce8eb2cdf7996d51655a3ec4bc800a86f90346443cf,
final_0411,COMMUNICATION,1,1,0,0,0,-1,0,0,1,1,1,6fd63ca89a86db4506e50b77d2bda39acd10a3857311dba7a0c5f31d35e095e3,5d239ecb2e67e7e541beb6977763357f84e663334c61ad0623f5655967936602,0c942d632b3b3cd6f54da3eadeff3a256646665d403797b81b2d54d3196ecfa9,
final_0412,COMMUNICATION,1,1,0,0,0,-1,0,0,1,1,1,e308bb2fb53d743006958348f5d25acff7af6d3836fd497b9916946816f16a27,15de9dcc005da0715659a1183498026c6b72808056288fe30b9957c0774f8ea0,249cf429e5422a659501e000c8514f949279476a25ad7e8602be69fcc7778726,
final_0413,COMMUNICATION,1,1,0,0,0,-1,0,0,1,1,0,dc3af30c71bb570fa8efb0b8c1e3f350bc38d89c63679b387048febe21977872,5d239ecb2e67e7e541beb6977763357f84e663334c61ad0623f5655967936602,81fdca8c521643fa1a915b53a174d2990deaa6e8ebabd32e46a81d2f92a21ed5,
final_0414,COMMUNICATION,1,1,0,0,0,-1,0,0,1,1,1,e62d468800663694a01193d1228fd46c0cecc8a740dbc48da1ada88c74f819d3,ef15d2b438846472db8bca9f56feed3dc26ff005688d5bba53b1ba117cdcbd91,812e338f597b5c33cf0ce8afd1584709c62d503afa22a730e2e0a8c6f7ea4702,
final_0415,COMMUNICATION,1,1,0,0,0,-1,0,0,1,1,1,1d33b053859c08b361b03e6699ee83f6cd7f7953757d9971c2e9e5b823e55a9d,a7ac3ced6d7b6ec0c3e8afa0324bff2fd0bfff591587bf634d68ce30634034d5,2155322bb96cb808b9af836caa9a8545881f597d21a7d550d0a83b9375d0c13d,
final_0416,COMMUNICATION,1,1,0,0,0,-1,0,0,1,1,1,f316c8a5c72f57c8f5a41cd61c427b5ebc6bde94f5afd3177ee0fea090f49bf7,83d0b4a8a57fd6f3edf315bc35a04f18f5f1f1d4561ac27ae06b91f6b5e5f90a,137af464172589fce72eadefe16bd28ebd8f8fed1fd4dd17762d6274a728fb82,
final_0417,COMMUNICATION,1,1,0,0,0,-1,0,0,1,1,1,189468f06b7939eb66e00e52ec5456230d9dcd16da308ca918f5e9b3bf0130b7,be3910aed36b5586476a031ea5a02dd7d82f97c243f26627d70aa27633cd8be2,e7d6bcf96139f8194dd774c74d9eb85bdb0bb5e93985b60b29279ff6b1af7495,
final_0418,COMMUNICATION,1,1,0,0,0,-1,0,0,1,1,1,aeb7f1861d653835522397bb69f2ae6b63cb0c1deddc5735ef4e77c4a48030f6,36fee739b305d40df7a91d5788615519dbcd8655f4fe88530385fddbbd04869d,7dd4e220a09d70bd80c1f728aaa01803ce5832f39f3c17006410f5e7ee23c6f9,
final_0419,COMMUNICATION,1,1,0,0,0,-1,0,0,1,1,1,a5fa91f3f55d91fd7a014e98dd069fed4b34139adc7082f7e284d15aa8f2cbc3,3570a2fb364b9b37b21d003093300e5cac61199e6a39a407becbd6dc0770a102,5827d261cb039862b4aec1d377cd70d10979ca5bfbc3b6bf27c0b2d3e513d2c6,
final_0420,COMMUNICATION,1,1,0,0,0,-1,0,0,1,1,1,803c291984e6ee161f759252984ccb9894809a99eb11c8363c292859f7cf7a45,36fee739b305d40df7a91d5788615519dbcd8655f4fe88530385fddbbd04869d,6519d6b039c78c8c5963f8c9ebf9c09f4308cceef956cd0ba048574f3688b4f8,
final_0421,COMMUNICATION,1,1,0,0,0,-1,0,0,1,1,1,823e7e8d4d1d4107d95219403426b18b6df6b62b41db37d5b3f99454fe9782f8,3570a2fb364b9b37b21d003093300e5cac61199e6a39a407becbd6dc0770a102,65d97105a6ff74e48ce7cc81820257ba10e5f2cd2df09c38d61b4eb6d45b5b31,
final_0422,COMMUNICATION,1,1,0,0,0,-1,0,0,1,1,1,2cd9aab408d8e28fb55e7d73b94f917ea3c1909ce3fafc52fb4370472f5fc56a,5320f65aa0edf222e766889503a796279a9c63f3909c7cec7fb249846ac6feaa,d3b7b1465617382abc134652089d6f9bc59d6266a33be90dd5dc89d4810b5a61,
final_0423,COMMUNICATION,1,1,0,0,0,-1,0,0,1,1,1,997e8a131e2e9f50adf6cdc6232c1af45e9c6da843ce94c5a521a2abd6bca164,a6e8c106489ea2c85430d0b3edf89f3279f1bd372d6ab252800a52a972b7dd52,87e33f1c483e6f3d90af7d7462ffd394590995a45e9efaf2acfcf3517c9e7a07,
final_0424,COMMUNICATION,1,1,0,0,0,-1,0,0,1,1,1,34cd46b9caf8b6e4f6cf3a138784d5d0d3e6e29eeb947df02da3369dee176982,83d0b4a8a57fd6f3edf315bc35a04f18f5f1f1d4561ac27ae06b91f6b5e5f90a,73ffce77a6e78e18e128833ebdd61c1881f08c239cfee0bba5a768bfb9e841f1,
final_0425,COMMUNICATION,1,1,0,0,0,-1,0,0,1,1,1,90a26f7d23b1e06f35e523c1fda59e135cbfd7dd25f62aecd8fac038503b65f5,be3910aed36b5586476a031ea5a02dd7d82f97c243f26627d70aa27633cd8be2,d47d3d8058ad9e574fd3995b7dd32bd149d696c2121f92916f5498e7bf4f4537,
final_0426,COMMUNICATION,1,1,0,0,0,-1,0,0,1,1,1,085d0faa899b0e6c6398ed1f9eb2b590f11ab3441d103e86ae6838ebc76cc85c,ecbfe806553ee12873c694b066fb7a3201058775878fbd27648149524dc08d02,44eb646cd0b0708181ad5ce8eb2cdf7996d51655a3ec4bc800a86f90346443cf,
final_0427,COMMUNICATION,1,1,0,0,0,-1,0,0,1,1,1,178a655d90599576661135462b2c5bee9418630263cc4190f7c5870df85e468b,3570a2fb364b9b37b21d003093300e5cac61199e6a39a407becbd6dc0770a102,0c942d632b3b3cd6f54da3eadeff3a256646665d403797b81b2d54d3196ecfa9,
final_0428,COMMUNICATION,1,1,0,0,0,-1,0,0,1,1,1,e3748d71747fd73100e024c3bdad58886e06d0b7d0f5157fff178f8abedc84d7,36fee739b305d40df7a91d5788615519dbcd8655f4fe88530385fddbbd04869d,249cf429e5422a659501e000c8514f949279476a25ad7e8602be69fcc7778726,
final_0429,COMMUNICATION,1,1,0,0,0,-1,0,0,1,1,1,25b6a7c3ccf724f6132da5f0279923893fd7b12ebfe0ebf5357c862c9c43b681,3570a2fb364b9b37b21d003093300e5cac61199e6a39a407becbd6dc0770a102,81fdca8c521643fa1a915b53a174d2990deaa6e8ebabd32e46a81d2f92a21ed5,
final_0430,COMMUNICATION,1,1,0,0,0,-1,0,0,1,1,1,5e58b84c6c7fd266346d871caababd6136d7c0bf48e5a76f3ab727c7168a011d,5320f65aa0edf222e766889503a796279a9c63f3909c7cec7fb249846ac6feaa,812e338f597b5c33cf0ce8afd1584709c62d503afa22a730e2e0a8c6f7ea4702,
final_0431,COMMUNICATION,1,1,0,0,0,-1,0,0,1,1,1,334a326d6610c789ea3e52c2d77923a52d277728427ee5ac88420ee6a0d1d1c9,a6e8c106489ea2c85430d0b3edf89f3279f1bd372d6ab252800a52a972b7dd52,2155322bb96cb808b9af836caa9a8545881f597d21a7d550d0a83b9375d0c13d,
final_0432,SENSOR_CONTROL,1,1,1,1,8,30500,0,0,1,1,1,9e2c590f1e840d2ec8094cf1876138df9205ba8d8f94556ac6b9918c2a83faa3,f8ea871a1e3e4096abf84f68f7d296d781c7dc565c6cdfce7afeee56004602bb,6f9d10e071c9ba70b1bbf1a04cb1cf4525c79067fd133d55225ae21d5fa486f3,
final_0433,SENSOR_CONTROL,1,1,1,1,8,72500,0,0,1,1,1,5397b8ce0a7c05d6ffa1086edd5ed2940f24fbf926d13780740f6b151b7c725c,99d3cde9ddf7e55813cc0a19eb17b4c1f0d510715738e2758b20f77146ac8990,15865c50814d466ba0debe8cd0b92174bbe765af98aef6e87f632172468e12c8,
final_0434,SENSOR_CONTROL,1,1,1,1,8,30500,0,0,1,1,1,c0c56ff07f0222440222c66c45b181dd7cdcf2e2f08ddda77fcc07ad5c357682,48e8db69d503c3125f0863337ab947881d9eef35bcdafc5affd4bd7fd6d5ee2c,c2db5f65b8cdb3789562085dc97cd9ffdecd87b4bc086a641e3af816f8195ec2,
final_0435,SENSOR_CONTROL,1,1,1,1,8,72500,0,0,1,1,1,2b5ffb8333ee73d22ef02036926814a3f50ecbf909f8ea2e43c91cc9b713aaa7,c9bf8627ae2c68af1ce236d65d7f6aea6556446399528bcd85992a3fe4c3cf99,41797be12a484707a4810919f13a76ecfe6c852d3df9feab3199b6088e8a2f1f,
final_0436,SENSOR_CONTROL,1,1,1,1,8,30500,0,0,1,1,1,59e82b4112640c5c95eb85ee9ed56d8f1d44b2b63a86983008b3d796ff2e93b8,48e8db69d503c3125f0863337ab947881d9eef35bcdafc5affd4bd7fd6d5ee2c,8084636942042bcca8c8b931ec9918f41f8599fb10c36f08dbb8154ac2766a15,
final_0437,SENSOR_CONTROL,1,1,1,1,8,72500,0,0,1,1,1,f2fd06b90c4c7d86de32b58b8169377ae57103c9c9f6570097e8ec05c33d130f,c9bf8627ae2c68af1ce236d65d7f6aea6556446399528bcd85992a3fe4c3cf99,92300fa5755a60fe635de97cbf8238a97bf13fa4fa4ef309f66dc157d1314542,
final_0438,SENSOR_CONTROL,1,1,1,1,8,30500,0,0,1,1,1,3b023218c6a631fcf9433da4523f72402923dd8ed6fb2e6a1954d12c3bb96180,c9e45e71b2f18b92dcadeb6b1bb5d29fb94787900986394bb62b393d5b7a9091,f8546937d6a958d33bc1c62cd89954760138d4aa3ddd88bc3beb8763d6bf4ad4,
final_0439,SENSOR_CONTROL,1,1,1,1,8,72500,0,0,1,1,1,6c18b5d33f8cc979f902406a907b7c21cef919017ce3d6911cd00e1082b1be29,0484264ab48b48e770d807c994f6379d8ea36b5c6aaa5133f0d6f302f44efcde,fc554881fd6c918d7a9c791bc1315d7693a29145a280da6d1d06901827f7a098,
final_0440,SENSOR_CONTROL,1,1,1,1,8,30500,0,0,1,1,1,97f4e7955a158c29919dd78f163a69b88a4c2bddc3150db4b3eafedbe9b3e9e8,e6ed1b492e097c141417cf9b87d25f76cceae6c10199dc447f3dd0a5bc69a271,3adae5b66d24f2a15bdf16f9090a6bde3b8281a1ecf7cdbb534d28f5005fec2f,
final_0441,SENSOR_CONTROL,1,1,1,1,8,72500,0,0,1,1,1,2aa0e828a338eabfcd258e90eca27313fd9862fb74e6718a05201d1318b7b20d,cd600334220b9cdd3cd1daf3e3e9249a61106b3cbcd04ef11847109d44fe3996,56314f880be0e77db24369c7a37fb5ae964067d29c4be7028e278ba15fe8c16b,
final_0442,SENSOR_CONTROL,1,1,1,1,8,30500,0,0,1,1,1,e545331853c595a31cf72fc988a9448a6bf9224e0ffc10a7b3ac895016e86802,f1d65e9c484cbd944dacd1a1495ccc18401d61cb37a1a4410f02f19a8ea04714,69f8535874ef296ecec535982f4aa728228a45e0b1ad762d34d1299759f704ac,
final_0443,SENSOR_CONTROL,1,1,1,1,8,72500,0,0,1,1,1,b734ec566d097f3a3fbf61ca2434495eeec8125efc3c43230bdda9c6c98a9fda,ae271777165781567fc1fdaae12ae2eb50860c8384e0d1da69120b23c9156774,37942c1509fa1900176c5085936ece6833acebabf66fa0e54a242992b920a3d9,
final_0444,SENSOR_CONTROL,1,1,1,1,8,30500,0,0,1,1,1,e3f21b9e6d3a9e54a10cf18ad2a9bf2135eedce4e2d8ca5c4f30dea8f658430f,f1d65e9c484cbd944dacd1a1495ccc18401d61cb37a1a4410f02f19a8ea04714,366b93749c6cddf7daba30582646b5232b47f09f79fd5eee198b6b8e25487ace,
final_0445,SENSOR_CONTROL,1,1,1,1,8,72500,0,0,1,1,1,77d8fe7b97ef074db0e13955ad8ec7c12311294e97b65b550faa699b01b86aba,ae271777165781567fc1fdaae12ae2eb50860c8384e0d1da69120b23c9156774,bb95c0cbd0cc0022023fab275ec55ba080453159cc934bde60f973b15ad9b5cf,
final_0446,SENSOR_CONTROL,1,1,1,1,8,30500,0,0,1,1,1,c612963409d156b5ffa568a09c86f85f0df864ec0677ed2da89ba4b316564f29,7aadd66c8657b5ca6d1a1a81ef906fa931f8b9370137ca1f349de777ef8d37b6,fec5b49a0585f137f96115ae8a6c49a5b32f0360f0b8982d1d7b7ae5705bbbab,
final_0447,SENSOR_CONTROL,1,1,1,1,8,72500,0,0,1,1,1,04e15342ef7aefad7846d6cdfaf79c717a99050d4f44731c903af8c97dbad0c4,a53e45d60ee1bec37d84c395c34c252554b9f33635939e05ea3b03c4cb1144ba,38d2333d8338f33d51122931b1d030f75120fe9722c0913d14e1b7d33b724c16,
final_0448,SENSOR_CONTROL,1,1,1,1,8,30500,0,0,1,1,1,75c788a4caec5f5ad906c19e4b1b382c4908ad6f83cca2fb05b6a486a89c8f1d,c2b1dbc9abd28dcccd4db994f5345732d7c10e16f366c809007c41860076d0c8,24033658805ee84e723f1012e0c0bf9dfc48d75f2634cffd8f54478a327421b5,
final_0449,SENSOR_CONTROL,1,1,1,1,8,72500,0,0,1,1,1,be502be2fce8a21e8e2efc5bba3ff98abc21d77348e248e65b9e92c02ddf6660,57579b5bb963f43290fb381b79abc96cfdadbf3394b4d85bcc2df5ce99945bac,0bb85fa64e9c10105a5c3f8a47c8575ac9e8a86b554e5b3525bf1a83b2da88de,
final_0450,SENSOR_CONTROL,1,1,1,1,8,30500,0,0,1,1,1,332ece796128f4b60e1e410d1a68a3685020807bf29a97cc1af2bf798de43ef8,79b2a60b4a27e2a04173fddd73d2c8d898306e6d4128b47103930881e531fff2,f845cd02806ef9087534b9c4b6608d2677e59c492403d893193caf5e1140f2ee,
final_0451,SENSOR_CONTROL,1,1,1,1,9,72500,0,0,1,1,1,684c272765380b251286da2000691dedab43f505c775266617709e320d7f2c28,3ec6f6c2233ec50d2c158c62ea8e8bf4b3d27e0cb8b01e7dd92384279f75b998,c03854662c2134aea5163457aae8e66c7bb35e20827ec3347aabd60035b98146,
final_0452,SENSOR_CONTROL,1,1,1,1,8,30500,0,0,1,1,1,52df6b99027e18f83cc76186a43dde1a1f34d151fe8e676d343b6c4393f69476,dc3a54b1387dd9eeb5d087346e214e1e5d27ec1b6eafe2c8e992d8ce99003622,13c403c3231c5ed1b07b9ea41e3c31542004a9574f89defe0c81f6e53abbc612,
final_0453,SENSOR_CONTROL,1,1,1,1,8,72500,0,0,1,1,1,a90fdc1c81b07e1000990407d9cc45d0235311e202af199a4c042047ed7dd389,2d52135f554edf6c59e3544935f818adfc3c03e760d0b5d1760fbb7b2385a471,ce3e0e7704506f8aee886ff9d7df6697adce2c4d0b348f94a19d1527c2019f5d,
final_0454,SENSOR_CONTROL,1,1,1,1,9,30500,0,0,1,1,1,4fd33e62962f60a1ccf92d38dc2d1b346557a96719f05b5f39824b9511e3276f,9cbde9f67e3340ed3e01cba8ef4b0fc6b0980a525c7901e92961804edc10f42c,efa3a14bfc3443d8bc27e8769a5aa274a060ac68b7126a9a145bb0e25f78bf0d,
final_0455,SENSOR_CONTROL,1,1,1,1,9,72500,0,0,1,1,1,720d8aea675c1c55c4e6ac7a8d354bcf176affcb718707d665133c51c21c2f04,4180fa71c2c20c637f930ae67552fb46e7a8e80494ba5e709b68a57f2db016cb,0cf0b21730523a09172238e7ad2921a67f5fd6ed001a4d70d6b7511ac6fa8102,
final_0456,SENSOR_CONTROL,1,1,1,1,16,30500,0,0,1,1,1,c2e24ada2a5df19481ebb8ad00433390b3d68e264137391cc4b2c041846442d7,a7cd9b7a0c6e515e6eb0b72f3bfeeb038884e54d72120fd0cee54452cd88f4af,6f9d10e071c9ba70b1bbf1a04cb1cf4525c79067fd133d55225ae21d5fa486f3,
final_0457,SENSOR_CONTROL,1,1,1,1,16,72500,0,0,1,1,1,8d52201e6216cd71506cfc3ee9d22eecc2506372addb5281d6eb41a730b9c5e9,b752842237e48025e69d2f4afdc3ea085af1f448775667f9c6f93f26e019b06b,15865c50814d466ba0debe8cd0b92174bbe765af98aef6e87f632172468e12c8,
final_0458,SENSOR_CONTROL,1,1,1,1,16,30500,0,0,1,1,1,d1d263d8803e54ddef33615c54e7ba7cfaace24f5dd8da39562e468d6a32ba28,1718446fc728fca39260e2a1c9ae6f54dfdefc79b7708f1e1d5b9a22854ccba6,c2db5f65b8cdb3789562085dc97cd9ffdecd87b4bc086a641e3af816f8195ec2,
final_0459,SENSOR_CONTROL,1,1,1,1,16,72500,0,0,1,1,1,ec5e5c67caacf7c550aac5b5079a3615ac2aa2598488d3afbebd103c407862e5,ac5c7acebed9194013cc7ba5e715b553ea748764263226730c39a89a5d66e74c,41797be12a484707a4810919f13a76ecfe6c852d3df9feab3199b6088e8a2f1f,
final_0460,SENSOR_CONTROL,1,1,1,1,16,30500,0,0,1,1,1,7c64795ed215761402adebaa7a6ac7696d267a7c38f30a3918ed413994b7f661,1718446fc728fca39260e2a1c9ae6f54dfdefc79b7708f1e1d5b9a22854ccba6,8084636942042bcca8c8b931ec9918f41f8599fb10c36f08dbb8154ac2766a15,
final_0461,SENSOR_CONTROL,1,1,1,1,16,72500,0,0,1,1,1,06a816bdf9e48117f400713cb57288ddcde220f1e78a579713f2392162e01794,ac5c7acebed9194013cc7ba5e715b553ea748764263226730c39a89a5d66e74c,92300fa5755a60fe635de97cbf8238a97bf13fa4fa4ef309f66dc157d1314542,
final_0462,SENSOR_CONTROL,1,1,1,1,16,30500,0,0,1,1,1,371babd050f6b5ce8c0efc207de50c73b517f52ed928c2b061e77b03865b29ef,6e8a00d0c488a99a8c0fa7ef0ad76cb785df64575e38f67b96fa8fabc9cf5102,f8546937d6a958d33bc1c62cd89954760138d4aa3ddd88bc3beb8763d6bf4ad4,
final_0463,SENSOR_CONTROL,1,1,1,1,16,72500,0,0,1,1,1,0d44e4243356231e4fb03ca0e3528b5544e4aa2a4f01535595faae0604259af9,826b2a3903efd85bbdd65e74a10ab581f31c3584ee9c5b72f899bbc22ea3e0b5,fc554881fd6c918d7a9c791bc1315d7693a29145a280da6d1d06901827f7a098,
final_0464,SENSOR_CONTROL,1,1,1,1,16,30500,0,0,1,1,1,7cc639ace7e4b200dd046635bc48f666192db3565c8cf7d28e641da38a6f5c57,cc881a61b4f91445782a8de48e37e42c4f3cc430a7cee45845687c27d236a0a5,3adae5b66d24f2a15bdf16f9090a6bde3b8281a1ecf7cdbb534d28f5005fec2f,
final_0465,SENSOR_CONTROL,1,1,1,1,16,72500,0,0,1,1,1,8a640c800a035366449f0223e0f1e62362f81c5c1c42269f8c5ad762805722c9,b2bef45826070b0986ddfdf3a0f784fd1e61d0c631bb5d91fd4248708cd12d73,56314f880be0e77db24369c7a37fb5ae964067d29c4be7028e278ba15fe8c16b,
final_0466,SENSOR_CONTROL,1,1,1,1,16,30500,0,0,1,1,1,76961580cbf35150c46c70f712aef8c6c67d843b41c1dc8a98ece67dd68cd1fe,984a080374413b791fbf468dd978c3889fdc0dcb02961d74f743dcd783a81f34,69f8535874ef296ecec535982f4aa728228a45e0b1ad762d34d1299759f704ac,
final_0467,SENSOR_CONTROL,1,1,1,1,16,72500,0,0,1,1,1,84aa64c81847ccf1ab2ee13b7f192b044b9a9da808559e439abe142fcdde95f2,0902cbb913852ec5ca19dc71f5e747391b684e6a91875504de1a268cc46b1371,37942c1509fa1900176c5085936ece6833acebabf66fa0e54a242992b920a3d9,
final_0468,SENSOR_CONTROL,1,1,1,1,16,30500,0,0,1,1,1,2eec530d6b22f32a86b6c074ff2ed7132eea61c0ed4369cbf16c1eb711fb2928,984a080374413b791fbf468dd978c3889fdc0dcb02961d74f743dcd783a81f34,366b93749c6cddf7daba30582646b5232b47f09f79fd5eee198b6b8e25487ace,
final_0469,SENSOR_CONTROL,1,1,1,1,16,72500,0,0,1,1,1,08ffc5c877abe7e8cc75f6e0a3a175eb69a966457d8262470d99d0d04476b1b4,0902cbb913852ec5ca19dc71f5e747391b684e6a91875504de1a268cc46b1371,bb95c0cbd0cc0022023fab275ec55ba080453159cc934bde60f973b15ad9b5cf,
final_0470,SENSOR_CONTROL,1,1,1,1,16,30500,0,0,1,1,1,0d35d7bb20529f6abdc8b861d30a7445389cc35f36476fbb925a3ceab3e8b08c,2daf06a1121ae6fadcb2859c33a24962316c0d25b2bb0479b56cf5b16b9fac01,fec5b49a0585f137f96115ae8a6c49a5b32f0360f0b8982d1d7b7ae5705bbbab,
final_0471,SENSOR_CONTROL,1,1,1,1,16,72500,0,0,1,1,1,5467ee7739f2e2e067b42f6e7df921410a6de19dccb75ac912466f1f4d3a2287,21b478810dd6d4f8d45a981e9806900f7b4ef481b7e66205dee376badd9e7e1d,38d2333d8338f33d51122931b1d030f75120fe9722c0913d14e1b7d33b724c16,
final_0472,SENSOR_CONTROL,1,1,1,1,16,30500,0,0,1,1,1,5f1cd8430b545d807e73acaf38eb147e5e6b16fc55897a4aaa74918e07c929a3,05219ee4522545549141824b20af8cda8427262b5d0209603de18b2b5588420c,24033658805ee84e723f1012e0c0bf9dfc48d75f2634cffd8f54478a327421b5,
final_0473,SENSOR_CONTROL,1,1,1,1,16,72500,0,0,1,1,1,9feeed1028b21f7e6efaccedb02e257e0719353bcceeabde5d8203f49daf1dbd,ad718d6022f6642dbbafa6c25bb489d550965f94bac87b5a68780df7523729b5,0bb85fa64e9c10105a5c3f8a47c8575ac9e8a86b554e5b3525bf1a83b2da88de,
final_0474,SENSOR_CONTROL,1,1,1,1,16,30500,0,0,1,1,1,4e72fe8521dbb945786fdf33d1ad2384741e783b3ac304795d0e1db0d8e8c83f,a1ed7a1ccbf1d6095c65e1af1edec018051fb1b6d3bdb53fb1967c554d9b035d,f845cd02806ef9087534b9c4b6608d2677e59c492403d893193caf5e1140f2ee,
final_0475,SENSOR_CONTROL,1,1,1,1,17,72500,0,0,1,1,1,5055df1afcc35fd4a971b5670361ffce6a7a2cd37be027f6c46322a7ee10125e,008da72b51f649245bf87b3cbed3cdc4335deac9b371a4c6b6907f7d790cd815,c03854662c2134aea5163457aae8e66c7bb35e20827ec3347aabd60035b98146,
final_0476,SENSOR_CONTROL,1,1,1,1,16,30500,0,0,1,1,1,645e64d3169e338b7b9f5ec8723713b8e7e8e49da4a2c607a90597c6ca8a0c56,763e995505018362fb219a9a67279cc7b7cd067a0730eaa35f0fc84513faacd4,13c403c3231c5ed1b07b9ea41e3c31542004a9574f89defe0c81f6e53abbc612,
final_0477,SENSOR_CONTROL,1,1,1,1,16,72500,0,0,1,1,1,88f3ab350d292a0b206e9e8d0554d67ae9fca2cf5359f58d2e44da4329c2387d,7a8d854c2cd7c7c1f46c244479967041666aab4f936f0e3b8faf75029e7da1ee,ce3e0e7704506f8aee886ff9d7df6697adce2c4d0b348f94a19d1527c2019f5d,
final_0478,SENSOR_CONTROL,1,1,1,1,17,30500,0,0,1,1,1,ad79b83af9bb97e423ee605285d49534006910c041cdb9a2a13d4ba56d2d8edc,a36692dfac386473753a404cb55a34030c1be5ddb53b5e82b71d52c91f2179c1,efa3a14bfc3443d8bc27e8769a5aa274a060ac68b7126a9a145bb0e25f78bf0d,
final_0479,SENSOR_CONTROL,1,1,1,1,17,72500,0,0,1,1,1,7a0388624045a7c989b6d00eb3366839937489f0b0e3c8a25285b28e39518924,618fc43421ca42997d210aff3e855510783e0b01e02768148ad596d6c7ea29e1,0cf0b21730523a09172238e7ad2921a67f5fd6ed001a4d70d6b7511ac6fa8102,
final_0480,SENSOR_CONTROL,1,1,1,1,8,30500,0,0,1,1,1,9e2c590f1e840d2ec8094cf1876138df9205ba8d8f94556ac6b9918c2a83faa3,f8ea871a1e3e4096abf84f68f7d296d781c7dc565c6cdfce7afeee56004602bb,6f9d10e071c9ba70b1bbf1a04cb1cf4525c79067fd133d55225ae21d5fa486f3,
final_0481,SENSOR_CONTROL,1,1,1,1,8,72500,0,0,1,1,1,5397b8ce0a7c05d6ffa1086edd5ed2940f24fbf926d13780740f6b151b7c725c,99d3cde9ddf7e55813cc0a19eb17b4c1f0d510715738e2758b20f77146ac8990,15865c50814d466ba0debe8cd0b92174bbe765af98aef6e87f632172468e12c8,
final_0482,SENSOR_CONTROL,1,1,1,1,8,30500,0,0,1,1,1,c0c56ff07f0222440222c66c45b181dd7cdcf2e2f08ddda77fcc07ad5c357682,48e8db69d503c3125f0863337ab947881d9eef35bcdafc5affd4bd7fd6d5ee2c,c2db5f65b8cdb3789562085dc97cd9ffdecd87b4bc086a641e3af816f8195ec2,
final_0483,SENSOR_CONTROL,1,1,1,1,8,72500,0,0,1,1,1,2b5ffb8333ee73d22ef02036926814a3f50ecbf909f8ea2e43c91cc9b713aaa7,c9bf8627ae2c68af1ce236d65d7f6aea6556446399528bcd85992a3fe4c3cf99,41797be12a484707a4810919f13a76ecfe6c852d3df9feab3199b6088e8a2f1f,
final_0484,SENSOR_CONTROL,1,1,1,1,8,30500,0,0,1,1,1,59e82b4112640c5c95eb85ee9ed56d8f1d44b2b63a86983008b3d796ff2e93b8,48e8db69d503c3125f0863337ab947881d9eef35bcdafc5affd4bd7fd6d5ee2c,8084636942042bcca8c8b931ec9918f41f8599fb10c36f08dbb8154ac2766a15,
final_0485,SENSOR_CONTROL,1,1,1,1,8,72500,0,0,1,1,1,f2fd06b90c4c7d86de32b58b8169377ae57103c9c9f6570097e8ec05c33d130f,c9bf8627ae2c68af1ce236d65d7f6aea6556446399528bcd85992a3fe4c3cf99,92300fa5755a60fe635de97cbf8238a97bf13fa4fa4ef309f66dc157d1314542,
final_0486,SENSOR_CONTROL,1,1,1,1,8,30500,0,0,1,1,1,3b023218c6a631fcf9433da4523f72402923dd8ed6fb2e6a1954d12c3bb96180,c9e45e71b2f18b92dcadeb6b1bb5d29fb94787900986394bb62b393d5b7a9091,f8546937d6a958d33bc1c62cd89954760138d4aa3ddd88bc3beb8763d6bf4ad4,
final_0487,SENSOR_CONTROL,1,1,1,1,8,72500,0,0,1,1,1,6c18b5d33f8cc979f902406a907b7c21cef919017ce3d6911cd00e1082b1be29,0484264ab48b48e770d807c994f6379d8ea36b5c6aaa5133f0d6f302f44efcde,fc554881fd6c918d7a9c791bc1315d7693a29145a280da6d1d06901827f7a098,
final_0488,SENSOR_CONTROL,1,1,1,1,8,30500,0,0,1,1,1,97f4e7955a158c29919dd78f163a69b88a4c2bddc3150db4b3eafedbe9b3e9e8,e6ed1b492e097c141417cf9b87d25f76cceae6c10199dc447f3dd0a5bc69a271,3adae5b66d24f2a15bdf16f9090a6bde3b8281a1ecf7cdbb534d28f5005fec2f,
final_0489,SENSOR_CONTROL,1,1,1,1,8,72500,0,0,1,1,1,2aa0e828a338eabfcd258e90eca27313fd9862fb74e6718a05201d1318b7b20d,cd600334220b9cdd3cd1daf3e3e9249a61106b3cbcd04ef11847109d44fe3996,56314f880be0e77db24369c7a37fb5ae964067d29c4be7028e278ba15fe8c16b,
final_0490,SENSOR_CONTROL,1,1,1,1,8,30500,0,0,1,1,1,e545331853c595a31cf72fc988a9448a6bf9224e0ffc10a7b3ac895016e86802,f1d65e9c484cbd944dacd1a1495ccc18401d61cb37a1a4410f02f19a8ea04714,69f8535874ef296ecec535982f4aa728228a45e0b1ad762d34d1299759f704ac,
final_0491,SENSOR_CONTROL,1,1,1,1,8,72500,0,0,1,1,1,b734ec566d097f3a3fbf61ca2434495eeec8125efc3c43230bdda9c6c98a9fda,ae271777165781567fc1fdaae12ae2eb50860c8384e0d1da69120b23c9156774,37942c1509fa1900176c5085936ece6833acebabf66fa0e54a242992b920a3d9,
final_0492,SENSOR_CONTROL,1,1,1,1,8,30500,0,0,1,1,1,e3f21b9e6d3a9e54a10cf18ad2a9bf2135eedce4e2d8ca5c4f30dea8f658430f,f1d65e9c484cbd944dacd1a1495ccc18401d61cb37a1a4410f02f19a8ea04714,366b93749c6cddf7daba30582646b5232b47f09f79fd5eee198b6b8e25487ace,
final_0493,SENSOR_CONTROL,1,1,1,1,8,72500,0,0,1,1,1,77d8fe7b97ef074db0e13955ad8ec7c12311294e97b65b550faa699b01b86aba,ae271777165781567fc1fdaae12ae2eb50860c8384e0d1da69120b23c9156774,bb95c0cbd0cc0022023fab275ec55ba080453159cc934bde60f973b15ad9b5cf,
final_0494,SENSOR_CONTROL,1,1,1,1,8,30500,0,0,1,1,1,c612963409d156b5ffa568a09c86f85f0df864ec0677ed2da89ba4b316564f29,7aadd66c8657b5ca6d1a1a81ef906fa931f8b9370137ca1f349de777ef8d37b6,fec5b49a0585f137f96115ae8a6c49a5b32f0360f0b8982d1d7b7ae5705bbbab,
final_0495,SENSOR_CONTROL,1,1,1,1,8,72500,0,0,1,1,1,04e15342ef7aefad7846d6cdfaf79c717a99050d4f44731c903af8c97dbad0c4,a53e45d60ee1bec37d84c395c34c252554b9f33635939e05ea3b03c4cb1144ba,38d2333d8338f33d51122931b1d030f75120fe9722c0913d14e1b7d33b724c16,
final_0496,SENSOR_CONTROL,1,1,1,1,8,30500,0,0,1,1,1,75c788a4caec5f5ad906c19e4b1b382c4908ad6f83cca2fb05b6a486a89c8f1d,c2b1dbc9abd28dcccd4db994f5345732d7c10e16f366c809007c41860076d0c8,24033658805ee84e723f1012e0c0bf9dfc48d75f2634cffd8f54478a327421b5,
final_0497,SENSOR_CONTROL,1,1,1,1,8,72500,0,0,1,1,1,be502be2fce8a21e8e2efc5bba3ff98abc21d77348e248e65b9e92c02ddf6660,57579b5bb963f43290fb381b79abc96cfdadbf3394b4d85bcc2df5ce99945bac,0bb85fa64e9c10105a5c3f8a47c8575ac9e8a86b554e5b3525bf1a83b2da88de,
final_0498,SENSOR_CONTROL,1,1,1,1,8,30500,0,0,1,1,1,332ece796128f4b60e1e410d1a68a3685020807bf29a97cc1af2bf798de43ef8,79b2a60b4a27e2a04173fddd73d2c8d898306e6d4128b47103930881e531fff2,f845cd02806ef9087534b9c4b6608d2677e59c492403d893193caf5e1140f2ee,
final_0499,SENSOR_CONTROL,1,1,1,1,9,72500,0,0,1,1,1,684c272765380b251286da2000691dedab43f505c775266617709e320d7f2c28,3ec6f6c2233ec50d2c158c62ea8e8bf4b3d27e0cb8b01e7dd92384279f75b998,c03854662c2134aea5163457aae8e66c7bb35e20827ec3347aabd60035b98146,
final_0500,SENSOR_CONTROL,1,1,1,1,8,30500,0,0,1,1,1,52df6b99027e18f83cc76186a43dde1a1f34d151fe8e676d343b6c4393f69476,dc3a54b1387dd9eeb5d087346e214e1e5d27ec1b6eafe2c8e992d8ce99003622,13c403c3231c5ed1b07b9ea41e3c31542004a9574f89defe0c81f6e53abbc612,
final_0501,SENSOR_CONTROL,1,1,1,1,8,72500,0,0,1,1,1,a90fdc1c81b07e1000990407d9cc45d0235311e202af199a4c042047ed7dd389,2d52135f554edf6c59e3544935f818adfc3c03e760d0b5d1760fbb7b2385a471,ce3e0e7704506f8aee886ff9d7df6697adce2c4d0b348f94a19d1527c2019f5d,
final_0502,SENSOR_CONTROL,1,1,1,1,9,30500,0,0,1,1,1,4fd33e62962f60a1ccf92d38dc2d1b346557a96719f05b5f39824b9511e3276f,9cbde9f67e3340ed3e01cba8ef4b0fc6b0980a525c7901e92961804edc10f42c,efa3a14bfc3443d8bc27e8769a5aa274a060ac68b7126a9a145bb0e25f78bf0d,
final_0503,SENSOR_CONTROL,1,1,1,1,9,72500,0,0,1,1,1,720d8aea675c1c55c4e6ac7a8d354bcf176affcb718707d665133c51c21c2f04,4180fa71c2c20c637f930ae67552fb46e7a8e80494ba5e709b68a57f2db016cb,0cf0b21730523a09172238e7ad2921a67f5fd6ed001a4d70d6b7511ac6fa8102,
final_0504,SENSOR_CONTROL,1,1,1,1,8,30600,0,0,1,1,1,a5cef974306d42e5233cc2f3214ce80282d57d05ad0684c72ed6e01775440179,48c434f1e173a19006abdff36b8227ba6c87a36ca849509abaeac9729d30eeaf,0fc5fef38554c11bc69f5d7974af86e96002f1155b383d4ea81da801845d2b80,
final_0505,SENSOR_CONTROL,1,1,1,1,8,72600,0,0,1,1,1,20e808edd1beedd2bf5637ac765aee48e2f256ae047906e560f78915d39b5f54,d90fe5fa69ae6ea84fe03ec1fca0b998e6b436ecc74ecad1934ae7b636f70a85,060b1a1676f403f1fd2bf4a4b5d62b62e087880f609c70628c9614becb815009,
final_0506,SENSOR_CONTROL,1,1,1,1,8,30600,0,0,1,1,1,cbb14da3eb775deeefdddfcfb2a0278b7acde7fb63f5e32f673a7b12d8b6c0b1,2193dd51256f3949ce7db4cd9c7a94b11f3c2816bc25dea3a74740a6d856a8f5,2366286d7f539307e669a2b3c72a6b22b814ff36ed4ff45477f533a455fdd2b9,
final_0507,SENSOR_CONTROL,1,1,1,1,8,72600,0,0,1,1,1,7bdbccde2e7741a706af1e2a775c7870d8c021d2acd11ec308e45c4e377a5c7f,f3197ea284b23c1947521884567c1f120ff809be71797389077a84d65e4ee914,91974e6a7cdaf45e996a4bb8d6c6bc8cfcde81a661d69b50b9bd1c0a7ba2b517,
final_0508,SENSOR_CONTROL,1,1,1,1,8,30600,0,0,1,1,1,d669c6a5379c81fc874b859dde9b71c65b23ba0c6a1b724f7b15293ba5582df2,a19b49095aabeccbe04fcbbbd558ea9d4723a398eddb4b9fd5aa9b1e4942eb04,41230551ec8fd62d92418d91c231a75fafad89923f1c5939c77c471fa2c28e0e,
final_0509,SENSOR_CONTROL,1,1,1,1,8,72600,0,0,1,1,1,98541958d8be7d7f7ae1bf42f8a82f2a445464b9c0d808e1d4d339d65524a5f0,65f2ba01b1dc5fe7ed04bd733362aa859a9bd0288ccab9ef9f970294013089a8,0e1084f6affdf01247777d6b88c6c90e173d1fbe6968d276b2ba8647f16508f6,
final_0510,SENSOR_CONTROL,1,1,1,1,8,30600,0,0,1,1,1,2917d77177075b5fe6b98c1a388ec2e226d59c880dd1dfff4da376c02fe1e012,2dac27bd365a3886cafbc3d4ebdd38e4b9e763f26d373301cd2beb98015d739d,052f5198fcff31b9094fd5fc7ce395d581a3677e61b1023971d307fafd32dcd3,
final_0511,SENSOR_CONTROL,1,1,1,1,8,72600,0,0,1,1,1,6725376b591622b12bd69a925570865789a1b9b21e94d590de827e64f32c07fe,1f8cc6ef4ab51c8fb0f264dfb97750b29b42436004548ae399862aaf60969954,1c120d445a40da392609b038e500f5fe60dcafba461c72dea1fc135b0a871bf1,
final_0512,SENSOR_CONTROL,1,1,1,1,48,30600,0,0,1,1,1,572e031973d2ecb3c162125056637ff2c265907038f1cae191be9b6cae660d9b,f11ecdab2e5cf6b96ee8e7c9f8b4e0270fffedf2ecd1bb6686d69b5013048ab7,ca531f0d8ce8193d1f5d45353befe7cd571ec612d148e731ab26e24cf6f4e340,
final_0513,SENSOR_CONTROL,1,1,1,1,48,72600,0,0,1,1,1,fd9f432e8e0b779ee1b7a64fcd5668b560a9248529c49804c50ea03c6308915f,f49522f22f5e6c45b29bc0d81b9d57021224b9917ca34286ff3a9786a970c864,71274249a527938cf3f63a0a95b1fcfb6e6e0ecfedcc97bd2d8847a45c152aa1,
final_0514,SENSOR_CONTROL,1,1,1,1,48,30600,0,0,1,1,1,5897f753eba0d6a5c2c90344c012e495cde31c2ba600e67cab92c1909bc8ee51,ea432d96df6d3649bcf6370933abb437b5cb95d0623b901f17979a5033b10ccb,7f2655b148cdf9a2ffffef6ebd5b30ae16640902dce23d005aa3313dc0940dd6,
final_0515,SENSOR_CONTROL,1,1,1,1,48,72600,0,0,1,1,1,741b1374f70672fad55ffc6134a5ac8288c4c92c4858f78c45ead06751d5a440,4f51fdd1b618a14e8645406556063132d9599b65f37e03cfc0dff9b0b4aec402,a3bd0f0caa1b2d36a3f10fce485094f11f241785865430871173f6b651998733,
final_0516,SENSOR_CONTROL,1,1,1,1,48,30600,0,0,1,1,1,cf9425a498cf6cc321befe4286f226604e9c6a9824381e850e0b61f39bea2f4a,ea432d96df6d3649bcf6370933abb437b5cb95d0623b901f17979a5033b10ccb,4fb4b11205d8325c8f0edee37fe8f281d5e02ed7364c3180eca32dde5b19040f,
final_0517,SENSOR_CONTROL,1,1,1,1,48,72600,0,0,1,1,1,78921aa2696f4294f0d74dbdf29d0c6eb666f4910a48641f493c3d143bcde23d,4f51fdd1b618a14e8645406556063132d9599b65f37e03cfc0dff9b0b4aec402,35046176acc58566b01bdd8c3e834efa89a1eb69bff40f31fc673650e41aa9fd,
final_0518,SENSOR_CONTROL,1,1,1,1,48,30600,0,0,1,1,1,3020b23933eb33338f7ac684bf5251d1d5cfc9450dc62a78690d04666fc7a412,24515c7e4a0b30ee39131ab3dd7630be6f89035abcc299fb72985c582e95133e,fd8d650e024ab4546e5a7f2fd0fad22d127e4d009ed6b055053c0b95c42ffcde,
final_0519,SENSOR_CONTROL,1,1,1,1,48,72600,0,0,1,1,1,5c6341f1e496afdd5ca3e14f1e2f34c54d39f1c51dffb041b953f960d5446fab,adeca49427b0ae9371584e6ef492663bf41068d0ae3d46bffec3bf2a3774dc6d,df9f40aeeed87721ace9e7bcca034048b8c3774a17c67cc2969055fdaa2404aa,
final_0520,SENSOR_CONTROL,1,1,1,1,113,30600,0,0,1,1,1,52a684c0586442541924236f14a686ba72578a888823850488985c99d4257ec6,79d8957bfb3c8d71765e180ceeaaab9b3dccefc9f2ae2be65ea851d07987caf3,f6e41748c86e44f0490a31bd0720cd2b777f38dc446a242f4665010c8b1d78b7,
final_0521,SENSOR_CONTROL,1,1,1,1,113,72600,0,0,1,1,1,89244225ff2868f228df1620e44507550bb93aa79141d63922e78a5271fee00b,6e73086244e6d5cb813090bca60e654cb509680138ba6096f4af87daf91db0b5,7f184a2c4edf56634d64e59a9c0dfceb109227c489256b6443f1aa7386818726,
final_0522,SENSOR_CONTROL,1,1,1,1,113,30600,0,0,1,1,1,6f0b22fb008c12bb577f19e03955f16a3c2e294d81894a1598f0cae92cc25001,eb855c1324036a4c78206d8d3d294c0c214c4aa9aaea7be166006e497c452d17,8774470a9eaf58a659b283c131f7e718015f9ee641f4494df3cd4c7c6bcbf80b,
final_0523,SENSOR_CONTROL,1,1,1,1,113,72600,0,0,1,1,1,393d75d5e803807c2ba998c822cd254b9b5f99fea9b0323cd62707f47878c770,eac095c1170d4c324f1f679527b203dd141de4e77f3780686901c650e288ec88,2b9e10060c4c5148d203e09267dce21b6bb2888433405d0f03a9bc5440a56a38,
final_0524,SENSOR_CONTROL,1,1,1,1,113,30600,0,0,1,1,1,b9659d6b005f63e2fe421296c1e7addd5a0c375337e28962bfd12bac38175003,eb855c1324036a4c78206d8d3d294c0c214c4aa9aaea7be166006e497c452d17,c7e96e501886cd2724921ed123f95884a27bbeb85c90b27f4dcce69791146ce2,
final_0525,SENSOR_CONTROL,1,1,1,1,113,72600,0,0,1,1,1,d75bdfa81c00e375d6fe0aca22ade8e2762327246177fac6fd7187d513f30e9e,eac095c1170d4c324f1f679527b203dd141de4e77f3780686901c650e288ec88,5f3bdd06376818cffa381f522ebcb0f83360b3bdfa7a2137880f10d701db80da,
final_0526,SENSOR_CONTROL,1,1,1,1,113,30600,0,0,1,1,1,2e886f7f1a1cc091649e22f6bbd75b151c798460f42fbf7b2fcc71081e9263a8,41c8e22759ae41703ae3262bf871d0cb24b9c35d1973fc7b28707b42ef3399e6,f21660be2b771ed5409d3962f79d347911db0408c3660dc91bdb5959d615fe68,
final_0527,SENSOR_CONTROL,1,1,1,1,113,72600,0,0,1,1,1,7b9c55b561e2050382c16a878a49cf1fa05b6048ec0cb4b6299dc4cfd82e23df,333d4ba32212f4b4feee4258066c0e8f4ae00ed4498ea57f356ac4909ef82758,4577b83be1faaca235f48c5ec4e964c29d7b696e403cef05334dc9dd31526bec,
final_0528,SENSOR_CONTROL,1,1,1,1,16,30600,0,0,1,1,1,82efae81ae4f2e48b6726f7bd4bb3d31abadb4d9bad5d0b7adcc105b09a1d975,9e208ca6831e2d7a17a48a5cbc60be03429ed0cb74098ff4ec2907aac2e5f4b3,0fc5fef38554c11bc69f5d7974af86e96002f1155b383d4ea81da801845d2b80,
final_0529,SENSOR_CONTROL,1,1,1,1,16,72600,0,0,1,1,1,148c566031629a25b3f308d20eb16c12d3156b8100c1d0f928d2f95c9f664a7a,6e6d376dbe5e61f414e5a131946f4538f244909d215d50a941cede6f5bfd70c7,060b1a1676f403f1fd2bf4a4b5d62b62e087880f609c70628c9614becb815009,
final_0530,SENSOR_CONTROL,1,1,1,1,16,30600,0,0,1,1,1,826aefd88f555835c5da7966b1449d0d8c50cf972b32d421edd4362cda19d97c,b57f2b016d4323cfa385ac60c1541bd09160d1eb62b8d02afb78f0df98c7eb69,2366286d7f539307e669a2b3c72a6b22b814ff36ed4ff45477f533a455fdd2b9,
final_0531,SENSOR_CONTROL,1,1,1,1,16,72600,0,0,1,1,1,51c828e6a4fc649b66fefe4ecfe0f1fef81ca6b590ac7c81c020d91429a2e3e5,bfd3a73348584729d98d484c29338eca305634a21756ee66e3e13f70a7d9588a,91974e6a7cdaf45e996a4bb8d6c6bc8cfcde81a661d69b50b9bd1c0a7ba2b517,
final_0532,SENSOR_CONTROL,1,1,1,1,16,30600,0,0,1,1,1,c528ef6ec11f1a444ea8cfbb7fa8c986c2d2bfe917311d8db671b651585df328,955aa9fde23594effe7749642217289266abd0280021e70ff4ab3b1d4930d700,41230551ec8fd62d92418d91c231a75fafad89923f1c5939c77c471fa2c28e0e,
final_0533,SENSOR_CONTROL,1,1,1,1,16,72600,0,0,1,1,1,90cbfcf40b18a3618d8abc3c7132d2e1d3d6b9e9ca31ee8eb041f2c2b48c3a4c,b7828efccd34a76a936a6f123fec633a955ab8cb60273dbdb7c5b38099ddcc0b,0e1084f6affdf01247777d6b88c6c90e173d1fbe6968d276b2ba8647f16508f6,
final_0534,SENSOR_CONTROL,1,1,1,1,16,30600,0,0,1,1,1,348a3436c124a3b5dd14ee2a5b0ae6ff979a53661d21c5a3bdcf1cbe0b74373b,d268eb1c37eb7d3a65bf5dcff20621d9a4259414928567b8672f23b0496d23bf,052f5198fcff31b9094fd5fc7ce395d581a3677e61b1023971d307fafd32dcd3,
final_0535,SENSOR_CONTROL,1,1,1,1,16,72600,0,0,1,1,1,c3f39d800b1f9b6d3d87373e327828402244cb0bb87199fb1ef57d2d31f922f9,b56646f3db75e3a6b2b90fd8653f11c267fb59d2baa0563e7f0645f84246ecd7,1c120d445a40da392609b038e500f5fe60dcafba461c72dea1fc135b0a871bf1,
final_0536,SENSOR_CONTROL,1,1,1,1,96,30600,0,0,1,1,1,7875df3253c1a0367c38297e7f843e813c89c260fa94ae27c34941801d7c9b3b,fd0d6b9ab204a6835b56aa2de93967e1d1ea6d105b84e757d33c7a601c635a20,ca531f0d8ce8193d1f5d45353befe7cd571ec612d148e731ab26e24cf6f4e340,
final_0537,SENSOR_CONTROL,1,1,1,1,96,72600,0,0,1,1,1,6a10b522610806a453a32f9aed42a5da57cd4cc493c9493662aedf7fc2c1e455,a7f04b17273a6de36cbb5c1404fdb6351704d74c40f9f872b23cf24f9952dd55,71274249a527938cf3f63a0a95b1fcfb6e6e0ecfedcc97bd2d8847a45c152aa1,
final_0538,SENSOR_CONTROL,1,1,1,1,96,30600,0,0,1,1,1,3d9b59254d34c5cbf79a2333494187893980660a7ecfeca01ce413f43749ddd7,e384df1430506d85569800b1c8f988ce4d97f3dd264644718713aa3fa186e997,7f2655b148cdf9a2ffffef6ebd5b30ae16640902dce23d005aa3313dc0940dd6,
final_0539,SENSOR_CONTROL,1,1,1,1,96,72600,0,0,1,1,1,aee515a6e8fe8e3f72b2bbda9820c24b2da244fb08e73565998d32bde2169c00,4abae01fbcb9e7aa19acc23c20eb1b1bac81164fc7c654d4d55e11006f50c0a3,a3bd0f0caa1b2d36a3f10fce485094f11f241785865430871173f6b651998733,
final_0540,SENSOR_CONTROL,1,1,1,1,96,30600,0,0,1,1,1,69831a338eb2db468f2a7727d611854ad52bdb14e2df3d692f170e7c489a259d,e384df1430506d85569800b1c8f988ce4d97f3dd264644718713aa3fa186e997,4fb4b11205d8325c8f0edee37fe8f281d5e02ed7364c3180eca32dde5b19040f,
final_0541,SENSOR_CONTROL,1,1,1,1,96,72600,0,0,1,1,1,e4f1c2f4c1466e3751d341d9b8ad9d16794bfd389e226e70a41d5c9b0242252d,4abae01fbcb9e7aa19acc23c20eb1b1bac81164fc7c654d4d55e11006f50c0a3,35046176acc58566b01bdd8c3e834efa89a1eb69bff40f31fc673650e41aa9fd,
final_0542,SENSOR_CONTROL,1,1,1,1,96,30600,0,0,1,1,1,e489958e8af247d2b221c9c8a69966f345cc0ec71a7f2979e93101a613a05e21,bf9ab6219d7c30f058ba42fe1b1c507669817bb6975065980e92779b5b8ff235,fd8d650e024ab4546e5a7f2fd0fad22d127e4d009ed6b055053c0b95c42ffcde,
final_0543,SENSOR_CONTROL,1,1,1,1,96,72600,0,0,1,1,1,1a8db3ae415f53e6f687a16c6feef0f72a7264eaa4c57de610234706258014ed,a781898cfb9ee276342579b43b52ed62b6c7ee19d6ca189206eecbd9b78789f5,df9f40aeeed87721ace9e7bcca034048b8c3774a17c67cc2969055fdaa2404aa,
final_0544,SENSOR_CONTROL,1,1,1,1,226,30600,0,0,1,1,1,67d4894175595e4dc99f77312c580d181165a35986a45c7f21edb068aa2f6cb1,f737036993e99660cac89d76cb15b4aff80e11c1bb359b10475848daa2cc5fdd,f6e41748c86e44f0490a31bd0720cd2b777f38dc446a242f4665010c8b1d78b7,
final_0545,SENSOR_CONTROL,1,1,1,1,226,72600,0,0,1,1,1,8c6e054dd1b56e0112b764ed3b4d1448a18b85ff19a200bcc4b19d219869b62f,f12c43c09c8da830b3127e68acc74d841640b681e135bd473ae18ddff556aa8c,7f184a2c4edf56634d64e59a9c0dfceb109227c489256b6443f1aa7386818726,
final_0546,SENSOR_CONTROL,1,1,1,1,226,30600,0,0,1,1,1,c45e5a42ae050bb56eb586c546c41de6c10543e734f0b56786ceb41c78d0563a,556d5b038bd63d5fb0ae46ea1ea03ed78ddec89cd3af1374c27bb0350e6cc554,8774470a9eaf58a659b283c131f7e718015f9ee641f4494df3cd4c7c6bcbf80b,
final_0547,SENSOR_CONTROL,1,1,1,1,226,72600,0,0,1,1,1,c1d8d0abe677daa63f2b760658e77aaaa5f151c299999aaf5cad7b069c577d29,2c543ff918886c3a1ccfe706d2adf557fa305d9d10f9717e72e6f510c670ad10,2b9e10060c4c5148d203e09267dce21b6bb2888433405d0f03a9bc5440a56a38,
final_0548,SENSOR_CONTROL,1,1,1,1,226,30600,0,0,1,1,1,8839dce02c692ee061d6272231da4e7f0aa91d0e3df2d249f85d38528442285d,556d5b038bd63d5fb0ae46ea1ea03ed78ddec89cd3af1374c27bb0350e6cc554,c7e96e501886cd2724921ed123f95884a27bbeb85c90b27f4dcce69791146ce2,
final_0549,SENSOR_CONTROL,1,1,1,1,226,72600,0,0,1,1,1,1d8f9638e64565916a3b778c1890a78d1740d3d8f3e394a1a9c8f645b28c2261,2c543ff918886c3a1ccfe706d2adf557fa305d9d10f9717e72e6f510c670ad10,5f3bdd06376818cffa381f522ebcb0f83360b3bdfa7a2137880f10d701db80da,
final_0550,SENSOR_CONTROL,1,1,1,1,226,30600,0,0,1,1,1,5bcf04a09947d7691b9bb626786fcdf64fd9b7740cd64872270bc5986119c6d9,cd17b50f0811c0a396c824b1aa0f9a8595d60c8b17cef21ab863d4b62ebac935,f21660be2b771ed5409d3962f79d347911db0408c3660dc91bdb5959d615fe68,
final_0551,SENSOR_CONTROL,1,1,1,1,226,72600,0,0,1,1,1,dba6848fd0751c446dffbda092e081638e9a93d5b9b52792b496de4e08263bb6,c5e1bf4cb90931c38ae4836db1b4730ff7339d06e8cda2ca30dd333a06425b47,4577b83be1faaca235f48c5ec4e964c29d7b696e403cef05334dc9dd31526bec,
final_0552,SENSOR_CONTROL,1,1,1,1,8,30600,0,0,1,1,1,a5cef974306d42e5233cc2f3214ce80282d57d05ad0684c72ed6e01775440179,48c434f1e173a19006abdff36b8227ba6c87a36ca849509abaeac9729d30eeaf,0fc5fef38554c11bc69f5d7974af86e96002f1155b383d4ea81da801845d2b80,
final_0553,SENSOR_CONTROL,1,1,1,1,8,72600,0,0,1,1,1,20e808edd1beedd2bf5637ac765aee48e2f256ae047906e560f78915d39b5f54,d90fe5fa69ae6ea84fe03ec1fca0b998e6b436ecc74ecad1934ae7b636f70a85,060b1a1676f403f1fd2bf4a4b5d62b62e087880f609c70628c9614becb815009,
final_0554,SENSOR_CONTROL,1,1,1,1,8,30600,0,0,1,1,1,cbb14da3eb775deeefdddfcfb2a0278b7acde7fb63f5e32f673a7b12d8b6c0b1,2193dd51256f3949ce7db4cd9c7a94b11f3c2816bc25dea3a74740a6d856a8f5,2366286d7f539307e669a2b3c72a6b22b814ff36ed4ff45477f533a455fdd2b9,
final_0555,SENSOR_CONTROL,1,1,1,1,8,72600,0,0,1,1,1,7bdbccde2e7741a706af1e2a775c7870d8c021d2acd11ec308e45c4e377a5c7f,f3197ea284b23c1947521884567c1f120ff809be71797389077a84d65e4ee914,91974e6a7cdaf45e996a4bb8d6c6bc8cfcde81a661d69b50b9bd1c0a7ba2b517,
final_0556,SENSOR_CONTROL,1,1,1,1,8,30600,0,0,1,1,1,d669c6a5379c81fc874b859dde9b71c65b23ba0c6a1b724f7b15293ba5582df2,a19b49095aabeccbe04fcbbbd558ea9d4723a398eddb4b9fd5aa9b1e4942eb04,41230551ec8fd62d92418d91c231a75fafad89923f1c5939c77c471fa2c28e0e,
final_0557,SENSOR_CONTROL,1,1,1,1,8,72600,0,0,1,1,1,98541958d8be7d7f7ae1bf42f8a82f2a445464b9c0d808e1d4d339d65524a5f0,65f2ba01b1dc5fe7ed04bd733362aa859a9bd0288ccab9ef9f970294013089a8,0e1084f6affdf01247777d6b88c6c90e173d1fbe6968d276b2ba8647f16508f6,
final_0558,SENSOR_CONTROL,1,1,1,1,8,30600,0,0,1,1,1,2917d77177075b5fe6b98c1a388ec2e226d59c880dd1dfff4da376c02fe1e012,2dac27bd365a3886cafbc3d4ebdd38e4b9e763f26d373301cd2beb98015d739d,052f5198fcff31b9094fd5fc7ce395d581a3677e61b1023971d307fafd32dcd3,
final_0559,SENSOR_CONTROL,1,1,1,1,8,72600,0,0,1,1,1,6725376b591622b12bd69a925570865789a1b9b21e94d590de827e64f32c07fe,1f8cc6ef4ab51c8fb0f264dfb97750b29b42436004548ae399862aaf60969954,1c120d445a40da392609b038e500f5fe60dcafba461c72dea1fc135b0a871bf1,
final_0560,SENSOR_CONTROL,1,1,1,1,48,30600,0,0,1,1,1,572e031973d2ecb3c162125056637ff2c265907038f1cae191be9b6cae660d9b,f11ecdab2e5cf6b96ee8e7c9f8b4e0270fffedf2ecd1bb6686d69b5013048ab7,ca531f0d8ce8193d1f5d45353befe7cd571ec612d148e731ab26e24cf6f4e340,
final_0561,SENSOR_CONTROL,1,1,1,1,48,72600,0,0,1,1,1,fd9f432e8e0b779ee1b7a64fcd5668b560a9248529c49804c50ea03c6308915f,f49522f22f5e6c45b29bc0d81b9d57021224b9917ca34286ff3a9786a970c864,71274249a527938cf3f63a0a95b1fcfb6e6e0ecfedcc97bd2d8847a45c152aa1,
final_0562,SENSOR_CONTROL,1,1,1,1,48,30600,0,0,1,1,1,5897f753eba0d6a5c2c90344c012e495cde31c2ba600e67cab92c1909bc8ee51,ea432d96df6d3649bcf6370933abb437b5cb95d0623b901f17979a5033b10ccb,7f2655b148cdf9a2ffffef6ebd5b30ae16640902dce23d005aa3313dc0940dd6,
final_0563,SENSOR_CONTROL,1,1,1,1,48,72600,0,0,1,1,1,741b1374f70672fad55ffc6134a5ac8288c4c92c4858f78c45ead06751d5a440,4f51fdd1b618a14e8645406556063132d9599b65f37e03cfc0dff9b0b4aec402,a3bd0f0caa1b2d36a3f10fce485094f11f241785865430871173f6b651998733,
final_0564,SENSOR_CONTROL,1,1,1,1,48,30600,0,0,1,1,1,cf9425a498cf6cc321befe4286f226604e9c6a9824381e850e0b61f39bea2f4a,ea432d96df6d3649bcf6370933abb437b5cb95d0623b901f17979a5033b10ccb,4fb4b11205d8325c8f0edee37fe8f281d5e02ed7364c3180eca32dde5b19040f,
final_0565,SENSOR_CONTROL,1,1,1,1,48,72600,0,0,1,1,1,78921aa2696f4294f0d74dbdf29d0c6eb666f4910a48641f493c3d143bcde23d,4f51fdd1b618a14e8645406556063132d9599b65f37e03cfc0dff9b0b4aec402,35046176acc58566b01bdd8c3e834efa89a1eb69bff40f31fc673650e41aa9fd,
final_0566,SENSOR_CONTROL,1,1,1,1,48,30600,0,0,1,1,1,3020b23933eb33338f7ac684bf5251d1d5cfc9450dc62a78690d04666fc7a412,24515c7e4a0b30ee39131ab3dd7630be6f89035abcc299fb72985c582e95133e,fd8d650e024ab4546e5a7f2fd0fad22d127e4d009ed6b055053c0b95c42ffcde,
final_0567,SENSOR_CONTROL,1,1,1,1,48,72600,0,0,1,1,1,5c6341f1e496afdd5ca3e14f1e2f34c54d39f1c51dffb041b953f960d5446fab,adeca49427b0ae9371584e6ef492663bf41068d0ae3d46bffec3bf2a3774dc6d,df9f40aeeed87721ace9e7bcca034048b8c3774a17c67cc2969055fdaa2404aa,
final_0568,SENSOR_CONTROL,1,1,1,1,113,30600,0,0,1,1,1,52a684c0586442541924236f14a686ba72578a888823850488985c99d4257ec6,79d8957bfb3c8d71765e180ceeaaab9b3dccefc9f2ae2be65ea851d07987caf3,f6e41748c86e44f0490a31bd0720cd2b777f38dc446a242f4665010c8b1d78b7,
final_0569,SENSOR_CONTROL,1,1,1,1,113,72600,0,0,1,1,1,89244225ff2868f228df1620e44507550bb93aa79141d63922e78a5271fee00b,6e73086244e6d5cb813090bca60e654cb509680138ba6096f4af87daf91db0b5,7f184a2c4edf56634d64e59a9c0dfceb109227c489256b6443f1aa7386818726,
final_0570,SENSOR_CONTROL,1,1,1,1,113,30600,0,0,1,1,1,6f0b22fb008c12bb577f19e03955f16a3c2e294d81894a1598f0cae92cc25001,eb855c1324036a4c78206d8d3d294c0c214c4aa9aaea7be166006e497c452d17,8774470a9eaf58a659b283c131f7e718015f9ee641f4494df3cd4c7c6bcbf80b,
final_0571,SENSOR_CONTROL,1,1,1,1,113,72600,0,0,1,1,1,393d75d5e803807c2ba998c822cd254b9b5f99fea9b0323cd62707f47878c770,eac095c1170d4c324f1f679527b203dd141de4e77f3780686901c650e288ec88,2b9e10060c4c5148d203e09267dce21b6bb2888433405d0f03a9bc5440a56a38,
final_0572,SENSOR_CONTROL,1,1,1,1,113,30600,0,0,1,1,1,b9659d6b005f63e2fe421296c1e7addd5a0c375337e28962bfd12bac38175003,eb855c1324036a4c78206d8d3d294c0c214c4aa9aaea7be166006e497c452d17,c7e96e501886cd2724921ed123f95884a27bbeb85c90b27f4dcce69791146ce2,
final_0573,SENSOR_CONTROL,1,1,1,1,113,72600,0,0,1,1,1,d75bdfa81c00e375d6fe0aca22ade8e2762327246177fac6fd7187d513f30e9e,eac095c1170d4c324f1f679527b203dd141de4e77f3780686901c650e288ec88,5f3bdd06376818cffa381f522ebcb0f83360b3bdfa7a2137880f10d701db80da,
final_0574,SENSOR_CONTROL,1,1,1,1,113,30600,0,0,1,1,1,2e886f7f1a1cc091649e22f6bbd75b151c798460f42fbf7b2fcc71081e9263a8,41c8e22759ae41703ae3262bf871d0cb24b9c35d1973fc7b28707b42ef3399e6,f21660be2b771ed5409d3962f79d347911db0408c3660dc91bdb5959d615fe68,
final_0575,SENSOR_CONTROL,1,1,1,1,113,72600,0,0,1,1,1,7b9c55b561e2050382c16a878a49cf1fa05b6048ec0cb4b6299dc4cfd82e23df,333d4ba32212f4b4feee4258066c0e8f4ae00ed4498ea57f356ac4909ef82758,4577b83be1faaca235f48c5ec4e964c29d7b696e403cef05334dc9dd31526bec,
final_0576,ACTUATOR,1,0,0,0,0,-1,0,0,1,1,1,b4fae818c4f87715a4e33865226344eef1352e37762c0c20081a516e11721bec,41a43ce08b5a69995b94891d0af4ca06a0e9f78b7ecb17d7818aa245bb80bc53,,
final_0577,ACTUATOR,1,0,0,0,0,-1,0,0,1,1,1,cd0b34d98f9ececa5f5eed5b1602ea1b06c6bf9d034dacca6ccc8a298c5e2193,2655458a246d226553ccc55ea4daf1f0e26831d9c5f080021de0e0e1e1700afe,,
final_0578,ACTUATOR,1,0,0,0,0,-1,0,0,1,1,1,b8719353ea43631c6d66f9119ea1d3ad4c4cb1db3a56e0822022a833aab1800e,a773515159352b7c79797c67868af4719ec89bec861285c92d4f71d50cfe33d7,,
final_0579,ACTUATOR,1,0,0,0,0,-1,0,0,1,1,1,8350555add5a51d9c865fbde676af1b4847d5f9d901e112c182bb2a4c5c61d70,ac66e829bc5005640ae0edc467cc819d611f48b3fd331f226b2bed5d421a0409,,
final_0580,ACTUATOR,1,0,0,0,0,-1,0,0,1,1,1,75cf5e0752f238db40aa1a92544c8771076b1968efebd2e7ab8123b39a4e4f79,3c916038cad9c7c05f823abf5fc6a954830e3728da748bc217eb00561ce4ef0f,,
final_0581,ACTUATOR,1,0,0,0,0,-1,0,0,1,1,1,47725d6efd85975677587c803e0ce5a95d920408f9e097949753254edcb3a215,8891d7d56dba443f799650d79ab53fa52eba944fb306aa1ef9bc7b1fd40cefa6,,
final_0582,ACTUATOR,1,0,0,0,0,-1,0,0,1,1,1,adf2307ab0d3252a83382c8a1a1b4b4d8c169ad6f11a97a9a00bffe9ee5225c0,f96ff67954581b84b36bcf3c292106ae623b6dc2bed81320ed6c894442fcb7fa,,
final_0583,ACTUATOR,1,0,0,0,0,-1,0,0,1,1,1,e3c5b008ef48a93ed6f8552611ec5ccb0e3481b504e4b9193dea9a7a190e1ac0,2d0008c29800c8de1f2ef9e1723fb0e5a4c85e0f2ea40b6f967a991fdaefabf3,,
final_0584,ACTUATOR,1,0,0,0,0,-1,0,0,1,1,1,3b9df9e980ba25a81cbec5ff17ecd337b009fa27f60ec86f2ef1724798ce6680,5522ebce3bca9507a55682732bc107960e4acdabab28cbe21d00e47294b1129b,,
final_0585,ACTUATOR,1,0,0,0,0,-1,0,0,1,1,1,1817e8e8f819978b3bfebea98802110eb9af80dc501080bd9cbd78fc8e9b96e4,b35696eedc6c0eb752ab704c84f7faa391f9b90abb458d5a804d21d55651465d,,
final_0586,ACTUATOR,1,1,0,0,0,-1,0,0,1,1,1,3ffcf1351bd654470f8a6bed9531c8cf5e651f8a49fc1b110e7455ebc2859936,b670e5a0f622a7b5acb7a1da6dec1c1aaf11f7c6f6d1cf27f8206f20a05d11eb,2c2e29e7211a0762bc5940de5d4e9f559ff2425f003a86ea4a87b7070bae21b8,
final_0587,ACTUATOR,1,1,0,0,0,-1,0,0,1,1,1,e905cf906258c0d04e9d567010f73102b5b6eef42de614dc4f3300369c9ec2b7,ec83d355a6db24d1144b3e2c2008a97f3adba42e45f537a93e625b9aacda1f9c,44a759734ec7def46d05f2f77704eecd970dfce03f8854e637c18c8930e45e81,
final_0588,ACTUATOR,1,1,0,0,0,-1,0,0,1,1,1,76d7222f0bb60aff0e65ce479072e2332edf8dbbbdde1c5a82a82f4f1164e2db,a982d1a67dccc86041c380c0314db56598d4b05d332cdadcea4730338058d2c9,4ce9a14da348b2da9e84e2d06448091baed45fb49dfc1d51fdfca7a15f95500f,
final_0589,ACTUATOR,1,1,0,0,0,-1,0,0,1,1,1,1126ad193329b32b153cfa0736a008bc05dbb7d3fb194ab4a85c3ca23a640c10,ad717e8b58327f119318b1d8f3d770516a246aed3076c5c99374413a31670a61,1045bb9b56af63f48913427acfdc6954fc061aa26831effa699a2169a6c2dc2b,
final_0590,ACTUATOR,1,1,0,0,0,-1,0,0,1,1,1,6cb1e24bb2268a7b8b527445dac8046c4c933d7ac6589916c8f0734d62042121,c156baf47ea9164900def6043064ae64de76ab96df21bd2429f9f61048515d39,6b7a42c3027934c36dbd211ba6b8a26fdb88506605b3650700ca9cbb6f952747,
final_0591,ACTUATOR,1,1,0,0,0,-1,0,0,1,1,1,e4345c30e63c01ec16d44b15311df4989cd66f05469f413edf41c3109b6587a7,9d1128ee7fad698a8f17f69aa39bb71083d62df3d9a8248d9ef4fc91661720d1,27ba8403fc696b35e890579733702d31744ce36010dfac5c6415a94cb33074c6,
final_0592,ACTUATOR,1,1,0,0,0,-1,0,0,1,1,1,6e200e418159cdaadf46dc81119d06c14fd90214507d1de6aa8e1b74b27a1d83,3c0bbe3ab04bdb054f81aa8495eed4c9084c566cbc2621df1bbc8fa6a863c1a4,4b50459fddd252ca7b98e381804e6f643d60f96353d7185ce1a3add28eabc3ff,
final_0593,ACTUATOR,1,1,0,0,0,-1,0,0,1,1,1,2547c40fbcc2000b745f5488965c09f500a2844b2da4f1bc022900b8ce128383,66e7db6d28fa305af04d3d8106e23eef7384d4d5b14933fff3b4707330398282,c01d7e3d39a9ac097a7ec5a5db15977b6437476dd05e3f3fe261c0d81711100a,
final_0594,ACTUATOR,1,1,0,1,84,41700,0,0,1,1,1,12c2bcd6758f7f3552841cd3b82ac15467b4155e96bc8d1cf914b62c7f1eccd0,c8bbc3b25d014eb9bb0515eece2dc2d2f2e11bf873cf7d425358a146bb81b77b,91737a2f6cbcea18df74e14f665a978afa65946894799cc47acc8e511baf9ec2,
final_0595,ACTUATOR,1,1,0,1,79,83700,0,0,1,1,1,e1d36a3268c5b9d355459cffef7280dee33a2851e4bb8d7f27af2ff7f9d60619,c70f612fd6a7cb0ded6b8b08a8d805c3ae79ceefb89409f4ebe8289c99473409,288078cd36be36bb3419edaf5db830bb0d298166d94c72b6c3a0afd479c442ef,
final_0596,ACTUATOR,1,1,0,1,82,41700,0,0,1,1,1,025c0d8a9877a191436b883f275d1ed5b387fb90d05239728f7b2dc662847fe5,99be48b04f5615a5182b70cfd3a97a4ade6fe2c7513382e9e9a126bbb9521b6b,a6a3e65f6c7a6540b450f38f956bcc8d036b06084e0c440327face9b2955cc82,
final_0597,ACTUATOR,1,1,0,1,79,83700,0,0,1,1,1,747753c0c89e3d433fbd4cf59a5595139b0733d4927110c4d0bee3e5978e41a3,b9812e54f20e21fc3a29f78740daa916061653ae4bda2d49731b1001e5ce6142,85ae8e3569e88139f4beae9fde0fac87372d25c7c9bdbea96b6d0a74644b9ea2,
final_0598,ACTUATOR,1,1,0,1,55,41700,0,0,1,1,1,89c4148d80da318f649c61f21dcfec40bdcdf5a8c4d31751799c5fc056c58c6c,528943169489461fd7cecb88fec36f38c82b1c1915ed3a70b07b04f421e0b3f2,ad518b5e3aaff39c846acdeffeed271490c85eb35bbfc4bc476abe3ae83c9149,
final_0599,ACTUATOR,1,1,0,1,65,83700,0,0,1,1,1,df3c76ceea73e167ba332430b823325ccff041aaa44f171f7711485cb311f831,1aa0ae7836d4483b80721b5ac676997af5acb0ed7af7381c7191497a6d3ce181,e02fcce3a0893979fa76ab6957300a921189a57405ac0855ff1325636b533e86,
final_0600,ACTUATOR,1,0,0,0,0,-1,0,0,1,1,1,13a488e7a21f6278857bdaf45a9542fa0545a299fa7ab9a4894ab49a9b8d42dc,afca174bc251917ee4c1167a78f4093d709023913100d97bda462d4f43351e12,,
final_0601,ACTUATOR,1,0,0,0,0,-1,0,0,1,1,1,0a336b0026658b253fef791d99d6b89bd0b430aff0914595adde16db92f8f8f2,985ff56e36889db739e803ebe2c1f1a49f24997df3d2928ac0b7f2ceb1515255,,
final_0602,ACTUATOR,1,0,0,0,0,-1,0,0,1,1,1,83265037fefaee7a62e685418531814bd54310a411a497515614f7b9b1982921,030d9a825aced2874b6eeb1e0ee2f42a82036d32355042dc7de3407f1d223ddb,,
final_0603,ACTUATOR,1,0,0,0,0,-1,0,0,1,1,1,a074465ec91504e2e684cfd13a29033a00a1b83fb6bca7da976c221c3aed1b4d,21bbba7011831aae4f4624ecc01ace6f2e2d24ef86326409128487b9d6dab6e8,,
final_0604,ACTUATOR,1,0,0,0,0,-1,0,0,1,1,1,764672491ce9db057cc18bb04e06d6e0ab7d548ff002bb4f4b4edeab77f7ac88,df0d1f6dc0bb77df8ec83f75d2a9e07317e017d63dc17c0313461ac7a6af5fcb,,
final_0605,ACTUATOR,1,0,0,0,0,-1,0,0,1,1,1,c398e10338404676a6cb629565d6db79a58ec0c21e7e2dd4964fe22ef7a1e761,b43fd4260bceb6972c5e5892b8350437f821c4384d99d4d6525a596c20a0f72f,,
final_0606,ACTUATOR,1,0,0,0,0,-1,0,0,1,1,1,6e56e074afca0cc600e8f4dacb99071e68440b247c03f72b5661492e6232de46,1adcdc629457fb2a240e292c1163ab9b19e996868e1b7f02c9dd4faf7a0d2e4d,,
final_0607,ACTUATOR,1,0,0,0,0,-1,0,0,1,1,1,b434c2906e78c7f4a3647b856456df3cb9c0664ec4495ebc39cfaac51ca1ab4f,d60e2c26707a7751d427f870decd58e69bd740e71bab43374bee2a8a6326307f,,
final_0608,ACTUATOR,1,0,0,0,0,-1,0,0,1,1,1,d94591d28e6c4adfc40965eec486ed4154927bf3393268951a8792ee0ca11441,e7e3bd9b3dc9fccd6bf60fbf8113383e6b65609bd4fa4007dc5160e5da1a0dac,,
final_0609,ACTUATOR,1,0,0,0,0,-1,0,0,1,1,1,62da4bbf338da44d736d0919a4c672d742196dbb71edaa682d77c21074677caf,8acc0e7c2510953e45e024b694c5522134f7c03f45e532c7493e7f5c62d73661,,
final_0610,ACTUATOR,1,1,0,0,0,-1,0,0,1,1,1,66d20ed11b7508b1e99e6c4c32997ce3eec8b636a4dd10803437d266c13e8458,548fff4e332412ca8cf962286111b4e277b83a45265720b27179658f6bcbab2f,2c2e29e7211a0762bc5940de5d4e9f559ff2425f003a86ea4a87b7070bae21b8,
final_0611,ACTUATOR,1,1,0,0,0,-1,0,0,1,1,1,56314e0220c582e335650e298a9343616c565aa2fd314242595af90ca315f909,1dc140dcae3469c9cf172ca2d78e5f4db0f16db2cf5d7a41a927032dbafb0796,44a759734ec7def46d05f2f77704eecd970dfce03f8854e637c18c8930e45e81,
final_0612,ACTUATOR,1,1,0,0,0,-1,0,0,1,1,1,987d1f81832f2eb316f9ad1f8acb4818d10572d602d14fbe197da2e00aa571d3,12a3f5565fdd14a042c1fc45a57c06ab1b6841384ebfe6f6bc64d7bfc8c2c8dd,4ce9a14da348b2da9e84e2d06448091baed45fb49dfc1d51fdfca7a15f95500f,
final_0613,ACTUATOR,1,1,0,0,0,-1,0,0,1,1,1,911002736fecbbcdb29729b4e7cc00865b18bbe782d7cb65b0390e9fd71a1a89,12870963a7c8bff64baee131f608b10c554578650afc659d0134c8243a1f3d68,1045bb9b56af63f48913427acfdc6954fc061aa26831effa699a2169a6c2dc2b,
final_0614,ACTUATOR,1,1,0,0,0,-1,0,0,1,1,1,dc63303d4e27cd0c5ff7acf603a637d2d0027c30cd56cad8ee72eff4fe8d1be3,7fa95a8594c7cfc994a18db5a1570d404f95186587ab063d2f8789c5d85f66c3,6b7a42c3027934c36dbd211ba6b8a26fdb88506605b3650700ca9cbb6f952747,
final_0615,ACTUATOR,1,1,0,0,0,-1,0,0,1,1,1,98a404025c090f511715431f057647f7c8194c0af72d6311b1c2f071f44f744d,ea4f80cbdfd4e7665b1aa0435208bf947f367cf07c9a0821b835a629286317c7,27ba8403fc696b35e890579733702d31744ce36010dfac5c6415a94cb33074c6,
final_0616,ACTUATOR,1,1,0,0,0,-1,0,0,1,1,1,6b33612a5b777a632c67e8f82fadf701a747be33d6be0717f2e25acdec3f15cc,6785023d1fd325596d93ca14637bb77598ff6703c3c7d635704260bc135352b2,4b50459fddd252ca7b98e381804e6f643d60f96353d7185ce1a3add28eabc3ff,
final_0617,ACTUATOR,1,1,0,0,0,-1,0,0,1,1,1,8c89f03df7ec53949646d98d4d2cde7482984909b3fa8d24932488eaff7c6235,7e38b34e51118ef8fe40f3a000d2b29cf48794a4b2b32b8225226e606dd2ba9c,c01d7e3d39a9ac097a7ec5a5db15977b6437476dd05e3f3fe261c0d81711100a,
final_0618,ACTUATOR,1,1,0,1,86,41700,0,0,1,1,1,63f95073c2fa4c116087aebde668b1e96fadf17873fb9259c142591f27a74601,7561a6cf9ed63b164281db9aee794cb45d965551e003941b07e3b164a6c15cb2,91737a2f6cbcea18df74e14f665a978afa65946894799cc47acc8e511baf9ec2,
final_0619,ACTUATOR,1,1,0,1,80,83700,0,0,1,1,1,9d5d531e8136f2fd76fe1ce6a70b9822da8bc670596fc83668f9962f234716d9,e7da7593b81ff9bfe302eba6dcf58cecefa1b3c63f44f96ed5a2e0ec5f5fe889,288078cd36be36bb3419edaf5db830bb0d298166d94c72b6c3a0afd479c442ef,
final_0620,ACTUATOR,1,1,0,1,75,41700,0,0,1,1,1,7ea9ce25fdfebd15d9e32d0e68472f6e318d9ee5afac0ab08991da1b114da7d7,2355163b99604088c5722b60f9e9fabc5b3bf0718752a2eae8af051faa869b23,a6a3e65f6c7a6540b450f38f956bcc8d036b06084e0c440327face9b2955cc82,
final_0621,ACTUATOR,1,1,0,1,68,83700,0,0,1,1,1,34fad7f4150205cf5e2fba46119bfde1e92e7a5b5dab23f56f2a9db7f5cf8d2c,165e998006338fdda64d5fb979274933faaa5980c4c13ee2e802f7eea3079af7,85ae8e3569e88139f4beae9fde0fac87372d25c7c9bdbea96b6d0a74644b9ea2,
final_0622,ACTUATOR,1,1,0,1,65,41700,0,0,1,1,1,a8db53487f7310b97e74201bfbf8b663a73e36568773527f19808f3d0d02975e,b67f6eb9f61d64fed78de05ee3446dd401cd52fbc811179f6db950293321b456,ad518b5e3aaff39c846acdeffeed271490c85eb35bbfc4bc476abe3ae83c9149,
final_0623,ACTUATOR,1,1,0,1,73,83700,0,0,1,1,1,ce54b5836234fc6e0dab40a54d52c665d04c8bfe4bf91dd931a14387256e89ec,ff55ceff2737f20c7c0f69ea598363b7bd14a228b66406aca79c4a561da05bd7,e02fcce3a0893979fa76ab6957300a921189a57405ac0855ff1325636b533e86,
final_0624,ACTUATOR,1,0,0,0,0,-1,0,0,1,1,1,b4fae818c4f87715a4e33865226344eef1352e37762c0c20081a516e11721bec,41a43ce08b5a69995b94891d0af4ca06a0e9f78b7ecb17d7818aa245bb80bc53,,
final_0625,ACTUATOR,1,0,0,0,0,-1,0,0,1,1,1,cd0b34d98f9ececa5f5eed5b1602ea1b06c6bf9d034dacca6ccc8a298c5e2193,2655458a246d226553ccc55ea4daf1f0e26831d9c5f080021de0e0e1e1700afe,,
final_0626,ACTUATOR,1,0,0,0,0,-1,0,0,1,1,1,b8719353ea43631c6d66f9119ea1d3ad4c4cb1db3a56e0822022a833aab1800e,a773515159352b7c79797c67868af4719ec89bec861285c92d4f71d50cfe33d7,,
final_0627,ACTUATOR,1,0,0,0,0,-1,0,0,1,1,1,8350555add5a51d9c865fbde676af1b4847d5f9d901e112c182bb2a4c5c61d70,ac66e829bc5005640ae0edc467cc819d611f48b3fd331f226b2bed5d421a0409,,
final_0628,ACTUATOR,1,0,0,0,0,-1,0,0,1,1,1,75cf5e0752f238db40aa1a92544c8771076b1968efebd2e7ab8123b39a4e4f79,3c916038cad9c7c05f823abf5fc6a954830e3728da748bc217eb00561ce4ef0f,,
final_0629,ACTUATOR,1,0,0,0,0,-1,0,0,1,1,1,47725d6efd85975677587c803e0ce5a95d920408f9e097949753254edcb3a215,8891d7d56dba443f799650d79ab53fa52eba944fb306aa1ef9bc7b1fd40cefa6,,
final_0630,ACTUATOR,1,0,0,0,0,-1,0,0,1,1,1,adf2307ab0d3252a83382c8a1a1b4b4d8c169ad6f11a97a9a00bffe9ee5225c0,f96ff67954581b84b36bcf3c292106ae623b6dc2bed81320ed6c894442fcb7fa,,
final_0631,ACTUATOR,1,0,0,0,0,-1,0,0,1,1,1,e3c5b008ef48a93ed6f8552611ec5ccb0e3481b504e4b9193dea9a7a190e1ac0,2d0008c29800c8de1f2ef9e1723fb0e5a4c85e0f2ea40b6f967a991fdaefabf3,,
final_0632,ACTUATOR,1,0,0,0,0,-1,0,0,1,1,1,3b9df9e980ba25a81cbec5ff17ecd337b009fa27f60ec86f2ef1724798ce6680,5522ebce3bca9507a55682732bc107960e4acdabab28cbe21d00e47294b1129b,,
final_0633,ACTUATOR,1,0,0,0,0,-1,0,0,1,1,1,1817e8e8f819978b3bfebea98802110eb9af80dc501080bd9cbd78fc8e9b96e4,b35696eedc6c0eb752ab704c84f7faa391f9b90abb458d5a804d21d55651465d,,
final_0634,ACTUATOR,1,1,0,0,0,-1,0,0,1,1,1,3ffcf1351bd654470f8a6bed9531c8cf5e651f8a49fc1b110e7455ebc2859936,b670e5a0f622a7b5acb7a1da6dec1c1aaf11f7c6f6d1cf27f8206f20a05d11eb,2c2e29e7211a0762bc5940de5d4e9f559ff2425f003a86ea4a87b7070bae21b8,
final_0635,ACTUATOR,1,1,0,0,0,-1,0,0,1,1,1,e905cf906258c0d04e9d567010f73102b5b6eef42de614dc4f3300369c9ec2b7,ec83d355a6db24d1144b3e2c2008a97f3adba42e45f537a93e625b9aacda1f9c,44a759734ec7def46d05f2f77704eecd970dfce03f8854e637c18c8930e45e81,
final_0636,ACTUATOR,1,1,0,0,0,-1,0,0,1,1,1,76d7222f0bb60aff0e65ce479072e2332edf8dbbbdde1c5a82a82f4f1164e2db,a982d1a67dccc86041c380c0314db56598d4b05d332cdadcea4730338058d2c9,4ce9a14da348b2da9e84e2d06448091baed45fb49dfc1d51fdfca7a15f95500f,
final_0637,ACTUATOR,1,1,0,0,0,-1,0,0,1,1,1,1126ad193329b32b153cfa0736a008bc05dbb7d3fb194ab4a85c3ca23a640c10,ad717e8b58327f119318b1d8f3d770516a246aed3076c5c99374413a31670a61,1045bb9b56af63f48913427acfdc6954fc061aa26831effa699a2169a6c2dc2b,
final_0638,ACTUATOR,1,1,0,0,0,-1,0,0,1,1,1,6cb1e24bb2268a7b8b527445dac8046c4c933d7ac6589916c8f0734d62042121,c156baf47ea9164900def6043064ae64de76ab96df21bd2429f9f61048515d39,6b7a42c3027934c36dbd211ba6b8a26fdb88506605b3650700ca9cbb6f952747,
final_0639,ACTUATOR,1,1,0,0,0,-1,0,0,1,1,1,e4345c30e63c01ec16d44b15311df4989cd66f05469f413edf41c3109b6587a7,9d1128ee7fad698a8f17f69aa39bb71083d62df3d9a8248d9ef4fc91661720d1,27ba8403fc696b35e890579733702d31744ce36010dfac5c6415a94cb33074c6,
final_0640,ACTUATOR,1,1,0,0,0,-1,0,0,1,1,1,6e200e418159cdaadf46dc81119d06c14fd90214507d1de6aa8e1b74b27a1d83,3c0bbe3ab04bdb054f81aa8495eed4c9084c566cbc2621df1bbc8fa6a863c1a4,4b50459fddd252ca7b98e381804e6f643d60f96353d7185ce1a3add28eabc3ff,
final_0641,ACTUATOR,1,1,0,0,0,-1,0,0,1,1,1,2547c40fbcc2000b745f5488965c09f500a2844b2da4f1bc022900b8ce128383,66e7db6d28fa305af04d3d8106e23eef7384d4d5b14933fff3b4707330398282,c01d7e3d39a9ac097a7ec5a5db15977b6437476dd05e3f3fe261c0d81711100a,
final_0642,ACTUATOR,1,1,0,1,84,41700,0,0,1,1,1,12c2bcd6758f7f3552841cd3b82ac15467b4155e96bc8d1cf914b62c7f1eccd0,c8bbc3b25d014eb9bb0515eece2dc2d2f2e11bf873cf7d425358a146bb81b77b,91737a2f6cbcea18df74e14f665a978afa65946894799cc47acc8e511baf9ec2,
final_0643,ACTUATOR,1,1,0,1,79,83700,0,0,1,1,1,e1d36a3268c5b9d355459cffef7280dee33a2851e4bb8d7f27af2ff7f9d60619,c70f612fd6a7cb0ded6b8b08a8d805c3ae79ceefb89409f4ebe8289c99473409,288078cd36be36bb3419edaf5db830bb0d298166d94c72b6c3a0afd479c442ef,
final_0644,ACTUATOR,1,1,0,1,82,41700,0,0,1,1,1,025c0d8a9877a191436b883f275d1ed5b387fb90d05239728f7b2dc662847fe5,99be48b04f5615a5182b70cfd3a97a4ade6fe2c7513382e9e9a126bbb9521b6b,a6a3e65f6c7a6540b450f38f956bcc8d036b06084e0c440327face9b2955cc82,
final_0645,ACTUATOR,1,1,0,1,79,83700,0,0,1,1,1,747753c0c89e3d433fbd4cf59a5595139b0733d4927110c4d0bee3e5978e41a3,b9812e54f20e21fc3a29f78740daa916061653ae4bda2d49731b1001e5ce6142,85ae8e3569e88139f4beae9fde0fac87372d25c7c9bdbea96b6d0a74644b9ea2,
final_0646,ACTUATOR,1,1,0,1,55,41700,0,0,1,1,1,89c4148d80da318f649c61f21dcfec40bdcdf5a8c4d31751799c5fc056c58c6c,528943169489461fd7cecb88fec36f38c82b1c1915ed3a70b07b04f421e0b3f2,ad518b5e3aaff39c846acdeffeed271490c85eb35bbfc4bc476abe3ae83c9149,
final_0647,ACTUATOR,1,1,0,1,65,83700,0,0,1,1,1,df3c76ceea73e167ba332430b823325ccff041aaa44f171f7711485cb311f831,1aa0ae7836d4483b80721b5ac676997af5acb0ed7af7381c7191497a6d3ce181,e02fcce3a0893979fa76ab6957300a921189a57405ac0855ff1325636b533e86,
final_0648,ACTUATOR,1,1,0,1,31,31200,0,0,1,1,1,0b8a5c882192851c344f7a69e321e2432450b8104a43745aea0f52fdf56f1870,a16f356b25b0797d17a200b117ca69506768d7440130e2b538f4b513d20db2bd,d259a3c9b0fa0992714e96eb05a2573c8f710679eff58ae2f7154ece6ed41d4e,
final_0649,ACTUATOR,1,1,0,1,31,73200,0,0,1,1,1,a52323c01d6c243201573a4bdb5b15a44102eb64b3d145df49f143c51385bc74,8c8744111887debe5a135faa0434b9e938a4bd97a0df07fc37222296811cab31,7ae526c79cbf7d856d9f7520122bb995c3ea28ae5cf974b9088b83b3c03587ca,
final_0650,ACTUATOR,1,1,0,1,40,31200,0,0,1,1,1,d55dc2a9414973762d703e163af2f97d84e97b4075798d14a76c063644676348,6c393dc6d32c080b7a95df42848e1f8ce49e12415b9c2e41c72d2fb1d0678469,161af7dc4b5c98ff9a8921f5c1cf4731ce756535977da12d5d1124c01966eccf,
final_0651,ACTUATOR,1,1,0,1,34,73200,0,0,1,1,1,73f2d43e068d9506fb211270fa58f482d946409d2e0eca5052d93cfe274604ce,1cdee598af9a2d7231f616f68e8cb74ab1982cdf783c1097e5d2fe8b9cbe9b8b,4f3daa036615bf802554ec2402d30e3d5e4cd746699f82037ba70c89240d2020,
final_0652,ACTUATOR,1,1,0,1,37,31200,0,0,1,1,1,f9ccca6ff65425e663a6be1b4ad10bf27f2ea7e1f79a6bd260e4052e66ce7cfd,5700651c1eeaea7dddb56ca5ca4db5ec6920ee04e127f7c587f1121dc13b44b4,5014596fdc901885fef10c12a1f5910fce02843780523e8934b273726d6ff114,
final_0653,ACTUATOR,1,1,0,1,33,73200,0,0,1,1,1,4f0baa8a510f47ede6e146fe3de603686efb10d834909de6ce5184cfb0b22b2c,7d34d512d0eea7905714f2dd5017d8bcefaea483358e66dcc10740bdaf93c988,bdd0dab4be3d504281fe9e69cd9d061aa8c4a227586b9752951364039d0cf7da,
final_0654,ACTUATOR,1,1,0,1,45,31300,0,0,1,1,1,6816d6abe2af357f77394fe488b1f94e7044ba87242d4f0df99113068cdc59c8,1fb084751f5d044b26ae0f3ff0f1cadaf726c9e3b1c9114b76c51c3eb3cc0377,84a721c8322d21adec0c483b7d3bafcec8b123c521ddd77e634cfabe7183013f,
final_0655,ACTUATOR,1,1,0,1,43,73300,0,0,1,1,1,d776cfda5d9c1445c7e2af13a3c92d29dd87e4da183ee3d2be19461b4a29f038,f990f9cc8e9411c17f48f110be22e261f66ee354683e86576f0637afdd42e3e5,ac22f5f13834b35791aa92bdd75ea7bb60b4381b7cae4e64c9d039d54c26b83f,
final_0656,ACTUATOR,1,1,0,1,28,35100,0,0,1,1,1,a8f380cce959cc11291c1e9520f79e663a4cdb48fff9c2a82c9da4006e316fe9,a75461b659265f68711c1f16e9baee3bd205fbf33852b121a38bc707fc7e023a,d259a3c9b0fa0992714e96eb05a2573c8f710679eff58ae2f7154ece6ed41d4e,
final_0657,ACTUATOR,1,1,0,1,28,77100,0,0,1,1,1,3288149ebc30ffa840426ef045f4d4822da3603b951310b27547cca176502053,2cfb5709552deb0647f00efdf4b74a3b3f05d3e66f28ea2537ac5f906f7110c0,7ae526c79cbf7d856d9f7520122bb995c3ea28ae5cf974b9088b83b3c03587ca,
final_0658,ACTUATOR,1,1,0,1,52,35200,0,0,1,1,1,7849024614095f069d94ae57c9c66eca10435e5552e49e1cbeb17313c7b7ad89,87a928956f5b9dafc03a0d8d2576bd1ab875d651722a5dc954480812a01456f6,161af7dc4b5c98ff9a8921f5c1cf4731ce756535977da12d5d1124c01966eccf,
final_0659,ACTUATOR,1,1,0,1,43,77200,0,0,1,1,1,7b8987e7df7671eb4ac432c5de257a0d834075883cdcb813174d03de7df48d01,231e4cd901cf536f8488ed99337ceb0e60bac7a398d99aa60489fccbdee0cdae,4f3daa036615bf802554ec2402d30e3d5e4cd746699f82037ba70c89240d2020,
final_0660,ACTUATOR,1,1,0,1,52,35200,0,0,1,1,1,d7b583d5813b769be47f247af69e9fa9b07f2fdac4c4d0ac0805a9624f6caf65,aa83832c50cd11ddca72a89dbe31c88f9fe8115e3ffc6de6e92464a42085c940,5014596fdc901885fef10c12a1f5910fce02843780523e8934b273726d6ff114,
final_0661,ACTUATOR,1,1,0,1,44,77100,0,0,1,1,1,70a55a1a272504b953c4d88f6dbfb2c112bbc704a490fe8537b4db89547446d6,132c6406b9a4404bceb0f2cbdf61b832af3321270cd4041ee4fc6f9fc8305994,bdd0dab4be3d504281fe9e69cd9d061aa8c4a227586b9752951364039d0cf7da,
final_0662,ACTUATOR,1,1,0,1,48,35200,0,0,1,1,1,c7dbb63d27f56e6716ccd6eaa60a489d12084c5d80fb9c0e45f316e81eecffd6,f29208a32e6eaf6f4299c1c0e861ced3fb10a1f82fcdc1f9b983bbb8d32138a9,84a721c8322d21adec0c483b7d3bafcec8b123c521ddd77e634cfabe7183013f,
final_0663,ACTUATOR,1,1,0,1,48,77200,0,0,1,1,1,4d6bd936c196643b5293d6d15f866c1c8a062da740ddbfe67e9adf7a3642f270,f8e13b00435e6e9268951cabe1f3965c9256b521ddf9b6bdd089045ff3b0290f,ac22f5f13834b35791aa92bdd75ea7bb60b4381b7cae4e64c9d039d54c26b83f,
final_0664,ACTUATOR,1,1,0,1,37,41700,0,0,1,1,1,7b046d5afe88a0719f7b972daeb7d39a8166e15b22c6333c3ea42ee003a4c221,a058d1e44851db943bc30b3a614f501955ee770424dbfba95f8bf212fd4fe96d,d259a3c9b0fa0992714e96eb05a2573c8f710679eff58ae2f7154ece6ed41d4e,
final_0665,ACTUATOR,1,1,0,1,29,83700,0,0,1,1,1,868e0f5dcd7a5bc4eae401f5504cb93ba75fb7680b5522bc9349a15032157d5e,28c089adcd9b4311a68cc7766bc004d3f39b039f218ffc6327b0d0dcc7dfbba2,7ae526c79cbf7d856d9f7520122bb995c3ea28ae5cf974b9088b83b3c03587ca,
final_0666,ACTUATOR,1,1,0,1,74,41700,0,0,1,1,1,bbc3a292f4ff5dd813dfc3031b111cd304b4988b1e81ab7aa7a04a196c6971d7,497b57df6a77a9d320f0eb8a11dafe838f601db3f144fc2cd64f9abf40fca11f,161af7dc4b5c98ff9a8921f5c1cf4731ce756535977da12d5d1124c01966eccf,
final_0667,ACTUATOR,1,1,0,1,68,83700,0,0,1,1,1,e896cafa9d8af76f7fd58ff0011a3afc8a0d2f9b77c29f988d309bc2ab354013,f597dcc8490ae8abb24cc94c37f27913824cf3cd83e8cca20b72de9a76cb41e9,4f3daa036615bf802554ec2402d30e3d5e4cd746699f82037ba70c89240d2020,
final_0668,ACTUATOR,1,1,0,1,76,41700,0,0,1,1,1,b8fceb867edd62440b8b1e2e613333b9d23e8acc3db0586b3e51ef6cc7e31e68,cb218b3838b3d33c57df0cfc9360c5c50c42b39581936c3b274689bb90a6133e,5014596fdc901885fef10c12a1f5910fce02843780523e8934b273726d6ff114,
final_0669,ACTUATOR,1,1,0,1,70,83700,0,0,1,1,1,8e470d31f04e2ae9f4f9ce33e7762be00127f128eadc89c8cd4fb1e9b16bb6e5,4610b859ccad5b1de73f9dc68d55f9148d12335865869e40694f1d581911727d,bdd0dab4be3d504281fe9e69cd9d061aa8c4a227586b9752951364039d0cf7da,
final_0670,ACTUATOR,1,1,0,1,57,41700,0,0,1,1,1,3f87417dcf0459049f3625a508a8cf1e385781384f25c2aa5e0f5d4e259ce763,4e1433ce6ca3950595c88d8fbe7e2f9ee1bd21e3ec0a40f71ba08c63ed5eb882,84a721c8322d21adec0c483b7d3bafcec8b123c521ddd77e634cfabe7183013f,
final_0671,ACTUATOR,1,1,0,1,61,83700,0,0,1,1,1,5a1cbf10a18e4d272a574814f87950765df60f824d9655bea03460563ade8dd3,8c24acefe63a865f07a72eaa834b0a1396e7db3ba11c2d3d6be1afe72a79aea2,ac22f5f13834b35791aa92bdd75ea7bb60b4381b7cae4e64c9d039d54c26b83f,
final_0672,ACTUATOR,1,1,0,1,40,31200,0,1,1,1,1,96b4bfa6110f3239443136c37e68100e9718adf2b378c38359e229a0a08523fb,5abb0f60444c530d7b6c17cf3e0e98a790ccd71cebe221d061f35d1a3906c31a,d259a3c9b0fa0992714e96eb05a2573c8f710679eff58ae2f7154ece6ed41d4e,
final_0673,ACTUATOR,1,1,0,1,40,73200,0,1,1,1,1,1a69c91d32f88fd8c341e71f8739aedd3b22a0c94c0b4c75f96f884c22cd4a6b,730d72dfa17cdf4682c7a746d1a3792037135343f29be8ab62030c4fec8c280a,7ae526c79cbf7d856d9f7520122bb995c3ea28ae5cf974b9088b83b3c03587ca,
final_0674,ACTUATOR,1,1,0,1,62,31200,0,0,1,1,1,e3b5627a92f1d1e78cc63d67ac502385a0221f982acd82368d4d3aa031787693,9e0c587221b1a1971e61aaba4dfe130c03d9e4cd1b7a55cac6734721ae0892e8,161af7dc4b5c98ff9a8921f5c1cf4731ce756535977da12d5d1124c01966eccf,
final_0675,ACTUATOR,1,1,0,1,52,73200,0,0,1,1,1,3861c17a79e7977233e11f62e510b1e63c9d819cbfed888fb3e6332ef2ef5bec,d5dbce02cd1f900f4b343bc036adfb49aacb228b10a8c9152ae5ac60e5c9cf4e,4f3daa036615bf802554ec2402d30e3d5e4cd746699f82037ba70c89240d2020,
final_0676,ACTUATOR,1,1,0,1,61,31200,0,0,1,1,1,5385cfd4dd68a133e61385411091519e72030a766260b5228e74148ca9efe3de,e54d8c391845a0f5adb91c93ecc0cbe9fcb7801072f35f02b247babde0939900,5014596fdc901885fef10c12a1f5910fce02843780523e8934b273726d6ff114,
final_0677,ACTUATOR,1,1,0,1,51,73200,0,0,1,1,1,f3e970f319f9f8ce8740b3b039043d367254a25e4397a5cdb30d4c09f7d358d9,aa73af362770e7a3cb2079ed1ea0bc11c437833d5986fda184912c14c497e6e1,bdd0dab4be3d504281fe9e69cd9d061aa8c4a227586b9752951364039d0cf7da,
final_0678,ACTUATOR,1,1,0,1,60,31300,0,0,1,1,1,772852b2cc829bfd1ffa865207a499290ee6cc666acfa9b2cf9749a689932967,112b640bc021535e1ee87cfddd8b6ee01ed4faff9d9eeeeea830415ed06251b0,84a721c8322d21adec0c483b7d3bafcec8b123c521ddd77e634cfabe7183013f,
final_0679,ACTUATOR,1,1,0,1,59,73300,0,0,1,1,1,e7291859f751aa0ad6e5e78fe57491a830ff75b21eee44637857f021ba7e7489,9226f79c233f3abe6cb9715bbf0f66020eb9c3b6d492083cf9f3e64e3448bb9c,ac22f5f13834b35791aa92bdd75ea7bb60b4381b7cae4e64c9d039d54c26b83f,
final_0680,ACTUATOR,1,1,0,1,45,35100,0,0,1,1,1,c32b2554c7b6c20fc53838767da3ba6ab42763e51b618db5a68d4db8f9f346f8,006abda5e197596ab90b486e6ef7d16e0b7e0d74f119c9bda8f6aed4315874da,d259a3c9b0fa0992714e96eb05a2573c8f710679eff58ae2f7154ece6ed41d4e,
final_0681,ACTUATOR,1,1,0,1,37,77100,0,0,1,1,1,3a4d28d5d602d4667607a5d3a6b0a47055e07e38d2893f2914dd7f9ff5b68e36,ef26e01bbc1c587da2af301e334065887a2538797abd7cddd3e829afbfe9871c,7ae526c79cbf7d856d9f7520122bb995c3ea28ae5cf974b9088b83b3c03587ca,
final_0682,ACTUATOR,1,1,0,1,83,35200,0,0,1,1,1,c270788d68d75763825367e2064d02064da1e097d0f87030aa0e173462b85f27,b57b6d1da5357ae1caed188e3cf47760c0a932e0df24f4a4523142e91f0dd741,161af7dc4b5c98ff9a8921f5c1cf4731ce756535977da12d5d1124c01966eccf,
final_0683,ACTUATOR,1,1,0,1,78,77200,0,0,1,1,1,d3b441d8fcbf8b2f8ac1f9b26143e5793818ac44f310d7330888e2f25772d740,1c43e01fac1836a799625799243b8f6621edaaade195082d5244d27cef5e9b74,4f3daa036615bf802554ec2402d30e3d5e4cd746699f82037ba70c89240d2020,
final_0684,ACTUATOR,1,1,0,1,85,35200,0,0,1,1,1,0714839dbdfab1d302a25ad62e08771db270568ecb25e19b1685d1ddbb11a2ad,d3abd35280453d5d7c794f5049aca2022979b900ce81aa4309ec7bb16bf8f27a,5014596fdc901885fef10c12a1f5910fce02843780523e8934b273726d6ff114,
final_0685,ACTUATOR,1,1,0,1,81,77100,0,0,1,1,1,3c37915c648e8c7a5eff622a379146aaa4a45b567cf6c40a99045871e3ef8f55,31e1335cdafd67ad6f4cd7cf2c7a96bb591da997cf196a7f69cbe756c53f08ac,bdd0dab4be3d504281fe9e69cd9d061aa8c4a227586b9752951364039d0cf7da,
final_0686,ACTUATOR,1,1,0,1,67,35200,0,0,1,1,1,d2c1c93c41fd76b47c9c4e15dcf66fd65f08622e2b66a094dc73cf4c3857405c,d30850c2e2dcb6f4eb42c401d08328a5daef06402129b38b45e7502689343373,84a721c8322d21adec0c483b7d3bafcec8b123c521ddd77e634cfabe7183013f,
final_0687,ACTUATOR,1,1,0,1,71,77200,0,0,1,1,1,72b887f49d6df41b18077b4ae91a538834352d0ba4da3817a07f8d372c8d6d63,66f4494652a1b6d2a4f017eb72ecc49bf26865714984e40e05fc3453745643a1,ac22f5f13834b35791aa92bdd75ea7bb60b4381b7cae4e64c9d039d54c26b83f,
final_0688,ACTUATOR,1,1,0,1,23,41700,0,0,1,1,1,927c79e7d04f1ae463e8125dd8898b03036ea773c8c46e0e5d1e4d3dac803d07,0d642d0a828b552fd1b08ada3cd521bda79b300e1163f058bb0a710bde99b2ce,d259a3c9b0fa0992714e96eb05a2573c8f710679eff58ae2f7154ece6ed41d4e,
final_0689,ACTUATOR,1,1,0,1,16,83700,0,0,1,1,1,c50edfb497e13b74e916d48c2f3c3fcbef13e16ac85965ff32168959506385ce,74eb737ba9d6edacb68974e5f5d6bb9f3c17efe16d73bbbccc90c3e077f455ce,7ae526c79cbf7d856d9f7520122bb995c3ea28ae5cf974b9088b83b3c03587ca,
final_0690,ACTUATOR,1,1,0,1,96,41700,0,0,1,1,1,9d4627810fd628b55f0906308750f1132cb6a4620cc3a7b8c22a706194defe28,86ea02a927b0c0e4ab79c5ba2b779d4a48f3503f4a9e0320bcb93ad1794d1a13,161af7dc4b5c98ff9a8921f5c1cf4731ce756535977da12d5d1124c01966eccf,
final_0691,ACTUATOR,1,1,0,1,93,83700,0,0,1,1,1,94e45fd46a2c8804faf040ccf6bab6f3c2ff6777f751a1d73ef78e267a7a6c51,57e6b43063b61165daa0507f83fd7c5faabe75a9ad989e232bdb1b585b8e490a,4f3daa036615bf802554ec2402d30e3d5e4cd746699f82037ba70c89240d2020,
final_0692,ACTUATOR,1,1,0,1,92,41700,0,0,1,1,1,7296e989922a03919ee9582dc65bafc706afebee85085fc5f715a29b38b1cfe2,5430d7e578bfe7c220b16d0f576e3fd07e76bfc04c83a09a6e2cd9a2859ace19,5014596fdc901885fef10c12a1f5910fce02843780523e8934b273726d6ff114,
final_0693,ACTUATOR,1,1,0,1,81,83700,0,0,1,1,1,ba356b3e95cc08005ff91e981c4bca01dc27b72f17ba46368a5eba670ac12fda,3b37ec2b58aea2274d8405867b11f28043753e47ab27c65e5cffa206230c077f,bdd0dab4be3d504281fe9e69cd9d061aa8c4a227586b9752951364039d0cf7da,
final_0694,ACTUATOR,1,1,0,1,62,41700,0,0,1,1,1,c1f97bcf236e2ef731218f1492a1b005370f21a7aaf5548095090cd787eded62,ad0f13d95a9735ebd0ea64b27fbb056762dd7b0f7971e36f73c292ec8dcb5d90,84a721c8322d21adec0c483b7d3bafcec8b123c521ddd77e634cfabe7183013f,
final_0695,ACTUATOR,1,1,0,1,71,83700,0,0,1,1,1,73b05ce61e095d10705935b739dff7b6ca85705bbc22087def2b42108af4d8dd,c3da79c8f5bac29d1c40e17ef9bf0342b26dd8bf3b481a5894514dc9207d78bb,ac22f5f13834b35791aa92bdd75ea7bb60b4381b7cae4e64c9d039d54c26b83f,
final_0696,ACTUATOR,1,1,0,1,31,31200,0,0,1,1,1,0b8a5c882192851c344f7a69e321e2432450b8104a43745aea0f52fdf56f1870,a16f356b25b0797d17a200b117ca69506768d7440130e2b538f4b513d20db2bd,d259a3c9b0fa0992714e96eb05a2573c8f710679eff58ae2f7154ece6ed41d4e,
final_0697,ACTUATOR,1,1,0,1,31,73200,0,0,1,1,1,a52323c01d6c243201573a4bdb5b15a44102eb64b3d145df49f143c51385bc74,8c8744111887debe5a135faa0434b9e938a4bd97a0df07fc37222296811cab31,7ae526c79cbf7d856d9f7520122bb995c3ea28ae5cf974b9088b83b3c03587ca,
final_0698,ACTUATOR,1,1,0,1,40,31200,0,0,1,1,1,d55dc2a9414973762d703e163af2f97d84e97b4075798d14a76c063644676348,6c393dc6d32c080b7a95df42848e1f8ce49e12415b9c2e41c72d2fb1d0678469,161af7dc4b5c98ff9a8921f5c1cf4731ce756535977da12d5d1124c01966eccf,
final_0699,ACTUATOR,1,1,0,1,34,73200,0,0,1,1,1,73f2d43e068d9506fb211270fa58f482d946409d2e0eca5052d93cfe274604ce,1cdee598af9a2d7231f616f68e8cb74ab1982cdf783c1097e5d2fe8b9cbe9b8b,4f3daa036615bf802554ec2402d30e3d5e4cd746699f82037ba70c89240d2020,
final_0700,ACTUATOR,1,1,0,1,37,31200,0,0,1,1,1,f9ccca6ff65425e663a6be1b4ad10bf27f2ea7e1f79a6bd260e4052e66ce7cfd,5700651c1eeaea7dddb56ca5ca4db5ec6920ee04e127f7c587f1121dc13b44b4,5014596fdc901885fef10c12a1f5910fce02843780523e8934b273726d6ff114,
final_0701,ACTUATOR,1,1,0,1,33,73200,0,0,1,1,1,4f0baa8a510f47ede6e146fe3de603686efb10d834909de6ce5184cfb0b22b2c,7d34d512d0eea7905714f2dd5017d8bcefaea483358e66dcc10740bdaf93c988,bdd0dab4be3d504281fe9e69cd9d061aa8c4a227586b9752951364039d0cf7da,
final_0702,ACTUATOR,1,1,0,1,45,31300,0,0,1,1,1,6816d6abe2af357f77394fe488b1f94e7044ba87242d4f0df99113068cdc59c8,1fb084751f5d044b26ae0f3ff0f1cadaf726c9e3b1c9114b76c51c3eb3cc0377,84a721c8322d21adec0c483b7d3bafcec8b123c521ddd77e634cfabe7183013f,
final_0703,ACTUATOR,1,1,0,1,43,73300,0,0,1,1,1,d776cfda5d9c1445c7e2af13a3c92d29dd87e4da183ee3d2be19461b4a29f038,f990f9cc8e9411c17f48f110be22e261f66ee354683e86576f0637afdd42e3e5,ac22f5f13834b35791aa92bdd75ea7bb60b4381b7cae4e64c9d039d54c26b83f,
final_0704,ACTUATOR,1,1,0,1,28,36600,0,0,1,1,1,a99c3960fc6b0a6abcd2e9d16acac0f67379ae8a91402e4049fe138ced1db486,0bb3248ae3c5e1db7443630698d26f149470934a134d593b2a913066df4367ed,385741ff49ef38c98280d331fe2bad811e586fd8574f12cf0a530ade8b0e7082,
final_0705,ACTUATOR,1,1,0,1,28,78600,0,0,1,1,1,e34426a79fc757730f99a7279cda4eff5486644cd50b6915dd27e8a1493184af,92350a5df19eb8e2eb0a72363684574daf7ff7c7f947e760909d22bdbb251fb6,d444538d72e4bff33baeae5aeb4231314126c1ad2d64d4adc2712176df5e1068,
final_0706,ACTUATOR,1,1,0,1,52,36700,0,0,1,1,1,0af2663ce268110c85a107dbbbaa794c2bc274221403f3cf2c3e474ad3e87a26,e41eb31565a0fa64314358fddeea95eebb18981851ee8c2a79aabb37a01a2cb5,0f576aca8f046dc8909f8d6fc6d090356cdbe842f294e900b91274f9ed20deb5,
final_0707,ACTUATOR,1,1,0,1,44,78700,0,0,1,1,1,2ac7c5626dc0065932e7ca6b0e137cce0abec7f938960b22374aafd175bb4730,44a424cb6bff0e533fecb7fad9baf77b7602f9b7df7fa38639bc52290f737890,0a79d2ef57b4b060fe14516de479114ebc92c61e09f3f1abb301c709e4e0c2de,
final_0708,ACTUATOR,1,1,0,1,51,36700,0,0,1,1,1,715ad382f0178de8456f7ab4e955a130253a9bf3caa7e3dbffd149c9fcfda5a8,7c83f9e55d4acf663a4e4d93d5cf9a24b3ea3de00bf4165f542c60b93d841671,f04c45769d77cda63f77ab4e11fad739a6c0ef5aadb08aae323fbd1d7f56b722,
final_0709,ACTUATOR,1,1,0,1,44,78600,0,0,1,1,1,75b2f0ad9e576433a54204554b63b44eb15acc7cee383dc0470aabd7f32eb51b,47ac85b2ab9a71f8890e6c9fe2aa065814be1c33cccb925f1ccae1f317149969,0426a0caabbd7a7edbe3185df381f39f19175d934667b1c3c9a8f0f6569db3c8,
final_0710,ACTUATOR,1,1,0,1,48,36700,0,0,1,1,1,2ffc1abecd9241793d6d3f54b182682d19901c5e601b7087dbb14cf4591d82d5,9ce586feba48c00dcb96b4279aa38bfc0c4c2d009c4655c339d5b7dcc6bf7c42,6bb3fbc8c984d264cdf52ef024d1dd55f255201f9507873371c38a286307620d,
final_0711,ACTUATOR,1,1,0,1,48,78700,0,0,1,1,1,06f97d4ddfd648e216bb5b12003b653fba2f31def3828d0543f75501057d6b94,b6a006e384b46a55a2961bf6d2c1dc37739a6091f895baf81e11c72865f779e0,7cbe5e47bc6553e49fb7b458f9842440be8a09bd3f1adce5ff302b666d8ca67c,
final_0712,ACTUATOR,1,1,0,1,37,44700,0,0,1,1,1,a8b6199bca304dc1083c2bf0e8d53630c49d16d3ca5834526304f7299ebd524f,1113afbe2cd630305ae404d3f898c31d83cfa33e1da65a98814a89bc818a2ae5,ae3e036fb215cc17ca18ed7ef41cc3ad1a2a7eb0c15acaea9fe0557ba4b2fc85,
final_0713,ACTUATOR,1,1,0,1,29,86700,0,0,1,1,1,84e9f29c1940d25d758e955e841af46e04d6148daf27f7efa82ee23d87a65565,97fac06e91ae517350f1f8632a11b777c56a0dc7605429afe99666262bb39ccc,9290f277c49fcc2c1b6db8e25b3bd11495b3fffdd31fc97ba9c7052389b7343e,
final_0714,ACTUATOR,1,1,0,1,74,44700,0,0,1,1,1,074c8d008e5a630f5cb9cc1be161bec5de885589c05d2a7fbc00c1455c2743ed,d2329ed78b32701b4d754a97a0b281e19d5d691a904b502de5191d1e8c5ad57f,efb7ee166138f1be15d3d49748a3336c345018b247bc2a7b3f577400ff874a62,
final_0715,ACTUATOR,1,1,0,1,69,86700,0,0,1,1,1,44b0e08849ce2d4ce498756ac538d971b385a33ccb9fad1b3d66bf566d7b5665,5e5861cc327bb7f875b65b95cd9661f265f4342ba57a589c9ded4bcfe788d257,0153fedc175881bd980698ea3f68fac20eb48fa9d4fbaf81a433c076ba7992a2,
final_0716,ACTUATOR,1,1,0,1,76,44700,0,0,1,1,1,b48500a190c6d41ad7975d5bdc8c34ca830c94a6a37b1e6053fab7eefcc6a66b,e775e140a4c6bc676526318b9573abcf9c0bf84f58c7053eb19875a8931dfab8,3f6b4fcad7468530cc94f19f4d6321cb60dee9b3be052a2ead1044f4557f2ecb,
final_0717,ACTUATOR,1,1,0,1,71,86700,0,0,1,1,1,0e7f262409db1b4c8e0b982792db2b77e9ead19d845b10f4c718ffad1cd822a5,c93b791966ab70721d810a7a104717965175d4354eaad09230f76685adacd04c,087a2d962e9f635fd86b8bbb1bd32413a00b8354fa2b0eff582e71552ed0a22d,
final_0718,ACTUATOR,1,1,0,1,57,44700,0,0,1,1,1,ff2631930f2f8c58de721b79f2396198f2e5316a04fad3b98ac905d914fd7353,e3422e4fe584519a22634710deae5baac2fbeffc6dd1e9530f686ec3a3ef1e81,3d1bfc3d332a1bd64f342caabb7f12e527c2e5e29204d3c78205e0b879b10050,
final_0719,ACTUATOR,1,1,0,1,61,86700,0,0,1,1,1,4e06e00f19411f2e482c95c28c6c644bfa5513f2bb9d73ff96ae100e309435ca,49eb8694a60bf296783cae33d3f968e031f03494304af998fbfee4e030b90aa0,c0759637b0f836270d4f71b84d59d3fff6cc23150b10d0a8c50b62f0553b7a99,
final_0720,NORMAL,0,0,0,0,0,-1,0,0,0,0,0,e3cce54c83ebb862b122d9d5efcaf68f23c470e03e77a1f385b228d9af20c36a,8ce9821b08888fd4e3657fa55dc52a88ae9566048a19a833684a84b28dc96005,,
final_0721,NORMAL,0,0,0,0,0,-1,0,0,0,0,0,f865c01022e2c47989ca572a6ce0fa118ff285464fd0c55bd3dfe4b4233372bc,591884d753ae8a19f8060a886e458d58b89f566bf8a27b21b6fcf3d948461e79,,
final_0722,NORMAL,0,0,0,0,0,-1,0,0,0,0,0,903ab39820e2a10cb6fa2ddeef7a3ab8e6a6b9f99cd20c1d9464447bb6ccc550,6cd34e5f4422b171d543cd95908ce74b44f66a1eca48432dabf41a902cd2903f,,
final_0723,NORMAL,0,0,0,0,0,-1,0,0,0,0,0,f1db820f121f37fde394fa961408a2e970ca1193f2a52a1c101417e973afa9fa,9851077c3fefdeaab7c060f02a4903c26e2ceb7fe99cfe19df9f70e338596dcd,,
final_0724,NORMAL,0,0,0,0,0,-1,0,0,0,0,0,67215469e0af475efb215dc1dff868402944214bc6e7f1d72a03766c8be0d4fc,a9bd82060f63eb611d6dac087b6a2695a4f744612e8e60bd16e97fc2739b3b75,,
final_0725,NORMAL,0,0,0,0,0,-1,0,0,0,0,0,4f643ed67bc977ad93bdea06f0b1ec65e140b6a6f14d51ad05d1cf1b3f2a375b,f908c5e9d9f79f6b20960b8d236b2d48008cb868677d7c16270b9226446940a2,,
final_0726,NORMAL,0,0,0,0,0,-1,0,0,0,0,0,e5bfb83c1495aae2e083a461da83161f6d2539f940e9b7b50cec97b39aa1b884,81072710a2a97aab34e88c665b2a26d79dbfe297b299cc738001fbe93d24cc42,,
final_0727,NORMAL,0,0,0,0,0,-1,0,0,0,0,0,08c60c00f500128e819cbee086a188f7b670563fcbf8c716d45ec5c81f250437,09beb469ddd7d721cbcba98d8c00e34c7cc3f4dfa78cead2ea67cbfea1ddffb0,,
final_0728,NORMAL,0,0,0,0,0,-1,0,0,0,0,0,f106a12a7e0063f248ad1df7c37687a54c44e1f074e9a1f426ecdd9c18bdf8e1,2063d95cc555b9b904ba695c721c5dabe810ef3e328e7fa4086e0debc6600e68,,
final_0729,NORMAL,0,0,0,0,0,-1,0,0,0,0,0,be1603e2738f05fe1f5a3bf526725e8174ea745801ef972e28c7bbc99981a21f,989e1783d6a8a85ac2eccdf0aebe58df7c6f11ca2634b705a975739201f8a7d7,,
final_0730,NORMAL,0,0,0,0,0,-1,0,0,0,0,0,ebb310237ae2a6092e919cdcfb41d23787ae1b785ec18040d7bce4453ef4d3af,6fcbe9ca1b23a492fdccc10e5de9a127773ebd2501fa722ce51a0eb59692977b,,
final_0731,NORMAL,0,0,0,0,0,-1,0,0,0,0,0,d2d8b4485d333624e5b61cb88c81cb8f5f3fc04bcc9e654411c57356d6cf7efc,afbe0a201db82ec1b6ac87c26005268e8c2fe9904e84af185bdfaa36e855e189,,
final_0732,NORMAL,0,0,0,0,0,-1,0,0,0,0,0,d33076de804d0c52a1ace42c66107d3a404a9db5894b0dc740454ae3574d896d,1910d28e106d66c1767c4395c82343eac9d8acb176cd5639ff6f4f9fce0d5b41,,
final_0733,NORMAL,0,0,0,0,0,-1,0,0,0,0,0,4c15e6015cb837a808c29353a34e2744ef68b76c4778995ec82ac9f3c007f333,7e09463e2fc5bdd507b3bb3c9a00acc3739af4d50e6fc067edd92b7b2e172764,,
final_0734,NORMAL,0,0,0,0,0,-1,0,0,0,0,0,e8d78117e095aa6d52efa2d89192b07a5919046fc9e30b528467536ccdc989ff,45a05001b73a7f59ebd507eb5adf59d8867024d56ec975ebca54a4c5ecb84693,,
final_0735,NORMAL,0,0,0,0,0,-1,0,0,0,0,0,93bbef9052c83b3a7da8d6b4564303eee346408618016eb243307b8f9864d6e9,51294ca544d34deb8ed144eff84620dcbc856fc96cba1df3935ea218ebf32b0d,,
final_0736,NORMAL,0,0,0,0,0,-1,0,0,0,0,0,1fe97c16b649c510964bfed0d1540050ddcc8758ffba51596a252b4194539fd7,6a12c707f99a26a2d18019299e5873c9b783a824c80233213b28e03ff979ceb0,,
final_0737,NORMAL,0,0,0,0,0,-1,0,0,0,0,0,f4ceb7bb44a8ea871e27350ad8f5baded5876bfea06717e4ed72e19ae44f5d91,04e5ae5fde8eb2ab5778e997988238c140f657b403f79c309d8d0dce05bf17f6,,
final_0738,NORMAL,0,0,0,0,0,-1,0,0,0,0,0,2bbb471123ba0e81a9f6b9b8115c415a4b89e0fcbce19f5a6e7fff36c70aa142,2d67de700853df32003774a4f372fdfb80c582891b947f605cc0acb877a1b2b9,,
final_0739,NORMAL,0,0,0,0,0,-1,0,0,0,0,0,1f5724d2db3190046abbb693422a72e2aa7f2667d7e72b1b137ceebcf5ba87b6,6a711cc02ab4c1c8878d2012ad9c0a550115a923eeb600af475b9b0b5fd5e645,,
final_0740,NORMAL,0,0,0,0,0,-1,0,0,0,0,0,23988f2fa062776b4a3fc56f8f15d4eced803152c70337fbcf19799f595006d1,0de84b9af0f9fce375c7e7b6af6cc74b53572382adb70d3b77e78f4b0de29ad7,,
final_0741,NORMAL,0,0,0,0,0,-1,0,0,0,0,0,7ea9d93685ef83ac34b4c367eec255bec97df08ce730d9964e35337b96abcf65,750f43511288cda79149429071bdbf1b91f8410c9cba2a3b1296c55aa0070684,,
final_0742,NORMAL,0,0,0,0,0,-1,0,0,0,0,0,aedbe604d3e22cf0ce3d90968b3d0a5a805ffbaa3142f4b44e21b08efeed48bd,56d40477601c70c7907ad8af2131b6312ed4250a311ede90bb368855fc26a155,,
final_0743,NORMAL,0,0,0,0,0,-1,0,0,0,0,0,c6c4bc34c0ec9b4deac23d10d0d33c949317571363a3bc78cb434852ab3cdd5f,4fe6fe880a8209c16944032adef1d9862ca4d1d388cdccb09908d902b37d5de5,,
final_0744,NORMAL,0,0,0,0,0,-1,0,0,0,0,0,51c20cb28105e7811e1549be64fb0f2278f3cb48fe2e3cb8285063e5f143b392,b1901e8e128b2fcf9e4b4b31266771420df78ba7333212c421bcc0caf63fa973,,
final_0745,NORMAL,0,0,0,0,0,-1,0,0,0,0,0,e83e008020e0d411bd5fa95cdf2000054b1b15800b6aeea96fdb25483c63ad81,ffb01654adc961ee258ae9dd716826a5158786313c65271dd791effa1f741267,,
final_0746,NORMAL,0,0,0,0,0,-1,0,0,0,0,0,96a3a41035eaadeb95d3552b0a448dbb96e726ad88f105587a4c03b4f1322e85,0f5d060921c56062d92cb4b4ac5649cc80f7ab7d35f5baf65a7997cee5d27fe4,,
final_0747,NORMAL,0,0,0,0,0,-1,0,0,0,0,0,eb2ca974d10ed3f097b656374522449242ebbb68979664fe2055b1031457b682,07e119300023198c90bddb8774cb8c705662cac6c223665d3c07396eac2ccfd9,,
final_0748,NORMAL,0,0,0,0,0,-1,0,0,0,0,0,6329ae72597ee4f8e6e6c4e674cb32504882db8d0b7ef03716289c0b6799d587,f811f77939b3403c388fbe43b98be205dd659cff95653619d796c1dde65288f6,,
final_0749,NORMAL,0,0,0,0,0,-1,0,0,0,0,0,4d3f5f9fdf6cddc93357d931a5f325a9417dbe3c166ea6a9de5329c411679d33,1458c44f205af784f938e39d27eec59d29c21f39369c3513988fd497111bc3c5,,
final_0750,NORMAL,0,0,0,0,0,-1,0,0,0,0,0,5ea53a4f288eb691513272c98097b8e66b25220db1028d903b5866b747a3e6ce,262ec3d24a9887091682f46bcfbe430f0888969c8bd59fab348f40d212b84917,,
final_0751,NORMAL,0,0,0,0,0,-1,0,0,0,0,0,26178b2beacfd78e41aa3fa35c1052dba365f735b8a945fb11031f23d6a11819,16f67b2b96abde3ac43ab7017cc6f187943c8b9900ef15c12c8c16055a29a5e8,,
final_0752,NORMAL,0,0,0,0,0,-1,0,0,0,0,0,0211c527a42502f05a9084070bfb7f7b955ad637eaafc712c8a5a293214ab5b4,3be33dc9d20a89cecb5b4ef603b51d3e78d665d74740239254fff105ccf348ad,,
final_0753,NORMAL,0,0,0,0,0,-1,0,0,0,0,0,38150ecf1b3c16f62b3837e3ba7d5d65698a881f7840671d57976c20285ec9f3,1d7eba2a31a758e61c38df060af784a730a3ea9ba0877739a1903dc43db4feb2,,
final_0754,NORMAL,0,0,0,0,0,-1,0,0,0,0,0,9ec267a0a37f05755fb30bf78cbf20f9474f2f4ba17d70dc510eb67303c593cd,6b814577c9d013d78dd143a0f28919046ff9bd03e100d13965b91ea7a149495d,,
final_0755,NORMAL,0,0,0,0,0,-1,0,0,0,0,0,c16d1273833f91f29f790e9f81b4cf828e2d49c227b7a7ab168e1b68965b1bd2,bb8429a144e3b293b3f3b02a41cae0daf6c2ed2957a249ebea54f87470b88901,,
final_0756,NORMAL,0,0,0,0,0,-1,0,0,0,0,0,75f247189455ded1423fc9783698020180d0a1612f18de060acb13a25c751bd0,d0df463340e49315742ece228496c9bfe4e6bdc2f9649824f972710c3b0f4491,,
final_0757,NORMAL,0,0,0,0,0,-1,0,0,0,0,0,d17effe155eb73c5f7b2ec6fa5190ca860c7426fd073f3b7791a394997a7e773,7cf90f3e1c763e5fe24239fdae695ec960a163d2e725e1f410c4c6bf6fa4c7a6,,
final_0758,NORMAL,0,0,0,0,0,-1,0,0,0,0,0,01236500ceb436bfbea0e4966e4b1228317479899d074295744c8876ebe538e3,0e9d3fef811de02cb595152c4a98f23d9e34c244dd0baa08eef0c6e500b460c5,,
final_0759,NORMAL,0,0,0,0,0,-1,0,0,0,0,0,623ca4a17f49008f1ca95d5d342cbcb9d04acd99c410f67074df23e3fd9cba9b,e112ebd9a05206078e73e4b92bfd0573eb4bf74e0c24b263f10ce5d46257b291,,
final_0760,NORMAL,0,0,0,0,0,-1,0,0,0,0,0,b0b91d6059107edb1ab6df0cbe3a9391f80c00e6008ec84db49425be78b3203d,3f64e6b47fa0d0b98197ad18065f33984137d79629959fb4d92392c1fb683f35,,
final_0761,NORMAL,0,0,0,0,0,-1,0,0,0,0,0,b0be78a57fcb72d08ffb6b875806e52a69250d133e8bc2159d30ebf9e300c30f,48728960eec5e40d6fd475d2ef9b35e000b0359fffa0a69f1c224e5b84a2056d,,
final_0762,NORMAL,0,0,0,0,0,-1,0,0,0,0,0,9a3d1bc45c3998043e975fd3403aa6e9ad871c9315abe11ba6dca375fb3e73ec,813ad0c65ef5f4c50bb954068a8f67a22643e55511c5bf0510d17b5098eb79e8,,
final_0763,NORMAL,0,0,0,0,0,-1,0,0,0,0,0,78ebe3c0e8624f2fff59aef97ab732d467ac5609a235cb3c3bd59fab99536de8,3d3a8186d37ea19c63e31a0a97435e6e72d080bb1926612ce83cfee19bf411b0,,
final_0764,NORMAL,0,0,0,0,0,-1,0,0,0,0,0,8b48bcc637d28a6dc8d9846e1b1ef102cd13db51ab89ea305de1ddcbab8a8670,591090c90c25fa0eff0760c673a793101e7941ae99915f773c9ffa00104f556c,,
final_0765,NORMAL,0,0,0,0,0,-1,0,0,0,0,0,97f0faa6875d54ea3a190b0c9fde58e1172c20bd66cbc5e234b506621f7122fb,a03823fc15b58ee26e6c1193cf5917b098d8a98ca37a3e24137a0a5579573ce5,,
final_0766,NORMAL,0,0,0,0,0,-1,0,0,0,0,0,161fec06654655e2b909030fa7f4089a2876cc42420886bf1c6f49474b842b9b,a03823fc15b58ee26e6c1193cf5917b098d8a98ca37a3e24137a0a5579573ce5,,
final_0767,NORMAL,0,0,0,0,0,-1,0,0,0,0,0,9acc9b1ed26a0c5a96db4bfcd69394a2c28c09cabee10cf2237105d7969f65ee,a03823fc15b58ee26e6c1193cf5917b098d8a98ca37a3e24137a0a5579573ce5,,
final_0768,NORMAL,0,0,0,0,0,-1,0,0,0,0,0,17a11fe8de33dd8283fe7345892a77651a2706b42c7935b825450ac3c82f341d,a03823fc15b58ee26e6c1193cf5917b098d8a98ca37a3e24137a0a5579573ce5,,
final_0769,NORMAL,0,0,0,0,0,-1,0,0,0,0,0,e40399ab80c6f89b9879afa726c5a061348ffd60d1e2879e7138712e722727b2,a03823fc15b58ee26e6c1193cf5917b098d8a98ca37a3e24137a0a5579573ce5,,
final_0770,NORMAL,0,0,0,0,0,-1,0,0,0,0,0,76e05d164180228b52480ed3cd3875b778b1185809680d1115b621169a636ba7,a03823fc15b58ee26e6c1193cf5917b098d8a98ca37a3e24137a0a5579573ce5,,
final_0771,NORMAL,0,0,0,0,0,-1,0,0,0,0,0,c0dfb9379c968febed7b8915e3cacd768595c012ebcd3e3c801a223197bbe4b8,a03823fc15b58ee26e6c1193cf5917b098d8a98ca37a3e24137a0a5579573ce5,,
final_0772,NORMAL,0,0,0,0,0,-1,0,0,0,0,0,b72fbe00f19086435696045a644fe1e98f38999067ef950927a4611ec2664d50,a03823fc15b58ee26e6c1193cf5917b098d8a98ca37a3e24137a0a5579573ce5,,
final_0773,NORMAL,0,0,0,0,0,-1,0,0,0,0,0,b69a6fd2a4fec27ed9d9c9fe8f05fbd3245b99af7a88101a9530ea930e87ad52,a03823fc15b58ee26e6c1193cf5917b098d8a98ca37a3e24137a0a5579573ce5,,
final_0774,NORMAL,0,0,0,0,0,-1,0,0,0,0,0,d36ad83e1f20818b1ff4bc94ca9c7557cc6e711c54f34f37b30cd7dbe2c29520,a03823fc15b58ee26e6c1193cf5917b098d8a98ca37a3e24137a0a5579573ce5,,
final_0775,NORMAL,0,0,0,0,0,-1,0,0,0,0,0,535af6e584d69fdb13b553ed01bf916bea6d64b4d54eaccec2205c1cb207bead,a03823fc15b58ee26e6c1193cf5917b098d8a98ca37a3e24137a0a5579573ce5,,
final_0776,NORMAL,0,0,0,0,0,-1,0,0,0,0,0,485f6ef0fa7ee4e65792062ce7153cad99a4d88f79709570f9572ab765386bd2,a03823fc15b58ee26e6c1193cf5917b098d8a98ca37a3e24137a0a5579573ce5,,
final_0777,NORMAL,0,0,0,0,0,-1,0,0,0,0,0,16e9a6c8e47066ed5383daefe6c569c91e7cb0119bc36413e2a14fdc9c81fab0,a03823fc15b58ee26e6c1193cf5917b098d8a98ca37a3e24137a0a5579573ce5,,
final_0778,NORMAL,0,0,0,0,0,-1,0,0,0,0,0,9cd85233b651f8ac6e7c0942ba9797d5396b9432c1318aa69a3dd900a4d52678,a03823fc15b58ee26e6c1193cf5917b098d8a98ca37a3e24137a0a5579573ce5,,
final_0779,NORMAL,0,0,0,0,0,-1,0,0,0,0,0,0e19c780718d86ee6661392fdda74242bd030f3b88cbb90cfadbf7de601c1407,a03823fc15b58ee26e6c1193cf5917b098d8a98ca37a3e24137a0a5579573ce5,,
final_0780,NORMAL,0,0,0,0,0,-1,0,0,0,0,0,c3817b925681ab55bec6b3ab5fbca0b2a4341753d997542d0d9f6a08b5e5e096,a03823fc15b58ee26e6c1193cf5917b098d8a98ca37a3e24137a0a5579573ce5,,
final_0781,NORMAL,0,0,0,0,0,-1,0,0,0,0,0,29d56aa8e254ad896e609f837d975878d838ed8a07002ac2f95d44bcd0747216,a03823fc15b58ee26e6c1193cf5917b098d8a98ca37a3e24137a0a5579573ce5,,
final_0782,NORMAL,0,0,0,0,0,-1,0,0,0,0,0,01f47b19787deb504dfe60dacbe117ec0c060dad5ccc63421502c0446d4959d8,a03823fc15b58ee26e6c1193cf5917b098d8a98ca37a3e24137a0a5579573ce5,,
final_0783,NORMAL,0,0,0,0,0,-1,0,0,0,0,0,197006191dc3e34278bf34c72ab204f0880c801ab61670544aa76237d7cb2d04,a03823fc15b58ee26e6c1193cf5917b098d8a98ca37a3e24137a0a5579573ce5,,
final_0784,NORMAL,0,0,0,0,0,-1,0,0,0,0,0,bd33d63d3be93d3fdf7672aea7fb9836d16f4a1aad8ee4aed5a2a9c447bf363c,a03823fc15b58ee26e6c1193cf5917b098d8a98ca37a3e24137a0a5579573ce5,,
final_0785,NORMAL,0,0,0,0,0,-1,0,0,0,0,0,62906edc7297c73b11a793eb87192cda50772f5c759a164064a02f1d1030ac69,a03823fc15b58ee26e6c1193cf5917b098d8a98ca37a3e24137a0a5579573ce5,,
final_0786,NORMAL,0,0,0,0,0,-1,0,0,0,0,0,b953a7fb13b833c54a9e745eace26dcbc45db3dead51ebc27e4b19d331c245fa,a03823fc15b58ee26e6c1193cf5917b098d8a98ca37a3e24137a0a5579573ce5,,
final_0787,NORMAL,0,0,0,0,0,-1,0,0,0,0,0,2187f55f7aa0eea6e36bb1ce6271c546ad4b443643cebae7d1ccb8f67cc54d79,a03823fc15b58ee26e6c1193cf5917b098d8a98ca37a3e24137a0a5579573ce5,,
final_0788,NORMAL,0,0,0,0,0,-1,0,0,0,0,0,b351d2a3bd350ce2f863838d492a56dbed796bb45d53b98d10b8be2495601b7e,a03823fc15b58ee26e6c1193cf5917b098d8a98ca37a3e24137a0a5579573ce5,,
final_0789,NORMAL,0,0,0,0,0,-1,0,0,0,0,0,366e89eab03592659009fdb692cb0aa704d49499d6d746bb0a9cbe748f897b09,a03823fc15b58ee26e6c1193cf5917b098d8a98ca37a3e24137a0a5579573ce5,,
final_0790,NORMAL,0,0,0,0,0,-1,0,0,0,0,0,139e1e7d57b0a34670e36aa7b1e19346e5baaf144f195331011a2f8eb9c4efd6,a03823fc15b58ee26e6c1193cf5917b098d8a98ca37a3e24137a0a5579573ce5,,
final_0791,NORMAL,0,0,0,0,0,-1,0,0,0,0,0,3e7a56ef8ee2d3f55179c13d9def6e568e8de8dd3ae7bc608fdbdac3612f794f,a03823fc15b58ee26e6c1193cf5917b098d8a98ca37a3e24137a0a5579573ce5,,
final_0792,NORMAL,0,0,0,0,0,-1,0,0,0,0,0,d04af10ba7d92b3b8c55ea4707373d64e0ecc34e34716e81035a1b05e4d10338,a03823fc15b58ee26e6c1193cf5917b098d8a98ca37a3e24137a0a5579573ce5,,
final_0793,NORMAL,0,0,0,0,0,-1,0,0,0,0,0,de2d1791f3718cd3714e12e0736abaa31909ae6602b8df69b9a1306a40f20ca6,a03823fc15b58ee26e6c1193cf5917b098d8a98ca37a3e24137a0a5579573ce5,,
final_0794,NORMAL,0,0,0,0,0,-1,0,0,0,0,0,f9b43a784e58e84316f5b2b7608a889525e60bfd453940d72f154b2c1c4ad01b,a03823fc15b58ee26e6c1193cf5917b098d8a98ca37a3e24137a0a5579573ce5,,
final_0795,NORMAL,0,0,0,0,0,-1,0,0,0,0,0,088bd2649ffa838e7c90b0aea992be305d85044b52fc1a4d022764eb0d0a90f6,a03823fc15b58ee26e6c1193cf5917b098d8a98ca37a3e24137a0a5579573ce5,,
final_0796,NORMAL,0,0,0,0,0,-1,0,0,0,0,0,f8029b9a03668d49a4e1ec37fd4a235faefe8446973da3efd435054e7166509d,a03823fc15b58ee26e6c1193cf5917b098d8a98ca37a3e24137a0a5579573ce5,,
final_0797,NORMAL,0,0,0,0,0,-1,0,0,0,0,0,e08d942c931efdff354406a5e44a6fd66d0019db994ac75638a4b36894fd2944,a03823fc15b58ee26e6c1193cf5917b098d8a98ca37a3e24137a0a5579573ce5,,
final_0798,NORMAL,0,0,0,0,0,-1,0,0,0,0,0,171ccbb4b4b0eefb8da8c28725dc12ddef2366fcc0a0d22daa76daf74a3cb8e7,a03823fc15b58ee26e6c1193cf5917b098d8a98ca37a3e24137a0a5579573ce5,,
final_0799,NORMAL,0,0,0,0,0,-1,0,0,0,0,0,bc0ad1b0ee22cc402dbd0fcdca475089762946f793b150b87be122eea9505eb0,a03823fc15b58ee26e6c1193cf5917b098d8a98ca37a3e24137a0a5579573ce5,,
final_0800,NORMAL,0,0,0,0,0,-1,0,0,0,0,0,07e70a01730570ce97d36ec869a213fc87bc71446723f93fd5418228a5322586,a03823fc15b58ee26e6c1193cf5917b098d8a98ca37a3e24137a0a5579573ce5,,
final_0801,NORMAL,0,0,0,0,0,-1,0,0,0,0,0,4385a8f36a9c09869d150c716a57a8615d6c4adb49b91bae269ba2d96e261123,a03823fc15b58ee26e6c1193cf5917b098d8a98ca37a3e24137a0a5579573ce5,,
final_0802,NORMAL,0,0,0,0,0,-1,0,0,0,0,0,dd28d86db86341909fd129b111b6f4feb18e6ceda15c5ed54d7807f7ea456725,a03823fc15b58ee26e6c1193cf5917b098d8a98ca37a3e24137a0a5579573ce5,,
final_0803,NORMAL,0,0,0,0,0,-1,0,0,0,0,0,87b499606acc7df65d996c7c23635f262fa5938fe324b560c7fd5cc0a5df719c,a03823fc15b58ee26e6c1193cf5917b098d8a98ca37a3e24137a0a5579573ce5,,
final_0804,NORMAL,0,0,0,0,0,-1,0,0,0,0,0,697700079ea8f9532eb165bc9b66d7b7a61ab3c90d8161019746be35189b009b,a03823fc15b58ee26e6c1193cf5917b098d8a98ca37a3e24137a0a5579573ce5,,
final_0805,NORMAL,0,0,0,0,0,-1,0,0,0,0,0,9520ddf82311caae137fb26691f4d5d6e9dcd96666151aff1d5ffa5740bc69f5,a03823fc15b58ee26e6c1193cf5917b098d8a98ca37a3e24137a0a5579573ce5,,
final_0806,NORMAL,0,0,0,0,0,-1,0,0,0,0,0,cb40a6a297dd7b257b63da073a258639151576b7a4e65c46362fc030086e832f,a03823fc15b58ee26e6c1193cf5917b098d8a98ca37a3e24137a0a5579573ce5,,
final_0807,NORMAL,0,0,0,0,0,-1,0,0,0,0,0,bf88481264691d68365c799a7d7b959a6a8eb5534cd699cf369d169af22ced56,a03823fc15b58ee26e6c1193cf5917b098d8a98ca37a3e24137a0a5579573ce5,,
final_0808,NORMAL,0,0,0,0,0,-1,0,0,0,0,0,ea456c8687d9499244231864aea9ef2f1598acbf7235f9b98d8d67dd47c1fe1f,a03823fc15b58ee26e6c1193cf5917b098d8a98ca37a3e24137a0a5579573ce5,,
final_0809,NORMAL,0,0,0,0,0,-1,0,0,0,0,0,864ffe5e33571d466606ba86a6ab770b800f14b092cb01dcacae960101a56b09,a03823fc15b58ee26e6c1193cf5917b098d8a98ca37a3e24137a0a5579573ce5,,
final_0810,NORMAL,0,0,0,0,0,-1,0,0,0,0,0,a209542d4382b145d1a3cbf3e24eb75aa89042f7a92525d747bcacd63df0e715,a03823fc15b58ee26e6c1193cf5917b098d8a98ca37a3e24137a0a5579573ce5,,
final_0811,NORMAL,0,0,0,0,0,-1,0,0,0,0,0,85062605f72c3624223dac879badb5da7bb0d71390682bb3887a73e4ce3520f0,a03823fc15b58ee26e6c1193cf5917b098d8a98ca37a3e24137a0a5579573ce5,,
final_0812,NORMAL,0,0,0,0,0,-1,0,0,0,0,0,d8c0e7b16641fdcb48d2b3c91e2c48cfaa25e97d635925c4e83b4cd6c5083c4e,a03823fc15b58ee26e6c1193cf5917b098d8a98ca37a3e24137a0a5579573ce5,,
final_0813,NORMAL,0,0,0,0,0,-1,0,0,0,0,0,bdc9ec06269f54b2c68592f803a4ea87fff8175b10c0c60b0afe7c648b3d023b,a03823fc15b58ee26e6c1193cf5917b098d8a98ca37a3e24137a0a5579573ce5,,
final_0814,NORMAL,0,0,0,0,0,-1,0,0,0,0,0,9b3af14991ff527d70a0f12f58ba8d93280f76c7e01d7ca8d46afdea54d4f27d,a03823fc15b58ee26e6c1193cf5917b098d8a98ca37a3e24137a0a5579573ce5,,
final_0815,NORMAL,0,0,0,0,0,-1,0,0,0,0,0,e94f8292e1ffaf60c3af3c41d2e505d22e9a1133535690d08baa8d033f6d07a2,a03823fc15b58ee26e6c1193cf5917b098d8a98ca37a3e24137a0a5579573ce5,,
final_0816,NORMAL,0,0,0,0,0,-1,0,0,0,0,0,ccb369f9d1b96a6b44e1165ea8dcfb93aee0fe0bcbb7be37b0d116ebc00e396c,a03823fc15b58ee26e6c1193cf5917b098d8a98ca37a3e24137a0a5579573ce5,,
final_0817,NORMAL,0,0,0,0,0,-1,0,0,0,0,0,94eb34c070df1cc0bf17c65f02ebc3aec6e142dd624190869f7776e3e956d3c7,a03823fc15b58ee26e6c1193cf5917b098d8a98ca37a3e24137a0a5579573ce5,,
final_0818,NORMAL,0,0,0,0,0,-1,0,0,0,0,0,30e449498dd0e68bae2f568156a2f329f7816b43a6120b37354d475a4b6e0538,a03823fc15b58ee26e6c1193cf5917b098d8a98ca37a3e24137a0a5579573ce5,,
final_0819,NORMAL,0,0,0,0,0,-1,0,0,0,0,0,dcd7c6e91b36f9f23081940b10b083848a95e9d3ec5bc11887c71b8e3e67065a,a03823fc15b58ee26e6c1193cf5917b098d8a98ca37a3e24137a0a5579573ce5,,
final_0820,NORMAL,0,0,0,0,0,-1,0,0,0,0,0,15af8acdc61e5e4a81b7c3898330f672f91a58792f783fe83f27d14920fa19a5,a03823fc15b58ee26e6c1193cf5917b098d8a98ca37a3e24137a0a5579573ce5,,
final_0821,NORMAL,0,0,0,0,0,-1,0,0,0,0,0,7dae763e2958a990b50982cc14396eaba992d0e19c316cb8c717a2539047d468,a03823fc15b58ee26e6c1193cf5917b098d8a98ca37a3e24137a0a5579573ce5,,
final_0822,NORMAL,0,0,0,0,0,-1,0,0,0,0,0,c27d4de25a09d199b8c8846632f49e6eb8eda50bcf0338c715b3acbdfd71a31f,a03823fc15b58ee26e6c1193cf5917b098d8a98ca37a3e24137a0a5579573ce5,,
final_0823,NORMAL,0,0,0,0,0,-1,0,0,0,0,0,4940aa3606400a4293accc16f7cd9926596441f09260285fd0555144aa204803,a03823fc15b58ee26e6c1193cf5917b098d8a98ca37a3e24137a0a5579573ce5,,
final_0824,NORMAL,0,0,0,0,0,-1,0,0,0,0,0,e85f815b1e96ce2c3a569708aa70324b04e68a6219777e568f4acfae67e6a021,a03823fc15b58ee26e6c1193cf5917b098d8a98ca37a3e24137a0a5579573ce5,,
final_0825,NORMAL,0,0,0,0,0,-1,0,0,0,0,0,59fc6a0d665998099fe4af8dafc12d9f96df391802d9ca929aa2aefdcc3d561f,a03823fc15b58ee26e6c1193cf5917b098d8a98ca37a3e24137a0a5579573ce5,,
final_0826,NORMAL,0,0,0,0,0,-1,0,0,0,0,0,1ee3334e9dc08f760f6a74cf1a0b6990239563629e08534aa16a68d2bf74f031,a03823fc15b58ee26e6c1193cf5917b098d8a98ca37a3e24137a0a5579573ce5,,
final_0827,NORMAL,0,0,0,0,0,-1,0,0,0,0,0,c6b24d7b5fa712dc75b235a611c8479a2912c41024b8b46f4047d803849b44d0,a03823fc15b58ee26e6c1193cf5917b098d8a98ca37a3e24137a0a5579573ce5,,
final_0828,NORMAL,0,0,0,0,0,-1,0,0,0,0,0,165202d40d528f1e27339d1aaf2e6a7551d738d50f4e78b77134fb74d5062f31,a03823fc15b58ee26e6c1193cf5917b098d8a98ca37a3e24137a0a5579573ce5,,
final_0829,NORMAL,0,0,0,0,0,-1,0,0,0,0,0,12651537c52747cfa44dc42539d863fec46343275fac91e4f4942f22eeb87328,a03823fc15b58ee26e6c1193cf5917b098d8a98ca37a3e24137a0a5579573ce5,,
final_0830,NORMAL,0,0,0,0,0,-1,0,0,0,0,0,ffe8c83bc38dc4db4ffab829e0b874f3cb391a87d41327408e903330ee1da34e,a03823fc15b58ee26e6c1193cf5917b098d8a98ca37a3e24137a0a5579573ce5,,
final_0831,NORMAL,0,0,0,0,0,-1,0,0,0,0,0,e47d832c89236a58f1e777db444b8dd09c17fdb420768a31c7846d5855e5f107,a03823fc15b58ee26e6c1193cf5917b098d8a98ca37a3e24137a0a5579573ce5,,
final_0832,NORMAL,0,0,0,0,0,-1,0,0,0,0,0,a53e31c51b18f0f1cac7e9819c7db8dc07caafe81abb13896d4550516a24340d,a03823fc15b58ee26e6c1193cf5917b098d8a98ca37a3e24137a0a5579573ce5,,
final_0833,NORMAL,0,0,0,0,0,-1,0,0,0,0,0,5b6d6777d5ae074a829fc3203bd9b728199c7db6a97d3d74d3d257510b2b2bcb,a03823fc15b58ee26e6c1193cf5917b098d8a98ca37a3e24137a0a5579573ce5,,
final_0834,NORMAL,0,0,0,0,0,-1,0,0,0,0,0,bf05dcb836608bee5dd17ccc09eed42774b78226a51301c6eaaf6fa08dd1db34,a03823fc15b58ee26e6c1193cf5917b098d8a98ca37a3e24137a0a5579573ce5,,
final_0835,NORMAL,0,0,0,0,0,-1,0,0,0,0,0,8d5f699be5baed8fe414b2936e07c8cf55e277475779124b8150375376e47755,a03823fc15b58ee26e6c1193cf5917b098d8a98ca37a3e24137a0a5579573ce5,,
final_0836,NORMAL,0,0,0,0,0,-1,0,0,0,0,0,c135d1bfbb3f679a5206b9c197ba40519e4062ba87754a3da72f5ec302f2b3fb,a03823fc15b58ee26e6c1193cf5917b098d8a98ca37a3e24137a0a5579573ce5,,
final_0837,NORMAL,0,0,0,0,0,-1,0,0,0,0,0,d4f38c2dae12361e722e89832eedf37a128e0655018236aa744a5f044519f26b,a03823fc15b58ee26e6c1193cf5917b098d8a98ca37a3e24137a0a5579573ce5,,
final_0838,NORMAL,0,0,0,0,0,-1,0,0,0,0,0,3c4ee7fdc730a04d09081b82670a301102ef4d45d83aff9e9ba33aa07cb4908e,a03823fc15b58ee26e6c1193cf5917b098d8a98ca37a3e24137a0a5579573ce5,,
final_0839,NORMAL,0,0,0,0,0,-1,0,0,0,0,0,9a3ca6c666b692acd99885a9164eb5376b84ae6757ff47ff9d758a1199619185,a03823fc15b58ee26e6c1193cf5917b098d8a98ca37a3e24137a0a5579573ce5,,
final_0840,NORMAL,0,0,0,0,0,-1,0,0,0,0,0,2e5a62413a8492287afc6cdc85d18619df312351497aca3b5440d06d5a75d8b6,a03823fc15b58ee26e6c1193cf5917b098d8a98ca37a3e24137a0a5579573ce5,,
final_0841,NORMAL,0,0,0,0,0,-1,0,0,0,0,0,328ce92c3d241c369772b2298c4b1c7768f1a49efaa04df50584479a2687b0c1,a03823fc15b58ee26e6c1193cf5917b098d8a98ca37a3e24137a0a5579573ce5,,
final_0842,NORMAL,0,0,0,0,0,-1,0,0,0,0,0,2c5f291daa3fe3064f6372c3e5eb81e66c7b881b38069e61b565eee2d2d6554b,a03823fc15b58ee26e6c1193cf5917b098d8a98ca37a3e24137a0a5579573ce5,,
final_0843,NORMAL,0,0,0,0,0,-1,0,0,0,0,0,e476046697f2b7c2d32e1fda11ef7157c4ff00d3c0042528bab49944d51e411b,a03823fc15b58ee26e6c1193cf5917b098d8a98ca37a3e24137a0a5579573ce5,,
final_0844,NORMAL,0,0,0,0,0,-1,0,0,0,0,0,da241b98e41ce426bbf2c6e7d8075816f488bfe4490c5ba2fdbce771a9382fe5,a03823fc15b58ee26e6c1193cf5917b098d8a98ca37a3e24137a0a5579573ce5,,
final_0845,NORMAL,0,0,0,0,0,-1,0,0,0,0,0,431f5e9d97018bde1d04d37c52bb641640ce761f0e7abb843457fd5c82c4b378,a03823fc15b58ee26e6c1193cf5917b098d8a98ca37a3e24137a0a5579573ce5,,
final_0846,NORMAL,0,0,0,0,0,-1,0,0,0,0,0,2ca4c023810bc476188b05072475a012bcfeaa1f247d96ccdb4697ec2b793303,a03823fc15b58ee26e6c1193cf5917b098d8a98ca37a3e24137a0a5579573ce5,,
final_0847,NORMAL,0,0,0,0,0,-1,0,0,0,0,0,d8a400328a76bfb95ff1bb08d3a787c1e7b9cc95f083fecbde805292e46dc590,a03823fc15b58ee26e6c1193cf5917b098d8a98ca37a3e24137a0a5579573ce5,,
final_0848,NORMAL,0,0,0,0,0,-1,0,0,0,0,0,f2369a8118526ae61eda15e31a4f679e8e40087d4da2fead7ea9d5184a77cea6,a03823fc15b58ee26e6c1193cf5917b098d8a98ca37a3e24137a0a5579573ce5,,
final_0849,NORMAL,0,0,0,0,0,-1,0,0,0,0,0,09d72175afa7cbf0c6f8d9602a9f1a70142cf865c3484bced1efacc8ab45c13b,a03823fc15b58ee26e6c1193cf5917b098d8a98ca37a3e24137a0a5579573ce5,,
final_0850,NORMAL,0,0,0,0,0,-1,0,0,0,0,0,c72031a8a189aebc4d7fc8d11347ef64011b88810997660aebc7a08153ab221a,a03823fc15b58ee26e6c1193cf5917b098d8a98ca37a3e24137a0a5579573ce5,,
final_0851,NORMAL,0,0,0,0,0,-1,0,0,0,0,0,d6a37ae64373442eb5918f800d3c5157ccf1cbc462c6539c652a9f4f0f8e0970,a03823fc15b58ee26e6c1193cf5917b098d8a98ca37a3e24137a0a5579573ce5,,
final_0852,NORMAL,0,0,0,0,0,-1,0,0,0,0,0,ccb2c688d76460854a116a2e2a923d0f3f5adff10cd47a6abd7b66fc4a7cc50e,a03823fc15b58ee26e6c1193cf5917b098d8a98ca37a3e24137a0a5579573ce5,,
final_0853,NORMAL,0,0,0,0,0,-1,0,0,0,0,0,8f2539981e022019c638a262e4be8e11e2eadfe7a1346ef67a0ddf8d62c7ae45,a03823fc15b58ee26e6c1193cf5917b098d8a98ca37a3e24137a0a5579573ce5,,
final_0854,NORMAL,0,0,0,0,0,-1,0,0,0,0,0,84c8e97280e29462e2d14652fa1e40209b199b95b0bea89e956ce4cb8ff39880,a03823fc15b58ee26e6c1193cf5917b098d8a98ca37a3e24137a0a5579573ce5,,
final_0855,NORMAL,0,0,0,0,0,-1,0,0,0,0,0,75bb6b64e6fd6d049fdf062dea12efad39d52afda7362131a341ed1fe896fa5d,4f3f4a9f5f1400dd103749ea535fbf54d48d1c25975578a9bd42c6d2a39b6032,,
final_0856,NORMAL,0,0,0,0,0,-1,0,0,0,0,0,bb8c45b5f9d566295825bf6c00eb323ecf779cd30092c98db689c04d61818bac,76cf0f9741a43a71c6ff4fcddce290d45e465270e1d092cb012c9996fde04be1,,
final_0857,NORMAL,0,0,0,0,0,-1,0,0,0,0,0,425185719369ec151e44098f4c181d2635615983d56283905052a929bc28a3a0,cf5e6e1a4c7c3cb2b49ce3bb768f970eb5e13ecc12a4ccda2739bf60b84944ec,,
final_0858,NORMAL,0,0,0,0,0,-1,0,0,0,0,0,4f2018f2398f261401156343b5aa5ddc2f6c8bfa594ba98c877b1be8e77d5d30,a03823fc15b58ee26e6c1193cf5917b098d8a98ca37a3e24137a0a5579573ce5,,
final_0859,NORMAL,0,0,0,0,0,-1,0,0,0,0,0,6f9aff92c4b665ec125d9736421c7c6e49a8186a2d298963fb30a79434ad1c7f,a03823fc15b58ee26e6c1193cf5917b098d8a98ca37a3e24137a0a5579573ce5,,
final_0860,NORMAL,0,0,0,0,0,-1,0,0,0,0,0,03bce6fcff024d6b6108ed5881de84e8d83ded520f86c58aa11a166bc443d6ad,a03823fc15b58ee26e6c1193cf5917b098d8a98ca37a3e24137a0a5579573ce5,,
final_0861,NORMAL,0,0,0,0,0,-1,0,0,0,0,0,e5d9cca453ab5bf3a64821e5a3351898ba1471b3b97250a4daba81efdc905364,a03823fc15b58ee26e6c1193cf5917b098d8a98ca37a3e24137a0a5579573ce5,,
final_0862,NORMAL,0,0,0,0,0,-1,0,0,0,0,0,18ff7892c985e6a7af151eff2af92d2155118e7e2684ced206d0ebf4f72a7b19,a03823fc15b58ee26e6c1193cf5917b098d8a98ca37a3e24137a0a5579573ce5,,
final_0863,NORMAL,0,0,0,0,0,-1,0,0,0,0,0,a4b77a898bda15b99d6dd6cd9750c144d82dea2f0feecfc0407c94392613ef9d,a03823fc15b58ee26e6c1193cf5917b098d8a98ca37a3e24137a0a5579573ce5,,
final_0864,NORMAL,0,0,0,0,0,-1,0,0,0,0,0,b394511c5c64beba4b306c344239d03a6f5ba0d2e53a42c9d6d34b2abb8a21c6,a03823fc15b58ee26e6c1193cf5917b098d8a98ca37a3e24137a0a5579573ce5,,
final_0865,NORMAL,0,0,0,0,0,-1,0,0,0,0,0,c6365c535a2be93b16248907ca7ee934c569ff4bca5418ac8b07f4ef2b3b7f38,a03823fc15b58ee26e6c1193cf5917b098d8a98ca37a3e24137a0a5579573ce5,,
final_0866,NORMAL,0,0,0,0,0,-1,0,0,0,0,0,c319db0598ff0da860688f7d7a196cd0b531a06c0e55a07b2bdba6dd186c29d2,a03823fc15b58ee26e6c1193cf5917b098d8a98ca37a3e24137a0a5579573ce5,,
final_0867,NORMAL,0,0,0,0,0,-1,0,0,0,0,0,1a17fdfaba7cf1377775fdc6d66e4ed89785eddd81dcd1f2fdad6aaa3eccce74,a03823fc15b58ee26e6c1193cf5917b098d8a98ca37a3e24137a0a5579573ce5,,
final_0868,NORMAL,0,0,0,0,0,-1,0,0,0,0,0,57f0340e36ae517a0e641b3a3555ad64efc0cbaf01251b0fb7de8e632c8af3a3,a03823fc15b58ee26e6c1193cf5917b098d8a98ca37a3e24137a0a5579573ce5,,
final_0869,NORMAL,0,0,0,0,0,-1,0,0,0,0,0,eaf05e5d75be69d0da4021ae4bd870bd4a090f83288bdd1bcb68ce3c81ba964a,a03823fc15b58ee26e6c1193cf5917b098d8a98ca37a3e24137a0a5579573ce5,,
final_0870,NORMAL,0,0,0,0,0,-1,0,0,0,0,0,24364f41e6814a4eaaee0e868a107afe851b534a10452456bb68c9997febe6d0,1cf92e83856cdad3c810a8d0e3d6b9c4fb9a6f479f160d3ea4e03440bc4afdaf,,
final_0871,NORMAL,0,0,0,0,0,-1,0,0,0,0,0,459763cad590e139ad79853610604faa5a47272af071ae451405e5690bd5f23a,f1d3fb9f814bd10c149465979a02e3962e89bb18e3de60a17cdcb381271e7d5e,,
final_0872,NORMAL,0,0,0,0,0,-1,0,0,0,0,0,4cc35f116c10fa8548220f218fb81e43675b82998bc1a3107c810f7cd29b7284,a64837f6981be9faa27867ab02c004abda47f1b6e4779acb123614061b6a6ed8,,
final_0873,NORMAL,0,0,0,0,0,-1,0,0,0,0,0,274f4da61f428ef8d2f57fe1f2912bafc047b4d72193a34fae796d6f6e7f2ac2,d62293df1e5e6599861cff9acb0d6f23093387895fa176f5ce83cbb3a5d12618,,
final_0874,NORMAL,0,0,0,0,0,-1,0,0,0,0,0,27f927e39ddc230c0be7feadaef5ce4ba4b78580fe9892bb701d7c9d6debd9a5,d62293df1e5e6599861cff9acb0d6f23093387895fa176f5ce83cbb3a5d12618,,
final_0875,NORMAL,0,0,0,0,0,-1,0,0,0,0,0,78262e16707443be0289203ca96797e201311890aaef2f5f7aa12fbce5fcbf64,184d6ce89e0438f6cf746921058fd80073cb138f0a35ce12e24057665e240932,,
final_0876,NORMAL,0,0,0,0,0,-1,0,0,0,0,0,d6d34c5ab9f2d788fb97e2e30c93a0db9425123693ee7753cb831abaa23d62f3,a1375f22be0dceb75362e74f950c969226115c8b706f81b63857e81f1026bed1,,
final_0877,NORMAL,0,0,0,0,0,-1,0,0,0,0,0,97be41de9df431eea258215732c3843071fce68f33227d8fde60399b3290ba80,a1375f22be0dceb75362e74f950c969226115c8b706f81b63857e81f1026bed1,,
final_0878,NORMAL,0,0,0,0,0,-1,0,0,0,0,0,844b7874e94fbe247b5f3fd81f500abd125cc9aac1333bc736f20ab29121fcdc,795331c55fcd83da0f500447fade50e55eb2442f07ef002b23dfb0308889b217,,
final_0879,NORMAL,0,0,0,0,0,-1,0,0,0,0,0,240698730c4f8bc9bb0f3d1525fd0ef85786a4ffd11bd383006d05202cbee1bb,66ac44bc849a2b53f597c04c6343c1d0be70c532a4b6098730a3d93cf23e2a00,,
final_0880,NORMAL,0,0,0,0,0,-1,0,0,0,0,0,af03f64f562d990c2878de5725b45851981c08fff70a1372f6fd62fe3dc8371a,66ac44bc849a2b53f597c04c6343c1d0be70c532a4b6098730a3d93cf23e2a00,,
final_0881,NORMAL,0,0,0,0,0,-1,0,0,0,0,0,fd094075ce07a876738cdd369932bc173ad6a26d0f7ac88d0289fd6cdbbcafb0,f308d34792485a83f4bf6b49f4f60d5f5490b484ec4155b27399bc1b3503c079,,
final_0882,NORMAL,0,0,0,0,0,-1,0,0,0,0,0,ecbcd6b745acdac3f5014e5c8139f7dd7d012d58a5d68f5ff2db6039ab435266,07c1c2c29de64595948ae643304a6dfd7a525e2cd1c436ac5cd94fa6d7190c02,,
final_0883,NORMAL,0,0,0,0,0,-1,0,0,0,0,0,e19f14d34ce070f8e5ba0f3accba3e3eaa856ec1558b965150277e05a2dfc2a4,07c1c2c29de64595948ae643304a6dfd7a525e2cd1c436ac5cd94fa6d7190c02,,
final_0884,NORMAL,0,0,0,0,0,-1,0,0,0,0,0,43c65c25fd9d647f5f5ca720423e66d3fd001ed9d85c4591ef05fdc1cc8c1ed1,a2e07bbbd94edbafbadc5cfff61dff474666a0a84d9f0f7cac7941625ac80cee,,
final_0885,NORMAL,0,0,0,0,0,-1,0,0,0,0,0,8904f3fa581f6897319e55422a5a958a2b090c8d8aa1d91923a684ea5ef16450,0b987530836ab3a4b1559c2b1907c412e7ef3c6c3420a35bb2d2dcf10f4fe92a,,
final_0886,NORMAL,0,0,0,0,0,-1,0,0,0,0,0,9651835182b2a5e59a3962b6e6d774d31a81a32338a23dd0e3bffb6cbac55178,581a4ad6e86c5cc8c71ec68ecd91ed93d369978a636bf61bf2e1a61524614d5d,,
final_0887,NORMAL,0,0,0,0,0,-1,0,0,0,0,0,f25a0660be53439f2729909168ecd14b21a729d68b23372ee5baf8d4c33e0d57,b8a17ce1b5653efe421dea3a24b168db67951373b051c2c0c3323d60adc538ad,,
final_0888,NORMAL,0,0,0,0,0,-1,0,0,0,0,0,9e253d991e1f8d2dd11b97afb68e0e076b9ad1e6a3829eefbdeb563f12a4eaa6,5297d756b94b0a786059bd2ec685de1511eeca7c0fe8e2374403620cfef04b59,,
final_0889,NORMAL,0,0,0,0,0,-1,0,0,0,0,0,b7fd08ba0f9575392ee13cbe53ebd0bded8d64000621b6f424bcc0b30480c1a7,9bccb21306e1fa6862d5b2acfefcb8da69c3190f9e3fa571df7268f917fbcc39,,
final_0890,NORMAL,0,0,0,0,0,-1,0,0,0,0,0,2fbbd7c2069776071080eed202be3dad06c96619047b3a1acbcbae0edc78c4a2,38620a5cfc1485202dc1ccd47bca3fb2ef84bbf0d800149ba0e447f55f56b977,,
final_0891,NORMAL,0,0,0,0,0,-1,0,0,0,0,0,c70208ae1d0de82184092be7676aa0ca26c78f6fcef17f0ce423fbff48036a83,39078e06bdea4c1df4627632583f0805dfd132091d163a45a3a5784fe8462ae4,,
final_0892,NORMAL,0,0,0,0,0,-1,0,0,0,0,0,318eb0d24681911e3944095ded375953f00e86a90ed9e737804af7ea0b4f7021,3506c38acc66993f472fa089ba75da3130aea2dc4aece9f307845e19efcbfca3,,
final_0893,NORMAL,0,0,0,0,0,-1,0,0,0,0,0,fca82f1bb9eda6be42dd3d16ccc40c4f69b539db0e3716d9dde8c4024133f471,c3804f4d06e45e61f9090c5df125dd95e53b7e4ce1c4c75ca99c371b5ab81be4,,
final_0894,NORMAL,0,0,0,0,0,-1,0,0,0,0,0,110892ec41221cfb83249568e7f3f309d234cc8e9b75bbcae300857a637e4703,5993c11870ada40389236aee662716a9a779e33d7b89671c71aab69725eeb84e,,
final_0895,NORMAL,0,0,0,0,0,-1,0,0,0,0,0,54434d2120a2638a43b484610160ff16e4026b4a9ff4c8fb86b1252af2cff2e6,25aa6b4cb62df293d5a8df270c61269e2c65ec978667e96bf217decfe193e81f,,
final_0896,NORMAL,0,0,0,0,0,-1,0,0,0,0,0,00ef6f2a70b70ed9e402e69a253aa02d862dc568cc0e489ee5bbb8c92ce850b0,d60fbf3e30840131f01bddef8214a1898af75b07ed2bc163eef11e3952c58340,,
final_0897,NORMAL,0,0,0,0,0,-1,0,0,0,0,0,cbb9612ac7cf0160cef775762ac85ac988cde725f32ec3f417db103de200c89c,a46921bb1229d52bb9c75c8d88efa49cf681c169d4dd105d71e668130bde6ecd,,
final_0898,NORMAL,0,0,0,0,0,-1,0,0,0,0,0,de9d479c942975213ab69fc0408fb4ce8801ee20e649383f4181f46a840b9f80,0db6d1574c0a0236859c69ef83dbe638607baa6380f1f364070b0ab5cb78ccbb,,
final_0899,NORMAL,0,0,0,0,0,-1,0,0,0,0,0,7e9ebdd865c01cd6453eec4c731d290ef4bd12070bfcd113a1ab4d6998beadb6,1319207e5aedfc21c0ebbfd388b82cb480121f62227efca55f68f050531ccfd2,,
