time_ms,detector_state,anomaly_belief,anomaly_plausibility,anomaly_decision_score,anomaly_ignorance,detection_conflict,estimated_origin,origin_score,origin_belief,origin_plausibility,origin_margin,origin_ignorance,localization_conflict,propagation_support,observed_evidence_path,alarm,localization_valid,alarm_timestamp_ms,localization_timestamp_ms,detection_fallback,localization_fallback,timing_evidence,timing_detection_reliability,timing_origin_reliability,communication_evidence,communication_detection_reliability,communication_origin_reliability,memory_control_evidence,memory_control_detection_reliability,memory_control_origin_reliability,sensor_control_evidence,sensor_control_detection_reliability,sensor_control_origin_reliability,actuator_evidence,actuator_detection_reliability,actuator_origin_reliability,plant_evidence,plant_detection_reliability,plant_origin_reliability,detection_K_0,localization_K_0,detection_K_1,localization_K_1,detection_K_2,localization_K_2,detection_K_3,localization_K_3,detection_K_4,localization_K_4,detection_K_5,localization_K_5,detection_K_6,localization_K_6,origin_mass_1,origin_mass_2,origin_mass_3,origin_mass_4,origin_mass_5,origin_mass_6,origin_mass_7,origin_mass_8,origin_mass_9,origin_mass_10,origin_mass_11,origin_mass_12,origin_mass_13,origin_mass_14,origin_mass_15,origin_mass_16,origin_mass_17,origin_mass_18,origin_mass_19,origin_mass_20,origin_mass_21,origin_mass_22,origin_mass_23,origin_mass_24,origin_mass_25,origin_mass_26,origin_mass_27,origin_mass_28,origin_mass_29,origin_mass_30,origin_mass_31,detection_mass_normal,detection_mass_abnormal,detection_mass_ignorance
0,NORMAL,0,1,0,1,0,UNKNOWN,0.20000000000000001,0,1,0,1,0,0,0,0,0,-1,-1,0,0,0,1,1,0,1,1,0,1,1,0,1,1,0,1,1,0,1,1,0,0,0,0,0,0,0,0,0,0,0,0,0,0,0,0,0,0,0,0,0,0,0,0,0,0,0,0,0,0,0,0,0,0,0,0,0,0,0,0,0,0,0,0,1,0,0,1
100,NORMAL,0.015438079833984375,1,0.015438079833984375,0.98456192016601562,0,UNKNOWN,0.20463142395019532,0,1,0,0.98456192016601562,0,0,0,0,0,-1,-1,0,0,0,1,1,0,1,1,0,1,1,0.015438079833984375,1,1,0,1,1,0,1,1,0,0,0,0,0,0,0,0,0,0,0,0,0,0,0,0,0,0,0,0,0,0,0,0,0,0.015438079833984375,0,0,0,0,0,0,0,0,0,0,0,0,0,0,0,0,0,0,0.98456192016601562,0,0.015438079833984375,0.98456192016601562
200,NORMAL,0.023886806028895084,1,0.023886806028895084,0.97611319397110496,0,UNKNOWN,0.20716604180866854,0,1,0,0.97611319397110496,0,0,0,0,0,-1,-1,0,0,0,1,1,0,1,1,0,1,1,0.01168060302734375,1,1,0,1,1,0,1,1,0,0,0,0,0,0,0,0,0,0,0,0,0,0,0,0,0,0,0,0,0,0,0,0,0,0.023886806028895084,0,0,0,0,0,0,0,0,0,0,0,0,0,0,0,0,0,0,0.97611319397110496,0,0.023886806028895084,0.97611319397110496
300,NORMAL,0.026982193114483272,1,0.026982193114483272,0.97301780688551676,0,UNKNOWN,0.20809465793434501,0,1,0,0.97301780688551676,0,0,0,0,0,-1,-1,0,0,0,1,1,0,1,1,0,1,1,0.008026123046875,1,1,0,1,1,0,1,1,0,0,0,0,0,0,0,0,0,0,0,0,0,0,0,0,0,0,0,0,0,0,0,0,0,0.026982193114483272,0,0,0,0,0,0,0,0,0,0,0,0,0,0,0,0,0,0,0.97301780688551676,0,0.026982193114483272,0.97301780688551676
400,NORMAL,0.025956341197711313,1,0.025956341197711313,0.97404365880228871,0,UNKNOWN,0.20778690235931341,0,1,0,0.97404365880228871,0,0,0,0,0,-1,-1,0,0,0,1,1,0,1,1,0,1,1,0.004467010498046875,1,1,0,1,1,0,1,1,0,0,0,0,0,0,0,0,0,0,0,0,0,0,0,0,0,0,0,0,0,0,0,0,0,0.025956341197711313,0,0,0,0,0,0,0,0,0,0,0,0,0,0,0,0,0,0,0.97404365880228871,0,0.025956341197711313,0.97404365880228871
500,NORMAL,0.021747505460198477,1,0.021747505460198477,0.97825249453980156,0,UNKNOWN,0.20652425163805957,0,1,0,0.97825249453980156,0,0,0,0,0,-1,-1,0,0,0,1,1,0,1,1,0,1,1,0.001003265380859375,1,1,0,1,1,0,1,1,0,0,0,0,0,0,0,0,0,0,0,0,0,0,0,0,0,0,0,0,0,0,0,0,0,0.021747505460198477,0,0,0,0,0,0,0,0,0,0,0,0,0,0,0,0,0,0,0.97825249453980156,0,0.021747505460198477,0.97825249453980156
600,NORMAL,0.017398004368158783,1,0.017398004368158783,0.98260199563184125,0,UNKNOWN,0.20521940131044766,0,1,0,0.98260199563184125,0,0,0,0,0,-1,-1,0,0,0,1,1,0,1,1,0,1,1,0,1,1,0,1,1,0,1,1,0,0,0,0,0,0,0,0,0,0,0,0,0,0,0,0,0,0,0,0,0,0,0,0,0,0.017398004368158783,0,0,0,0,0,0,0,0,0,0,0,0,0,0,0,0,0,0,0.98260199563184125,0,0.017398004368158783,0.98260199563184125
700,NORMAL,0.013918403494527026,1,0.013918403494527026,0.986081596505473,0,UNKNOWN,0.20417552104835812,0,1,0,0.986081596505473,0,0,0,0,0,-1,-1,0,0,0,1,1,0,1,1,0,1,1,0,1,1,0,1,1,0,1,1,0,0,0,0,0,0,0,0,0,0,0,0,0,0,0,0,0,0,0,0,0,0,0,0,0,0.013918403494527026,0,0,0,0,0,0,0,0,0,0,0,0,0,0,0,0,0,0,0.986081596505473,0,0.013918403494527026,0.986081596505473
800,NORMAL,0.011134722795621622,1,0.011134722795621622,0.98886527720437845,0,UNKNOWN,0.20334041683868651,0,1,0,0.98886527720437845,0,0,0,0,0,-1,-1,0,0,0,1,1,0,1,1,0,1,1,0,1,1,0,1,1,0,1,1,0,0,0,0,0,0,0,0,0,0,0,0,0,0,0,0,0,0,0,0,0,0,0,0,0,0.011134722795621622,0,0,0,0,0,0,0,0,0,0,0,0,0,0,0,0,0,0,0.98886527720437845,0,0.011134722795621622,0.98886527720437845
900,NORMAL,0.0089077782364972973,1,0.0089077782364972973,0.99109222176350276,0,UNKNOWN,0.20267233347094921,0,1,0,0.99109222176350276,0,0,0,0,0,-1,-1,0,0,0,1,1,0,1,1,0,1,1,0,1,1,0,1,1,0,1,1,0,0,0,0,0,0,0,0,0,0,0,0,0,0,0,0,0,0,0,0,0,0,0,0,0,0.0089077782364972973,0,0,0,0,0,0,0,0,0,0,0,0,0,0,0,0,0,0,0.99109222176350276,0,0.0089077782364972973,0.99109222176350276
1000,NORMAL,0.0071262225891978379,1,0.0071262225891978379,0.99287377741080218,0,UNKNOWN,0.20213786677675935,0,1,0,0.99287377741080218,0,0,0,0,0,-1,-1,0,0,0,1,1,0,1,1,0,1,1,0,1,1,0,1,1,0,1,1,0,0,0,0,0,0,0,0,0,0,0,0,0,0,0,0,0,0,0,0,0,0,0,0,0,0.0071262225891978379,0,0,0,0,0,0,0,0,0,0,0,0,0,0,0,0,0,0,0.99287377741080218,0,0.0071262225891978379,0.99287377741080218
1100,NORMAL,0.0057009780713582706,1,0.0057009780713582706,0.99429902192864172,0,UNKNOWN,0.20171029342140748,0,1,0,0.99429902192864172,0,0,0,0,0,-1,-1,0,0,0,1,1,0,1,1,0,1,1,0,1,1,0,1,1,0,1,1,0,0,0,0,0,0,0,0,0,0,0,0,0,0,0,0,0,0,0,0,0,0,0,0,0,0.0057009780713582706,0,0,0,0,0,0,0,0,0,0,0,0,0,0,0,0,0,0,0.99429902192864172,0,0.0057009780713582706,0.99429902192864172
1200,NORMAL,0.004560782457086617,1,0.004560782457086617,0.99543921754291342,0,UNKNOWN,0.20136823473712601,0,1,0,0.99543921754291342,0,0,0,0,0,-1,-1,0,0,0,1,1,0,1,1,0,1,1,0,1,1,0,1,1,0,1,1,0,0,0,0,0,0,0,0,0,0,0,0,0,0,0,0,0,0,0,0,0,0,0,0,0,0.004560782457086617,0,0,0,0,0,0,0,0,0,0,0,0,0,0,0,0,0,0,0.99543921754291342,0,0.004560782457086617,0.99543921754291342
1300,NORMAL,0.0036486259656692936,1,0.0036486259656692936,0.99635137403433072,0,UNKNOWN,0.2010945877897008,0,1,0,0.99635137403433072,0,0,0,0,0,-1,-1,0,0,0,1,1,0,1,1,0,1,1,0,1,1,0,1,1,0,1,1,0,0,0,0,0,0,0,0,0,0,0,0,0,0,0,0,0,0,0,0,0,0,0,0,0,0.0036486259656692936,0,0,0,0,0,0,0,0,0,0,0,0,0,0,0,0,0,0,0.99635137403433072,0,0.0036486259656692936,0.99635137403433072
1400,NORMAL,0.0029189007725354352,1,0.0029189007725354352,0.99708109922746457,0,UNKNOWN,0.20087567023176062,0,1,0,0.99708109922746457,0,0,0,0,0,-1,-1,0,0,0,1,1,0,1,1,0,1,1,0,1,1,0,1,1,0,1,1,0,0,0,0,0,0,0,0,0,0,0,0,0,0,0,0,0,0,0,0,0,0,0,0,0,0.0029189007725354352,0,0,0,0,0,0,0,0,0,0,0,0,0,0,0,0,0,0,0.99708109922746457,0,0.0029189007725354352,0.99708109922746457
1500,NORMAL,0.0023351206180283481,1,0.0023351206180283481,0.99766487938197168,0,UNKNOWN,0.20070053618540853,0,1,0,0.99766487938197168,0,0,0,0,0,-1,-1,0,0,0,1,1,0,1,1,0,1,1,0,1,1,0,1,1,0,1,1,0,0,0,0,0,0,0,0,0,0,0,0,0,0,0,0,0,0,0,0,0,0,0,0,0,0.0023351206180283481,0,0,0,0,0,0,0,0,0,0,0,0,0,0,0,0,0,0,0.99766487938197168,0,0.0023351206180283481,0.99766487938197168
1600,NORMAL,0.0018680964944226787,1,0.0018680964944226787,0.99813190350557734,0,UNKNOWN,0.20056042894832679,0,1,0,0.99813190350557734,0,0,0,0,0,-1,-1,0,0,0,1,1,0,1,1,0,1,1,0,1,1,0,1,1,0,1,1,0,0,0,0,0,0,0,0,0,0,0,0,0,0,0,0,0,0,0,0,0,0,0,0,0,0.0018680964944226787,0,0,0,0,0,0,0,0,0,0,0,0,0,0,0,0,0,0,0.99813190350557734,0,0.0018680964944226787,0.99813190350557734
1700,NORMAL,0.0014944771955381431,1,0.0014944771955381431,0.99850552280446192,0,UNKNOWN,0.20044834315866145,0,1,0,0.99850552280446192,0,0,0,0,0,-1,-1,0,0,0,1,1,0,1,1,0,1,1,0,1,1,0,1,1,0,1,1,0,0,0,0,0,0,0,0,0,0,0,0,0,0,0,0,0,0,0,0,0,0,0,0,0,0.0014944771955381431,0,0,0,0,0,0,0,0,0,0,0,0,0,0,0,0,0,0,0.99850552280446192,0,0.0014944771955381431,0.99850552280446192
1800,NORMAL,0.0011955817564305146,1,0.0011955817564305146,0.99880441824356958,0,UNKNOWN,0.20035867452692918,0,1,0,0.99880441824356958,0,0,0,0,0,-1,-1,0,0,0,1,1,0,1,1,0,1,1,0,1,1,0,1,1,0,1,1,0,0,0,0,0,0,0,0,0,0,0,0,0,0,0,0,0,0,0,0,0,0,0,0,0,0.0011955817564305146,0,0,0,0,0,0,0,0,0,0,0,0,0,0,0,0,0,0,0.99880441824356958,0,0.0011955817564305146,0.99880441824356958
1900,NORMAL,0.00095646540514441171,1,0.00095646540514441171,0.99904353459485562,0,UNKNOWN,0.20028693962154334,0,1,0,0.99904353459485562,0,0,0,0,0,-1,-1,0,0,0,1,1,0,1,1,0,1,1,0,1,1,0,1,1,0,1,1,0,0,0,0,0,0,0,0,0,0,0,0,0,0,0,0,0,0,0,0,0,0,0,0,0,0.00095646540514441171,0,0,0,0,0,0,0,0,0,0,0,0,0,0,0,0,0,0,0.99904353459485562,0,0.00095646540514441171,0.99904353459485562
2000,NORMAL,0.00076517232411552939,1,0.00076517232411552939,0.99923482767588445,0,UNKNOWN,0.20022955169723466,0,1,0,0.99923482767588445,0,0,0,0,0,-1,-1,0,0,0,1,1,0,1,1,0,1,1,0,1,1,0,1,1,0,1,1,0,0,0,0,0,0,0,0,0,0,0,0,0,0,0,0,0,0,0,0,0,0,0,0,0,0.00076517232411552939,0,0,0,0,0,0,0,0,0,0,0,0,0,0,0,0,0,0,0.99923482767588445,0,0.00076517232411552939,0.99923482767588445
2100,NORMAL,0.00061213785929242369,1,0.00061213785929242369,0.99938786214070763,0,UNKNOWN,0.20018364135778774,0,1,0,0.99938786214070763,0,0,0,0,0,-1,-1,0,0,0,1,1,0,1,1,0,1,1,0,1,1,0,1,1,0,1,1,0,0,0,0,0,0,0,0,0,0,0,0,0,0,0,0,0,0,0,0,0,0,0,0,0,0.00061213785929242369,0,0,0,0,0,0,0,0,0,0,0,0,0,0,0,0,0,0,0.99938786214070763,0,0.00061213785929242369,0.99938786214070763
2200,NORMAL,0.00048971028743393893,1,0.00048971028743393893,0.99951028971256606,0,UNKNOWN,0.20014691308623017,0,1,0,0.99951028971256606,0,0,0,0,0,-1,-1,0,0,0,1,1,0,1,1,0,1,1,0,1,1,0,1,1,0,1,1,0,0,0,0,0,0,0,0,0,0,0,0,0,0,0,0,0,0,0,0,0,0,0,0,0,0.00048971028743393893,0,0,0,0,0,0,0,0,0,0,0,0,0,0,0,0,0,0,0.99951028971256606,0,0.00048971028743393893,0.99951028971256606
2300,NORMAL,0.00039176822994715118,1,0.00039176822994715118,0.99960823177005287,0,UNKNOWN,0.20011753046898414,0,1,0,0.99960823177005287,0,0,0,0,0,-1,-1,0,0,0,1,1,0,1,1,0,1,1,0,1,1,0,1,1,0,1,1,0,0,0,0,0,0,0,0,0,0,0,0,0,0,0,0,0,0,0,0,0,0,0,0,0,0.00039176822994715118,0,0,0,0,0,0,0,0,0,0,0,0,0,0,0,0,0,0,0.99960823177005287,0,0.00039176822994715118,0.99960823177005287
2400,NORMAL,0.00031341458395772097,1,0.00031341458395772097,0.99968658541604227,0,UNKNOWN,0.20009402437518731,0,1,0,0.99968658541604227,0,0,0,0,0,-1,-1,0,0,0,1,1,0,1,1,0,1,1,0,1,1,0,1,1,0,1,1,0,0,0,0,0,0,0,0,0,0,0,0,0,0,0,0,0,0,0,0,0,0,0,0,0,0.00031341458395772097,0,0,0,0,0,0,0,0,0,0,0,0,0,0,0,0,0,0,0.99968658541604227,0,0.00031341458395772097,0.99968658541604227
2500,NORMAL,0.00025073166716617676,1,0.00025073166716617676,0.99974926833283384,0,UNKNOWN,0.20007521950014984,0,1,0,0.99974926833283384,0,0,0,0,0,-1,-1,0,0,0,1,1,0,1,1,0,1,1,0,1,1,0,1,1,0,1,1,0,0,0,0,0,0,0,0,0,0,0,0,0,0,0,0,0,0,0,0,0,0,0,0,0,0.00025073166716617676,0,0,0,0,0,0,0,0,0,0,0,0,0,0,0,0,0,0,0.99974926833283384,0,0.00025073166716617676,0.99974926833283384
2600,NORMAL,0.00020058533373294143,1,0.00020058533373294143,0.99979941466626709,0,UNKNOWN,0.2000601756001199,0,1,0,0.99979941466626709,0,0,0,0,0,-1,-1,0,0,0,1,1,0,1,1,0,1,1,0,1,1,0,1,1,0,1,1,0,0,0,0,0,0,0,0,0,0,0,0,0,0,0,0,0,0,0,0,0,0,0,0,0,0.00020058533373294143,0,0,0,0,0,0,0,0,0,0,0,0,0,0,0,0,0,0,0.99979941466626709,0,0.00020058533373294143,0.99979941466626709
2700,NORMAL,0.00016046826698635315,1,0.00016046826698635315,0.99983953173301365,0,UNKNOWN,0.20004814048009589,0,1,0,0.99983953173301365,0,0,0,0,0,-1,-1,0,0,0,1,1,0,1,1,0,1,1,0,1,1,0,1,1,0,1,1,0,0,0,0,0,0,0,0,0,0,0,0,0,0,0,0,0,0,0,0,0,0,0,0,0,0.00016046826698635315,0,0,0,0,0,0,0,0,0,0,0,0,0,0,0,0,0,0,0.99983953173301365,0,0.00016046826698635315,0.99983953173301365
2800,NORMAL,0.00012837461358908251,1,0.00012837461358908251,0.99987162538641094,0,UNKNOWN,0.20003851238407672,0,1,0,0.99987162538641094,0,0,0,0,0,-1,-1,0,0,0,1,1,0,1,1,0,1,1,0,1,1,0,1,1,0,1,1,0,0,0,0,0,0,0,0,0,0,0,0,0,0,0,0,0,0,0,0,0,0,0,0,0,0.00012837461358908251,0,0,0,0,0,0,0,0,0,0,0,0,0,0,0,0,0,0,0.99987162538641094,0,0.00012837461358908251,0.99987162538641094
2900,NORMAL,0.00010269969087126601,1,0.00010269969087126601,0.99989730030912871,0,UNKNOWN,0.20003080990726138,0,1,0,0.99989730030912871,0,0,0,0,0,-1,-1,0,0,0,1,1,0,1,1,0,1,1,0,1,1,0,1,1,0,1,1,0,0,0,0,0,0,0,0,0,0,0,0,0,0,0,0,0,0,0,0,0,0,0,0,0,0.00010269969087126601,0,0,0,0,0,0,0,0,0,0,0,0,0,0,0,0,0,0,0.99989730030912871,0,0.00010269969087126601,0.99989730030912871
3000,NORMAL,8.2159752697012815e-05,1,8.2159752697012815e-05,0.99991784024730301,0,UNKNOWN,0.2000246479258091,0,1,0,0.99991784024730301,0,0,0,0,0,-1,-1,0,0,0,1,1,0,1,1,0,1,1,0,1,1,0,1,1,0,1,1,0,0,0,0,0,0,0,0,0,0,0,0,0,0,0,0,0,0,0,0,0,0,0,0,0,8.2159752697012815e-05,0,0,0,0,0,0,0,0,0,0,0,0,0,0,0,0,0,0,0.99991784024730301,0,8.2159752697012815e-05,0.99991784024730301
3100,NORMAL,6.5727802157610249e-05,1,6.5727802157610249e-05,0.99993427219784237,0,UNKNOWN,0.2000197183406473,0,1,0,0.99993427219784237,0,0,0,0,0,-1,-1,0,0,0,1,1,0,1,1,0,1,1,0,1,1,0,1,1,0,1,1,0,0,0,0,0,0,0,0,0,0,0,0,0,0,0,0,0,0,0,0,0,0,0,0,0,6.5727802157610249e-05,0,0,0,0,0,0,0,0,0,0,0,0,0,0,0,0,0,0,0.99993427219784237,0,6.5727802157610249e-05,0.99993427219784237
3200,NORMAL,5.2582241726088201e-05,1,5.2582241726088201e-05,0.99994741775827389,0,UNKNOWN,0.20001577467251783,0,1,0,0.99994741775827389,0,0,0,0,0,-1,-1,0,0,0,1,1,0,1,1,0,1,1,0,1,1,0,1,1,0,1,1,0,0,0,0,0,0,0,0,0,0,0,0,0,0,0,0,0,0,0,0,0,0,0,0,0,5.2582241726088201e-05,0,0,0,0,0,0,0,0,0,0,0,0,0,0,0,0,0,0,0.99994741775827389,0,5.2582241726088201e-05,0.99994741775827389
3300,NORMAL,4.2065793380870561e-05,1,4.2065793380870561e-05,0.99995793420661916,0,UNKNOWN,0.20001261973801429,0,1,0,0.99995793420661916,0,0,0,0,0,-1,-1,0,0,0,1,1,0,1,1,0,1,1,0,1,1,0,1,1,0,1,1,0,0,0,0,0,0,0,0,0,0,0,0,0,0,0,0,0,0,0,0,0,0,0,0,0,4.2065793380870561e-05,0,0,0,0,0,0,0,0,0,0,0,0,0,0,0,0,0,0,0.99995793420661916,0,4.2065793380870561e-05,0.99995793420661916
3400,NORMAL,3.365263470469645e-05,1,3.365263470469645e-05,0.99996634736529533,0,UNKNOWN,0.2000100957904114,0,1,0,0.99996634736529533,0,0,0,0,0,-1,-1,0,0,0,1,1,0,1,1,0,1,1,0,1,1,0,1,1,0,1,1,0,0,0,0,0,0,0,0,0,0,0,0,0,0,0,0,0,0,0,0,0,0,0,0,0,3.365263470469645e-05,0,0,0,0,0,0,0,0,0,0,0,0,0,0,0,0,0,0,0.99996634736529533,0,3.365263470469645e-05,0.99996634736529533
3500,NORMAL,2.6922107763757161e-05,1,2.6922107763757161e-05,0.99997307789223622,0,UNKNOWN,0.20000807663232914,0,1,0,0.99997307789223622,0,0,0,0,0,-1,-1,0,0,0,1,1,0,1,1,0,1,1,0,1,1,0,1,1,0,1,1,0,0,0,0,0,0,0,0,0,0,0,0,0,0,0,0,0,0,0,0,0,0,0,0,0,2.6922107763757161e-05,0,0,0,0,0,0,0,0,0,0,0,0,0,0,0,0,0,0,0.99997307789223622,0,2.6922107763757161e-05,0.99997307789223622
3600,NORMAL,2.153768621100573e-05,1,2.153768621100573e-05,0.99997846231378895,0,UNKNOWN,0.20000646130586328,0,1,0,0.99997846231378895,0,0,0,0,0,-1,-1,0,0,0,1,1,0,1,1,0,1,1,0,1,1,0,1,1,0,1,1,0,0,0,0,0,0,0,0,0,0,0,0,0,0,0,0,0,0,0,0,0,0,0,0,0,2.153768621100573e-05,0,0,0,0,0,0,0,0,0,0,0,0,0,0,0,0,0,0,0.99997846231378895,0,2.153768621100573e-05,0.99997846231378895
3700,NORMAL,1.7230148968804583e-05,1,1.7230148968804583e-05,0.99998276985103118,0,UNKNOWN,0.20000516904469065,0,1,0,0.99998276985103118,0,0,0,0,0,-1,-1,0,0,0,1,1,0,1,1,0,1,1,0,1,1,0,1,1,0,1,1,0,0,0,0,0,0,0,0,0,0,0,0,0,0,0,0,0,0,0,0,0,0,0,0,0,1.7230148968804583e-05,0,0,0,0,0,0,0,0,0,0,0,0,0,0,0,0,0,0,0.99998276985103118,0,1.7230148968804583e-05,0.99998276985103118
3800,NORMAL,1.3784119175043668e-05,1,1.3784119175043668e-05,0.99998621588082492,0,UNKNOWN,0.2000041352357525,0,1,0,0.99998621588082492,0,0,0,0,0,-1,-1,0,0,0,1,1,0,1,1,0,1,1,0,1,1,0,1,1,0,1,1,0,0,0,0,0,0,0,0,0,0,0,0,0,0,0,0,0,0,0,0,0,0,0,0,0,1.3784119175043668e-05,0,0,0,0,0,0,0,0,0,0,0,0,0,0,0,0,0,0,0.99998621588082492,0,1.3784119175043668e-05,0.99998621588082492
3900,NORMAL,1.1027295340034934e-05,1,1.1027295340034934e-05,0.99998897270465992,0,UNKNOWN,0.20000330818860199,0,1,0,0.99998897270465992,0,0,0,0,0,-1,-1,0,0,0,1,1,0,1,1,0,1,1,0,1,1,0,1,1,0,1,1,0,0,0,0,0,0,0,0,0,0,0,0,0,0,0,0,0,0,0,0,0,0,0,0,0,1.1027295340034934e-05,0,0,0,0,0,0,0,0,0,0,0,0,0,0,0,0,0,0,0.99998897270465992,0,1.1027295340034934e-05,0.99998897270465992
4000,NORMAL,8.8218362720279473e-06,1,8.8218362720279473e-06,0.99999117816372796,0,UNKNOWN,0.20000264655088162,0,1,0,0.99999117816372796,0,0,0,0,0,-1,-1,0,0,0,1,1,0,1,1,0,1,1,0,1,1,0,1,1,0,1,1,0,0,0,0,0,0,0,0,0,0,0,0,0,0,0,0,0,0,0,0,0,0,0,0,0,8.8218362720279473e-06,0,0,0,0,0,0,0,0,0,0,0,0,0,0,0,0,0,0,0.99999117816372796,0,8.8218362720279473e-06,0.99999117816372796
4100,NORMAL,7.0574690176223578e-06,1,7.0574690176223578e-06,0.99999294253098236,0,UNKNOWN,0.2000021172407053,0,1,0,0.99999294253098236,0,0,0,0,0,-1,-1,0,0,0,1,1,0,1,1,0,1,1,0,1,1,0,1,1,0,1,1,0,0,0,0,0,0,0,0,0,0,0,0,0,0,0,0,0,0,0,0,0,0,0,0,0,7.0574690176223578e-06,0,0,0,0,0,0,0,0,0,0,0,0,0,0,0,0,0,0,0.99999294253098236,0,7.0574690176223578e-06,0.99999294253098236
4200,NORMAL,5.6459752140978864e-06,1,5.6459752140978864e-06,0.99999435402478587,0,UNKNOWN,0.20000169379256422,0,1,0,0.99999435402478587,0,0,0,0,0,-1,-1,0,0,0,1,1,0,1,1,0,1,1,0,1,1,0,1,1,0,1,1,0,0,0,0,0,0,0,0,0,0,0,0,0,0,0,0,0,0,0,0,0,0,0,0,0,5.6459752140978864e-06,0,0,0,0,0,0,0,0,0,0,0,0,0,0,0,0,0,0,0.99999435402478587,0,5.6459752140978864e-06,0.99999435402478587
4300,NORMAL,4.5167801712783095e-06,1,4.5167801712783095e-06,0.99999548321982867,0,UNKNOWN,0.20000135503405136,0,1,0,0.99999548321982867,0,0,0,0,0,-1,-1,0,0,0,1,1,0,1,1,0,1,1,0,1,1,0,1,1,0,1,1,0,0,0,0,0,0,0,0,0,0,0,0,0,0,0,0,0,0,0,0,0,0,0,0,0,4.5167801712783095e-06,0,0,0,0,0,0,0,0,0,0,0,0,0,0,0,0,0,0,0.99999548321982867,0,4.5167801712783095e-06,0.99999548321982867
4400,NORMAL,3.6134241370226477e-06,1,3.6134241370226477e-06,0.99999638657586298,0,UNKNOWN,0.20000108402724109,0,1,0,0.99999638657586298,0,0,0,0,0,-1,-1,0,0,0,1,1,0,1,1,0,1,1,0,1,1,0,1,1,0,1,1,0,0,0,0,0,0,0,0,0,0,0,0,0,0,0,0,0,0,0,0,0,0,0,0,0,3.6134241370226477e-06,0,0,0,0,0,0,0,0,0,0,0,0,0,0,0,0,0,0,0.99999638657586298,0,3.6134241370226477e-06,0.99999638657586298
4500,NORMAL,2.8907393096181184e-06,1,2.8907393096181184e-06,0.99999710926069041,0,UNKNOWN,0.20000086722179289,0,1,0,0.99999710926069041,0,0,0,0,0,-1,-1,0,0,0,1,1,0,1,1,0,1,1,0,1,1,0,1,1,0,1,1,0,0,0,0,0,0,0,0,0,0,0,0,0,0,0,0,0,0,0,0,0,0,0,0,0,2.8907393096181184e-06,0,0,0,0,0,0,0,0,0,0,0,0,0,0,0,0,0,0,0.99999710926069041,0,2.8907393096181184e-06,0.99999710926069041
4600,NORMAL,2.3125914476944947e-06,1,2.3125914476944947e-06,0.99999768740855233,0,UNKNOWN,0.20000069377743429,0,1,0,0.99999768740855233,0,0,0,0,0,-1,-1,0,0,0,1,1,0,1,1,0,1,1,0,1,1,0,1,1,0,1,1,0,0,0,0,0,0,0,0,0,0,0,0,0,0,0,0,0,0,0,0,0,0,0,0,0,2.3125914476944947e-06,0,0,0,0,0,0,0,0,0,0,0,0,0,0,0,0,0,0,0.99999768740855233,0,2.3125914476944947e-06,0.99999768740855233
4700,NORMAL,1.8500731581555958e-06,1,1.8500731581555958e-06,0.99999814992684188,0,UNKNOWN,0.20000055502194747,0,1,0,0.99999814992684188,0,0,0,0,0,-1,-1,0,0,0,1,1,0,1,1,0,1,1,0,1,1,0,1,1,0,1,1,0,0,0,0,0,0,0,0,0,0,0,0,0,0,0,0,0,0,0,0,0,0,0,0,0,1.8500731581555958e-06,0,0,0,0,0,0,0,0,0,0,0,0,0,0,0,0,0,0,0.99999814992684188,0,1.8500731581555958e-06,0.99999814992684188
4800,NORMAL,1.4800585265244768e-06,1,1.4800585265244768e-06,0.99999851994147348,0,UNKNOWN,0.20000044401755795,0,1,0,0.99999851994147348,0,0,0,0,0,-1,-1,0,0,0,1,1,0,1,1,0,1,1,0,1,1,0,1,1,0,1,1,0,0,0,0,0,0,0,0,0,0,0,0,0,0,0,0,0,0,0,0,0,0,0,0,0,1.4800585265244768e-06,0,0,0,0,0,0,0,0,0,0,0,0,0,0,0,0,0,0,0.99999851994147348,0,1.4800585265244768e-06,0.99999851994147348
4900,NORMAL,1.1840468212195816e-06,1,1.1840468212195816e-06,0.99999881595317874,0,UNKNOWN,0.20000035521404635,0,1,0,0.99999881595317874,0,0,0,0,0,-1,-1,0,0,0,1,1,0,1,1,0,1,1,0,1,1,0,1,1,0,1,1,0,0,0,0,0,0,0,0,0,0,0,0,0,0,0,0,0,0,0,0,0,0,0,0,0,1.1840468212195816e-06,0,0,0,0,0,0,0,0,0,0,0,0,0,0,0,0,0,0,0.99999881595317874,0,1.1840468212195816e-06,0.99999881595317874
5000,NORMAL,9.4723745697566532e-07,1,9.4723745697566532e-07,0.99999905276254297,0,UNKNOWN,0.20000028417123708,0,1,0,0.99999905276254297,0,0,0,0,0,-1,-1,0,0,0,1,1,0,1,1,0,1,1,0,1,1,0,1,1,0,1,1,0,0,0,0,0,0,0,0,0,0,0,0,0,0,0,0,0,0,0,0,0,0,0,0,0,9.4723745697566532e-07,0,0,0,0,0,0,0,0,0,0,0,0,0,0,0,0,0,0,0.99999905276254297,0,9.4723745697566532e-07,0.99999905276254297
5100,NORMAL,7.5778996558053244e-07,1,7.5778996558053244e-07,0.99999924221003444,0,UNKNOWN,0.20000022733698966,0,1,0,0.99999924221003444,0,0,0,0,0,-1,-1,0,0,0,1,1,0,1,1,0,1,1,0,1,1,0,1,1,0,1,1,0,0,0,0,0,0,0,0,0,0,0,0,0,0,0,0,0,0,0,0,0,0,0,0,0,7.5778996558053244e-07,0,0,0,0,0,0,0,0,0,0,0,0,0,0,0,0,0,0,0.99999924221003444,0,7.5778996558053244e-07,0.99999924221003444
5200,NORMAL,6.06231972464426e-07,1,6.06231972464426e-07,0.9999993937680276,0,UNKNOWN,0.20000018186959176,0,1,0,0.9999993937680276,0,0,0,0,0,-1,-1,0,0,0,1,1,0,1,1,0,1,1,0,1,1,0,1,1,0,1,1,0,0,0,0,0,0,0,0,0,0,0,0,0,0,0,0,0,0,0,0,0,0,0,0,0,6.06231972464426e-07,0,0,0,0,0,0,0,0,0,0,0,0,0,0,0,0,0,0,0.9999993937680276,0,6.06231972464426e-07,0.9999993937680276
5300,NORMAL,4.8498557797154086e-07,1,4.8498557797154086e-07,0.99999951501442208,0,UNKNOWN,0.20000014549567341,0,1,0,0.99999951501442208,0,0,0,0,0,-1,-1,0,0,0,1,1,0,1,1,0,1,1,0,1,1,0,1,1,0,1,1,0,0,0,0,0,0,0,0,0,0,0,0,0,0,0,0,0,0,0,0,0,0,0,0,0,4.8498557797154086e-07,0,0,0,0,0,0,0,0,0,0,0,0,0,0,0,0,0,0,0.99999951501442208,0,4.8498557797154086e-07,0.99999951501442208
5400,NORMAL,3.8798846237723269e-07,1,3.8798846237723269e-07,0.99999961201153764,0,UNKNOWN,0.2000001163965387,0,1,0,0.99999961201153764,0,0,0,0,0,-1,-1,0,0,0,1,1,0,1,1,0,1,1,0,1,1,0,1,1,0,1,1,0,0,0,0,0,0,0,0,0,0,0,0,0,0,0,0,0,0,0,0,0,0,0,0,0,3.8798846237723269e-07,0,0,0,0,0,0,0,0,0,0,0,0,0,0,0,0,0,0,0.99999961201153764,0,3.8798846237723269e-07,0.99999961201153764
5500,NORMAL,3.1039076990178616e-07,1,3.1039076990178616e-07,0.99999968960923014,0,UNKNOWN,0.20000009311723099,0,1,0,0.99999968960923014,0,0,0,0,0,-1,-1,0,0,0,1,1,0,1,1,0,1,1,0,1,1,0,1,1,0,1,1,0,0,0,0,0,0,0,0,0,0,0,0,0,0,0,0,0,0,0,0,0,0,0,0,0,3.1039076990178616e-07,0,0,0,0,0,0,0,0,0,0,0,0,0,0,0,0,0,0,0.99999968960923014,0,3.1039076990178616e-07,0.99999968960923014
5600,NORMAL,2.4831261592142895e-07,1,2.4831261592142895e-07,0.99999975168738409,0,UNKNOWN,0.20000007449378476,0,1,0,0.99999975168738409,0,0,0,0,0,-1,-1,0,0,0,1,1,0,1,1,0,1,1,0,1,1,0,1,1,0,1,1,0,0,0,0,0,0,0,0,0,0,0,0,0,0,0,0,0,0,0,0,0,0,0,0,0,2.4831261592142895e-07,0,0,0,0,0,0,0,0,0,0,0,0,0,0,0,0,0,0,0.99999975168738409,0,2.4831261592142895e-07,0.99999975168738409
5700,NORMAL,1.9865009273714317e-07,1,1.9865009273714317e-07,0.99999980134990729,0,UNKNOWN,0.20000005959502784,0,1,0,0.99999980134990729,0,0,0,0,0,-1,-1,0,0,0,1,1,0,1,1,0,1,1,0,1,1,0,1,1,0,1,1,0,0,0,0,0,0,0,0,0,0,0,0,0,0,0,0,0,0,0,0,0,0,0,0,0,1.9865009273714317e-07,0,0,0,0,0,0,0,0,0,0,0,0,0,0,0,0,0,0,0.99999980134990729,0,1.9865009273714317e-07,0.99999980134990729
5800,NORMAL,1.5892007418971455e-07,1,1.5892007418971455e-07,0.99999984107992579,0,UNKNOWN,0.20000004767602225,0,1,0,0.99999984107992579,0,0,0,0,0,-1,-1,0,0,0,1,1,0,1,1,0,1,1,0,1,1,0,1,1,0,1,1,0,0,0,0,0,0,0,0,0,0,0,0,0,0,0,0,0,0,0,0,0,0,0,0,0,1.5892007418971455e-07,0,0,0,0,0,0,0,0,0,0,0,0,0,0,0,0,0,0,0.99999984107992579,0,1.5892007418971455e-07,0.99999984107992579
5900,NORMAL,1.2713605935177165e-07,1,1.2713605935177165e-07,0.99999987286394065,0,UNKNOWN,0.20000003814081779,0,1,0,0.99999987286394065,0,0,0,0,0,-1,-1,0,0,0,1,1,0,1,1,0,1,1,0,1,1,0,1,1,0,1,1,0,0,0,0,0,0,0,0,0,0,0,0,0,0,0,0,0,0,0,0,0,0,0,0,0,1.2713605935177165e-07,0,0,0,0,0,0,0,0,0,0,0,0,0,0,0,0,0,0,0.99999987286394065,0,1.2713605935177165e-07,0.99999987286394065
6000,NORMAL,1.0170884748141733e-07,1,1.0170884748141733e-07,0.99999989829115254,0,UNKNOWN,0.20000003051265425,0,1,0,0.99999989829115254,0,0,0,0,0,-1,-1,0,0,0,1,1,0,1,1,0,1,1,0,1,1,0,1,1,0,1,1,0,0,0,0,0,0,0,0,0,0,0,0,0,0,0,0,0,0,0,0,0,0,0,0,0,1.0170884748141733e-07,0,0,0,0,0,0,0,0,0,0,0,0,0,0,0,0,0,0,0.99999989829115254,0,1.0170884748141733e-07,0.99999989829115254
6100,NORMAL,8.1367077985133865e-08,1,8.1367077985133865e-08,0.99999991863292204,0,UNKNOWN,0.20000002441012338,0,1,0,0.99999991863292204,0,0,0,0,0,-1,-1,0,0,0,1,1,0,1,1,0,1,1,0,1,1,0,1,1,0,1,1,0,0,0,0,0,0,0,0,0,0,0,0,0,0,0,0,0,0,0,0,0,0,0,0,0,8.1367077985133865e-08,0,0,0,0,0,0,0,0,0,0,0,0,0,0,0,0,0,0,0.99999991863292204,0,8.1367077985133865e-08,0.99999991863292204
6200,NORMAL,6.50936623881071e-08,1,6.50936623881071e-08,0.99999993490633765,0,UNKNOWN,0.20000001952809873,0,1,0,0.99999993490633765,0,0,0,0,0,-1,-1,0,0,0,1,1,0,1,1,0,1,1,0,1,1,0,1,1,0,1,1,0,0,0,0,0,0,0,0,0,0,0,0,0,0,0,0,0,0,0,0,0,0,0,0,0,6.50936623881071e-08,0,0,0,0,0,0,0,0,0,0,0,0,0,0,0,0,0,0,0.99999993490633765,0,6.50936623881071e-08,0.99999993490633765
6300,NORMAL,5.2074929910485683e-08,1,5.2074929910485683e-08,0.99999994792507008,0,UNKNOWN,0.20000001562247899,0,1,0,0.99999994792507008,0,0,0,0,0,-1,-1,0,0,0,1,1,0,1,1,0,1,1,0,1,1,0,1,1,0,1,1,0,0,0,0,0,0,0,0,0,0,0,0,0,0,0,0,0,0,0,0,0,0,0,0,0,5.2074929910485683e-08,0,0,0,0,0,0,0,0,0,0,0,0,0,0,0,0,0,0,0.99999994792507008,0,5.2074929910485683e-08,0.99999994792507008
6400,NORMAL,4.1659943928388552e-08,1,4.1659943928388552e-08,0.99999995834005606,0,UNKNOWN,0.20000001249798319,0,1,0,0.99999995834005606,0,0,0,0,0,-1,-1,0,0,0,1,1,0,1,1,0,1,1,0,1,1,0,1,1,0,1,1,0,0,0,0,0,0,0,0,0,0,0,0,0,0,0,0,0,0,0,0,0,0,0,0,0,4.1659943928388552e-08,0,0,0,0,0,0,0,0,0,0,0,0,0,0,0,0,0,0,0.99999995834005606,0,4.1659943928388552e-08,0.99999995834005606
6500,NORMAL,3.3327955142710845e-08,1,3.3327955142710845e-08,0.99999996667204483,0,UNKNOWN,0.20000000999838652,0,1,0,0.99999996667204483,0,0,0,0,0,-1,-1,0,0,0,1,1,0,1,1,0,1,1,0,1,1,0,1,1,0,1,1,0,0,0,0,0,0,0,0,0,0,0,0,0,0,0,0,0,0,0,0,0,0,0,0,0,3.3327955142710845e-08,0,0,0,0,0,0,0,0,0,0,0,0,0,0,0,0,0,0,0.99999996667204483,0,3.3327955142710845e-08,0.99999996667204483
6600,NORMAL,2.6662364114168677e-08,1,2.6662364114168677e-08,0.99999997333763591,0,UNKNOWN,0.20000000799870923,0,1,0,0.99999997333763591,0,0,0,0,0,-1,-1,0,0,0,1,1,0,1,1,0,1,1,0,1,1,0,1,1,0,1,1,0,0,0,0,0,0,0,0,0,0,0,0,0,0,0,0,0,0,0,0,0,0,0,0,0,2.6662364114168677e-08,0,0,0,0,0,0,0,0,0,0,0,0,0,0,0,0,0,0,0.99999997333763591,0,2.6662364114168677e-08,0.99999997333763591
6700,NORMAL,2.1329891291334942e-08,1,2.1329891291334942e-08,0.9999999786701087,0,UNKNOWN,0.20000000639896739,0,1,0,0.9999999786701087,0,0,0,0,0,-1,-1,0,0,0,1,1,0,1,1,0,1,1,0,1,1,0,1,1,0,1,1,0,0,0,0,0,0,0,0,0,0,0,0,0,0,0,0,0,0,0,0,0,0,0,0,0,2.1329891291334942e-08,0,0,0,0,0,0,0,0,0,0,0,0,0,0,0,0,0,0,0.9999999786701087,0,2.1329891291334942e-08,0.9999999786701087
6800,NORMAL,1.7063913033067953e-08,1,1.7063913033067953e-08,0.99999998293608694,0,UNKNOWN,0.20000000511917393,0,1,0,0.99999998293608694,0,0,0,0,0,-1,-1,0,0,0,1,1,0,1,1,0,1,1,0,1,1,0,1,1,0,1,1,0,0,0,0,0,0,0,0,0,0,0,0,0,0,0,0,0,0,0,0,0,0,0,0,0,1.7063913033067953e-08,0,0,0,0,0,0,0,0,0,0,0,0,0,0,0,0,0,0,0.99999998293608694,0,1.7063913033067953e-08,0.99999998293608694
6900,NORMAL,1.3651130426454364e-08,1,1.3651130426454364e-08,0.99999998634886955,0,UNKNOWN,0.20000000409533913,0,1,0,0.99999998634886955,0,0,0,0,0,-1,-1,0,0,0,1,1,0,1,1,0,1,1,0,1,1,0,1,1,0,1,1,0,0,0,0,0,0,0,0,0,0,0,0,0,0,0,0,0,0,0,0,0,0,0,0,0,1.3651130426454364e-08,0,0,0,0,0,0,0,0,0,0,0,0,0,0,0,0,0,0,0.99999998634886955,0,1.3651130426454364e-08,0.99999998634886955
7000,NORMAL,1.0920904341163493e-08,1,1.0920904341163493e-08,0.99999998907909571,0,UNKNOWN,0.20000000327627132,0,1,0,0.99999998907909571,0,0,0,0,0,-1,-1,0,0,0,1,1,0,1,1,0,1,1,0,1,1,0,1,1,0,1,1,0,0,0,0,0,0,0,0,0,0,0,0,0,0,0,0,0,0,0,0,0,0,0,0,0,1.0920904341163493e-08,0,0,0,0,0,0,0,0,0,0,0,0,0,0,0,0,0,0,0.99999998907909571,0,1.0920904341163493e-08,0.99999998907909571
7100,NORMAL,8.7367234729307943e-09,1,8.7367234729307943e-09,0.99999999126327654,0,UNKNOWN,0.20000000262101703,0,1,0,0.99999999126327654,0,0,0,0,0,-1,-1,0,0,0,1,1,0,1,1,0,1,1,0,1,1,0,1,1,0,1,1,0,0,0,0,0,0,0,0,0,0,0,0,0,0,0,0,0,0,0,0,0,0,0,0,0,8.7367234729307943e-09,0,0,0,0,0,0,0,0,0,0,0,0,0,0,0,0,0,0,0.99999999126327654,0,8.7367234729307943e-09,0.99999999126327654
7200,NORMAL,6.9893787783446355e-09,1,6.9893787783446355e-09,0.99999999301062126,0,UNKNOWN,0.20000000209681365,0,1,0,0.99999999301062126,0,0,0,0,0,-1,-1,0,0,0,1,1,0,1,1,0,1,1,0,1,1,0,1,1,0,1,1,0,0,0,0,0,0,0,0,0,0,0,0,0,0,0,0,0,0,0,0,0,0,0,0,0,6.9893787783446355e-09,0,0,0,0,0,0,0,0,0,0,0,0,0,0,0,0,0,0,0.99999999301062126,0,6.9893787783446355e-09,0.99999999301062126
7300,NORMAL,5.591503022675709e-09,1,5.591503022675709e-09,0.99999999440849696,0,UNKNOWN,0.20000000167745091,0,1,0,0.99999999440849696,0,0,0,0,0,-1,-1,0,0,0,1,1,0,1,1,0,1,1,0,1,1,0,1,1,0,1,1,0,0,0,0,0,0,0,0,0,0,0,0,0,0,0,0,0,0,0,0,0,0,0,0,0,5.591503022675709e-09,0,0,0,0,0,0,0,0,0,0,0,0,0,0,0,0,0,0,0.99999999440849696,0,5.591503022675709e-09,0.99999999440849696
7400,NORMAL,4.4732024181405685e-09,1,4.4732024181405685e-09,0.99999999552679764,0,UNKNOWN,0.20000000134196075,0,1,0,0.99999999552679764,0,0,0,0,0,-1,-1,0,0,0,1,1,0,1,1,0,1,1,0,1,1,0,1,1,0,1,1,0,0,0,0,0,0,0,0,0,0,0,0,0,0,0,0,0,0,0,0,0,0,0,0,0,4.4732024181405685e-09,0,0,0,0,0,0,0,0,0,0,0,0,0,0,0,0,0,0,0.99999999552679764,0,4.4732024181405685e-09,0.99999999552679764
7500,NORMAL,3.5785619345124549e-09,1,3.5785619345124549e-09,0.99999999642143811,0,UNKNOWN,0.20000000107356861,0,1,0,0.99999999642143811,0,0,0,0,0,-1,-1,0,0,0,1,1,0,1,1,0,1,1,0,1,1,0,1,1,0,1,1,0,0,0,0,0,0,0,0,0,0,0,0,0,0,0,0,0,0,0,0,0,0,0,0,0,3.5785619345124549e-09,0,0,0,0,0,0,0,0,0,0,0,0,0,0,0,0,0,0,0.99999999642143811,0,3.5785619345124549e-09,0.99999999642143811
7600,NORMAL,2.8628495476099639e-09,1,2.8628495476099639e-09,0.99999999713715049,0,UNKNOWN,0.20000000085885489,0,1,0,0.99999999713715049,0,0,0,0,0,-1,-1,0,0,0,1,1,0,1,1,0,1,1,0,1,1,0,1,1,0,1,1,0,0,0,0,0,0,0,0,0,0,0,0,0,0,0,0,0,0,0,0,0,0,0,0,0,2.8628495476099639e-09,0,0,0,0,0,0,0,0,0,0,0,0,0,0,0,0,0,0,0.99999999713715049,0,2.8628495476099639e-09,0.99999999713715049
7700,NORMAL,2.2902796380879713e-09,1,2.2902796380879713e-09,0.99999999770972037,0,UNKNOWN,0.2000000006870839,0,1,0,0.99999999770972037,0,0,0,0,0,-1,-1,0,0,0,1,1,0,1,1,0,1,1,0,1,1,0,1,1,0,1,1,0,0,0,0,0,0,0,0,0,0,0,0,0,0,0,0,0,0,0,0,0,0,0,0,0,2.2902796380879713e-09,0,0,0,0,0,0,0,0,0,0,0,0,0,0,0,0,0,0,0.99999999770972037,0,2.2902796380879713e-09,0.99999999770972037
7800,NORMAL,1.8322237104703772e-09,1,1.8322237104703772e-09,0.99999999816777629,0,UNKNOWN,0.2000000005496671,0,1,0,0.99999999816777629,0,0,0,0,0,-1,-1,0,0,0,1,1,0,1,1,0,1,1,0,1,1,0,1,1,0,1,1,0,0,0,0,0,0,0,0,0,0,0,0,0,0,0,0,0,0,0,0,0,0,0,0,0,1.8322237104703772e-09,0,0,0,0,0,0,0,0,0,0,0,0,0,0,0,0,0,0,0.99999999816777629,0,1.8322237104703772e-09,0.99999999816777629
7900,NORMAL,1.4657789683763018e-09,1,1.4657789683763018e-09,0.99999999853422106,0,UNKNOWN,0.20000000043973368,0,1,0,0.99999999853422106,0,0,0,0,0,-1,-1,0,0,0,1,1,0,1,1,0,1,1,0,1,1,0,1,1,0,1,1,0,0,0,0,0,0,0,0,0,0,0,0,0,0,0,0,0,0,0,0,0,0,0,0,0,1.4657789683763018e-09,0,0,0,0,0,0,0,0,0,0,0,0,0,0,0,0,0,0,0.99999999853422106,0,1.4657789683763018e-09,0.99999999853422106
8000,NORMAL,1.1726231747010414e-09,1,1.1726231747010414e-09,0.99999999882737689,0,UNKNOWN,0.20000000035178697,0,1,0,0.99999999882737689,0,0,0,0,0,-1,-1,0,0,0,1,1,0,1,1,0,1,1,0,1,1,0,1,1,0,1,1,0,0,0,0,0,0,0,0,0,0,0,0,0,0,0,0,0,0,0,0,0,0,0,0,0,1.1726231747010414e-09,0,0,0,0,0,0,0,0,0,0,0,0,0,0,0,0,0,0,0.99999999882737689,0,1.1726231747010414e-09,0.99999999882737689
8100,NORMAL,9.3809853976083314e-10,1,9.3809853976083314e-10,0.99999999906190151,0,UNKNOWN,0.20000000028142959,0,1,0,0.99999999906190151,0,0,0,0,0,-1,-1,0,0,0,1,1,0,1,1,0,1,1,0,1,1,0,1,1,0,1,1,0,0,0,0,0,0,0,0,0,0,0,0,0,0,0,0,0,0,0,0,0,0,0,0,0,9.3809853976083314e-10,0,0,0,0,0,0,0,0,0,0,0,0,0,0,0,0,0,0,0.99999999906190151,0,9.3809853976083314e-10,0.99999999906190151
8200,NORMAL,7.5047883180866653e-10,1,7.5047883180866653e-10,0.99999999924952121,0,UNKNOWN,0.20000000022514366,0,1,0,0.99999999924952121,0,0,0,0,0,-1,-1,0,0,0,1,1,0,1,1,0,1,1,0,1,1,0,1,1,0,1,1,0,0,0,0,0,0,0,0,0,0,0,0,0,0,0,0,0,0,0,0,0,0,0,0,0,7.5047883180866653e-10,0,0,0,0,0,0,0,0,0,0,0,0,0,0,0,0,0,0,0.99999999924952121,0,7.5047883180866653e-10,0.99999999924952121
8300,NORMAL,6.0038306544693329e-10,1,6.0038306544693329e-10,0.99999999939961692,0,UNKNOWN,0.20000000018011493,0,1,0,0.99999999939961692,0,0,0,0,0,-1,-1,0,0,0,1,1,0,1,1,0,1,1,0,1,1,0,1,1,0,1,1,0,0,0,0,0,0,0,0,0,0,0,0,0,0,0,0,0,0,0,0,0,0,0,0,0,6.0038306544693329e-10,0,0,0,0,0,0,0,0,0,0,0,0,0,0,0,0,0,0,0.99999999939961692,0,6.0038306544693329e-10,0.99999999939961692
8400,NORMAL,4.8030645235754661e-10,1,4.8030645235754661e-10,0.99999999951969354,0,UNKNOWN,0.20000000014409194,0,1,0,0.99999999951969354,0,0,0,0,0,-1,-1,0,0,0,1,1,0,1,1,0,1,1,0,1,1,0,1,1,0,1,1,0,0,0,0,0,0,0,0,0,0,0,0,0,0,0,0,0,0,0,0,0,0,0,0,0,4.8030645235754661e-10,0,0,0,0,0,0,0,0,0,0,0,0,0,0,0,0,0,0,0.99999999951969354,0,4.8030645235754661e-10,0.99999999951969354
8500,NORMAL,3.8424516188603729e-10,1,3.8424516188603729e-10,0.99999999961575481,0,UNKNOWN,0.20000000011527352,0,1,0,0.99999999961575481,0,0,0,0,0,-1,-1,0,0,0,1,1,0,1,1,0,1,1,0,1,1,0,1,1,0,1,1,0,0,0,0,0,0,0,0,0,0,0,0,0,0,0,0,0,0,0,0,0,0,0,0,0,3.8424516188603729e-10,0,0,0,0,0,0,0,0,0,0,0,0,0,0,0,0,0,0,0.99999999961575481,0,3.8424516188603729e-10,0.99999999961575481
8600,NORMAL,3.0739612950882984e-10,1,3.0739612950882984e-10,0.99999999969260389,0,UNKNOWN,0.20000000009221883,0,1,0,0.99999999969260389,0,0,0,0,0,-1,-1,0,0,0,1,1,0,1,1,0,1,1,0,1,1,0,1,1,0,1,1,0,0,0,0,0,0,0,0,0,0,0,0,0,0,0,0,0,0,0,0,0,0,0,0,0,3.0739612950882984e-10,0,0,0,0,0,0,0,0,0,0,0,0,0,0,0,0,0,0,0.99999999969260389,0,3.0739612950882984e-10,0.99999999969260389
8700,NORMAL,2.4591690360706386e-10,1,2.4591690360706386e-10,0.99999999975408316,0,UNKNOWN,0.20000000007377508,0,1,0,0.99999999975408316,0,0,0,0,0,-1,-1,0,0,0,1,1,0,1,1,0,1,1,0,1,1,0,1,1,0,1,1,0,0,0,0,0,0,0,0,0,0,0,0,0,0,0,0,0,0,0,0,0,0,0,0,0,2.4591690360706386e-10,0,0,0,0,0,0,0,0,0,0,0,0,0,0,0,0,0,0,0.99999999975408316,0,2.4591690360706386e-10,0.99999999975408316
8800,NORMAL,1.967335228856511e-10,1,1.967335228856511e-10,0.99999999980326648,0,UNKNOWN,0.20000000005902005,0,1,0,0.99999999980326648,0,0,0,0,0,-1,-1,0,0,0,1,1,0,1,1,0,1,1,0,1,1,0,1,1,0,1,1,0,0,0,0,0,0,0,0,0,0,0,0,0,0,0,0,0,0,0,0,0,0,0,0,0,1.967335228856511e-10,0,0,0,0,0,0,0,0,0,0,0,0,0,0,0,0,0,0,0.99999999980326648,0,1.967335228856511e-10,0.99999999980326648
8900,NORMAL,1.5738681830852089e-10,1,1.5738681830852089e-10,0.99999999984261323,0,UNKNOWN,0.20000000004721605,0,1,0,0.99999999984261323,0,0,0,0,0,-1,-1,0,0,0,1,1,0,1,1,0,1,1,0,1,1,0,1,1,0,1,1,0,0,0,0,0,0,0,0,0,0,0,0,0,0,0,0,0,0,0,0,0,0,0,0,0,1.5738681830852089e-10,0,0,0,0,0,0,0,0,0,0,0,0,0,0,0,0,0,0,0.99999999984261323,0,1.5738681830852089e-10,0.99999999984261323
9000,NORMAL,1.2590945464681671e-10,1,1.2590945464681671e-10,0.99999999987409061,0,UNKNOWN,0.20000000003777285,0,1,0,0.99999999987409061,0,0,0,0,0,-1,-1,0,0,0,1,1,0,1,1,0,1,1,0,1,1,0,1,1,0,1,1,0,0,0,0,0,0,0,0,0,0,0,0,0,0,0,0,0,0,0,0,0,0,0,0,0,1.2590945464681671e-10,0,0,0,0,0,0,0,0,0,0,0,0,0,0,0,0,0,0,0.99999999987409061,0,1.2590945464681671e-10,0.99999999987409061
9100,NORMAL,1.0072756371745338e-10,1,1.0072756371745338e-10,0.99999999989927246,0,UNKNOWN,0.20000000003021826,0,1,0,0.99999999989927246,0,0,0,0,0,-1,-1,0,0,0,1,1,0,1,1,0,1,1,0,1,1,0,1,1,0,1,1,0,0,0,0,0,0,0,0,0,0,0,0,0,0,0,0,0,0,0,0,0,0,0,0,0,1.0072756371745338e-10,0,0,0,0,0,0,0,0,0,0,0,0,0,0,0,0,0,0,0.99999999989927246,0,1.0072756371745338e-10,0.99999999989927246
9200,NORMAL,8.0582050973962703e-11,1,8.0582050973962703e-11,0.99999999991941801,0,UNKNOWN,0.20000000002417462,0,1,0,0.99999999991941801,0,0,0,0,0,-1,-1,0,0,0,1,1,0,1,1,0,1,1,0,1,1,0,1,1,0,1,1,0,0,0,0,0,0,0,0,0,0,0,0,0,0,0,0,0,0,0,0,0,0,0,0,0,8.0582050973962703e-11,0,0,0,0,0,0,0,0,0,0,0,0,0,0,0,0,0,0,0.99999999991941801,0,8.0582050973962703e-11,0.99999999991941801
9300,NORMAL,6.446564077917016e-11,1,6.446564077917016e-11,0.99999999993553446,0,UNKNOWN,0.20000000001933971,0,1,0,0.99999999993553446,0,0,0,0,0,-1,-1,0,0,0,1,1,0,1,1,0,1,1,0,1,1,0,1,1,0,1,1,0,0,0,0,0,0,0,0,0,0,0,0,0,0,0,0,0,0,0,0,0,0,0,0,0,6.446564077917016e-11,0,0,0,0,0,0,0,0,0,0,0,0,0,0,0,0,0,0,0.99999999993553446,0,6.446564077917016e-11,0.99999999993553446
9400,NORMAL,5.1572512623336128e-11,1,5.1572512623336128e-11,0.99999999994842759,0,UNKNOWN,0.20000000001547177,0,1,0,0.99999999994842759,0,0,0,0,0,-1,-1,0,0,0,1,1,0,1,1,0,1,1,0,1,1,0,1,1,0,1,1,0,0,0,0,0,0,0,0,0,0,0,0,0,0,0,0,0,0,0,0,0,0,0,0,0,5.1572512623336128e-11,0,0,0,0,0,0,0,0,0,0,0,0,0,0,0,0,0,0,0.99999999994842759,0,5.1572512623336128e-11,0.99999999994842759
9500,NORMAL,4.1258010098668898e-11,0.99999999999999989,4.1258010098668898e-11,0.99999999995874189,0,UNKNOWN,0.20000000001237739,0,0.99999999999999989,0,0.99999999995874189,0,0,0,0,0,-1,-1,0,0,0,1,1,0,1,1,0,1,1,0,1,1,0,1,1,0,1,1,0,0,0,0,0,0,0,0,0,0,0,0,0,0,0,0,0,0,0,0,0,0,0,0,0,4.1258010098668898e-11,0,0,0,0,0,0,0,0,0,0,0,0,0,0,0,0,0,0,0.99999999995874189,0,4.1258010098668898e-11,0.99999999995874189
9600,NORMAL,3.3006408078935124e-11,1,3.3006408078935124e-11,0.99999999996699362,0,UNKNOWN,0.20000000000990195,0,1,0,0.99999999996699362,0,0,0,0,0,-1,-1,0,0,0,1,1,0,1,1,0,1,1,0,1,1,0,1,1,0,1,1,0,0,0,0,0,0,0,0,0,0,0,0,0,0,0,0,0,0,0,0,0,0,0,0,0,3.3006408078935124e-11,0,0,0,0,0,0,0,0,0,0,0,0,0,0,0,0,0,0,0.99999999996699362,0,3.3006408078935124e-11,0.99999999996699362
9700,NORMAL,2.6405126463148099e-11,1,2.6405126463148099e-11,0.9999999999735949,0,UNKNOWN,0.20000000000792154,0,1,0,0.9999999999735949,0,0,0,0,0,-1,-1,0,0,0,1,1,0,1,1,0,1,1,0,1,1,0,1,1,0,1,1,0,0,0,0,0,0,0,0,0,0,0,0,0,0,0,0,0,0,0,0,0,0,0,0,0,2.6405126463148099e-11,0,0,0,0,0,0,0,0,0,0,0,0,0,0,0,0,0,0,0.9999999999735949,0,2.6405126463148099e-11,0.9999999999735949
9800,NORMAL,2.1124101170518481e-11,1,2.1124101170518481e-11,0.9999999999788759,0,UNKNOWN,0.20000000000633722,0,1,0,0.9999999999788759,0,0,0,0,0,-1,-1,0,0,0,1,1,0,1,1,0,1,1,0,1,1,0,1,1,0,1,1,0,0,0,0,0,0,0,0,0,0,0,0,0,0,0,0,0,0,0,0,0,0,0,0,0,2.1124101170518481e-11,0,0,0,0,0,0,0,0,0,0,0,0,0,0,0,0,0,0,0.9999999999788759,0,2.1124101170518481e-11,0.9999999999788759
9900,NORMAL,1.6899280936414784e-11,1,1.6899280936414784e-11,0.99999999998310074,0,UNKNOWN,0.20000000000506979,0,1,0,0.99999999998310074,0,0,0,0,0,-1,-1,0,0,0,1,1,0,1,1,0,1,1,0,1,1,0,1,1,0,1,1,0,0,0,0,0,0,0,0,0,0,0,0,0,0,0,0,0,0,0,0,0,0,0,0,0,1.6899280936414784e-11,0,0,0,0,0,0,0,0,0,0,0,0,0,0,0,0,0,0,0.99999999998310074,0,1.6899280936414784e-11,0.99999999998310074
10000,NORMAL,1.3519424749131828e-11,1,1.3519424749131828e-11,0.99999999998648059,0,UNKNOWN,0.20000000000405582,0,1,0,0.99999999998648059,0,0,0,0,0,-1,-1,0,0,0,1,1,0,1,1,0,1,1,0,1,1,0,1,1,0,1,1,0,0,0,0,0,0,0,0,0,0,0,0,0,0,0,0,0,0,0,0,0,0,0,0,0,1.3519424749131828e-11,0,0,0,0,0,0,0,0,0,0,0,0,0,0,0,0,0,0,0.99999999998648059,0,1.3519424749131828e-11,0.99999999998648059
10100,NORMAL,1.0815539799305464e-11,1,1.0815539799305464e-11,0.99999999998918443,0,UNKNOWN,0.20000000000324464,0,1,0,0.99999999998918443,0,0,0,0,0,-1,-1,0,0,0,1,1,0,1,1,0,1,1,0,1,1,0,1,1,0,1,1,0,0,0,0,0,0,0,0,0,0,0,0,0,0,0,0,0,0,0,0,0,0,0,0,0,1.0815539799305464e-11,0,0,0,0,0,0,0,0,0,0,0,0,0,0,0,0,0,0,0.99999999998918443,0,1.0815539799305464e-11,0.99999999998918443
10200,NORMAL,8.6524318394443712e-12,1,8.6524318394443712e-12,0.99999999999134759,0,UNKNOWN,0.20000000000259571,0,1,0,0.99999999999134759,0,0,0,0,0,-1,-1,0,0,0,1,1,0,1,1,0,1,1,0,1,1,0,1,1,0,1,1,0,0,0,0,0,0,0,0,0,0,0,0,0,0,0,0,0,0,0,0,0,0,0,0,0,8.6524318394443712e-12,0,0,0,0,0,0,0,0,0,0,0,0,0,0,0,0,0,0,0.99999999999134759,0,8.6524318394443712e-12,0.99999999999134759
10300,NORMAL,6.921945471555497e-12,1,6.921945471555497e-12,0.99999999999307809,0,UNKNOWN,0.2000000000020766,0,1,0,0.99999999999307809,0,0,0,0,0,-1,-1,0,0,0,1,1,0,1,1,0,1,1,0,1,1,0,1,1,0,1,1,0,0,0,0,0,0,0,0,0,0,0,0,0,0,0,0,0,0,0,0,0,0,0,0,0,6.921945471555497e-12,0,0,0,0,0,0,0,0,0,0,0,0,0,0,0,0,0,0,0.99999999999307809,0,6.921945471555497e-12,0.99999999999307809
10400,NORMAL,5.5375563772443979e-12,1,5.5375563772443979e-12,0.99999999999446243,0,UNKNOWN,0.20000000000166127,0,1,0,0.99999999999446243,0,0,0,0,0,-1,-1,0,0,0,1,1,0,1,1,0,1,1,0,1,1,0,1,1,0,1,1,0,0,0,0,0,0,0,0,0,0,0,0,0,0,0,0,0,0,0,0,0,0,0,0,0,5.5375563772443979e-12,0,0,0,0,0,0,0,0,0,0,0,0,0,0,0,0,0,0,0.99999999999446243,0,5.5375563772443979e-12,0.99999999999446243
10500,NORMAL,4.4300451017955188e-12,1,4.4300451017955188e-12,0.99999999999556999,0,UNKNOWN,0.20000000000132903,0,1,0,0.99999999999556999,0,0,0,0,0,-1,-1,0,0,0,1,1,0,1,1,0,1,1,0,1,1,0,1,1,0,1,1,0,0,0,0,0,0,0,0,0,0,0,0,0,0,0,0,0,0,0,0,0,0,0,0,0,4.4300451017955188e-12,0,0,0,0,0,0,0,0,0,0,0,0,0,0,0,0,0,0,0.99999999999556999,0,4.4300451017955188e-12,0.99999999999556999
10600,NORMAL,3.5440360814364152e-12,1,3.5440360814364152e-12,0.99999999999645595,0,UNKNOWN,0.20000000000106322,0,1,0,0.99999999999645595,0,0,0,0,0,-1,-1,0,0,0,1,1,0,1,1,0,1,1,0,1,1,0,1,1,0,1,1,0,0,0,0,0,0,0,0,0,0,0,0,0,0,0,0,0,0,0,0,0,0,0,0,0,3.5440360814364152e-12,0,0,0,0,0,0,0,0,0,0,0,0,0,0,0,0,0,0,0.99999999999645595,0,3.5440360814364152e-12,0.99999999999645595
10700,NORMAL,2.8352288651491327e-12,1,2.8352288651491327e-12,0.99999999999716482,0,UNKNOWN,0.20000000000085058,0,1,0,0.99999999999716482,0,0,0,0,0,-1,-1,0,0,0,1,1,0,1,1,0,1,1,0,1,1,0,1,1,0,1,1,0,0,0,0,0,0,0,0,0,0,0,0,0,0,0,0,0,0,0,0,0,0,0,0,0,2.8352288651491327e-12,0,0,0,0,0,0,0,0,0,0,0,0,0,0,0,0,0,0,0.99999999999716482,0,2.8352288651491327e-12,0.99999999999716482
10800,NORMAL,2.2681830921193064e-12,1,2.2681830921193064e-12,0.99999999999773181,0,UNKNOWN,0.20000000000068047,0,1,0,0.99999999999773181,0,0,0,0,0,-1,-1,0,0,0,1,1,0,1,1,0,1,1,0,1,1,0,1,1,0,1,1,0,0,0,0,0,0,0,0,0,0,0,0,0,0,0,0,0,0,0,0,0,0,0,0,0,2.2681830921193064e-12,0,0,0,0,0,0,0,0,0,0,0,0,0,0,0,0,0,0,0.99999999999773181,0,2.2681830921193064e-12,0.99999999999773181
10900,NORMAL,1.8145464736954453e-12,1,1.8145464736954453e-12,0.99999999999818545,0,UNKNOWN,0.20000000000054435,0,1,0,0.99999999999818545,0,0,0,0,0,-1,-1,0,0,0,1,1,0,1,1,0,1,1,0,1,1,0,1,1,0,1,1,0,0,0,0,0,0,0,0,0,0,0,0,0,0,0,0,0,0,0,0,0,0,0,0,0,1.8145464736954453e-12,0,0,0,0,0,0,0,0,0,0,0,0,0,0,0,0,0,0,0.99999999999818545,0,1.8145464736954453e-12,0.99999999999818545
11000,NORMAL,1.4516371789563562e-12,1,1.4516371789563562e-12,0.99999999999854838,0,UNKNOWN,0.2000000000004355,0,1,0,0.99999999999854838,0,0,0,0,0,-1,-1,0,0,0,1,1,0,1,1,0,1,1,0,1,1,0,1,1,0,1,1,0,0,0,0,0,0,0,0,0,0,0,0,0,0,0,0,0,0,0,0,0,0,0,0,0,1.4516371789563562e-12,0,0,0,0,0,0,0,0,0,0,0,0,0,0,0,0,0,0,0.99999999999854838,0,1.4516371789563562e-12,0.99999999999854838
11100,NORMAL,1.161309743165085e-12,1,1.161309743165085e-12,0.99999999999883871,0,UNKNOWN,0.2000000000003484,0,1,0,0.99999999999883871,0,0,0,0,0,-1,-1,0,0,0,1,1,0,1,1,0,1,1,0,1,1,0,1,1,0,1,1,0,0,0,0,0,0,0,0,0,0,0,0,0,0,0,0,0,0,0,0,0,0,0,0,0,1.161309743165085e-12,0,0,0,0,0,0,0,0,0,0,0,0,0,0,0,0,0,0,0.99999999999883871,0,1.161309743165085e-12,0.99999999999883871
11200,NORMAL,9.2904779453206807e-13,1,9.2904779453206807e-13,0.99999999999907097,0,UNKNOWN,0.2000000000002787,0,1,0,0.99999999999907097,0,0,0,0,0,-1,-1,0,0,0,1,1,0,1,1,0,1,1,0,1,1,0,1,1,0,1,1,0,0,0,0,0,0,0,0,0,0,0,0,0,0,0,0,0,0,0,0,0,0,0,0,0,9.2904779453206807e-13,0,0,0,0,0,0,0,0,0,0,0,0,0,0,0,0,0,0,0.99999999999907097,0,9.2904779453206807e-13,0.99999999999907097
11300,NORMAL,7.4323823562565454e-13,1,7.4323823562565454e-13,0.99999999999925682,0,UNKNOWN,0.20000000000022297,0,1,0,0.99999999999925682,0,0,0,0,0,-1,-1,0,0,0,1,1,0,1,1,0,1,1,0,1,1,0,1,1,0,1,1,0,0,0,0,0,0,0,0,0,0,0,0,0,0,0,0,0,0,0,0,0,0,0,0,0,7.4323823562565454e-13,0,0,0,0,0,0,0,0,0,0,0,0,0,0,0,0,0,0,0.99999999999925682,0,7.4323823562565454e-13,0.99999999999925682
11400,NORMAL,5.9459058850052365e-13,1,5.9459058850052365e-13,0.99999999999940548,0,UNKNOWN,0.2000000000001784,0,1,0,0.99999999999940548,0,0,0,0,0,-1,-1,0,0,0,1,1,0,1,1,0,1,1,0,1,1,0,1,1,0,1,1,0,0,0,0,0,0,0,0,0,0,0,0,0,0,0,0,0,0,0,0,0,0,0,0,0,5.9459058850052365e-13,0,0,0,0,0,0,0,0,0,0,0,0,0,0,0,0,0,0,0.99999999999940548,0,5.9459058850052365e-13,0.99999999999940548
11500,NORMAL,4.7567247080041892e-13,1,4.7567247080041892e-13,0.99999999999952438,0,UNKNOWN,0.2000000000001427,0,1,0,0.99999999999952438,0,0,0,0,0,-1,-1,0,0,0,1,1,0,1,1,0,1,1,0,1,1,0,1,1,0,1,1,0,0,0,0,0,0,0,0,0,0,0,0,0,0,0,0,0,0,0,0,0,0,0,0,0,4.7567247080041892e-13,0,0,0,0,0,0,0,0,0,0,0,0,0,0,0,0,0,0,0.99999999999952438,0,4.7567247080041892e-13,0.99999999999952438
11600,NORMAL,3.8053797664033516e-13,1,3.8053797664033516e-13,0.99999999999961953,0,UNKNOWN,0.20000000000011417,0,1,0,0.99999999999961953,0,0,0,0,0,-1,-1,0,0,0,1,1,0,1,1,0,1,1,0,1,1,0,1,1,0,1,1,0,0,0,0,0,0,0,0,0,0,0,0,0,0,0,0,0,0,0,0,0,0,0,0,0,3.8053797664033516e-13,0,0,0,0,0,0,0,0,0,0,0,0,0,0,0,0,0,0,0.99999999999961953,0,3.8053797664033516e-13,0.99999999999961953
11700,NORMAL,3.0443038131226813e-13,1,3.0443038131226813e-13,0.99999999999969558,0,UNKNOWN,0.20000000000009133,0,1,0,0.99999999999969558,0,0,0,0,0,-1,-1,0,0,0,1,1,0,1,1,0,1,1,0,1,1,0,1,1,0,1,1,0,0,0,0,0,0,0,0,0,0,0,0,0,0,0,0,0,0,0,0,0,0,0,0,0,3.0443038131226813e-13,0,0,0,0,0,0,0,0,0,0,0,0,0,0,0,0,0,0,0.99999999999969558,0,3.0443038131226813e-13,0.99999999999969558
11800,NORMAL,2.435443050498145e-13,1,2.435443050498145e-13,0.99999999999975642,0,UNKNOWN,0.20000000000007304,0,1,0,0.99999999999975642,0,0,0,0,0,-1,-1,0,0,0,1,1,0,1,1,0,1,1,0,1,1,0,1,1,0,1,1,0,0,0,0,0,0,0,0,0,0,0,0,0,0,0,0,0,0,0,0,0,0,0,0,0,2.435443050498145e-13,0,0,0,0,0,0,0,0,0,0,0,0,0,0,0,0,0,0,0.99999999999975642,0,2.435443050498145e-13,0.99999999999975642
11900,NORMAL,1.9483544403985161e-13,1,1.9483544403985161e-13,0.99999999999980516,0,UNKNOWN,0.20000000000005846,0,1,0,0.99999999999980516,0,0,0,0,0,-1,-1,0,0,0,1,1,0,1,1,0,1,1,0,1,1,0,1,1,0,1,1,0,0,0,0,0,0,0,0,0,0,0,0,0,0,0,0,0,0,0,0,0,0,0,0,0,1.9483544403985161e-13,0,0,0,0,0,0,0,0,0,0,0,0,0,0,0,0,0,0,0.99999999999980516,0,1.9483544403985161e-13,0.99999999999980516
12000,NORMAL,1.558683552318813e-13,1,1.558683552318813e-13,0.99999999999984412,0,UNKNOWN,0.20000000000004675,0,1,0,0.99999999999984412,0,0,0,0,0,-1,-1,0,0,0,1,1,0,1,1,0,1,1,0,1,1,0,1,1,0,1,1,0,0,0,0,0,0,0,0,0,0,0,0,0,0,0,0,0,0,0,0,0,0,0,0,0,1.558683552318813e-13,0,0,0,0,0,0,0,0,0,0,0,0,0,0,0,0,0,0,0.99999999999984412,0,1.558683552318813e-13,0.99999999999984412
12100,NORMAL,1.2469468418550506e-13,1,1.2469468418550506e-13,0.99999999999987532,0,UNKNOWN,0.2000000000000374,0,1,0,0.99999999999987532,0,0,0,0,0,-1,-1,0,0,0,1,1,0,1,1,0,1,1,0,1,1,0,1,1,0,1,1,0,0,0,0,0,0,0,0,0,0,0,0,0,0,0,0,0,0,0,0,0,0,0,0,0,1.2469468418550506e-13,0,0,0,0,0,0,0,0,0,0,0,0,0,0,0,0,0,0,0.99999999999987532,0,1.2469468418550506e-13,0.99999999999987532
12200,NORMAL,9.9755747348404052e-14,1,9.9755747348404052e-14,0.9999999999999003,0,UNKNOWN,0.20000000000002993,0,1,0,0.9999999999999003,0,0,0,0,0,-1,-1,0,0,0,1,1,0,1,1,0,1,1,0,1,1,0,1,1,0,1,1,0,0,0,0,0,0,0,0,0,0,0,0,0,0,0,0,0,0,0,0,0,0,0,0,0,9.9755747348404052e-14,0,0,0,0,0,0,0,0,0,0,0,0,0,0,0,0,0,0,0.9999999999999003,0,9.9755747348404052e-14,0.9999999999999003
12300,NORMAL,7.9804597878723242e-14,1,7.9804597878723242e-14,0.99999999999992029,0,UNKNOWN,0.20000000000002396,0,1,0,0.99999999999992029,0,0,0,0,0,-1,-1,0,0,0,1,1,0,1,1,0,1,1,0,1,1,0,1,1,0,1,1,0,0,0,0,0,0,0,0,0,0,0,0,0,0,0,0,0,0,0,0,0,0,0,0,0,7.9804597878723242e-14,0,0,0,0,0,0,0,0,0,0,0,0,0,0,0,0,0,0,0.99999999999992029,0,7.9804597878723242e-14,0.99999999999992029
12400,NORMAL,6.3843678302978581e-14,0.99999999999999989,6.3843678302978581e-14,0.99999999999993605,0,UNKNOWN,0.20000000000001913,0,0.99999999999999989,0,0.99999999999993605,0,0,0,0,0,-1,-1,0,0,0,1,1,0,1,1,0,1,1,0,1,1,0,1,1,0,1,1,0,0,0,0,0,0,0,0,0,0,0,0,0,0,0,0,0,0,0,0,0,0,0,0,0,6.3843678302978581e-14,0,0,0,0,0,0,0,0,0,0,0,0,0,0,0,0,0,0,0.99999999999993605,0,6.3843678302978581e-14,0.99999999999993605
12500,NORMAL,5.1074942642382875e-14,1,5.1074942642382875e-14,0.99999999999994893,0,UNKNOWN,0.20000000000001533,0,1,0,0.99999999999994893,0,0,0,0,0,-1,-1,0,0,0,1,1,0,1,1,0,1,1,0,1,1,0,1,1,0,1,1,0,0,0,0,0,0,0,0,0,0,0,0,0,0,0,0,0,0,0,0,0,0,0,0,0,5.1074942642382875e-14,0,0,0,0,0,0,0,0,0,0,0,0,0,0,0,0,0,0,0.99999999999994893,0,5.1074942642382875e-14,0.99999999999994893
12600,NORMAL,4.08599541139063e-14,1,4.08599541139063e-14,0.99999999999995914,0,UNKNOWN,0.20000000000001225,0,1,0,0.99999999999995914,0,0,0,0,0,-1,-1,0,0,0,1,1,0,1,1,0,1,1,0,1,1,0,1,1,0,1,1,0,0,0,0,0,0,0,0,0,0,0,0,0,0,0,0,0,0,0,0,0,0,0,0,0,4.08599541139063e-14,0,0,0,0,0,0,0,0,0,0,0,0,0,0,0,0,0,0,0.99999999999995914,0,4.08599541139063e-14,0.99999999999995914
12700,NORMAL,3.2687963291125038e-14,1,3.2687963291125038e-14,0.99999999999996736,0,UNKNOWN,0.20000000000000981,0,1,0,0.99999999999996736,0,0,0,0,0,-1,-1,0,0,0,1,1,0,1,1,0,1,1,0,1,1,0,1,1,0,1,1,0,0,0,0,0,0,0,0,0,0,0,0,0,0,0,0,0,0,0,0,0,0,0,0,0,3.2687963291125038e-14,0,0,0,0,0,0,0,0,0,0,0,0,0,0,0,0,0,0,0.99999999999996736,0,3.2687963291125038e-14,0.99999999999996736
12800,NORMAL,2.6150370632900031e-14,1,2.6150370632900031e-14,0.99999999999997391,0,UNKNOWN,0.20000000000000787,0,1,0,0.99999999999997391,0,0,0,0,0,-1,-1,0,0,0,1,1,0,1,1,0,1,1,0,1,1,0,1,1,0,1,1,0,0,0,0,0,0,0,0,0,0,0,0,0,0,0,0,0,0,0,0,0,0,0,0,0,2.6150370632900031e-14,0,0,0,0,0,0,0,0,0,0,0,0,0,0,0,0,0,0,0.99999999999997391,0,2.6150370632900031e-14,0.99999999999997391
12900,NORMAL,2.0920296506320026e-14,1,2.0920296506320026e-14,0.99999999999997913,0,UNKNOWN,0.20000000000000628,0,1,0,0.99999999999997913,0,0,0,0,0,-1,-1,0,0,0,1,1,0,1,1,0,1,1,0,1,1,0,1,1,0,1,1,0,0,0,0,0,0,0,0,0,0,0,0,0,0,0,0,0,0,0,0,0,0,0,0,0,2.0920296506320026e-14,0,0,0,0,0,0,0,0,0,0,0,0,0,0,0,0,0,0,0.99999999999997913,0,2.0920296506320026e-14,0.99999999999997913
13000,NORMAL,1.6736237205056023e-14,1,1.6736237205056023e-14,0.99999999999998335,0,UNKNOWN,0.20000000000000503,0,1,0,0.99999999999998335,0,0,0,0,0,-1,-1,0,0,0,1,1,0,1,1,0,1,1,0,1,1,0,1,1,0,1,1,0,0,0,0,0,0,0,0,0,0,0,0,0,0,0,0,0,0,0,0,0,0,0,0,0,1.6736237205056023e-14,0,0,0,0,0,0,0,0,0,0,0,0,0,0,0,0,0,0,0.99999999999998335,0,1.6736237205056023e-14,0.99999999999998335
13100,NORMAL,1.3388989764044819e-14,1,1.3388989764044819e-14,0.99999999999998668,0,UNKNOWN,0.20000000000000404,0,1,0,0.99999999999998668,0,0,0,0,0,-1,-1,0,0,0,1,1,0,1,1,0,1,1,0,1,1,0,1,1,0,1,1,0,0,0,0,0,0,0,0,0,0,0,0,0,0,0,0,0,0,0,0,0,0,0,0,0,1.3388989764044819e-14,0,0,0,0,0,0,0,0,0,0,0,0,0,0,0,0,0,0,0.99999999999998668,0,1.3388989764044819e-14,0.99999999999998668
13200,NORMAL,1.0711191811235856e-14,1,1.0711191811235856e-14,0.99999999999998934,0,UNKNOWN,0.20000000000000323,0,1,0,0.99999999999998934,0,0,0,0,0,-1,-1,0,0,0,1,1,0,1,1,0,1,1,0,1,1,0,1,1,0,1,1,0,0,0,0,0,0,0,0,0,0,0,0,0,0,0,0,0,0,0,0,0,0,0,0,0,1.0711191811235856e-14,0,0,0,0,0,0,0,0,0,0,0,0,0,0,0,0,0,0,0.99999999999998934,0,1.0711191811235856e-14,0.99999999999998934
13300,NORMAL,8.5689534489886857e-15,1,8.5689534489886857e-15,0.99999999999999145,0,UNKNOWN,0.20000000000000256,0,1,0,0.99999999999999145,0,0,0,0,0,-1,-1,0,0,0,1,1,0,1,1,0,1,1,0,1,1,0,1,1,0,1,1,0,0,0,0,0,0,0,0,0,0,0,0,0,0,0,0,0,0,0,0,0,0,0,0,0,8.5689534489886857e-15,0,0,0,0,0,0,0,0,0,0,0,0,0,0,0,0,0,0,0.99999999999999145,0,8.5689534489886857e-15,0.99999999999999145
13400,NORMAL,6.8551627591909492e-15,1,6.8551627591909492e-15,0.99999999999999312,0,UNKNOWN,0.20000000000000204,0,1,0,0.99999999999999312,0,0,0,0,0,-1,-1,0,0,0,1,1,0,1,1,0,1,1,0,1,1,0,1,1,0,1,1,0,0,0,0,0,0,0,0,0,0,0,0,0,0,0,0,0,0,0,0,0,0,0,0,0,6.8551627591909492e-15,0,0,0,0,0,0,0,0,0,0,0,0,0,0,0,0,0,0,0.99999999999999312,0,6.8551627591909492e-15,0.99999999999999312
13500,NORMAL,5.4841302073527605e-15,1,5.4841302073527605e-15,0.99999999999999456,0,UNKNOWN,0.20000000000000165,0,1,0,0.99999999999999456,0,0,0,0,0,-1,-1,0,0,0,1,1,0,1,1,0,1,1,0,1,1,0,1,1,0,1,1,0,0,0,0,0,0,0,0,0,0,0,0,0,0,0,0,0,0,0,0,0,0,0,0,0,5.4841302073527605e-15,0,0,0,0,0,0,0,0,0,0,0,0,0,0,0,0,0,0,0.99999999999999456,0,5.4841302073527605e-15,0.99999999999999456
13600,NORMAL,4.3873041658822085e-15,1,4.3873041658822085e-15,0.99999999999999567,0,UNKNOWN,0.20000000000000132,0,1,0,0.99999999999999567,0,0,0,0,0,-1,-1,0,0,0,1,1,0,1,1,0,1,1,0,1,1,0,1,1,0,1,1,0,0,0,0,0,0,0,0,0,0,0,0,0,0,0,0,0,0,0,0,0,0,0,0,0,4.3873041658822085e-15,0,0,0,0,0,0,0,0,0,0,0,0,0,0,0,0,0,0,0.99999999999999567,0,4.3873041658822085e-15,0.99999999999999567
13700,NORMAL,3.5098433327057669e-15,1,3.5098433327057669e-15,0.99999999999999656,0,UNKNOWN,0.20000000000000107,0,1,0,0.99999999999999656,0,0,0,0,0,-1,-1,0,0,0,1,1,0,1,1,0,1,1,0,1,1,0,1,1,0,1,1,0,0,0,0,0,0,0,0,0,0,0,0,0,0,0,0,0,0,0,0,0,0,0,0,0,3.5098433327057669e-15,0,0,0,0,0,0,0,0,0,0,0,0,0,0,0,0,0,0,0.99999999999999656,0,3.5098433327057669e-15,0.99999999999999656
13800,NORMAL,2.8078746661646138e-15,1,2.8078746661646138e-15,0.99999999999999722,0,UNKNOWN,0.20000000000000087,0,1,0,0.99999999999999722,0,0,0,0,0,-1,-1,0,0,0,1,1,0,1,1,0,1,1,0,1,1,0,1,1,0,1,1,0,0,0,0,0,0,0,0,0,0,0,0,0,0,0,0,0,0,0,0,0,0,0,0,0,2.8078746661646138e-15,0,0,0,0,0,0,0,0,0,0,0,0,0,0,0,0,0,0,0.99999999999999722,0,2.8078746661646138e-15,0.99999999999999722
13900,NORMAL,2.2462997329316914e-15,1,2.2462997329316914e-15,0.99999999999999778,0,UNKNOWN,0.20000000000000068,0,1,0,0.99999999999999778,0,0,0,0,0,-1,-1,0,0,0,1,1,0,1,1,0,1,1,0,1,1,0,1,1,0,1,1,0,0,0,0,0,0,0,0,0,0,0,0,0,0,0,0,0,0,0,0,0,0,0,0,0,2.2462997329316914e-15,0,0,0,0,0,0,0,0,0,0,0,0,0,0,0,0,0,0,0.99999999999999778,0,2.2462997329316914e-15,0.99999999999999778
14000,NORMAL,1.7970397863453531e-15,1,1.7970397863453531e-15,0.99999999999999822,0,UNKNOWN,0.20000000000000054,0,1,0,0.99999999999999822,0,0,0,0,0,-1,-1,0,0,0,1,1,0,1,1,0,1,1,0,1,1,0,1,1,0,1,1,0,0,0,0,0,0,0,0,0,0,0,0,0,0,0,0,0,0,0,0,0,0,0,0,0,1.7970397863453531e-15,0,0,0,0,0,0,0,0,0,0,0,0,0,0,0,0,0,0,0.99999999999999822,0,1.7970397863453531e-15,0.99999999999999822
14100,NORMAL,1.4376318290762827e-15,1,1.4376318290762827e-15,0.99999999999999856,0,UNKNOWN,0.20000000000000043,0,1,0,0.99999999999999856,0,0,0,0,0,-1,-1,0,0,0,1,1,0,1,1,0,1,1,0,1,1,0,1,1,0,1,1,0,0,0,0,0,0,0,0,0,0,0,0,0,0,0,0,0,0,0,0,0,0,0,0,0,1.4376318290762827e-15,0,0,0,0,0,0,0,0,0,0,0,0,0,0,0,0,0,0,0.99999999999999856,0,1.4376318290762827e-15,0.99999999999999856
14200,NORMAL,1.1501054632610262e-15,1,1.1501054632610262e-15,0.99999999999999889,0,UNKNOWN,0.20000000000000037,0,1,0,0.99999999999999889,0,0,0,0,0,-1,-1,0,0,0,1,1,0,1,1,0,1,1,0,1,1,0,1,1,0,1,1,0,0,0,0,0,0,0,0,0,0,0,0,0,0,0,0,0,0,0,0,0,0,0,0,0,1.1501054632610262e-15,0,0,0,0,0,0,0,0,0,0,0,0,0,0,0,0,0,0,0.99999999999999889,0,1.1501054632610262e-15,0.99999999999999889
14300,NORMAL,9.2008437060882111e-16,1,9.2008437060882111e-16,0.99999999999999911,0,UNKNOWN,0.20000000000000029,0,1,0,0.99999999999999911,0,0,0,0,0,-1,-1,0,0,0,1,1,0,1,1,0,1,1,0,1,1,0,1,1,0,1,1,0,0,0,0,0,0,0,0,0,0,0,0,0,0,0,0,0,0,0,0,0,0,0,0,0,9.2008437060882111e-16,0,0,0,0,0,0,0,0,0,0,0,0,0,0,0,0,0,0,0.99999999999999911,0,9.2008437060882111e-16,0.99999999999999911
14400,NORMAL,7.3606749648705695e-16,1,7.3606749648705695e-16,0.99999999999999933,0,UNKNOWN,0.20000000000000023,0,1,0,0.99999999999999933,0,0,0,0,0,-1,-1,0,0,0,1,1,0,1,1,0,1,1,0,1,1,0,1,1,0,1,1,0,0,0,0,0,0,0,0,0,0,0,0,0,0,0,0,0,0,0,0,0,0,0,0,0,7.3606749648705695e-16,0,0,0,0,0,0,0,0,0,0,0,0,0,0,0,0,0,0,0.99999999999999933,0,7.3606749648705695e-16,0.99999999999999933
14500,NORMAL,5.8885399718964562e-16,1,5.8885399718964562e-16,0.99999999999999944,0,UNKNOWN,0.20000000000000021,0,1,0,0.99999999999999944,0,0,0,0,0,-1,-1,0,0,0,1,1,0,1,1,0,1,1,0,1,1,0,1,1,0,1,1,0,0,0,0,0,0,0,0,0,0,0,0,0,0,0,0,0,0,0,0,0,0,0,0,0,5.8885399718964562e-16,0,0,0,0,0,0,0,0,0,0,0,0,0,0,0,0,0,0,0.99999999999999944,0,5.8885399718964562e-16,0.99999999999999944
14600,NORMAL,4.7108319775171651e-16,1,4.7108319775171651e-16,0.99999999999999956,0,UNKNOWN,0.20000000000000012,0,1,0,0.99999999999999956,0,0,0,0,0,-1,-1,0,0,0,1,1,0,1,1,0,1,1,0,1,1,0,1,1,0,1,1,0,0,0,0,0,0,0,0,0,0,0,0,0,0,0,0,0,0,0,0,0,0,0,0,0,4.7108319775171651e-16,0,0,0,0,0,0,0,0,0,0,0,0,0,0,0,0,0,0,0.99999999999999956,0,4.7108319775171651e-16,0.99999999999999956
14700,NORMAL,3.7686655820137325e-16,1,3.7686655820137325e-16,0.99999999999999967,0,UNKNOWN,0.20000000000000012,0,1,0,0.99999999999999967,0,0,0,0,0,-1,-1,0,0,0,1,1,0,1,1,0,1,1,0,1,1,0,1,1,0,1,1,0,0,0,0,0,0,0,0,0,0,0,0,0,0,0,0,0,0,0,0,0,0,0,0,0,3.7686655820137325e-16,0,0,0,0,0,0,0,0,0,0,0,0,0,0,0,0,0,0,0.99999999999999967,0,3.7686655820137325e-16,0.99999999999999967
14800,NORMAL,3.0149324656109864e-16,1,3.0149324656109864e-16,0.99999999999999978,0,UNKNOWN,0.20000000000000009,0,1,0,0.99999999999999978,0,0,0,0,0,-1,-1,0,0,0,1,1,0,1,1,0,1,1,0,1,1,0,1,1,0,1,1,0,0,0,0,0,0,0,0,0,0,0,0,0,0,0,0,0,0,0,0,0,0,0,0,0,3.0149324656109864e-16,0,0,0,0,0,0,0,0,0,0,0,0,0,0,0,0,0,0,0.99999999999999978,0,3.0149324656109864e-16,0.99999999999999978
14900,NORMAL,2.4119459724887894e-16,1,2.4119459724887894e-16,0.99999999999999978,0,UNKNOWN,0.20000000000000007,0,1,0,0.99999999999999978,0,0,0,0,0,-1,-1,0,0,0,1,1,0,1,1,0,1,1,0,1,1,0,1,1,0,1,1,0,0,0,0,0,0,0,0,0,0,0,0,0,0,0,0,0,0,0,0,0,0,0,0,0,2.4119459724887894e-16,0,0,0,0,0,0,0,0,0,0,0,0,0,0,0,0,0,0,0.99999999999999978,0,2.4119459724887894e-16,0.99999999999999978
15000,NORMAL,1.9295567779910317e-16,1,1.9295567779910317e-16,0.99999999999999978,0,UNKNOWN,0.20000000000000004,0,1,0,0.99999999999999978,0,0,0,0,0,-1,-1,0,0,0,1,1,0,1,1,0,1,1,0,1,1,0,1,1,0,1,1,0,0,0,0,0,0,0,0,0,0,0,0,0,0,0,0,0,0,0,0,0,0,0,0,0,1.9295567779910317e-16,0,0,0,0,0,0,0,0,0,0,0,0,0,0,0,0,0,0,0.99999999999999978,0,1.9295567779910317e-16,0.99999999999999978
15100,NORMAL,1.5436454223928256e-16,1,1.5436454223928256e-16,0.99999999999999989,0,UNKNOWN,0.20000000000000007,0,1,0,0.99999999999999989,0,0,0,0,0,-1,-1,0,0,0,1,1,0,1,1,0,1,1,0,1,1,0,1,1,0,1,1,0,0,0,0,0,0,0,0,0,0,0,0,0,0,0,0,0,0,0,0,0,0,0,0,0,1.5436454223928256e-16,0,0,0,0,0,0,0,0,0,0,0,0,0,0,0,0,0,0,0.99999999999999989,0,1.5436454223928256e-16,0.99999999999999989
15200,NORMAL,1.2349163379142606e-16,1,1.2349163379142606e-16,0.99999999999999989,0,UNKNOWN,0.20000000000000004,0,1,0,0.99999999999999989,0,0,0,0,0,-1,-1,0,0,0,1,1,0,1,1,0,1,1,0,1,1,0,1,1,0,1,1,0,0,0,0,0,0,0,0,0,0,0,0,0,0,0,0,0,0,0,0,0,0,0,0,0,1.2349163379142606e-16,0,0,0,0,0,0,0,0,0,0,0,0,0,0,0,0,0,0,0.99999999999999989,0,1.2349163379142606e-16,0.99999999999999989
15300,NORMAL,9.8793307033140845e-17,1,9.8793307033140845e-17,0.99999999999999989,0,UNKNOWN,0.20000000000000004,0,1,0,0.99999999999999989,0,0,0,0,0,-1,-1,0,0,0,1,1,0,1,1,0,1,1,0,1,1,0,1,1,0,1,1,0,0,0,0,0,0,0,0,0,0,0,0,0,0,0,0,0,0,0,0,0,0,0,0,0,9.8793307033140845e-17,0,0,0,0,0,0,0,0,0,0,0,0,0,0,0,0,0,0,0.99999999999999989,0,9.8793307033140845e-17,0.99999999999999989
15400,NORMAL,7.9034645626512679e-17,1,7.9034645626512679e-17,0.99999999999999989,0,UNKNOWN,0.20000000000000001,0,1,0,0.99999999999999989,0,0,0,0,0,-1,-1,0,0,0,1,1,0,1,1,0,1,1,0,1,1,0,1,1,0,1,1,0,0,0,0,0,0,0,0,0,0,0,0,0,0,0,0,0,0,0,0,0,0,0,0,0,7.9034645626512679e-17,0,0,0,0,0,0,0,0,0,0,0,0,0,0,0,0,0,0,0.99999999999999989,0,7.9034645626512679e-17,0.99999999999999989
15500,NORMAL,6.3227716501210141e-17,1,6.3227716501210141e-17,0.99999999999999989,0,UNKNOWN,0.20000000000000001,0,1,0,0.99999999999999989,0,0,0,0,0,-1,-1,0,0,0,1,1,0,1,1,0,1,1,0,1,1,0,1,1,0,1,1,0,0,0,0,0,0,0,0,0,0,0,0,0,0,0,0,0,0,0,0,0,0,0,0,0,6.3227716501210141e-17,0,0,0,0,0,0,0,0,0,0,0,0,0,0,0,0,0,0,0.99999999999999989,0,6.3227716501210141e-17,0.99999999999999989
15600,NORMAL,5.0582173200968122e-17,1,5.0582173200968122e-17,1,0,UNKNOWN,0.20000000000000004,0,1,0,1,0,0,0,0,0,-1,-1,0,0,0,1,1,0,1,1,0,1,1,0,1,1,0,1,1,0,1,1,0,0,0,0,0,0,0,0,0,0,0,0,0,0,0,0,0,0,0,0,0,0,0,0,0,5.0582173200968122e-17,0,0,0,0,0,0,0,0,0,0,0,0,0,0,0,0,0,0,1,0,5.0582173200968122e-17,1
15700,NORMAL,4.0465738560774503e-17,1,4.0465738560774503e-17,1,0,UNKNOWN,0.20000000000000004,0,1,0,1,0,0,0,0,0,-1,-1,0,0,0,1,1,0,1,1,0,1,1,0,1,1,0,1,1,0,1,1,0,0,0,0,0,0,0,0,0,0,0,0,0,0,0,0,0,0,0,0,0,0,0,0,0,4.0465738560774503e-17,0,0,0,0,0,0,0,0,0,0,0,0,0,0,0,0,0,0,1,0,4.0465738560774503e-17,1
15800,NORMAL,3.2372590848619601e-17,1,3.2372590848619601e-17,1,0,UNKNOWN,0.20000000000000004,0,1,0,1,0,0,0,0,0,-1,-1,0,0,0,1,1,0,1,1,0,1,1,0,1,1,0,1,1,0,1,1,0,0,0,0,0,0,0,0,0,0,0,0,0,0,0,0,0,0,0,0,0,0,0,0,0,3.2372590848619601e-17,0,0,0,0,0,0,0,0,0,0,0,0,0,0,0,0,0,0,1,0,3.2372590848619601e-17,1
15900,NORMAL,2.5898072678895683e-17,1,2.5898072678895683e-17,1,0,UNKNOWN,0.20000000000000001,0,1,0,1,0,0,0,0,0,-1,-1,0,0,0,1,1,0,1,1,0,1,1,0,1,1,0,1,1,0,1,1,0,0,0,0,0,0,0,0,0,0,0,0,0,0,0,0,0,0,0,0,0,0,0,0,0,2.5898072678895683e-17,0,0,0,0,0,0,0,0,0,0,0,0,0,0,0,0,0,0,1,0,2.5898072678895683e-17,1
16000,NORMAL,2.0718458143116549e-17,1,2.0718458143116549e-17,1,0,UNKNOWN,0.20000000000000001,0,1,0,1,0,0,0,0,0,-1,-1,0,0,0,1,1,0,1,1,0,1,1,0,1,1,0,1,1,0,1,1,0,0,0,0,0,0,0,0,0,0,0,0,0,0,0,0,0,0,0,0,0,0,0,0,0,2.0718458143116549e-17,0,0,0,0,0,0,0,0,0,0,0,0,0,0,0,0,0,0,1,0,2.0718458143116549e-17,1
16100,NORMAL,1.657476651449324e-17,1,1.657476651449324e-17,1,0,UNKNOWN,0.20000000000000001,0,1,0,1,0,0,0,0,0,-1,-1,0,0,0,1,1,0,1,1,0,1,1,0,1,1,0,1,1,0,1,1,0,0,0,0,0,0,0,0,0,0,0,0,0,0,0,0,0,0,0,0,0,0,0,0,0,1.657476651449324e-17,0,0,0,0,0,0,0,0,0,0,0,0,0,0,0,0,0,0,1,0,1.657476651449324e-17,1
16200,NORMAL,1.3259813211594593e-17,1,1.3259813211594593e-17,1,0,UNKNOWN,0.20000000000000001,0,1,0,1,0,0,0,0,0,-1,-1,0,0,0,1,1,0,1,1,0,1,1,0,1,1,0,1,1,0,1,1,0,0,0,0,0,0,0,0,0,0,0,0,0,0,0,0,0,0,0,0,0,0,0,0,0,1.3259813211594593e-17,0,0,0,0,0,0,0,0,0,0,0,0,0,0,0,0,0,0,1,0,1.3259813211594593e-17,1
16300,NORMAL,1.0607850569275675e-17,1,1.0607850569275675e-17,1,0,UNKNOWN,0.20000000000000001,0,1,0,1,0,0,0,0,0,-1,-1,0,0,0,1,1,0,1,1,0,1,1,0,1,1,0,1,1,0,1,1,0,0,0,0,0,0,0,0,0,0,0,0,0,0,0,0,0,0,0,0,0,0,0,0,0,1.0607850569275675e-17,0,0,0,0,0,0,0,0,0,0,0,0,0,0,0,0,0,0,1,0,1.0607850569275675e-17,1
16400,NORMAL,8.48628045542054e-18,1,8.48628045542054e-18,1,0,UNKNOWN,0.20000000000000001,0,1,0,1,0,0,0,0,0,-1,-1,0,0,0,1,1,0,1,1,0,1,1,0,1,1,0,1,1,0,1,1,0,0,0,0,0,0,0,0,0,0,0,0,0,0,0,0,0,0,0,0,0,0,0,0,0,8.48628045542054e-18,0,0,0,0,0,0,0,0,0,0,0,0,0,0,0,0,0,0,1,0,8.48628045542054e-18,1
16500,NORMAL,6.7890243643364326e-18,1,6.7890243643364326e-18,1,0,UNKNOWN,0.20000000000000001,0,1,0,1,0,0,0,0,0,-1,-1,0,0,0,1,1,0,1,1,0,1,1,0,1,1,0,1,1,0,1,1,0,0,0,0,0,0,0,0,0,0,0,0,0,0,0,0,0,0,0,0,0,0,0,0,0,6.7890243643364326e-18,0,0,0,0,0,0,0,0,0,0,0,0,0,0,0,0,0,0,1,0,6.7890243643364326e-18,1
16600,NORMAL,5.4312194914691462e-18,1,5.4312194914691462e-18,1,0,UNKNOWN,0.20000000000000001,0,1,0,1,0,0,0,0,0,-1,-1,0,0,0,1,1,0,1,1,0,1,1,0,1,1,0,1,1,0,1,1,0,0,0,0,0,0,0,0,0,0,0,0,0,0,0,0,0,0,0,0,0,0,0,0,0,5.4312194914691462e-18,0,0,0,0,0,0,0,0,0,0,0,0,0,0,0,0,0,0,1,0,5.4312194914691462e-18,1
16700,NORMAL,4.3449755931753174e-18,1,4.3449755931753174e-18,1,0,UNKNOWN,0.20000000000000001,0,1,0,1,0,0,0,0,0,-1,-1,0,0,0,1,1,0,1,1,0,1,1,0,1,1,0,1,1,0,1,1,0,0,0,0,0,0,0,0,0,0,0,0,0,0,0,0,0,0,0,0,0,0,0,0,0,4.3449755931753174e-18,0,0,0,0,0,0,0,0,0,0,0,0,0,0,0,0,0,0,1,0,4.3449755931753174e-18,1
16800,NORMAL,3.475980474540254e-18,1,3.475980474540254e-18,1,0,UNKNOWN,0.20000000000000001,0,1,0,1,0,0,0,0,0,-1,-1,0,0,0,1,1,0,1,1,0,1,1,0,1,1,0,1,1,0,1,1,0,0,0,0,0,0,0,0,0,0,0,0,0,0,0,0,0,0,0,0,0,0,0,0,0,3.475980474540254e-18,0,0,0,0,0,0,0,0,0,0,0,0,0,0,0,0,0,0,1,0,3.475980474540254e-18,1
16900,NORMAL,2.7807843796322032e-18,1,2.7807843796322032e-18,1,0,UNKNOWN,0.20000000000000001,0,1,0,1,0,0,0,0,0,-1,-1,0,0,0,1,1,0,1,1,0,1,1,0,1,1,0,1,1,0,1,1,0,0,0,0,0,0,0,0,0,0,0,0,0,0,0,0,0,0,0,0,0,0,0,0,0,2.7807843796322032e-18,0,0,0,0,0,0,0,0,0,0,0,0,0,0,0,0,0,0,1,0,2.7807843796322032e-18,1
17000,NORMAL,2.2246275037057628e-18,1,2.2246275037057628e-18,1,0,UNKNOWN,0.20000000000000001,0,1,0,1,0,0,0,0,0,-1,-1,0,0,0,1,1,0,1,1,0,1,1,0,1,1,0,1,1,0,1,1,0,0,0,0,0,0,0,0,0,0,0,0,0,0,0,0,0,0,0,0,0,0,0,0,0,2.2246275037057628e-18,0,0,0,0,0,0,0,0,0,0,0,0,0,0,0,0,0,0,1,0,2.2246275037057628e-18,1
17100,NORMAL,1.7797020029646102e-18,1,1.7797020029646102e-18,1,0,UNKNOWN,0.20000000000000001,0,1,0,1,0,0,0,0,0,-1,-1,0,0,0,1,1,0,1,1,0,1,1,0,1,1,0,1,1,0,1,1,0,0,0,0,0,0,0,0,0,0,0,0,0,0,0,0,0,0,0,0,0,0,0,0,0,1.7797020029646102e-18,0,0,0,0,0,0,0,0,0,0,0,0,0,0,0,0,0,0,1,0,1.7797020029646102e-18,1
17200,NORMAL,1.4237616023716882e-18,1,1.4237616023716882e-18,1,0,UNKNOWN,0.20000000000000001,0,1,0,1,0,0,0,0,0,-1,-1,0,0,0,1,1,0,1,1,0,1,1,0,1,1,0,1,1,0,1,1,0,0,0,0,0,0,0,0,0,0,0,0,0,0,0,0,0,0,0,0,0,0,0,0,0,1.4237616023716882e-18,0,0,0,0,0,0,0,0,0,0,0,0,0,0,0,0,0,0,1,0,1.4237616023716882e-18,1
17300,NORMAL,1.1390092818973507e-18,1,1.1390092818973507e-18,1,0,UNKNOWN,0.20000000000000001,0,1,0,1,0,0,0,0,0,-1,-1,0,0,0,1,1,0,1,1,0,1,1,0,1,1,0,1,1,0,1,1,0,0,0,0,0,0,0,0,0,0,0,0,0,0,0,0,0,0,0,0,0,0,0,0,0,1.1390092818973507e-18,0,0,0,0,0,0,0,0,0,0,0,0,0,0,0,0,0,0,1,0,1.1390092818973507e-18,1
17400,NORMAL,9.1120742551788053e-19,1,9.1120742551788053e-19,1,0,UNKNOWN,0.20000000000000001,0,1,0,1,0,0,0,0,0,-1,-1,0,0,0,1,1,0,1,1,0,1,1,0,1,1,0,1,1,0,1,1,0,0,0,0,0,0,0,0,0,0,0,0,0,0,0,0,0,0,0,0,0,0,0,0,0,9.1120742551788053e-19,0,0,0,0,0,0,0,0,0,0,0,0,0,0,0,0,0,0,1,0,9.1120742551788053e-19,1
17500,NORMAL,7.2896594041430448e-19,1,7.2896594041430448e-19,1,0,UNKNOWN,0.20000000000000001,0,1,0,1,0,0,0,0,0,-1,-1,0,0,0,1,1,0,1,1,0,1,1,0,1,1,0,1,1,0,1,1,0,0,0,0,0,0,0,0,0,0,0,0,0,0,0,0,0,0,0,0,0,0,0,0,0,7.2896594041430448e-19,0,0,0,0,0,0,0,0,0,0,0,0,0,0,0,0,0,0,1,0,7.2896594041430448e-19,1
17600,NORMAL,5.8317275233144366e-19,1,5.8317275233144366e-19,1,0,UNKNOWN,0.20000000000000001,0,1,0,1,0,0,0,0,0,-1,-1,0,0,0,1,1,0,1,1,0,1,1,0,1,1,0,1,1,0,1,1,0,0,0,0,0,0,0,0,0,0,0,0,0,0,0,0,0,0,0,0,0,0,0,0,0,5.8317275233144366e-19,0,0,0,0,0,0,0,0,0,0,0,0,0,0,0,0,0,0,1,0,5.8317275233144366e-19,1
17700,NORMAL,4.6653820186515499e-19,1,4.6653820186515499e-19,1,0,UNKNOWN,0.20000000000000001,0,1,0,1,0,0,0,0,0,-1,-1,0,0,0,1,1,0,1,1,0,1,1,0,1,1,0,1,1,0,1,1,0,0,0,0,0,0,0,0,0,0,0,0,0,0,0,0,0,0,0,0,0,0,0,0,0,4.6653820186515499e-19,0,0,0,0,0,0,0,0,0,0,0,0,0,0,0,0,0,0,1,0,4.6653820186515499e-19,1
17800,NORMAL,3.73230561492124e-19,1,3.73230561492124e-19,1,0,UNKNOWN,0.20000000000000001,0,1,0,1,0,0,0,0,0,-1,-1,0,0,0,1,1,0,1,1,0,1,1,0,1,1,0,1,1,0,1,1,0,0,0,0,0,0,0,0,0,0,0,0,0,0,0,0,0,0,0,0,0,0,0,0,0,3.73230561492124e-19,0,0,0,0,0,0,0,0,0,0,0,0,0,0,0,0,0,0,1,0,3.73230561492124e-19,1
17900,NORMAL,2.9858444919369921e-19,1,2.9858444919369921e-19,1,0,UNKNOWN,0.20000000000000001,0,1,0,1,0,0,0,0,0,-1,-1,0,0,0,1,1,0,1,1,0,1,1,0,1,1,0,1,1,0,1,1,0,0,0,0,0,0,0,0,0,0,0,0,0,0,0,0,0,0,0,0,0,0,0,0,0,2.9858444919369921e-19,0,0,0,0,0,0,0,0,0,0,0,0,0,0,0,0,0,0,1,0,2.9858444919369921e-19,1
18000,NORMAL,2.3886755935495937e-19,1,2.3886755935495937e-19,1,0,UNKNOWN,0.20000000000000001,0,1,0,1,0,0,0,0,0,-1,-1,0,0,0,1,1,0,1,1,0,1,1,0,1,1,0,1,1,0,1,1,0,0,0,0,0,0,0,0,0,0,0,0,0,0,0,0,0,0,0,0,0,0,0,0,0,2.3886755935495937e-19,0,0,0,0,0,0,0,0,0,0,0,0,0,0,0,0,0,0,1,0,2.3886755935495937e-19,1
18100,NORMAL,1.910940474839675e-19,1,1.910940474839675e-19,1,0,UNKNOWN,0.20000000000000001,0,1,0,1,0,0,0,0,0,-1,-1,0,0,0,1,1,0,1,1,0,1,1,0,1,1,0,1,1,0,1,1,0,0,0,0,0,0,0,0,0,0,0,0,0,0,0,0,0,0,0,0,0,0,0,0,0,1.910940474839675e-19,0,0,0,0,0,0,0,0,0,0,0,0,0,0,0,0,0,0,1,0,1.910940474839675e-19,1
18200,NORMAL,1.5287523798717401e-19,1,1.5287523798717401e-19,1,0,UNKNOWN,0.20000000000000001,0,1,0,1,0,0,0,0,0,-1,-1,0,0,0,1,1,0,1,1,0,1,1,0,1,1,0,1,1,0,1,1,0,0,0,0,0,0,0,0,0,0,0,0,0,0,0,0,0,0,0,0,0,0,0,0,0,1.5287523798717401e-19,0,0,0,0,0,0,0,0,0,0,0,0,0,0,0,0,0,0,1,0,1.5287523798717401e-19,1
18300,NORMAL,1.2230019038973922e-19,1,1.2230019038973922e-19,1,0,UNKNOWN,0.20000000000000001,0,1,0,1,0,0,0,0,0,-1,-1,0,0,0,1,1,0,1,1,0,1,1,0,1,1,0,1,1,0,1,1,0,0,0,0,0,0,0,0,0,0,0,0,0,0,0,0,0,0,0,0,0,0,0,0,0,1.2230019038973922e-19,0,0,0,0,0,0,0,0,0,0,0,0,0,0,0,0,0,0,1,0,1.2230019038973922e-19,1
18400,NORMAL,9.784015231179138e-20,1,9.784015231179138e-20,1,0,UNKNOWN,0.20000000000000001,0,1,0,1,0,0,0,0,0,-1,-1,0,0,0,1,1,0,1,1,0,1,1,0,1,1,0,1,1,0,1,1,0,0,0,0,0,0,0,0,0,0,0,0,0,0,0,0,0,0,0,0,0,0,0,0,0,9.784015231179138e-20,0,0,0,0,0,0,0,0,0,0,0,0,0,0,0,0,0,0,1,0,9.784015231179138e-20,1
18500,NORMAL,7.8272121849433104e-20,1,7.8272121849433104e-20,1,0,UNKNOWN,0.20000000000000001,0,1,0,1,0,0,0,0,0,-1,-1,0,0,0,1,1,0,1,1,0,1,1,0,1,1,0,1,1,0,1,1,0,0,0,0,0,0,0,0,0,0,0,0,0,0,0,0,0,0,0,0,0,0,0,0,0,7.8272121849433104e-20,0,0,0,0,0,0,0,0,0,0,0,0,0,0,0,0,0,0,1,0,7.8272121849433104e-20,1
18600,NORMAL,6.2617697479546491e-20,1,6.2617697479546491e-20,1,0,UNKNOWN,0.20000000000000001,0,1,0,1,0,0,0,0,0,-1,-1,0,0,0,1,1,0,1,1,0,1,1,0,1,1,0,1,1,0,1,1,0,0,0,0,0,0,0,0,0,0,0,0,0,0,0,0,0,0,0,0,0,0,0,0,0,6.2617697479546491e-20,0,0,0,0,0,0,0,0,0,0,0,0,0,0,0,0,0,0,1,0,6.2617697479546491e-20,1
18700,NORMAL,5.0094157983637193e-20,1,5.0094157983637193e-20,1,0,UNKNOWN,0.20000000000000001,0,1,0,1,0,0,0,0,0,-1,-1,0,0,0,1,1,0,1,1,0,1,1,0,1,1,0,1,1,0,1,1,0,0,0,0,0,0,0,0,0,0,0,0,0,0,0,0,0,0,0,0,0,0,0,0,0,5.0094157983637193e-20,0,0,0,0,0,0,0,0,0,0,0,0,0,0,0,0,0,0,1,0,5.0094157983637193e-20,1
18800,NORMAL,4.0075326386909755e-20,1,4.0075326386909755e-20,1,0,UNKNOWN,0.20000000000000001,0,1,0,1,0,0,0,0,0,-1,-1,0,0,0,1,1,0,1,1,0,1,1,0,1,1,0,1,1,0,1,1,0,0,0,0,0,0,0,0,0,0,0,0,0,0,0,0,0,0,0,0,0,0,0,0,0,4.0075326386909755e-20,0,0,0,0,0,0,0,0,0,0,0,0,0,0,0,0,0,0,1,0,4.0075326386909755e-20,1
18900,NORMAL,3.2060261109527805e-20,1,3.2060261109527805e-20,1,0,UNKNOWN,0.20000000000000001,0,1,0,1,0,0,0,0,0,-1,-1,0,0,0,1,1,0,1,1,0,1,1,0,1,1,0,1,1,0,1,1,0,0,0,0,0,0,0,0,0,0,0,0,0,0,0,0,0,0,0,0,0,0,0,0,0,3.2060261109527805e-20,0,0,0,0,0,0,0,0,0,0,0,0,0,0,0,0,0,0,1,0,3.2060261109527805e-20,1
19000,NORMAL,2.5648208887622246e-20,1,2.5648208887622246e-20,1,0,UNKNOWN,0.20000000000000001,0,1,0,1,0,0,0,0,0,-1,-1,0,0,0,1,1,0,1,1,0,1,1,0,1,1,0,1,1,0,1,1,0,0,0,0,0,0,0,0,0,0,0,0,0,0,0,0,0,0,0,0,0,0,0,0,0,2.5648208887622246e-20,0,0,0,0,0,0,0,0,0,0,0,0,0,0,0,0,0,0,1,0,2.5648208887622246e-20,1
19100,NORMAL,2.0518567110097797e-20,1,2.0518567110097797e-20,1,0,UNKNOWN,0.20000000000000001,0,1,0,1,0,0,0,0,0,-1,-1,0,0,0,1,1,0,1,1,0,1,1,0,1,1,0,1,1,0,1,1,0,0,0,0,0,0,0,0,0,0,0,0,0,0,0,0,0,0,0,0,0,0,0,0,0,2.0518567110097797e-20,0,0,0,0,0,0,0,0,0,0,0,0,0,0,0,0,0,0,1,0,2.0518567110097797e-20,1
19200,NORMAL,1.6414853688078239e-20,1,1.6414853688078239e-20,1,0,UNKNOWN,0.20000000000000001,0,1,0,1,0,0,0,0,0,-1,-1,0,0,0,1,1,0,1,1,0,1,1,0,1,1,0,1,1,0,1,1,0,0,0,0,0,0,0,0,0,0,0,0,0,0,0,0,0,0,0,0,0,0,0,0,0,1.6414853688078239e-20,0,0,0,0,0,0,0,0,0,0,0,0,0,0,0,0,0,0,1,0,1.6414853688078239e-20,1
19300,NORMAL,1.3131882950462591e-20,1,1.3131882950462591e-20,1,0,UNKNOWN,0.20000000000000001,0,1,0,1,0,0,0,0,0,-1,-1,0,0,0,1,1,0,1,1,0,1,1,0,1,1,0,1,1,0,1,1,0,0,0,0,0,0,0,0,0,0,0,0,0,0,0,0,0,0,0,0,0,0,0,0,0,1.3131882950462591e-20,0,0,0,0,0,0,0,0,0,0,0,0,0,0,0,0,0,0,1,0,1.3131882950462591e-20,1
19400,NORMAL,1.0505506360370074e-20,1,1.0505506360370074e-20,1,0,UNKNOWN,0.20000000000000001,0,1,0,1,0,0,0,0,0,-1,-1,0,0,0,1,1,0,1,1,0,1,1,0,1,1,0,1,1,0,1,1,0,0,0,0,0,0,0,0,0,0,0,0,0,0,0,0,0,0,0,0,0,0,0,0,0,1.0505506360370074e-20,0,0,0,0,0,0,0,0,0,0,0,0,0,0,0,0,0,0,1,0,1.0505506360370074e-20,1
19500,NORMAL,8.4044050882960594e-21,1,8.4044050882960594e-21,1,0,UNKNOWN,0.20000000000000001,0,1,0,1,0,0,0,0,0,-1,-1,0,0,0,1,1,0,1,1,0,1,1,0,1,1,0,1,1,0,1,1,0,0,0,0,0,0,0,0,0,0,0,0,0,0,0,0,0,0,0,0,0,0,0,0,0,8.4044050882960594e-21,0,0,0,0,0,0,0,0,0,0,0,0,0,0,0,0,0,0,1,0,8.4044050882960594e-21,1
19600,NORMAL,6.7235240706368475e-21,1,6.7235240706368475e-21,1,0,UNKNOWN,0.20000000000000001,0,1,0,1,0,0,0,0,0,-1,-1,0,0,0,1,1,0,1,1,0,1,1,0,1,1,0,1,1,0,1,1,0,0,0,0,0,0,0,0,0,0,0,0,0,0,0,0,0,0,0,0,0,0,0,0,0,6.7235240706368475e-21,0,0,0,0,0,0,0,0,0,0,0,0,0,0,0,0,0,0,1,0,6.7235240706368475e-21,1
19700,NORMAL,5.3788192565094782e-21,1,5.3788192565094782e-21,1,0,UNKNOWN,0.20000000000000001,0,1,0,1,0,0,0,0,0,-1,-1,0,0,0,1,1,0,1,1,0,1,1,0,1,1,0,1,1,0,1,1,0,0,0,0,0,0,0,0,0,0,0,0,0,0,0,0,0,0,0,0,0,0,0,0,0,5.3788192565094782e-21,0,0,0,0,0,0,0,0,0,0,0,0,0,0,0,0,0,0,1,0,5.3788192565094782e-21,1
19800,NORMAL,4.3030554052075825e-21,1,4.3030554052075825e-21,1,0,UNKNOWN,0.20000000000000001,0,1,0,1,0,0,0,0,0,-1,-1,0,0,0,1,1,0,1,1,0,1,1,0,1,1,0,1,1,0,1,1,0,0,0,0,0,0,0,0,0,0,0,0,0,0,0,0,0,0,0,0,0,0,0,0,0,4.3030554052075825e-21,0,0,0,0,0,0,0,0,0,0,0,0,0,0,0,0,0,0,1,0,4.3030554052075825e-21,1
19900,NORMAL,3.4424443241660659e-21,1,3.4424443241660659e-21,1,0,UNKNOWN,0.20000000000000001,0,1,0,1,0,0,0,0,0,-1,-1,0,0,0,1,1,0,1,1,0,1,1,0,1,1,0,1,1,0,1,1,0,0,0,0,0,0,0,0,0,0,0,0,0,0,0,0,0,0,0,0,0,0,0,0,0,3.4424443241660659e-21,0,0,0,0,0,0,0,0,0,0,0,0,0,0,0,0,0,0,1,0,3.4424443241660659e-21,1
20000,NORMAL,2.7539554593328529e-21,1,2.7539554593328529e-21,1,0,UNKNOWN,0.20000000000000001,0,1,0,1,0,0,0,0,0,-1,-1,0,0,0,1,1,0,1,1,0,1,1,0,1,1,0,1,1,0,1,1,0,0,0,0,0,0,0,0,0,0,0,0,0,0,0,0,0,0,0,0,0,0,0,0,0,2.7539554593328529e-21,0,0,0,0,0,0,0,0,0,0,0,0,0,0,0,0,0,0,1,0,2.7539554593328529e-21,1
20100,NORMAL,2.2031643674662824e-21,1,2.2031643674662824e-21,1,0,UNKNOWN,0.20000000000000001,0,1,0,1,0,0,0,0,0,-1,-1,0,0,0,1,1,0,1,1,0,1,1,0,1,1,0,1,1,0,1,1,0,0,0,0,0,0,0,0,0,0,0,0,0,0,0,0,0,0,0,0,0,0,0,0,0,2.2031643674662824e-21,0,0,0,0,0,0,0,0,0,0,0,0,0,0,0,0,0,0,1,0,2.2031643674662824e-21,1
20200,NORMAL,1.7625314939730261e-21,1,1.7625314939730261e-21,1,0,UNKNOWN,0.20000000000000001,0,1,0,1,0,0,0,0,0,-1,-1,0,0,0,1,1,0,1,1,0,1,1,0,1,1,0,1,1,0,1,1,0,0,0,0,0,0,0,0,0,0,0,0,0,0,0,0,0,0,0,0,0,0,0,0,0,1.7625314939730261e-21,0,0,0,0,0,0,0,0,0,0,0,0,0,0,0,0,0,0,1,0,1.7625314939730261e-21,1
20300,NORMAL,1.4100251951784209e-21,1,1.4100251951784209e-21,1,0,UNKNOWN,0.20000000000000001,0,1,0,1,0,0,0,0,0,-1,-1,0,0,0,1,1,0,1,1,0,1,1,0,1,1,0,1,1,0,1,1,0,0,0,0,0,0,0,0,0,0,0,0,0,0,0,0,0,0,0,0,0,0,0,0,0,1.4100251951784209e-21,0,0,0,0,0,0,0,0,0,0,0,0,0,0,0,0,0,0,1,0,1.4100251951784209e-21,1
20400,NORMAL,1.1280201561427369e-21,1,1.1280201561427369e-21,1,0,UNKNOWN,0.20000000000000001,0,1,0,1,0,0,0,0,0,-1,-1,0,0,0,1,1,0,1,1,0,1,1,0,1,1,0,1,1,0,1,1,0,0,0,0,0,0,0,0,0,0,0,0,0,0,0,0,0,0,0,0,0,0,0,0,0,1.1280201561427369e-21,0,0,0,0,0,0,0,0,0,0,0,0,0,0,0,0,0,0,1,0,1.1280201561427369e-21,1
20500,NORMAL,9.0241612491418958e-22,1,9.0241612491418958e-22,1,0,UNKNOWN,0.20000000000000001,0,1,0,1,0,0,0,0,0,-1,-1,0,0,0,1,1,0,1,1,0,1,1,0,1,1,0,1,1,0,1,1,0,0,0,0,0,0,0,0,0,0,0,0,0,0,0,0,0,0,0,0,0,0,0,0,0,9.0241612491418958e-22,0,0,0,0,0,0,0,0,0,0,0,0,0,0,0,0,0,0,1,0,9.0241612491418958e-22,1
20600,NORMAL,7.2193289993135172e-22,1,7.2193289993135172e-22,1,0,UNKNOWN,0.20000000000000001,0,1,0,1,0,0,0,0,0,-1,-1,0,0,0,1,1,0,1,1,0,1,1,0,1,1,0,1,1,0,1,1,0,0,0,0,0,0,0,0,0,0,0,0,0,0,0,0,0,0,0,0,0,0,0,0,0,7.2193289993135172e-22,0,0,0,0,0,0,0,0,0,0,0,0,0,0,0,0,0,0,1,0,7.2193289993135172e-22,1
20700,NORMAL,5.7754631994508143e-22,1,5.7754631994508143e-22,1,0,UNKNOWN,0.20000000000000001,0,1,0,1,0,0,0,0,0,-1,-1,0,0,0,1,1,0,1,1,0,1,1,0,1,1,0,1,1,0,1,1,0,0,0,0,0,0,0,0,0,0,0,0,0,0,0,0,0,0,0,0,0,0,0,0,0,5.7754631994508143e-22,0,0,0,0,0,0,0,0,0,0,0,0,0,0,0,0,0,0,1,0,5.7754631994508143e-22,1
20800,NORMAL,4.6203705595606515e-22,1,4.6203705595606515e-22,1,0,UNKNOWN,0.20000000000000001,0,1,0,1,0,0,0,0,0,-1,-1,0,0,0,1,1,0,1,1,0,1,1,0,1,1,0,1,1,0,1,1,0,0,0,0,0,0,0,0,0,0,0,0,0,0,0,0,0,0,0,0,0,0,0,0,0,4.6203705595606515e-22,0,0,0,0,0,0,0,0,0,0,0,0,0,0,0,0,0,0,1,0,4.6203705595606515e-22,1
20900,NORMAL,3.6962964476485213e-22,1,3.6962964476485213e-22,1,0,UNKNOWN,0.20000000000000001,0,1,0,1,0,0,0,0,0,-1,-1,0,0,0,1,1,0,1,1,0,1,1,0,1,1,0,1,1,0,1,1,0,0,0,0,0,0,0,0,0,0,0,0,0,0,0,0,0,0,0,0,0,0,0,0,0,3.6962964476485213e-22,0,0,0,0,0,0,0,0,0,0,0,0,0,0,0,0,0,0,1,0,3.6962964476485213e-22,1
21000,NORMAL,2.9570371581188172e-22,1,2.9570371581188172e-22,1,0,UNKNOWN,0.20000000000000001,0,1,0,1,0,0,0,0,0,-1,-1,0,0,0,1,1,0,1,1,0,1,1,0,1,1,0,1,1,0,1,1,0,0,0,0,0,0,0,0,0,0,0,0,0,0,0,0,0,0,0,0,0,0,0,0,0,2.9570371581188172e-22,0,0,0,0,0,0,0,0,0,0,0,0,0,0,0,0,0,0,1,0,2.9570371581188172e-22,1
21100,NORMAL,2.365629726495054e-22,1,2.365629726495054e-22,1,0,UNKNOWN,0.20000000000000001,0,1,0,1,0,0,0,0,0,-1,-1,0,0,0,1,1,0,1,1,0,1,1,0,1,1,0,1,1,0,1,1,0,0,0,0,0,0,0,0,0,0,0,0,0,0,0,0,0,0,0,0,0,0,0,0,0,2.365629726495054e-22,0,0,0,0,0,0,0,0,0,0,0,0,0,0,0,0,0,0,1,0,2.365629726495054e-22,1
21200,NORMAL,1.8925037811960433e-22,1,1.8925037811960433e-22,1,0,UNKNOWN,0.20000000000000001,0,1,0,1,0,0,0,0,0,-1,-1,0,0,0,1,1,0,1,1,0,1,1,0,1,1,0,1,1,0,1,1,0,0,0,0,0,0,0,0,0,0,0,0,0,0,0,0,0,0,0,0,0,0,0,0,0,1.8925037811960433e-22,0,0,0,0,0,0,0,0,0,0,0,0,0,0,0,0,0,0,1,0,1.8925037811960433e-22,1
21300,NORMAL,1.5140030249568348e-22,1,1.5140030249568348e-22,1,0,UNKNOWN,0.20000000000000001,0,1,0,1,0,0,0,0,0,-1,-1,0,0,0,1,1,0,1,1,0,1,1,0,1,1,0,1,1,0,1,1,0,0,0,0,0,0,0,0,0,0,0,0,0,0,0,0,0,0,0,0,0,0,0,0,0,1.5140030249568348e-22,0,0,0,0,0,0,0,0,0,0,0,0,0,0,0,0,0,0,1,0,1.5140030249568348e-22,1
21400,NORMAL,1.2112024199654678e-22,1,1.2112024199654678e-22,1,0,UNKNOWN,0.20000000000000001,0,1,0,1,0,0,0,0,0,-1,-1,0,0,0,1,1,0,1,1,0,1,1,0,1,1,0,1,1,0,1,1,0,0,0,0,0,0,0,0,0,0,0,0,0,0,0,0,0,0,0,0,0,0,0,0,0,1.2112024199654678e-22,0,0,0,0,0,0,0,0,0,0,0,0,0,0,0,0,0,0,1,0,1.2112024199654678e-22,1
21500,NORMAL,9.6896193597237432e-23,1,9.6896193597237432e-23,1,0,UNKNOWN,0.20000000000000001,0,1,0,1,0,0,0,0,0,-1,-1,0,0,0,1,1,0,1,1,0,1,1,0,1,1,0,1,1,0,1,1,0,0,0,0,0,0,0,0,0,0,0,0,0,0,0,0,0,0,0,0,0,0,0,0,0,9.6896193597237432e-23,0,0,0,0,0,0,0,0,0,0,0,0,0,0,0,0,0,0,1,0,9.6896193597237432e-23,1
21600,NORMAL,7.7516954877789955e-23,1,7.7516954877789955e-23,1,0,UNKNOWN,0.20000000000000001,0,1,0,1,0,0,0,0,0,-1,-1,0,0,0,1,1,0,1,1,0,1,1,0,1,1,0,1,1,0,1,1,0,0,0,0,0,0,0,0,0,0,0,0,0,0,0,0,0,0,0,0,0,0,0,0,0,7.7516954877789955e-23,0,0,0,0,0,0,0,0,0,0,0,0,0,0,0,0,0,0,1,0,7.7516954877789955e-23,1
21700,NORMAL,6.2013563902231971e-23,1,6.2013563902231971e-23,1,0,UNKNOWN,0.20000000000000001,0,1,0,1,0,0,0,0,0,-1,-1,0,0,0,1,1,0,1,1,0,1,1,0,1,1,0,1,1,0,1,1,0,0,0,0,0,0,0,0,0,0,0,0,0,0,0,0,0,0,0,0,0,0,0,0,0,6.2013563902231971e-23,0,0,0,0,0,0,0,0,0,0,0,0,0,0,0,0,0,0,1,0,6.2013563902231971e-23,1
21800,NORMAL,4.9610851121785579e-23,1,4.9610851121785579e-23,1,0,UNKNOWN,0.20000000000000001,0,1,0,1,0,0,0,0,0,-1,-1,0,0,0,1,1,0,1,1,0,1,1,0,1,1,0,1,1,0,1,1,0,0,0,0,0,0,0,0,0,0,0,0,0,0,0,0,0,0,0,0,0,0,0,0,0,4.9610851121785579e-23,0,0,0,0,0,0,0,0,0,0,0,0,0,0,0,0,0,0,1,0,4.9610851121785579e-23,1
21900,NORMAL,3.9688680897428464e-23,1,3.9688680897428464e-23,1,0,UNKNOWN,0.20000000000000001,0,1,0,1,0,0,0,0,0,-1,-1,0,0,0,1,1,0,1,1,0,1,1,0,1,1,0,1,1,0,1,1,0,0,0,0,0,0,0,0,0,0,0,0,0,0,0,0,0,0,0,0,0,0,0,0,0,3.9688680897428464e-23,0,0,0,0,0,0,0,0,0,0,0,0,0,0,0,0,0,0,1,0,3.9688680897428464e-23,1
22000,NORMAL,3.1750944717942774e-23,1,3.1750944717942774e-23,1,0,UNKNOWN,0.20000000000000001,0,1,0,1,0,0,0,0,0,-1,-1,0,0,0,1,1,0,1,1,0,1,1,0,1,1,0,1,1,0,1,1,0,0,0,0,0,0,0,0,0,0,0,0,0,0,0,0,0,0,0,0,0,0,0,0,0,3.1750944717942774e-23,0,0,0,0,0,0,0,0,0,0,0,0,0,0,0,0,0,0,1,0,3.1750944717942774e-23,1
22100,NORMAL,2.540075577435422e-23,1,2.540075577435422e-23,1,0,UNKNOWN,0.20000000000000001,0,1,0,1,0,0,0,0,0,-1,-1,0,0,0,1,1,0,1,1,0,1,1,0,1,1,0,1,1,0,1,1,0,0,0,0,0,0,0,0,0,0,0,0,0,0,0,0,0,0,0,0,0,0,0,0,0,2.540075577435422e-23,0,0,0,0,0,0,0,0,0,0,0,0,0,0,0,0,0,0,1,0,2.540075577435422e-23,1
22200,NORMAL,2.0320604619483378e-23,1,2.0320604619483378e-23,1,0,UNKNOWN,0.20000000000000001,0,1,0,1,0,0,0,0,0,-1,-1,0,0,0,1,1,0,1,1,0,1,1,0,1,1,0,1,1,0,1,1,0,0,0,0,0,0,0,0,0,0,0,0,0,0,0,0,0,0,0,0,0,0,0,0,0,2.0320604619483378e-23,0,0,0,0,0,0,0,0,0,0,0,0,0,0,0,0,0,0,1,0,2.0320604619483378e-23,1
22300,NORMAL,1.6256483695586702e-23,1,1.6256483695586702e-23,1,0,UNKNOWN,0.20000000000000001,0,1,0,1,0,0,0,0,0,-1,-1,0,0,0,1,1,0,1,1,0,1,1,0,1,1,0,1,1,0,1,1,0,0,0,0,0,0,0,0,0,0,0,0,0,0,0,0,0,0,0,0,0,0,0,0,0,1.6256483695586702e-23,0,0,0,0,0,0,0,0,0,0,0,0,0,0,0,0,0,0,1,0,1.6256483695586702e-23,1
22400,NORMAL,1.3005186956469362e-23,1,1.3005186956469362e-23,1,0,UNKNOWN,0.20000000000000001,0,1,0,1,0,0,0,0,0,-1,-1,0,0,0,1,1,0,1,1,0,1,1,0,1,1,0,1,1,0,1,1,0,0,0,0,0,0,0,0,0,0,0,0,0,0,0,0,0,0,0,0,0,0,0,0,0,1.3005186956469362e-23,0,0,0,0,0,0,0,0,0,0,0,0,0,0,0,0,0,0,1,0,1.3005186956469362e-23,1
22500,NORMAL,1.040414956517549e-23,1,1.040414956517549e-23,1,0,UNKNOWN,0.20000000000000001,0,1,0,1,0,0,0,0,0,-1,-1,0,0,0,1,1,0,1,1,0,1,1,0,1,1,0,1,1,0,1,1,0,0,0,0,0,0,0,0,0,0,0,0,0,0,0,0,0,0,0,0,0,0,0,0,0,1.040414956517549e-23,0,0,0,0,0,0,0,0,0,0,0,0,0,0,0,0,0,0,1,0,1.040414956517549e-23,1
22600,NORMAL,8.3233196521403927e-24,1,8.3233196521403927e-24,1,0,UNKNOWN,0.20000000000000001,0,1,0,1,0,0,0,0,0,-1,-1,0,0,0,1,1,0,1,1,0,1,1,0,1,1,0,1,1,0,1,1,0,0,0,0,0,0,0,0,0,0,0,0,0,0,0,0,0,0,0,0,0,0,0,0,0,8.3233196521403927e-24,0,0,0,0,0,0,0,0,0,0,0,0,0,0,0,0,0,0,1,0,8.3233196521403927e-24,1
22700,NORMAL,6.6586557217123142e-24,1,6.6586557217123142e-24,1,0,UNKNOWN,0.20000000000000001,0,1,0,1,0,0,0,0,0,-1,-1,0,0,0,1,1,0,1,1,0,1,1,0,1,1,0,1,1,0,1,1,0,0,0,0,0,0,0,0,0,0,0,0,0,0,0,0,0,0,0,0,0,0,0,0,0,6.6586557217123142e-24,0,0,0,0,0,0,0,0,0,0,0,0,0,0,0,0,0,0,1,0,6.6586557217123142e-24,1
22800,NORMAL,5.3269245773698519e-24,1,5.3269245773698519e-24,1,0,UNKNOWN,0.20000000000000001,0,1,0,1,0,0,0,0,0,-1,-1,0,0,0,1,1,0,1,1,0,1,1,0,1,1,0,1,1,0,1,1,0,0,0,0,0,0,0,0,0,0,0,0,0,0,0,0,0,0,0,0,0,0,0,0,0,5.3269245773698519e-24,0,0,0,0,0,0,0,0,0,0,0,0,0,0,0,0,0,0,1,0,5.3269245773698519e-24,1
22900,NORMAL,4.2615396618958818e-24,1,4.2615396618958818e-24,1,0,UNKNOWN,0.20000000000000001,0,1,0,1,0,0,0,0,0,-1,-1,0,0,0,1,1,0,1,1,0,1,1,0,1,1,0,1,1,0,1,1,0,0,0,0,0,0,0,0,0,0,0,0,0,0,0,0,0,0,0,0,0,0,0,0,0,4.2615396618958818e-24,0,0,0,0,0,0,0,0,0,0,0,0,0,0,0,0,0,0,1,0,4.2615396618958818e-24,1
23000,NORMAL,3.4092317295167056e-24,1,3.4092317295167056e-24,1,0,UNKNOWN,0.20000000000000001,0,1,0,1,0,0,0,0,0,-1,-1,0,0,0,1,1,0,1,1,0,1,1,0,1,1,0,1,1,0,1,1,0,0,0,0,0,0,0,0,0,0,0,0,0,0,0,0,0,0,0,0,0,0,0,0,0,3.4092317295167056e-24,0,0,0,0,0,0,0,0,0,0,0,0,0,0,0,0,0,0,1,0,3.4092317295167056e-24,1
23100,NORMAL,2.7273853836133648e-24,1,2.7273853836133648e-24,1,0,UNKNOWN,0.20000000000000001,0,1,0,1,0,0,0,0,0,-1,-1,0,0,0,1,1,0,1,1,0,1,1,0,1,1,0,1,1,0,1,1,0,0,0,0,0,0,0,0,0,0,0,0,0,0,0,0,0,0,0,0,0,0,0,0,0,2.7273853836133648e-24,0,0,0,0,0,0,0,0,0,0,0,0,0,0,0,0,0,0,1,0,2.7273853836133648e-24,1
23200,NORMAL,2.1819083068906918e-24,1,2.1819083068906918e-24,1,0,UNKNOWN,0.20000000000000001,0,1,0,1,0,0,0,0,0,-1,-1,0,0,0,1,1,0,1,1,0,1,1,0,1,1,0,1,1,0,1,1,0,0,0,0,0,0,0,0,0,0,0,0,0,0,0,0,0,0,0,0,0,0,0,0,0,2.1819083068906918e-24,0,0,0,0,0,0,0,0,0,0,0,0,0,0,0,0,0,0,1,0,2.1819083068906918e-24,1
23300,NORMAL,1.7455266455125535e-24,1,1.7455266455125535e-24,1,0,UNKNOWN,0.20000000000000001,0,1,0,1,0,0,0,0,0,-1,-1,0,0,0,1,1,0,1,1,0,1,1,0,1,1,0,1,1,0,1,1,0,0,0,0,0,0,0,0,0,0,0,0,0,0,0,0,0,0,0,0,0,0,0,0,0,1.7455266455125535e-24,0,0,0,0,0,0,0,0,0,0,0,0,0,0,0,0,0,0,1,0,1.7455266455125535e-24,1
23400,NORMAL,1.3964213164100429e-24,1,1.3964213164100429e-24,1,0,UNKNOWN,0.20000000000000001,0,1,0,1,0,0,0,0,0,-1,-1,0,0,0,1,1,0,1,1,0,1,1,0,1,1,0,1,1,0,1,1,0,0,0,0,0,0,0,0,0,0,0,0,0,0,0,0,0,0,0,0,0,0,0,0,0,1.3964213164100429e-24,0,0,0,0,0,0,0,0,0,0,0,0,0,0,0,0,0,0,1,0,1.3964213164100429e-24,1
23500,NORMAL,1.1171370531280345e-24,1,1.1171370531280345e-24,1,0,UNKNOWN,0.20000000000000001,0,1,0,1,0,0,0,0,0,-1,-1,0,0,0,1,1,0,1,1,0,1,1,0,1,1,0,1,1,0,1,1,0,0,0,0,0,0,0,0,0,0,0,0,0,0,0,0,0,0,0,0,0,0,0,0,0,1.1171370531280345e-24,0,0,0,0,0,0,0,0,0,0,0,0,0,0,0,0,0,0,1,0,1.1171370531280345e-24,1
23600,NORMAL,8.9370964250242761e-25,1,8.9370964250242761e-25,1,0,UNKNOWN,0.20000000000000001,0,1,0,1,0,0,0,0,0,-1,-1,0,0,0,1,1,0,1,1,0,1,1,0,1,1,0,1,1,0,1,1,0,0,0,0,0,0,0,0,0,0,0,0,0,0,0,0,0,0,0,0,0,0,0,0,0,8.9370964250242761e-25,0,0,0,0,0,0,0,0,0,0,0,0,0,0,0,0,0,0,1,0,8.9370964250242761e-25,1
23700,NORMAL,7.1496771400194214e-25,1,7.1496771400194214e-25,1,0,UNKNOWN,0.20000000000000001,0,1,0,1,0,0,0,0,0,-1,-1,0,0,0,1,1,0,1,1,0,1,1,0,1,1,0,1,1,0,1,1,0,0,0,0,0,0,0,0,0,0,0,0,0,0,0,0,0,0,0,0,0,0,0,0,0,7.1496771400194214e-25,0,0,0,0,0,0,0,0,0,0,0,0,0,0,0,0,0,0,1,0,7.1496771400194214e-25,1
23800,NORMAL,5.7197417120155373e-25,1,5.7197417120155373e-25,1,0,UNKNOWN,0.20000000000000001,0,1,0,1,0,0,0,0,0,-1,-1,0,0,0,1,1,0,1,1,0,1,1,0,1,1,0,1,1,0,1,1,0,0,0,0,0,0,0,0,0,0,0,0,0,0,0,0,0,0,0,0,0,0,0,0,0,5.7197417120155373e-25,0,0,0,0,0,0,0,0,0,0,0,0,0,0,0,0,0,0,1,0,5.7197417120155373e-25,1
23900,NORMAL,4.5757933696124302e-25,1,4.5757933696124302e-25,1,0,UNKNOWN,0.20000000000000001,0,1,0,1,0,0,0,0,0,-1,-1,0,0,0,1,1,0,1,1,0,1,1,0,1,1,0,1,1,0,1,1,0,0,0,0,0,0,0,0,0,0,0,0,0,0,0,0,0,0,0,0,0,0,0,0,0,4.5757933696124302e-25,0,0,0,0,0,0,0,0,0,0,0,0,0,0,0,0,0,0,1,0,4.5757933696124302e-25,1
24000,NORMAL,3.6606346956899445e-25,1,3.6606346956899445e-25,1,0,UNKNOWN,0.20000000000000001,0,1,0,1,0,0,0,0,0,-1,-1,0,0,0,1,1,0,1,1,0,1,1,0,1,1,0,1,1,0,1,1,0,0,0,0,0,0,0,0,0,0,0,0,0,0,0,0,0,0,0,0,0,0,0,0,0,3.6606346956899445e-25,0,0,0,0,0,0,0,0,0,0,0,0,0,0,0,0,0,0,1,0,3.6606346956899445e-25,1
24100,NORMAL,2.9285077565519556e-25,1,2.9285077565519556e-25,1,0,UNKNOWN,0.20000000000000001,0,1,0,1,0,0,0,0,0,-1,-1,0,0,0,1,1,0,1,1,0,1,1,0,1,1,0,1,1,0,1,1,0,0,0,0,0,0,0,0,0,0,0,0,0,0,0,0,0,0,0,0,0,0,0,0,0,2.9285077565519556e-25,0,0,0,0,0,0,0,0,0,0,0,0,0,0,0,0,0,0,1,0,2.9285077565519556e-25,1
24200,NORMAL,2.3428062052415646e-25,1,2.3428062052415646e-25,1,0,UNKNOWN,0.20000000000000001,0,1,0,1,0,0,0,0,0,-1,-1,0,0,0,1,1,0,1,1,0,1,1,0,1,1,0,1,1,0,1,1,0,0,0,0,0,0,0,0,0,0,0,0,0,0,0,0,0,0,0,0,0,0,0,0,0,2.3428062052415646e-25,0,0,0,0,0,0,0,0,0,0,0,0,0,0,0,0,0,0,1,0,2.3428062052415646e-25,1
24300,NORMAL,1.8742449641932518e-25,1,1.8742449641932518e-25,1,0,UNKNOWN,0.20000000000000001,0,1,0,1,0,0,0,0,0,-1,-1,0,0,0,1,1,0,1,1,0,1,1,0,1,1,0,1,1,0,1,1,0,0,0,0,0,0,0,0,0,0,0,0,0,0,0,0,0,0,0,0,0,0,0,0,0,1.8742449641932518e-25,0,0,0,0,0,0,0,0,0,0,0,0,0,0,0,0,0,0,1,0,1.8742449641932518e-25,1
24400,NORMAL,1.4993959713546015e-25,1,1.4993959713546015e-25,1,0,UNKNOWN,0.20000000000000001,0,1,0,1,0,0,0,0,0,-1,-1,0,0,0,1,1,0,1,1,0,1,1,0,1,1,0,1,1,0,1,1,0,0,0,0,0,0,0,0,0,0,0,0,0,0,0,0,0,0,0,0,0,0,0,0,0,1.4993959713546015e-25,0,0,0,0,0,0,0,0,0,0,0,0,0,0,0,0,0,0,1,0,1.4993959713546015e-25,1
24500,NORMAL,1.1995167770836813e-25,1,1.1995167770836813e-25,1,0,UNKNOWN,0.20000000000000001,0,1,0,1,0,0,0,0,0,-1,-1,0,0,0,1,1,0,1,1,0,1,1,0,1,1,0,1,1,0,1,1,0,0,0,0,0,0,0,0,0,0,0,0,0,0,0,0,0,0,0,0,0,0,0,0,0,1.1995167770836813e-25,0,0,0,0,0,0,0,0,0,0,0,0,0,0,0,0,0,0,1,0,1.1995167770836813e-25,1
24600,NORMAL,9.5961342166694504e-26,1,9.5961342166694504e-26,1,0,UNKNOWN,0.20000000000000001,0,1,0,1,0,0,0,0,0,-1,-1,0,0,0,1,1,0,1,1,0,1,1,0,1,1,0,1,1,0,1,1,0,0,0,0,0,0,0,0,0,0,0,0,0,0,0,0,0,0,0,0,0,0,0,0,0,9.5961342166694504e-26,0,0,0,0,0,0,0,0,0,0,0,0,0,0,0,0,0,0,1,0,9.5961342166694504e-26,1
24700,NORMAL,7.676907373335561e-26,1,7.676907373335561e-26,1,0,UNKNOWN,0.20000000000000001,0,1,0,1,0,0,0,0,0,-1,-1,0,0,0,1,1,0,1,1,0,1,1,0,1,1,0,1,1,0,1,1,0,0,0,0,0,0,0,0,0,0,0,0,0,0,0,0,0,0,0,0,0,0,0,0,0,7.676907373335561e-26,0,0,0,0,0,0,0,0,0,0,0,0,0,0,0,0,0,0,1,0,7.676907373335561e-26,1
24800,NORMAL,6.1415258986684486e-26,1,6.1415258986684486e-26,1,0,UNKNOWN,0.20000000000000001,0,1,0,1,0,0,0,0,0,-1,-1,0,0,0,1,1,0,1,1,0,1,1,0,1,1,0,1,1,0,1,1,0,0,0,0,0,0,0,0,0,0,0,0,0,0,0,0,0,0,0,0,0,0,0,0,0,6.1415258986684486e-26,0,0,0,0,0,0,0,0,0,0,0,0,0,0,0,0,0,0,1,0,6.1415258986684486e-26,1
24900,NORMAL,4.9132207189347593e-26,1,4.9132207189347593e-26,1,0,UNKNOWN,0.20000000000000001,0,1,0,1,0,0,0,0,0,-1,-1,0,0,0,1,1,0,1,1,0,1,1,0,1,1,0,1,1,0,1,1,0,0,0,0,0,0,0,0,0,0,0,0,0,0,0,0,0,0,0,0,0,0,0,0,0,4.9132207189347593e-26,0,0,0,0,0,0,0,0,0,0,0,0,0,0,0,0,0,0,1,0,4.9132207189347593e-26,1
25000,NORMAL,3.9305765751478078e-26,1,3.9305765751478078e-26,1,0,UNKNOWN,0.20000000000000001,0,1,0,1,0,0,0,0,0,-1,-1,0,0,0,1,1,0,1,1,0,1,1,0,1,1,0,1,1,0,1,1,0,0,0,0,0,0,0,0,0,0,0,0,0,0,0,0,0,0,0,0,0,0,0,0,0,3.9305765751478078e-26,0,0,0,0,0,0,0,0,0,0,0,0,0,0,0,0,0,0,1,0,3.9305765751478078e-26,1
25100,NORMAL,3.1444612601182462e-26,1,3.1444612601182462e-26,1,0,UNKNOWN,0.20000000000000001,0,1,0,1,0,0,0,0,0,-1,-1,0,0,0,1,1,0,1,1,0,1,1,0,1,1,0,1,1,0,1,1,0,0,0,0,0,0,0,0,0,0,0,0,0,0,0,0,0,0,0,0,0,0,0,0,0,3.1444612601182462e-26,0,0,0,0,0,0,0,0,0,0,0,0,0,0,0,0,0,0,1,0,3.1444612601182462e-26,1
25200,NORMAL,2.5155690080945971e-26,1,2.5155690080945971e-26,1,0,UNKNOWN,0.20000000000000001,0,1,0,1,0,0,0,0,0,-1,-1,0,0,0,1,1,0,1,1,0,1,1,0,1,1,0,1,1,0,1,1,0,0,0,0,0,0,0,0,0,0,0,0,0,0,0,0,0,0,0,0,0,0,0,0,0,2.5155690080945971e-26,0,0,0,0,0,0,0,0,0,0,0,0,0,0,0,0,0,0,1,0,2.5155690080945971e-26,1
25300,NORMAL,2.0124552064756778e-26,1,2.0124552064756778e-26,1,0,UNKNOWN,0.20000000000000001,0,1,0,1,0,0,0,0,0,-1,-1,0,0,0,1,1,0,1,1,0,1,1,0,1,1,0,1,1,0,1,1,0,0,0,0,0,0,0,0,0,0,0,0,0,0,0,0,0,0,0,0,0,0,0,0,0,2.0124552064756778e-26,0,0,0,0,0,0,0,0,0,0,0,0,0,0,0,0,0,0,1,0,2.0124552064756778e-26,1
25400,NORMAL,1.6099641651805425e-26,1,1.6099641651805425e-26,1,0,UNKNOWN,0.20000000000000001,0,1,0,1,0,0,0,0,0,-1,-1,0,0,0,1,1,0,1,1,0,1,1,0,1,1,0,1,1,0,1,1,0,0,0,0,0,0,0,0,0,0,0,0,0,0,0,0,0,0,0,0,0,0,0,0,0,1.6099641651805425e-26,0,0,0,0,0,0,0,0,0,0,0,0,0,0,0,0,0,0,1,0,1.6099641651805425e-26,1
25500,NORMAL,1.2879713321444341e-26,1,1.2879713321444341e-26,1,0,UNKNOWN,0.20000000000000001,0,1,0,1,0,0,0,0,0,-1,-1,0,0,0,1,1,0,1,1,0,1,1,0,1,1,0,1,1,0,1,1,0,0,0,0,0,0,0,0,0,0,0,0,0,0,0,0,0,0,0,0,0,0,0,0,0,1.2879713321444341e-26,0,0,0,0,0,0,0,0,0,0,0,0,0,0,0,0,0,0,1,0,1.2879713321444341e-26,1
25600,NORMAL,1.0303770657155473e-26,1,1.0303770657155473e-26,1,0,UNKNOWN,0.20000000000000001,0,1,0,1,0,0,0,0,0,-1,-1,0,0,0,1,1,0,1,1,0,1,1,0,1,1,0,1,1,0,1,1,0,0,0,0,0,0,0,0,0,0,0,0,0,0,0,0,0,0,0,0,0,0,0,0,0,1.0303770657155473e-26,0,0,0,0,0,0,0,0,0,0,0,0,0,0,0,0,0,0,1,0,1.0303770657155473e-26,1
25700,NORMAL,8.2430165257243785e-27,1,8.2430165257243785e-27,1,0,UNKNOWN,0.20000000000000001,0,1,0,1,0,0,0,0,0,-1,-1,0,0,0,1,1,0,1,1,0,1,1,0,1,1,0,1,1,0,1,1,0,0,0,0,0,0,0,0,0,0,0,0,0,0,0,0,0,0,0,0,0,0,0,0,0,8.2430165257243785e-27,0,0,0,0,0,0,0,0,0,0,0,0,0,0,0,0,0,0,1,0,8.2430165257243785e-27,1
25800,NORMAL,6.5944132205795031e-27,1,6.5944132205795031e-27,1,0,UNKNOWN,0.20000000000000001,0,1,0,1,0,0,0,0,0,-1,-1,0,0,0,1,1,0,1,1,0,1,1,0,1,1,0,1,1,0,1,1,0,0,0,0,0,0,0,0,0,0,0,0,0,0,0,0,0,0,0,0,0,0,0,0,0,6.5944132205795031e-27,0,0,0,0,0,0,0,0,0,0,0,0,0,0,0,0,0,0,1,0,6.5944132205795031e-27,1
25900,NORMAL,5.2755305764636026e-27,1,5.2755305764636026e-27,1,0,UNKNOWN,0.20000000000000001,0,1,0,1,0,0,0,0,0,-1,-1,0,0,0,1,1,0,1,1,0,1,1,0,1,1,0,1,1,0,1,1,0,0,0,0,0,0,0,0,0,0,0,0,0,0,0,0,0,0,0,0,0,0,0,0,0,5.2755305764636026e-27,0,0,0,0,0,0,0,0,0,0,0,0,0,0,0,0,0,0,1,0,5.2755305764636026e-27,1
26000,NORMAL,4.2204244611708822e-27,1,4.2204244611708822e-27,1,0,UNKNOWN,0.20000000000000001,0,1,0,1,0,0,0,0,0,-1,-1,0,0,0,1,1,0,1,1,0,1,1,0,1,1,0,1,1,0,1,1,0,0,0,0,0,0,0,0,0,0,0,0,0,0,0,0,0,0,0,0,0,0,0,0,0,4.2204244611708822e-27,0,0,0,0,0,0,0,0,0,0,0,0,0,0,0,0,0,0,1,0,4.2204244611708822e-27,1
26100,NORMAL,3.3763395689367056e-27,1,3.3763395689367056e-27,1,0,UNKNOWN,0.20000000000000001,0,1,0,1,0,0,0,0,0,-1,-1,0,0,0,1,1,0,1,1,0,1,1,0,1,1,0,1,1,0,1,1,0,0,0,0,0,0,0,0,0,0,0,0,0,0,0,0,0,0,0,0,0,0,0,0,0,3.3763395689367056e-27,0,0,0,0,0,0,0,0,0,0,0,0,0,0,0,0,0,0,1,0,3.3763395689367056e-27,1
26200,NORMAL,2.7010716551493648e-27,1,2.7010716551493648e-27,1,0,UNKNOWN,0.20000000000000001,0,1,0,1,0,0,0,0,0,-1,-1,0,0,0,1,1,0,1,1,0,1,1,0,1,1,0,1,1,0,1,1,0,0,0,0,0,0,0,0,0,0,0,0,0,0,0,0,0,0,0,0,0,0,0,0,0,2.7010716551493648e-27,0,0,0,0,0,0,0,0,0,0,0,0,0,0,0,0,0,0,1,0,2.7010716551493648e-27,1
26300,NORMAL,2.1608573241194918e-27,1,2.1608573241194918e-27,1,0,UNKNOWN,0.20000000000000001,0,1,0,1,0,0,0,0,0,-1,-1,0,0,0,1,1,0,1,1,0,1,1,0,1,1,0,1,1,0,1,1,0,0,0,0,0,0,0,0,0,0,0,0,0,0,0,0,0,0,0,0,0,0,0,0,0,2.1608573241194918e-27,0,0,0,0,0,0,0,0,0,0,0,0,0,0,0,0,0,0,1,0,2.1608573241194918e-27,1
26400,NORMAL,1.7286858592955935e-27,1,1.7286858592955935e-27,1,0,UNKNOWN,0.20000000000000001,0,1,0,1,0,0,0,0,0,-1,-1,0,0,0,1,1,0,1,1,0,1,1,0,1,1,0,1,1,0,1,1,0,0,0,0,0,0,0,0,0,0,0,0,0,0,0,0,0,0,0,0,0,0,0,0,0,1.7286858592955935e-27,0,0,0,0,0,0,0,0,0,0,0,0,0,0,0,0,0,0,1,0,1.7286858592955935e-27,1
26500,NORMAL,1.3829486874364749e-27,1,1.3829486874364749e-27,1,0,UNKNOWN,0.20000000000000001,0,1,0,1,0,0,0,0,0,-1,-1,0,0,0,1,1,0,1,1,0,1,1,0,1,1,0,1,1,0,1,1,0,0,0,0,0,0,0,0,0,0,0,0,0,0,0,0,0,0,0,0,0,0,0,0,0,1.3829486874364749e-27,0,0,0,0,0,0,0,0,0,0,0,0,0,0,0,0,0,0,1,0,1.3829486874364749e-27,1
26600,NORMAL,1.1063589499491801e-27,1,1.1063589499491801e-27,1,0,UNKNOWN,0.20000000000000001,0,1,0,1,0,0,0,0,0,-1,-1,0,0,0,1,1,0,1,1,0,1,1,0,1,1,0,1,1,0,1,1,0,0,0,0,0,0,0,0,0,0,0,0,0,0,0,0,0,0,0,0,0,0,0,0,0,1.1063589499491801e-27,0,0,0,0,0,0,0,0,0,0,0,0,0,0,0,0,0,0,1,0,1.1063589499491801e-27,1
26700,NORMAL,8.8508715995934408e-28,1,8.8508715995934408e-28,1,0,UNKNOWN,0.20000000000000001,0,1,0,1,0,0,0,0,0,-1,-1,0,0,0,1,1,0,1,1,0,1,1,0,1,1,0,1,1,0,1,1,0,0,0,0,0,0,0,0,0,0,0,0,0,0,0,0,0,0,0,0,0,0,0,0,0,8.8508715995934408e-28,0,0,0,0,0,0,0,0,0,0,0,0,0,0,0,0,0,0,1,0,8.8508715995934408e-28,1
26800,NORMAL,7.0806972796747533e-28,1,7.0806972796747533e-28,1,0,UNKNOWN,0.20000000000000001,0,1,0,1,0,0,0,0,0,-1,-1,0,0,0,1,1,0,1,1,0,1,1,0,1,1,0,1,1,0,1,1,0,0,0,0,0,0,0,0,0,0,0,0,0,0,0,0,0,0,0,0,0,0,0,0,0,7.0806972796747533e-28,0,0,0,0,0,0,0,0,0,0,0,0,0,0,0,0,0,0,1,0,7.0806972796747533e-28,1
26900,NORMAL,5.6645578237398027e-28,1,5.6645578237398027e-28,1,0,UNKNOWN,0.20000000000000001,0,1,0,1,0,0,0,0,0,-1,-1,0,0,0,1,1,0,1,1,0,1,1,0,1,1,0,1,1,0,1,1,0,0,0,0,0,0,0,0,0,0,0,0,0,0,0,0,0,0,0,0,0,0,0,0,0,5.6645578237398027e-28,0,0,0,0,0,0,0,0,0,0,0,0,0,0,0,0,0,0,1,0,5.6645578237398027e-28,1
27000,NORMAL,4.5316462589918419e-28,1,4.5316462589918419e-28,1,0,UNKNOWN,0.20000000000000001,0,1,0,1,0,0,0,0,0,-1,-1,0,0,0,1,1,0,1,1,0,1,1,0,1,1,0,1,1,0,1,1,0,0,0,0,0,0,0,0,0,0,0,0,0,0,0,0,0,0,0,0,0,0,0,0,0,4.5316462589918419e-28,0,0,0,0,0,0,0,0,0,0,0,0,0,0,0,0,0,0,1,0,4.5316462589918419e-28,1
27100,NORMAL,3.6253170071934738e-28,1,3.6253170071934738e-28,1,0,UNKNOWN,0.20000000000000001,0,1,0,1,0,0,0,0,0,-1,-1,0,0,0,1,1,0,1,1,0,1,1,0,1,1,0,1,1,0,1,1,0,0,0,0,0,0,0,0,0,0,0,0,0,0,0,0,0,0,0,0,0,0,0,0,0,3.6253170071934738e-28,0,0,0,0,0,0,0,0,0,0,0,0,0,0,0,0,0,0,1,0,3.6253170071934738e-28,1
27200,NORMAL,2.9002536057547792e-28,1,2.9002536057547792e-28,1,0,UNKNOWN,0.20000000000000001,0,1,0,1,0,0,0,0,0,-1,-1,0,0,0,1,1,0,1,1,0,1,1,0,1,1,0,1,1,0,1,1,0,0,0,0,0,0,0,0,0,0,0,0,0,0,0,0,0,0,0,0,0,0,0,0,0,2.9002536057547792e-28,0,0,0,0,0,0,0,0,0,0,0,0,0,0,0,0,0,0,1,0,2.9002536057547792e-28,1
27300,NORMAL,2.3202028846038236e-28,1,2.3202028846038236e-28,1,0,UNKNOWN,0.20000000000000001,0,1,0,1,0,0,0,0,0,-1,-1,0,0,0,1,1,0,1,1,0,1,1,0,1,1,0,1,1,0,1,1,0,0,0,0,0,0,0,0,0,0,0,0,0,0,0,0,0,0,0,0,0,0,0,0,0,2.3202028846038236e-28,0,0,0,0,0,0,0,0,0,0,0,0,0,0,0,0,0,0,1,0,2.3202028846038236e-28,1
27400,NORMAL,1.856162307683059e-28,1,1.856162307683059e-28,1,0,UNKNOWN,0.20000000000000001,0,1,0,1,0,0,0,0,0,-1,-1,0,0,0,1,1,0,1,1,0,1,1,0,1,1,0,1,1,0,1,1,0,0,0,0,0,0,0,0,0,0,0,0,0,0,0,0,0,0,0,0,0,0,0,0,0,1.856162307683059e-28,0,0,0,0,0,0,0,0,0,0,0,0,0,0,0,0,0,0,1,0,1.856162307683059e-28,1
27500,NORMAL,1.4849298461464472e-28,1,1.4849298461464472e-28,1,0,UNKNOWN,0.20000000000000001,0,1,0,1,0,0,0,0,0,-1,-1,0,0,0,1,1,0,1,1,0,1,1,0,1,1,0,1,1,0,1,1,0,0,0,0,0,0,0,0,0,0,0,0,0,0,0,0,0,0,0,0,0,0,0,0,0,1.4849298461464472e-28,0,0,0,0,0,0,0,0,0,0,0,0,0,0,0,0,0,0,1,0,1.4849298461464472e-28,1
27600,NORMAL,1.1879438769171578e-28,1,1.1879438769171578e-28,1,0,UNKNOWN,0.20000000000000001,0,1,0,1,0,0,0,0,0,-1,-1,0,0,0,1,1,0,1,1,0,1,1,0,1,1,0,1,1,0,1,1,0,0,0,0,0,0,0,0,0,0,0,0,0,0,0,0,0,0,0,0,0,0,0,0,0,1.1879438769171578e-28,0,0,0,0,0,0,0,0,0,0,0,0,0,0,0,0,0,0,1,0,1.1879438769171578e-28,1
27700,NORMAL,9.5035510153372632e-29,1,9.5035510153372632e-29,1,0,UNKNOWN,0.20000000000000001,0,1,0,1,0,0,0,0,0,-1,-1,0,0,0,1,1,0,1,1,0,1,1,0,1,1,0,1,1,0,1,1,0,0,0,0,0,0,0,0,0,0,0,0,0,0,0,0,0,0,0,0,0,0,0,0,0,9.5035510153372632e-29,0,0,0,0,0,0,0,0,0,0,0,0,0,0,0,0,0,0,1,0,9.5035510153372632e-29,1
27800,NORMAL,7.602840812269811e-29,1,7.602840812269811e-29,1,0,UNKNOWN,0.20000000000000001,0,1,0,1,0,0,0,0,0,-1,-1,0,0,0,1,1,0,1,1,0,1,1,0,1,1,0,1,1,0,1,1,0,0,0,0,0,0,0,0,0,0,0,0,0,0,0,0,0,0,0,0,0,0,0,0,0,7.602840812269811e-29,0,0,0,0,0,0,0,0,0,0,0,0,0,0,0,0,0,0,1,0,7.602840812269811e-29,1
27900,NORMAL,6.082272649815849e-29,1,6.082272649815849e-29,1,0,UNKNOWN,0.20000000000000001,0,1,0,1,0,0,0,0,0,-1,-1,0,0,0,1,1,0,1,1,0,1,1,0,1,1,0,1,1,0,1,1,0,0,0,0,0,0,0,0,0,0,0,0,0,0,0,0,0,0,0,0,0,0,0,0,0,6.082272649815849e-29,0,0,0,0,0,0,0,0,0,0,0,0,0,0,0,0,0,0,1,0,6.082272649815849e-29,1
28000,NORMAL,4.8658181198526797e-29,1,4.8658181198526797e-29,1,0,UNKNOWN,0.20000000000000001,0,1,0,1,0,0,0,0,0,-1,-1,0,0,0,1,1,0,1,1,0,1,1,0,1,1,0,1,1,0,1,1,0,0,0,0,0,0,0,0,0,0,0,0,0,0,0,0,0,0,0,0,0,0,0,0,0,4.8658181198526797e-29,0,0,0,0,0,0,0,0,0,0,0,0,0,0,0,0,0,0,1,0,4.8658181198526797e-29,1
28100,NORMAL,3.8926544958821438e-29,1,3.8926544958821438e-29,1,0,UNKNOWN,0.20000000000000001,0,1,0,1,0,0,0,0,0,-1,-1,0,0,0,1,1,0,1,1,0,1,1,0,1,1,0,1,1,0,1,1,0,0,0,0,0,0,0,0,0,0,0,0,0,0,0,0,0,0,0,0,0,0,0,0,0,3.8926544958821438e-29,0,0,0,0,0,0,0,0,0,0,0,0,0,0,0,0,0,0,1,0,3.8926544958821438e-29,1
28200,NORMAL,3.1141235967057155e-29,1,3.1141235967057155e-29,1,0,UNKNOWN,0.20000000000000001,0,1,0,1,0,0,0,0,0,-1,-1,0,0,0,1,1,0,1,1,0,1,1,0,1,1,0,1,1,0,1,1,0,0,0,0,0,0,0,0,0,0,0,0,0,0,0,0,0,0,0,0,0,0,0,0,0,3.1141235967057155e-29,0,0,0,0,0,0,0,0,0,0,0,0,0,0,0,0,0,0,1,0,3.1141235967057155e-29,1
28300,NORMAL,2.4912988773645726e-29,1,2.4912988773645726e-29,1,0,UNKNOWN,0.20000000000000001,0,1,0,1,0,0,0,0,0,-1,-1,0,0,0,1,1,0,1,1,0,1,1,0,1,1,0,1,1,0,1,1,0,0,0,0,0,0,0,0,0,0,0,0,0,0,0,0,0,0,0,0,0,0,0,0,0,2.4912988773645726e-29,0,0,0,0,0,0,0,0,0,0,0,0,0,0,0,0,0,0,1,0,2.4912988773645726e-29,1
28400,NORMAL,1.9930391018916582e-29,1,1.9930391018916582e-29,1,0,UNKNOWN,0.20000000000000001,0,1,0,1,0,0,0,0,0,-1,-1,0,0,0,1,1,0,1,1,0,1,1,0,1,1,0,1,1,0,1,1,0,0,0,0,0,0,0,0,0,0,0,0,0,0,0,0,0,0,0,0,0,0,0,0,0,1.9930391018916582e-29,0,0,0,0,0,0,0,0,0,0,0,0,0,0,0,0,0,0,1,0,1.9930391018916582e-29,1
28500,NORMAL,1.5944312815133268e-29,1,1.5944312815133268e-29,1,0,UNKNOWN,0.20000000000000001,0,1,0,1,0,0,0,0,0,-1,-1,0,0,0,1,1,0,1,1,0,1,1,0,1,1,0,1,1,0,1,1,0,0,0,0,0,0,0,0,0,0,0,0,0,0,0,0,0,0,0,0,0,0,0,0,0,1.5944312815133268e-29,0,0,0,0,0,0,0,0,0,0,0,0,0,0,0,0,0,0,1,0,1.5944312815133268e-29,1
28600,NORMAL,1.2755450252106615e-29,1,1.2755450252106615e-29,1,0,UNKNOWN,0.20000000000000001,0,1,0,1,0,0,0,0,0,-1,-1,0,0,0,1,1,0,1,1,0,1,1,0,1,1,0,1,1,0,1,1,0,0,0,0,0,0,0,0,0,0,0,0,0,0,0,0,0,0,0,0,0,0,0,0,0,1.2755450252106615e-29,0,0,0,0,0,0,0,0,0,0,0,0,0,0,0,0,0,0,1,0,1.2755450252106615e-29,1
28700,NORMAL,1.0204360201685292e-29,1,1.0204360201685292e-29,1,0,UNKNOWN,0.20000000000000001,0,1,0,1,0,0,0,0,0,-1,-1,0,0,0,1,1,0,1,1,0,1,1,0,1,1,0,1,1,0,1,1,0,0,0,0,0,0,0,0,0,0,0,0,0,0,0,0,0,0,0,0,0,0,0,0,0,1.0204360201685292e-29,0,0,0,0,0,0,0,0,0,0,0,0,0,0,0,0,0,0,1,0,1.0204360201685292e-29,1
28800,NORMAL,8.1634881613482342e-30,1,8.1634881613482342e-30,1,0,UNKNOWN,0.20000000000000001,0,1,0,1,0,0,0,0,0,-1,-1,0,0,0,1,1,0,1,1,0,1,1,0,1,1,0,1,1,0,1,1,0,0,0,0,0,0,0,0,0,0,0,0,0,0,0,0,0,0,0,0,0,0,0,0,0,8.1634881613482342e-30,0,0,0,0,0,0,0,0,0,0,0,0,0,0,0,0,0,0,1,0,8.1634881613482342e-30,1
28900,NORMAL,6.5307905290785882e-30,1,6.5307905290785882e-30,1,0,UNKNOWN,0.20000000000000001,0,1,0,1,0,0,0,0,0,-1,-1,0,0,0,1,1,0,1,1,0,1,1,0,1,1,0,1,1,0,1,1,0,0,0,0,0,0,0,0,0,0,0,0,0,0,0,0,0,0,0,0,0,0,0,0,0,6.5307905290785882e-30,0,0,0,0,0,0,0,0,0,0,0,0,0,0,0,0,0,0,1,0,6.5307905290785882e-30,1
29000,NORMAL,5.2246324232628706e-30,1,5.2246324232628706e-30,1,0,UNKNOWN,0.20000000000000001,0,1,0,1,0,0,0,0,0,-1,-1,0,0,0,1,1,0,1,1,0,1,1,0,1,1,0,1,1,0,1,1,0,0,0,0,0,0,0,0,0,0,0,0,0,0,0,0,0,0,0,0,0,0,0,0,0,5.2246324232628706e-30,0,0,0,0,0,0,0,0,0,0,0,0,0,0,0,0,0,0,1,0,5.2246324232628706e-30,1
29100,NORMAL,4.1797059386102964e-30,1,4.1797059386102964e-30,1,0,UNKNOWN,0.20000000000000001,0,1,0,1,0,0,0,0,0,-1,-1,0,0,0,1,1,0,1,1,0,1,1,0,1,1,0,1,1,0,1,1,0,0,0,0,0,0,0,0,0,0,0,0,0,0,0,0,0,0,0,0,0,0,0,0,0,4.1797059386102964e-30,0,0,0,0,0,0,0,0,0,0,0,0,0,0,0,0,0,0,1,0,4.1797059386102964e-30,1
29200,NORMAL,3.343764750888237e-30,1,3.343764750888237e-30,1,0,UNKNOWN,0.20000000000000001,0,1,0,1,0,0,0,0,0,-1,-1,0,0,0,1,1,0,1,1,0,1,1,0,1,1,0,1,1,0,1,1,0,0,0,0,0,0,0,0,0,0,0,0,0,0,0,0,0,0,0,0,0,0,0,0,0,3.343764750888237e-30,0,0,0,0,0,0,0,0,0,0,0,0,0,0,0,0,0,0,1,0,3.343764750888237e-30,1
29300,NORMAL,2.6750118007105896e-30,1,2.6750118007105896e-30,1,0,UNKNOWN,0.20000000000000001,0,1,0,1,0,0,0,0,0,-1,-1,0,0,0,1,1,0,1,1,0,1,1,0,1,1,0,1,1,0,1,1,0,0,0,0,0,0,0,0,0,0,0,0,0,0,0,0,0,0,0,0,0,0,0,0,0,2.6750118007105896e-30,0,0,0,0,0,0,0,0,0,0,0,0,0,0,0,0,0,0,1,0,2.6750118007105896e-30,1
29400,NORMAL,2.1400094405684719e-30,1,2.1400094405684719e-30,1,0,UNKNOWN,0.20000000000000001,0,1,0,1,0,0,0,0,0,-1,-1,0,0,0,1,1,0,1,1,0,1,1,0,1,1,0,1,1,0,1,1,0,0,0,0,0,0,0,0,0,0,0,0,0,0,0,0,0,0,0,0,0,0,0,0,0,2.1400094405684719e-30,0,0,0,0,0,0,0,0,0,0,0,0,0,0,0,0,0,0,1,0,2.1400094405684719e-30,1
29500,NORMAL,1.7120075524547777e-30,1,1.7120075524547777e-30,1,0,UNKNOWN,0.20000000000000001,0,1,0,1,0,0,0,0,0,-1,-1,0,0,0,1,1,0,1,1,0,1,1,0,1,1,0,1,1,0,1,1,0,0,0,0,0,0,0,0,0,0,0,0,0,0,0,0,0,0,0,0,0,0,0,0,0,1.7120075524547777e-30,0,0,0,0,0,0,0,0,0,0,0,0,0,0,0,0,0,0,1,0,1.7120075524547777e-30,1
29600,NORMAL,1.3696060419638222e-30,1,1.3696060419638222e-30,1,0,UNKNOWN,0.20000000000000001,0,1,0,1,0,0,0,0,0,-1,-1,0,0,0,1,1,0,1,1,0,1,1,0,1,1,0,1,1,0,1,1,0,0,0,0,0,0,0,0,0,0,0,0,0,0,0,0,0,0,0,0,0,0,0,0,0,1.3696060419638222e-30,0,0,0,0,0,0,0,0,0,0,0,0,0,0,0,0,0,0,1,0,1.3696060419638222e-30,1
29700,NORMAL,1.0956848335710579e-30,1,1.0956848335710579e-30,1,0,UNKNOWN,0.20000000000000001,0,1,0,1,0,0,0,0,0,-1,-1,0,0,0,1,1,0,1,1,0,1,1,0,1,1,0,1,1,0,1,1,0,0,0,0,0,0,0,0,0,0,0,0,0,0,0,0,0,0,0,0,0,0,0,0,0,1.0956848335710579e-30,0,0,0,0,0,0,0,0,0,0,0,0,0,0,0,0,0,0,1,0,1.0956848335710579e-30,1
29800,NORMAL,8.7654786685684626e-31,1,8.7654786685684626e-31,1,0,UNKNOWN,0.20000000000000001,0,1,0,1,0,0,0,0,0,-1,-1,0,0,0,1,1,0,1,1,0,1,1,0,1,1,0,1,1,0,1,1,0,0,0,0,0,0,0,0,0,0,0,0,0,0,0,0,0,0,0,0,0,0,0,0,0,8.7654786685684626e-31,0,0,0,0,0,0,0,0,0,0,0,0,0,0,0,0,0,0,1,0,8.7654786685684626e-31,1
29900,NORMAL,7.0123829348547706e-31,1,7.0123829348547706e-31,1,0,UNKNOWN,0.20000000000000001,0,1,0,1,0,0,0,0,0,-1,-1,0,0,0,1,1,0,1,1,0,1,1,0,1,1,0,1,1,0,1,1,0,0,0,0,0,0,0,0,0,0,0,0,0,0,0,0,0,0,0,0,0,0,0,0,0,7.0123829348547706e-31,0,0,0,0,0,0,0,0,0,0,0,0,0,0,0,0,0,0,1,0,7.0123829348547706e-31,1
30000,NORMAL,5.6099063478838165e-31,1,5.6099063478838165e-31,1,0,UNKNOWN,0.20000000000000001,0,1,0,1,0,0,0,0,0,-1,-1,0,0,0,1,1,0,1,1,0,1,1,0,1,1,0,1,1,0,1,1,0,0,0,0,0,0,0,0,0,0,0,0,0,0,0,0,0,0,0,0,0,0,0,0,0,5.6099063478838165e-31,0,0,0,0,0,0,0,0,0,0,0,0,0,0,0,0,0,0,1,0,5.6099063478838165e-31,1
30100,NORMAL,4.4879250783070534e-31,1,4.4879250783070534e-31,1,0,UNKNOWN,0.20000000000000001,0,1,0,1,0,0,0,0,0,-1,-1,0,0,0,1,1,0,1,1,0,1,1,0,1,1,0,1,1,0,1,1,0,0,0,0,0,0,0,0,0,0,0,0,0,0,0,0,0,0,0,0,0,0,0,0,0,4.4879250783070534e-31,0,0,0,0,0,0,0,0,0,0,0,0,0,0,0,0,0,0,1,0,4.4879250783070534e-31,1
30200,NORMAL,3.5903400626456427e-31,1,3.5903400626456427e-31,1,0,UNKNOWN,0.20000000000000001,0,1,0,1,0,0,0,0,0,-1,-1,0,0,0,1,1,0,1,1,0,1,1,0,1,1,0,1,1,0,1,1,0,0,0,0,0,0,0,0,0,0,0,0,0,0,0,0,0,0,0,0,0,0,0,0,0,3.5903400626456427e-31,0,0,0,0,0,0,0,0,0,0,0,0,0,0,0,0,0,0,1,0,3.5903400626456427e-31,1
30300,NORMAL,2.8722720501165145e-31,1,2.8722720501165145e-31,1,0,UNKNOWN,0.20000000000000001,0,1,0,1,0,0,0,0,0,-1,-1,0,0,0,1,1,0,1,1,0,1,1,0,1,1,0,1,1,0,1,1,0,0,0,0,0,0,0,0,0,0,0,0,0,0,0,0,0,0,0,0,0,0,0,0,0,2.8722720501165145e-31,0,0,0,0,0,0,0,0,0,0,0,0,0,0,0,0,0,0,1,0,2.8722720501165145e-31,1
30400,NORMAL,2.2978176400932116e-31,1,2.2978176400932116e-31,1,0,UNKNOWN,0.20000000000000001,0,1,0,1,0,0,0,0,0,-1,-1,0,0,0,1,1,0,1,1,0,1,1,0,1,1,0,1,1,0,1,1,0,0,0,0,0,0,0,0,0,0,0,0,0,0,0,0,0,0,0,0,0,0,0,0,0,2.2978176400932116e-31,0,0,0,0,0,0,0,0,0,0,0,0,0,0,0,0,0,0,1,0,2.2978176400932116e-31,1
30500,NORMAL,1.8382541120745694e-31,1,1.8382541120745694e-31,1,0,UNKNOWN,0.20000000000000001,0,1,0,1,0,0,0,0,0,-1,-1,0,0,0,1,1,0,1,1,0,1,1,0,1,1,0,1,1,0,1,1,0,0,0,0,0,0,0,0,0,0,0,0,0,0,0,0,0,0,0,0,0,0,0,0,0,1.8382541120745694e-31,0,0,0,0,0,0,0,0,0,0,0,0,0,0,0,0,0,0,1,0,1.8382541120745694e-31,1
30600,NORMAL,1.4706032896596556e-31,1,1.4706032896596556e-31,1,0,UNKNOWN,0.20000000000000001,0,1,0,1,0,0,0,0,0,-1,-1,0,0,0,1,1,0,1,1,0,1,1,0,1,1,0,1,1,0,1,1,0,0,0,0,0,0,0,0,0,0,0,0,0,0,0,0,0,0,0,0,0,0,0,0,0,1.4706032896596556e-31,0,0,0,0,0,0,0,0,0,0,0,0,0,0,0,0,0,0,1,0,1.4706032896596556e-31,1
30700,NORMAL,1.1764826317277245e-31,1,1.1764826317277245e-31,1,0,UNKNOWN,0.20000000000000001,0,1,0,1,0,0,0,0,0,-1,-1,0,0,0,1,1,0,1,1,0,1,1,0,1,1,0,1,1,0,1,1,0,0,0,0,0,0,0,0,0,0,0,0,0,0,0,0,0,0,0,0,0,0,0,0,0,1.1764826317277245e-31,0,0,0,0,0,0,0,0,0,0,0,0,0,0,0,0,0,0,1,0,1.1764826317277245e-31,1
30800,NORMAL,9.4118610538217969e-32,1,9.4118610538217969e-32,1,0,UNKNOWN,0.20000000000000001,0,1,0,1,0,0,0,0,0,-1,-1,0,0,0,1,1,0,1,1,0,1,1,0,1,1,0,1,1,0,1,1,0,0,0,0,0,0,0,0,0,0,0,0,0,0,0,0,0,0,0,0,0,0,0,0,0,9.4118610538217969e-32,0,0,0,0,0,0,0,0,0,0,0,0,0,0,0,0,0,0,1,0,9.4118610538217969e-32,1
30900,NORMAL,7.5294888430574378e-32,1,7.5294888430574378e-32,1,0,UNKNOWN,0.20000000000000001,0,1,0,1,0,0,0,0,0,-1,-1,0,0,0,1,1,0,1,1,0,1,1,0,1,1,0,1,1,0,1,1,0,0,0,0,0,0,0,0,0,0,0,0,0,0,0,0,0,0,0,0,0,0,0,0,0,7.5294888430574378e-32,0,0,0,0,0,0,0,0,0,0,0,0,0,0,0,0,0,0,1,0,7.5294888430574378e-32,1
31000,NORMAL,6.0235910744459506e-32,1,6.0235910744459506e-32,1,0,UNKNOWN,0.20000000000000001,0,1,0,1,0,0,0,0,0,-1,-1,0,0,0,1,1,0,1,1,0,1,1,0,1,1,0,1,1,0,1,1,0,0,0,0,0,0,0,0,0,0,0,0,0,0,0,0,0,0,0,0,0,0,0,0,0,6.0235910744459506e-32,0,0,0,0,0,0,0,0,0,0,0,0,0,0,0,0,0,0,1,0,6.0235910744459506e-32,1
31100,NORMAL,4.8188728595567607e-32,1,4.8188728595567607e-32,1,0,UNKNOWN,0.20000000000000001,0,1,0,1,0,0,0,0,0,-1,-1,0,0,0,1,1,0,1,1,0,1,1,0,1,1,0,1,1,0,1,1,0,0,0,0,0,0,0,0,0,0,0,0,0,0,0,0,0,0,0,0,0,0,0,0,0,4.8188728595567607e-32,0,0,0,0,0,0,0,0,0,0,0,0,0,0,0,0,0,0,1,0,4.8188728595567607e-32,1
31200,NORMAL,3.8550982876454086e-32,1,3.8550982876454086e-32,1,0,UNKNOWN,0.20000000000000001,0,1,0,1,0,0,0,0,0,-1,-1,0,0,0,1,1,0,1,1,0,1,1,0,1,1,0,1,1,0,1,1,0,0,0,0,0,0,0,0,0,0,0,0,0,0,0,0,0,0,0,0,0,0,0,0,0,3.8550982876454086e-32,0,0,0,0,0,0,0,0,0,0,0,0,0,0,0,0,0,0,1,0,3.8550982876454086e-32,1
31300,NORMAL,3.084078630116327e-32,1,3.084078630116327e-32,1,0,UNKNOWN,0.20000000000000001,0,1,0,1,0,0,0,0,0,-1,-1,0,0,0,1,1,0,1,1,0,1,1,0,1,1,0,1,1,0,1,1,0,0,0,0,0,0,0,0,0,0,0,0,0,0,0,0,0,0,0,0,0,0,0,0,0,3.084078630116327e-32,0,0,0,0,0,0,0,0,0,0,0,0,0,0,0,0,0,0,1,0,3.084078630116327e-32,1
31400,NORMAL,2.4672629040930616e-32,1,2.4672629040930616e-32,1,0,UNKNOWN,0.20000000000000001,0,1,0,1,0,0,0,0,0,-1,-1,0,0,0,1,1,0,1,1,0,1,1,0,1,1,0,1,1,0,1,1,0,0,0,0,0,0,0,0,0,0,0,0,0,0,0,0,0,0,0,0,0,0,0,0,0,2.4672629040930616e-32,0,0,0,0,0,0,0,0,0,0,0,0,0,0,0,0,0,0,1,0,2.4672629040930616e-32,1
31500,NORMAL,1.9738103232744493e-32,1,1.9738103232744493e-32,1,0,UNKNOWN,0.20000000000000001,0,1,0,1,0,0,0,0,0,-1,-1,0,0,0,1,1,0,1,1,0,1,1,0,1,1,0,1,1,0,1,1,0,0,0,0,0,0,0,0,0,0,0,0,0,0,0,0,0,0,0,0,0,0,0,0,0,1.9738103232744493e-32,0,0,0,0,0,0,0,0,0,0,0,0,0,0,0,0,0,0,1,0,1.9738103232744493e-32,1
31600,NORMAL,1.5790482586195595e-32,1,1.5790482586195595e-32,1,0,UNKNOWN,0.20000000000000001,0,1,0,1,0,0,0,0,0,-1,-1,0,0,0,1,1,0,1,1,0,1,1,0,1,1,0,1,1,0,1,1,0,0,0,0,0,0,0,0,0,0,0,0,0,0,0,0,0,0,0,0,0,0,0,0,0,1.5790482586195595e-32,0,0,0,0,0,0,0,0,0,0,0,0,0,0,0,0,0,0,1,0,1.5790482586195595e-32,1
31700,NORMAL,1.2632386068956477e-32,1,1.2632386068956477e-32,1,0,UNKNOWN,0.20000000000000001,0,1,0,1,0,0,0,0,0,-1,-1,0,0,0,1,1,0,1,1,0,1,1,0,1,1,0,1,1,0,1,1,0,0,0,0,0,0,0,0,0,0,0,0,0,0,0,0,0,0,0,0,0,0,0,0,0,1.2632386068956477e-32,0,0,0,0,0,0,0,0,0,0,0,0,0,0,0,0,0,0,1,0,1.2632386068956477e-32,1
31800,NORMAL,1.0105908855165182e-32,1,1.0105908855165182e-32,1,0,UNKNOWN,0.20000000000000001,0,1,0,1,0,0,0,0,0,-1,-1,0,0,0,1,1,0,1,1,0,1,1,0,1,1,0,1,1,0,1,1,0,0,0,0,0,0,0,0,0,0,0,0,0,0,0,0,0,0,0,0,0,0,0,0,0,1.0105908855165182e-32,0,0,0,0,0,0,0,0,0,0,0,0,0,0,0,0,0,0,1,0,1.0105908855165182e-32,1
31900,NORMAL,8.0847270841321461e-33,1,8.0847270841321461e-33,1,0,UNKNOWN,0.20000000000000001,0,1,0,1,0,0,0,0,0,-1,-1,0,0,0,1,1,0,1,1,0,1,1,0,1,1,0,1,1,0,1,1,0,0,0,0,0,0,0,0,0,0,0,0,0,0,0,0,0,0,0,0,0,0,0,0,0,8.0847270841321461e-33,0,0,0,0,0,0,0,0,0,0,0,0,0,0,0,0,0,0,1,0,8.0847270841321461e-33,1
32000,NORMAL,6.4677816673057166e-33,1,6.4677816673057166e-33,1,0,UNKNOWN,0.20000000000000001,0,1,0,1,0,0,0,0,0,-1,-1,0,0,0,1,1,0,1,1,0,1,1,0,1,1,0,1,1,0,1,1,0,0,0,0,0,0,0,0,0,0,0,0,0,0,0,0,0,0,0,0,0,0,0,0,0,6.4677816673057166e-33,0,0,0,0,0,0,0,0,0,0,0,0,0,0,0,0,0,0,1,0,6.4677816673057166e-33,1
32100,NORMAL,5.1742253338445735e-33,1,5.1742253338445735e-33,1,0,UNKNOWN,0.20000000000000001,0,1,0,1,0,0,0,0,0,-1,-1,0,0,0,1,1,0,1,1,0,1,1,0,1,1,0,1,1,0,1,1,0,0,0,0,0,0,0,0,0,0,0,0,0,0,0,0,0,0,0,0,0,0,0,0,0,5.1742253338445735e-33,0,0,0,0,0,0,0,0,0,0,0,0,0,0,0,0,0,0,1,0,5.1742253338445735e-33,1
32200,NORMAL,4.1393802670756591e-33,1,4.1393802670756591e-33,1,0,UNKNOWN,0.20000000000000001,0,1,0,1,0,0,0,0,0,-1,-1,0,0,0,1,1,0,1,1,0,1,1,0,1,1,0,1,1,0,1,1,0,0,0,0,0,0,0,0,0,0,0,0,0,0,0,0,0,0,0,0,0,0,0,0,0,4.1393802670756591e-33,0,0,0,0,0,0,0,0,0,0,0,0,0,0,0,0,0,0,1,0,4.1393802670756591e-33,1
32300,NORMAL,3.3115042136605274e-33,1,3.3115042136605274e-33,1,0,UNKNOWN,0.20000000000000001,0,1,0,1,0,0,0,0,0,-1,-1,0,0,0,1,1,0,1,1,0,1,1,0,1,1,0,1,1,0,1,1,0,0,0,0,0,0,0,0,0,0,0,0,0,0,0,0,0,0,0,0,0,0,0,0,0,3.3115042136605274e-33,0,0,0,0,0,0,0,0,0,0,0,0,0,0,0,0,0,0,1,0,3.3115042136605274e-33,1
32400,NORMAL,2.6492033709284219e-33,1,2.6492033709284219e-33,1,0,UNKNOWN,0.20000000000000001,0,1,0,1,0,0,0,0,0,-1,-1,0,0,0,1,1,0,1,1,0,1,1,0,1,1,0,1,1,0,1,1,0,0,0,0,0,0,0,0,0,0,0,0,0,0,0,0,0,0,0,0,0,0,0,0,0,2.6492033709284219e-33,0,0,0,0,0,0,0,0,0,0,0,0,0,0,0,0,0,0,1,0,2.6492033709284219e-33,1
32500,NORMAL,2.1193626967427377e-33,1,2.1193626967427377e-33,1,0,UNKNOWN,0.20000000000000001,0,1,0,1,0,0,0,0,0,-1,-1,0,0,0,1,1,0,1,1,0,1,1,0,1,1,0,1,1,0,1,1,0,0,0,0,0,0,0,0,0,0,0,0,0,0,0,0,0,0,0,0,0,0,0,0,0,2.1193626967427377e-33,0,0,0,0,0,0,0,0,0,0,0,0,0,0,0,0,0,0,1,0,2.1193626967427377e-33,1
32600,NORMAL,1.6954901573941904e-33,1,1.6954901573941904e-33,1,0,UNKNOWN,0.20000000000000001,0,1,0,1,0,0,0,0,0,-1,-1,0,0,0,1,1,0,1,1,0,1,1,0,1,1,0,1,1,0,1,1,0,0,0,0,0,0,0,0,0,0,0,0,0,0,0,0,0,0,0,0,0,0,0,0,0,1.6954901573941904e-33,0,0,0,0,0,0,0,0,0,0,0,0,0,0,0,0,0,0,1,0,1.6954901573941904e-33,1
32700,NORMAL,1.3563921259153524e-33,1,1.3563921259153524e-33,1,0,UNKNOWN,0.20000000000000001,0,1,0,1,0,0,0,0,0,-1,-1,0,0,0,1,1,0,1,1,0,1,1,0,1,1,0,1,1,0,1,1,0,0,0,0,0,0,0,0,0,0,0,0,0,0,0,0,0,0,0,0,0,0,0,0,0,1.3563921259153524e-33,0,0,0,0,0,0,0,0,0,0,0,0,0,0,0,0,0,0,1,0,1.3563921259153524e-33,1
32800,NORMAL,1.085113700732282e-33,1,1.085113700732282e-33,1,0,UNKNOWN,0.20000000000000001,0,1,0,1,0,0,0,0,0,-1,-1,0,0,0,1,1,0,1,1,0,1,1,0,1,1,0,1,1,0,1,1,0,0,0,0,0,0,0,0,0,0,0,0,0,0,0,0,0,0,0,0,0,0,0,0,0,1.085113700732282e-33,0,0,0,0,0,0,0,0,0,0,0,0,0,0,0,0,0,0,1,0,1.085113700732282e-33,1
32900,NORMAL,8.6809096058582565e-34,1,8.6809096058582565e-34,1,0,UNKNOWN,0.20000000000000001,0,1,0,1,0,0,0,0,0,-1,-1,0,0,0,1,1,0,1,1,0,1,1,0,1,1,0,1,1,0,1,1,0,0,0,0,0,0,0,0,0,0,0,0,0,0,0,0,0,0,0,0,0,0,0,0,0,8.6809096058582565e-34,0,0,0,0,0,0,0,0,0,0,0,0,0,0,0,0,0,0,1,0,8.6809096058582565e-34,1
33000,NORMAL,6.9447276846866059e-34,1,6.9447276846866059e-34,1,0,UNKNOWN,0.20000000000000001,0,1,0,1,0,0,0,0,0,-1,-1,0,0,0,1,1,0,1,1,0,1,1,0,1,1,0,1,1,0,1,1,0,0,0,0,0,0,0,0,0,0,0,0,0,0,0,0,0,0,0,0,0,0,0,0,0,6.9447276846866059e-34,0,0,0,0,0,0,0,0,0,0,0,0,0,0,0,0,0,0,1,0,6.9447276846866059e-34,1
33100,NORMAL,5.5557821477492847e-34,1,5.5557821477492847e-34,1,0,UNKNOWN,0.20000000000000001,0,1,0,1,0,0,0,0,0,-1,-1,0,0,0,1,1,0,1,1,0,1,1,0,1,1,0,1,1,0,1,1,0,0,0,0,0,0,0,0,0,0,0,0,0,0,0,0,0,0,0,0,0,0,0,0,0,5.5557821477492847e-34,0,0,0,0,0,0,0,0,0,0,0,0,0,0,0,0,0,0,1,0,5.5557821477492847e-34,1
33200,NORMAL,4.4446257181994276e-34,1,4.4446257181994276e-34,1,0,UNKNOWN,0.20000000000000001,0,1,0,1,0,0,0,0,0,-1,-1,0,0,0,1,1,0,1,1,0,1,1,0,1,1,0,1,1,0,1,1,0,0,0,0,0,0,0,0,0,0,0,0,0,0,0,0,0,0,0,0,0,0,0,0,0,4.4446257181994276e-34,0,0,0,0,0,0,0,0,0,0,0,0,0,0,0,0,0,0,1,0,4.4446257181994276e-34,1
33300,NORMAL,3.5557005745595422e-34,1,3.5557005745595422e-34,1,0,UNKNOWN,0.20000000000000001,0,1,0,1,0,0,0,0,0,-1,-1,0,0,0,1,1,0,1,1,0,1,1,0,1,1,0,1,1,0,1,1,0,0,0,0,0,0,0,0,0,0,0,0,0,0,0,0,0,0,0,0,0,0,0,0,0,3.5557005745595422e-34,0,0,0,0,0,0,0,0,0,0,0,0,0,0,0,0,0,0,1,0,3.5557005745595422e-34,1
33400,NORMAL,2.8445604596476337e-34,1,2.8445604596476337e-34,1,0,UNKNOWN,0.20000000000000001,0,1,0,1,0,0,0,0,0,-1,-1,0,0,0,1,1,0,1,1,0,1,1,0,1,1,0,1,1,0,1,1,0,0,0,0,0,0,0,0,0,0,0,0,0,0,0,0,0,0,0,0,0,0,0,0,0,2.8445604596476337e-34,0,0,0,0,0,0,0,0,0,0,0,0,0,0,0,0,0,0,1,0,2.8445604596476337e-34,1
33500,NORMAL,2.275648367718107e-34,1,2.275648367718107e-34,1,0,UNKNOWN,0.20000000000000001,0,1,0,1,0,0,0,0,0,-1,-1,0,0,0,1,1,0,1,1,0,1,1,0,1,1,0,1,1,0,1,1,0,0,0,0,0,0,0,0,0,0,0,0,0,0,0,0,0,0,0,0,0,0,0,0,0,2.275648367718107e-34,0,0,0,0,0,0,0,0,0,0,0,0,0,0,0,0,0,0,1,0,2.275648367718107e-34,1
33600,NORMAL,1.8205186941744857e-34,1,1.8205186941744857e-34,1,0,UNKNOWN,0.20000000000000001,0,1,0,1,0,0,0,0,0,-1,-1,0,0,0,1,1,0,1,1,0,1,1,0,1,1,0,1,1,0,1,1,0,0,0,0,0,0,0,0,0,0,0,0,0,0,0,0,0,0,0,0,0,0,0,0,0,1.8205186941744857e-34,0,0,0,0,0,0,0,0,0,0,0,0,0,0,0,0,0,0,1,0,1.8205186941744857e-34,1
33700,NORMAL,1.4564149553395885e-34,1,1.4564149553395885e-34,1,0,UNKNOWN,0.20000000000000001,0,1,0,1,0,0,0,0,0,-1,-1,0,0,0,1,1,0,1,1,0,1,1,0,1,1,0,1,1,0,1,1,0,0,0,0,0,0,0,0,0,0,0,0,0,0,0,0,0,0,0,0,0,0,0,0,0,1.4564149553395885e-34,0,0,0,0,0,0,0,0,0,0,0,0,0,0,0,0,0,0,1,0,1.4564149553395885e-34,1
33800,NORMAL,1.1651319642716709e-34,1,1.1651319642716709e-34,1,0,UNKNOWN,0.20000000000000001,0,1,0,1,0,0,0,0,0,-1,-1,0,0,0,1,1,0,1,1,0,1,1,0,1,1,0,1,1,0,1,1,0,0,0,0,0,0,0,0,0,0,0,0,0,0,0,0,0,0,0,0,0,0,0,0,0,1.1651319642716709e-34,0,0,0,0,0,0,0,0,0,0,0,0,0,0,0,0,0,0,1,0,1.1651319642716709e-34,1
33900,NORMAL,9.3210557141733675e-35,1,9.3210557141733675e-35,1,0,UNKNOWN,0.20000000000000001,0,1,0,1,0,0,0,0,0,-1,-1,0,0,0,1,1,0,1,1,0,1,1,0,1,1,0,1,1,0,1,1,0,0,0,0,0,0,0,0,0,0,0,0,0,0,0,0,0,0,0,0,0,0,0,0,0,9.3210557141733675e-35,0,0,0,0,0,0,0,0,0,0,0,0,0,0,0,0,0,0,1,0,9.3210557141733675e-35,1
34000,NORMAL,7.456844571338694e-35,1,7.456844571338694e-35,1,0,UNKNOWN,0.20000000000000001,0,1,0,1,0,0,0,0,0,-1,-1,0,0,0,1,1,0,1,1,0,1,1,0,1,1,0,1,1,0,1,1,0,0,0,0,0,0,0,0,0,0,0,0,0,0,0,0,0,0,0,0,0,0,0,0,0,7.456844571338694e-35,0,0,0,0,0,0,0,0,0,0,0,0,0,0,0,0,0,0,1,0,7.456844571338694e-35,1
34100,NORMAL,5.9654756570709554e-35,1,5.9654756570709554e-35,1,0,UNKNOWN,0.20000000000000001,0,1,0,1,0,0,0,0,0,-1,-1,0,0,0,1,1,0,1,1,0,1,1,0,1,1,0,1,1,0,1,1,0,0,0,0,0,0,0,0,0,0,0,0,0,0,0,0,0,0,0,0,0,0,0,0,0,5.9654756570709554e-35,0,0,0,0,0,0,0,0,0,0,0,0,0,0,0,0,0,0,1,0,5.9654756570709554e-35,1
34200,NORMAL,4.7723805256567646e-35,1,4.7723805256567646e-35,1,0,UNKNOWN,0.20000000000000001,0,1,0,1,0,0,0,0,0,-1,-1,0,0,0,1,1,0,1,1,0,1,1,0,1,1,0,1,1,0,1,1,0,0,0,0,0,0,0,0,0,0,0,0,0,0,0,0,0,0,0,0,0,0,0,0,0,4.7723805256567646e-35,0,0,0,0,0,0,0,0,0,0,0,0,0,0,0,0,0,0,1,0,4.7723805256567646e-35,1
34300,NORMAL,3.8179044205254117e-35,1,3.8179044205254117e-35,1,0,UNKNOWN,0.20000000000000001,0,1,0,1,0,0,0,0,0,-1,-1,0,0,0,1,1,0,1,1,0,1,1,0,1,1,0,1,1,0,1,1,0,0,0,0,0,0,0,0,0,0,0,0,0,0,0,0,0,0,0,0,0,0,0,0,0,3.8179044205254117e-35,0,0,0,0,0,0,0,0,0,0,0,0,0,0,0,0,0,0,1,0,3.8179044205254117e-35,1
34400,NORMAL,3.0543235364203293e-35,1,3.0543235364203293e-35,1,0,UNKNOWN,0.20000000000000001,0,1,0,1,0,0,0,0,0,-1,-1,0,0,0,1,1,0,1,1,0,1,1,0,1,1,0,1,1,0,1,1,0,0,0,0,0,0,0,0,0,0,0,0,0,0,0,0,0,0,0,0,0,0,0,0,0,3.0543235364203293e-35,0,0,0,0,0,0,0,0,0,0,0,0,0,0,0,0,0,0,1,0,3.0543235364203293e-35,1
34500,NORMAL,2.4434588291362635e-35,1,2.4434588291362635e-35,1,0,UNKNOWN,0.20000000000000001,0,1,0,1,0,0,0,0,0,-1,-1,0,0,0,1,1,0,1,1,0,1,1,0,1,1,0,1,1,0,1,1,0,0,0,0,0,0,0,0,0,0,0,0,0,0,0,0,0,0,0,0,0,0,0,0,0,2.4434588291362635e-35,0,0,0,0,0,0,0,0,0,0,0,0,0,0,0,0,0,0,1,0,2.4434588291362635e-35,1
34600,NORMAL,1.9547670633090109e-35,1,1.9547670633090109e-35,1,0,UNKNOWN,0.20000000000000001,0,1,0,1,0,0,0,0,0,-1,-1,0,0,0,1,1,0,1,1,0,1,1,0,1,1,0,1,1,0,1,1,0,0,0,0,0,0,0,0,0,0,0,0,0,0,0,0,0,0,0,0,0,0,0,0,0,1.9547670633090109e-35,0,0,0,0,0,0,0,0,0,0,0,0,0,0,0,0,0,0,1,0,1.9547670633090109e-35,1
34700,NORMAL,1.563813650647209e-35,1,1.563813650647209e-35,1,0,UNKNOWN,0.20000000000000001,0,1,0,1,0,0,0,0,0,-1,-1,0,0,0,1,1,0,1,1,0,1,1,0,1,1,0,1,1,0,1,1,0,0,0,0,0,0,0,0,0,0,0,0,0,0,0,0,0,0,0,0,0,0,0,0,0,1.563813650647209e-35,0,0,0,0,0,0,0,0,0,0,0,0,0,0,0,0,0,0,1,0,1.563813650647209e-35,1
34800,NORMAL,1.2510509205177672e-35,1,1.2510509205177672e-35,1,0,UNKNOWN,0.20000000000000001,0,1,0,1,0,0,0,0,0,-1,-1,0,0,0,1,1,0,1,1,0,1,1,0,1,1,0,1,1,0,1,1,0,0,0,0,0,0,0,0,0,0,0,0,0,0,0,0,0,0,0,0,0,0,0,0,0,1.2510509205177672e-35,0,0,0,0,0,0,0,0,0,0,0,0,0,0,0,0,0,0,1,0,1.2510509205177672e-35,1
34900,NORMAL,1.0008407364142138e-35,1,1.0008407364142138e-35,1,0,UNKNOWN,0.20000000000000001,0,1,0,1,0,0,0,0,0,-1,-1,0,0,0,1,1,0,1,1,0,1,1,0,1,1,0,1,1,0,1,1,0,0,0,0,0,0,0,0,0,0,0,0,0,0,0,0,0,0,0,0,0,0,0,0,0,1.0008407364142138e-35,0,0,0,0,0,0,0,0,0,0,0,0,0,0,0,0,0,0,1,0,1.0008407364142138e-35,1
35000,NORMAL,8.0067258913137103e-36,1,8.0067258913137103e-36,1,0,UNKNOWN,0.20000000000000001,0,1,0,1,0,0,0,0,0,-1,-1,0,0,0,1,1,0,1,1,0,1,1,0,1,1,0,1,1,0,1,1,0,0,0,0,0,0,0,0,0,0,0,0,0,0,0,0,0,0,0,0,0,0,0,0,0,8.0067258913137103e-36,0,0,0,0,0,0,0,0,0,0,0,0,0,0,0,0,0,0,1,0,8.0067258913137103e-36,1
35100,NORMAL,6.4053807130509688e-36,1,6.4053807130509688e-36,1,0,UNKNOWN,0.20000000000000001,0,1,0,1,0,0,0,0,0,-1,-1,0,0,0,1,1,0,1,1,0,1,1,0,1,1,0,1,1,0,1,1,0,0,0,0,0,0,0,0,0,0,0,0,0,0,0,0,0,0,0,0,0,0,0,0,0,6.4053807130509688e-36,0,0,0,0,0,0,0,0,0,0,0,0,0,0,0,0,0,0,1,0,6.4053807130509688e-36,1
35200,NORMAL,5.124304570440775e-36,1,5.124304570440775e-36,1,0,UNKNOWN,0.20000000000000001,0,1,0,1,0,0,0,0,0,-1,-1,0,0,0,1,1,0,1,1,0,1,1,0,1,1,0,1,1,0,1,1,0,0,0,0,0,0,0,0,0,0,0,0,0,0,0,0,0,0,0,0,0,0,0,0,0,5.124304570440775e-36,0,0,0,0,0,0,0,0,0,0,0,0,0,0,0,0,0,0,1,0,5.124304570440775e-36,1
35300,NORMAL,4.0994436563526202e-36,1,4.0994436563526202e-36,1,0,UNKNOWN,0.20000000000000001,0,1,0,1,0,0,0,0,0,-1,-1,0,0,0,1,1,0,1,1,0,1,1,0,1,1,0,1,1,0,1,1,0,0,0,0,0,0,0,0,0,0,0,0,0,0,0,0,0,0,0,0,0,0,0,0,0,4.0994436563526202e-36,0,0,0,0,0,0,0,0,0,0,0,0,0,0,0,0,0,0,1,0,4.0994436563526202e-36,1
35400,NORMAL,3.2795549250820963e-36,1,3.2795549250820963e-36,1,0,UNKNOWN,0.20000000000000001,0,1,0,1,0,0,0,0,0,-1,-1,0,0,0,1,1,0,1,1,0,1,1,0,1,1,0,1,1,0,1,1,0,0,0,0,0,0,0,0,0,0,0,0,0,0,0,0,0,0,0,0,0,0,0,0,0,3.2795549250820963e-36,0,0,0,0,0,0,0,0,0,0,0,0,0,0,0,0,0,0,1,0,3.2795549250820963e-36,1
35500,NORMAL,2.6236439400656772e-36,1,2.6236439400656772e-36,1,0,UNKNOWN,0.20000000000000001,0,1,0,1,0,0,0,0,0,-1,-1,0,0,0,1,1,0,1,1,0,1,1,0,1,1,0,1,1,0,1,1,0,0,0,0,0,0,0,0,0,0,0,0,0,0,0,0,0,0,0,0,0,0,0,0,0,2.6236439400656772e-36,0,0,0,0,0,0,0,0,0,0,0,0,0,0,0,0,0,0,1,0,2.6236439400656772e-36,1
35600,NORMAL,2.098915152052542e-36,1,2.098915152052542e-36,1,0,UNKNOWN,0.20000000000000001,0,1,0,1,0,0,0,0,0,-1,-1,0,0,0,1,1,0,1,1,0,1,1,0,1,1,0,1,1,0,1,1,0,0,0,0,0,0,0,0,0,0,0,0,0,0,0,0,0,0,0,0,0,0,0,0,0,2.098915152052542e-36,0,0,0,0,0,0,0,0,0,0,0,0,0,0,0,0,0,0,1,0,2.098915152052542e-36,1
35700,NORMAL,1.6791321216420337e-36,1,1.6791321216420337e-36,1,0,UNKNOWN,0.20000000000000001,0,1,0,1,0,0,0,0,0,-1,-1,0,0,0,1,1,0,1,1,0,1,1,0,1,1,0,1,1,0,1,1,0,0,0,0,0,0,0,0,0,0,0,0,0,0,0,0,0,0,0,0,0,0,0,0,0,1.6791321216420337e-36,0,0,0,0,0,0,0,0,0,0,0,0,0,0,0,0,0,0,1,0,1.6791321216420337e-36,1
35800,NORMAL,1.343305697313627e-36,1,1.343305697313627e-36,1,0,UNKNOWN,0.20000000000000001,0,1,0,1,0,0,0,0,0,-1,-1,0,0,0,1,1,0,1,1,0,1,1,0,1,1,0,1,1,0,1,1,0,0,0,0,0,0,0,0,0,0,0,0,0,0,0,0,0,0,0,0,0,0,0,0,0,1.343305697313627e-36,0,0,0,0,0,0,0,0,0,0,0,0,0,0,0,0,0,0,1,0,1.343305697313627e-36,1
35900,NORMAL,1.0746445578509016e-36,1,1.0746445578509016e-36,1,0,UNKNOWN,0.20000000000000001,0,1,0,1,0,0,0,0,0,-1,-1,0,0,0,1,1,0,1,1,0,1,1,0,1,1,0,1,1,0,1,1,0,0,0,0,0,0,0,0,0,0,0,0,0,0,0,0,0,0,0,0,0,0,0,0,0,1.0746445578509016e-36,0,0,0,0,0,0,0,0,0,0,0,0,0,0,0,0,0,0,1,0,1.0746445578509016e-36,1
36000,NORMAL,8.5971564628072128e-37,1,8.5971564628072128e-37,1,0,UNKNOWN,0.20000000000000001,0,1,0,1,0,0,0,0,0,-1,-1,0,0,0,1,1,0,1,1,0,1,1,0,1,1,0,1,1,0,1,1,0,0,0,0,0,0,0,0,0,0,0,0,0,0,0,0,0,0,0,0,0,0,0,0,0,8.5971564628072128e-37,0,0,0,0,0,0,0,0,0,0,0,0,0,0,0,0,0,0,1,0,8.5971564628072128e-37,1
36100,NORMAL,6.8777251702457709e-37,1,6.8777251702457709e-37,1,0,UNKNOWN,0.20000000000000001,0,1,0,1,0,0,0,0,0,-1,-1,0,0,0,1,1,0,1,1,0,1,1,0,1,1,0,1,1,0,1,1,0,0,0,0,0,0,0,0,0,0,0,0,0,0,0,0,0,0,0,0,0,0,0,0,0,6.8777251702457709e-37,0,0,0,0,0,0,0,0,0,0,0,0,0,0,0,0,0,0,1,0,6.8777251702457709e-37,1
36200,NORMAL,5.5021801361966172e-37,1,5.5021801361966172e-37,1,0,UNKNOWN,0.20000000000000001,0,1,0,1,0,0,0,0,0,-1,-1,0,0,0,1,1,0,1,1,0,1,1,0,1,1,0,1,1,0,1,1,0,0,0,0,0,0,0,0,0,0,0,0,0,0,0,0,0,0,0,0,0,0,0,0,0,5.5021801361966172e-37,0,0,0,0,0,0,0,0,0,0,0,0,0,0,0,0,0,0,1,0,5.5021801361966172e-37,1
36300,NORMAL,4.4017441089572941e-37,1,4.4017441089572941e-37,1,0,UNKNOWN,0.20000000000000001,0,1,0,1,0,0,0,0,0,-1,-1,0,0,0,1,1,0,1,1,0,1,1,0,1,1,0,1,1,0,1,1,0,0,0,0,0,0,0,0,0,0,0,0,0,0,0,0,0,0,0,0,0,0,0,0,0,4.4017441089572941e-37,0,0,0,0,0,0,0,0,0,0,0,0,0,0,0,0,0,0,1,0,4.4017441089572941e-37,1
36400,NORMAL,3.5213952871658355e-37,1,3.5213952871658355e-37,1,0,UNKNOWN,0.20000000000000001,0,1,0,1,0,0,0,0,0,-1,-1,0,0,0,1,1,0,1,1,0,1,1,0,1,1,0,1,1,0,1,1,0,0,0,0,0,0,0,0,0,0,0,0,0,0,0,0,0,0,0,0,0,0,0,0,0,3.5213952871658355e-37,0,0,0,0,0,0,0,0,0,0,0,0,0,0,0,0,0,0,1,0,3.5213952871658355e-37,1
36500,NORMAL,2.8171162297326685e-37,1,2.8171162297326685e-37,1,0,UNKNOWN,0.20000000000000001,0,1,0,1,0,0,0,0,0,-1,-1,0,0,0,1,1,0,1,1,0,1,1,0,1,1,0,1,1,0,1,1,0,0,0,0,0,0,0,0,0,0,0,0,0,0,0,0,0,0,0,0,0,0,0,0,0,2.8171162297326685e-37,0,0,0,0,0,0,0,0,0,0,0,0,0,0,0,0,0,0,1,0,2.8171162297326685e-37,1
36600,NORMAL,2.2536929837861347e-37,1,2.2536929837861347e-37,1,0,UNKNOWN,0.20000000000000001,0,1,0,1,0,0,0,0,0,-1,-1,0,0,0,1,1,0,1,1,0,1,1,0,1,1,0,1,1,0,1,1,0,0,0,0,0,0,0,0,0,0,0,0,0,0,0,0,0,0,0,0,0,0,0,0,0,2.2536929837861347e-37,0,0,0,0,0,0,0,0,0,0,0,0,0,0,0,0,0,0,1,0,2.2536929837861347e-37,1
36700,NORMAL,1.8029543870289079e-37,1,1.8029543870289079e-37,1,0,UNKNOWN,0.20000000000000001,0,1,0,1,0,0,0,0,0,-1,-1,0,0,0,1,1,0,1,1,0,1,1,0,1,1,0,1,1,0,1,1,0,0,0,0,0,0,0,0,0,0,0,0,0,0,0,0,0,0,0,0,0,0,0,0,0,1.8029543870289079e-37,0,0,0,0,0,0,0,0,0,0,0,0,0,0,0,0,0,0,1,0,1.8029543870289079e-37,1
36800,NORMAL,1.4423635096231265e-37,1,1.4423635096231265e-37,1,0,UNKNOWN,0.20000000000000001,0,1,0,1,0,0,0,0,0,-1,-1,0,0,0,1,1,0,1,1,0,1,1,0,1,1,0,1,1,0,1,1,0,0,0,0,0,0,0,0,0,0,0,0,0,0,0,0,0,0,0,0,0,0,0,0,0,1.4423635096231265e-37,0,0,0,0,0,0,0,0,0,0,0,0,0,0,0,0,0,0,1,0,1.4423635096231265e-37,1
36900,NORMAL,1.1538908076985013e-37,1,1.1538908076985013e-37,1,0,UNKNOWN,0.20000000000000001,0,1,0,1,0,0,0,0,0,-1,-1,0,0,0,1,1,0,1,1,0,1,1,0,1,1,0,1,1,0,1,1,0,0,0,0,0,0,0,0,0,0,0,0,0,0,0,0,0,0,0,0,0,0,0,0,0,1.1538908076985013e-37,0,0,0,0,0,0,0,0,0,0,0,0,0,0,0,0,0,0,1,0,1.1538908076985013e-37,1
37000,NORMAL,9.2311264615880109e-38,1,9.2311264615880109e-38,1,0,UNKNOWN,0.20000000000000001,0,1,0,1,0,0,0,0,0,-1,-1,0,0,0,1,1,0,1,1,0,1,1,0,1,1,0,1,1,0,1,1,0,0,0,0,0,0,0,0,0,0,0,0,0,0,0,0,0,0,0,0,0,0,0,0,0,9.2311264615880109e-38,0,0,0,0,0,0,0,0,0,0,0,0,0,0,0,0,0,0,1,0,9.2311264615880109e-38,1
37100,NORMAL,7.3849011692704089e-38,1,7.3849011692704089e-38,1,0,UNKNOWN,0.20000000000000001,0,1,0,1,0,0,0,0,0,-1,-1,0,0,0,1,1,0,1,1,0,1,1,0,1,1,0,1,1,0,1,1,0,0,0,0,0,0,0,0,0,0,0,0,0,0,0,0,0,0,0,0,0,0,0,0,0,7.3849011692704089e-38,0,0,0,0,0,0,0,0,0,0,0,0,0,0,0,0,0,0,1,0,7.3849011692704089e-38,1
37200,NORMAL,5.907920935416328e-38,1,5.907920935416328e-38,1,0,UNKNOWN,0.20000000000000001,0,1,0,1,0,0,0,0,0,-1,-1,0,0,0,1,1,0,1,1,0,1,1,0,1,1,0,1,1,0,1,1,0,0,0,0,0,0,0,0,0,0,0,0,0,0,0,0,0,0,0,0,0,0,0,0,0,5.907920935416328e-38,0,0,0,0,0,0,0,0,0,0,0,0,0,0,0,0,0,0,1,0,5.907920935416328e-38,1
37300,NORMAL,4.7263367483330626e-38,1,4.7263367483330626e-38,1,0,UNKNOWN,0.20000000000000001,0,1,0,1,0,0,0,0,0,-1,-1,0,0,0,1,1,0,1,1,0,1,1,0,1,1,0,1,1,0,1,1,0,0,0,0,0,0,0,0,0,0,0,0,0,0,0,0,0,0,0,0,0,0,0,0,0,4.7263367483330626e-38,0,0,0,0,0,0,0,0,0,0,0,0,0,0,0,0,0,0,1,0,4.7263367483330626e-38,1
37400,NORMAL,3.7810693986664505e-38,1,3.7810693986664505e-38,1,0,UNKNOWN,0.20000000000000001,0,1,0,1,0,0,0,0,0,-1,-1,0,0,0,1,1,0,1,1,0,1,1,0,1,1,0,1,1,0,1,1,0,0,0,0,0,0,0,0,0,0,0,0,0,0,0,0,0,0,0,0,0,0,0,0,0,3.7810693986664505e-38,0,0,0,0,0,0,0,0,0,0,0,0,0,0,0,0,0,0,1,0,3.7810693986664505e-38,1
37500,NORMAL,3.0248555189331608e-38,1,3.0248555189331608e-38,1,0,UNKNOWN,0.20000000000000001,0,1,0,1,0,0,0,0,0,-1,-1,0,0,0,1,1,0,1,1,0,1,1,0,1,1,0,1,1,0,1,1,0,0,0,0,0,0,0,0,0,0,0,0,0,0,0,0,0,0,0,0,0,0,0,0,0,3.0248555189331608e-38,0,0,0,0,0,0,0,0,0,0,0,0,0,0,0,0,0,0,1,0,3.0248555189331608e-38,1
37600,NORMAL,2.4198844151465285e-38,1,2.4198844151465285e-38,1,0,UNKNOWN,0.20000000000000001,0,1,0,1,0,0,0,0,0,-1,-1,0,0,0,1,1,0,1,1,0,1,1,0,1,1,0,1,1,0,1,1,0,0,0,0,0,0,0,0,0,0,0,0,0,0,0,0,0,0,0,0,0,0,0,0,0,2.4198844151465285e-38,0,0,0,0,0,0,0,0,0,0,0,0,0,0,0,0,0,0,1,0,2.4198844151465285e-38,1
37700,NORMAL,1.9359075321172229e-38,1,1.9359075321172229e-38,1,0,UNKNOWN,0.20000000000000001,0,1,0,1,0,0,0,0,0,-1,-1,0,0,0,1,1,0,1,1,0,1,1,0,1,1,0,1,1,0,1,1,0,0,0,0,0,0,0,0,0,0,0,0,0,0,0,0,0,0,0,0,0,0,0,0,0,1.9359075321172229e-38,0,0,0,0,0,0,0,0,0,0,0,0,0,0,0,0,0,0,1,0,1.9359075321172229e-38,1
37800,NORMAL,1.5487260256937785e-38,1,1.5487260256937785e-38,1,0,UNKNOWN,0.20000000000000001,0,1,0,1,0,0,0,0,0,-1,-1,0,0,0,1,1,0,1,1,0,1,1,0,1,1,0,1,1,0,1,1,0,0,0,0,0,0,0,0,0,0,0,0,0,0,0,0,0,0,0,0,0,0,0,0,0,1.5487260256937785e-38,0,0,0,0,0,0,0,0,0,0,0,0,0,0,0,0,0,0,1,0,1.5487260256937785e-38,1
37900,NORMAL,1.2389808205550228e-38,1,1.2389808205550228e-38,1,0,UNKNOWN,0.20000000000000001,0,1,0,1,0,0,0,0,0,-1,-1,0,0,0,1,1,0,1,1,0,1,1,0,1,1,0,1,1,0,1,1,0,0,0,0,0,0,0,0,0,0,0,0,0,0,0,0,0,0,0,0,0,0,0,0,0,1.2389808205550228e-38,0,0,0,0,0,0,0,0,0,0,0,0,0,0,0,0,0,0,1,0,1.2389808205550228e-38,1
38000,NORMAL,9.9118465644401826e-39,1,9.9118465644401826e-39,1,0,UNKNOWN,0.20000000000000001,0,1,0,1,0,0,0,0,0,-1,-1,0,0,0,1,1,0,1,1,0,1,1,0,1,1,0,1,1,0,1,1,0,0,0,0,0,0,0,0,0,0,0,0,0,0,0,0,0,0,0,0,0,0,0,0,0,9.9118465644401826e-39,0,0,0,0,0,0,0,0,0,0,0,0,0,0,0,0,0,0,1,0,9.9118465644401826e-39,1
38100,NORMAL,7.9294772515521461e-39,1,7.9294772515521461e-39,1,0,UNKNOWN,0.20000000000000001,0,1,0,1,0,0,0,0,0,-1,-1,0,0,0,1,1,0,1,1,0,1,1,0,1,1,0,1,1,0,1,1,0,0,0,0,0,0,0,0,0,0,0,0,0,0,0,0,0,0,0,0,0,0,0,0,0,7.9294772515521461e-39,0,0,0,0,0,0,0,0,0,0,0,0,0,0,0,0,0,0,1,0,7.9294772515521461e-39,1
38200,NORMAL,6.3435818012417166e-39,1,6.3435818012417166e-39,1,0,UNKNOWN,0.20000000000000001,0,1,0,1,0,0,0,0,0,-1,-1,0,0,0,1,1,0,1,1,0,1,1,0,1,1,0,1,1,0,1,1,0,0,0,0,0,0,0,0,0,0,0,0,0,0,0,0,0,0,0,0,0,0,0,0,0,6.3435818012417166e-39,0,0,0,0,0,0,0,0,0,0,0,0,0,0,0,0,0,0,1,0,6.3435818012417166e-39,1
38300,NORMAL,5.0748654409933738e-39,1,5.0748654409933738e-39,1,0,UNKNOWN,0.20000000000000001,0,1,0,1,0,0,0,0,0,-1,-1,0,0,0,1,1,0,1,1,0,1,1,0,1,1,0,1,1,0,1,1,0,0,0,0,0,0,0,0,0,0,0,0,0,0,0,0,0,0,0,0,0,0,0,0,0,5.0748654409933738e-39,0,0,0,0,0,0,0,0,0,0,0,0,0,0,0,0,0,0,1,0,5.0748654409933738e-39,1
38400,NORMAL,4.0598923527946995e-39,1,4.0598923527946995e-39,1,0,UNKNOWN,0.20000000000000001,0,1,0,1,0,0,0,0,0,-1,-1,0,0,0,1,1,0,1,1,0,1,1,0,1,1,0,1,1,0,1,1,0,0,0,0,0,0,0,0,0,0,0,0,0,0,0,0,0,0,0,0,0,0,0,0,0,4.0598923527946995e-39,0,0,0,0,0,0,0,0,0,0,0,0,0,0,0,0,0,0,1,0,4.0598923527946995e-39,1
38500,NORMAL,3.2479138822357594e-39,1,3.2479138822357594e-39,1,0,UNKNOWN,0.20000000000000001,0,1,0,1,0,0,0,0,0,-1,-1,0,0,0,1,1,0,1,1,0,1,1,0,1,1,0,1,1,0,1,1,0,0,0,0,0,0,0,0,0,0,0,0,0,0,0,0,0,0,0,0,0,0,0,0,0,3.2479138822357594e-39,0,0,0,0,0,0,0,0,0,0,0,0,0,0,0,0,0,0,1,0,3.2479138822357594e-39,1
38600,NORMAL,2.5983311057886077e-39,1,2.5983311057886077e-39,1,0,UNKNOWN,0.20000000000000001,0,1,0,1,0,0,0,0,0,-1,-1,0,0,0,1,1,0,1,1,0,1,1,0,1,1,0,1,1,0,1,1,0,0,0,0,0,0,0,0,0,0,0,0,0,0,0,0,0,0,0,0,0,0,0,0,0,2.5983311057886077e-39,0,0,0,0,0,0,0,0,0,0,0,0,0,0,0,0,0,0,1,0,2.5983311057886077e-39,1
38700,NORMAL,2.0786648846308863e-39,1,2.0786648846308863e-39,1,0,UNKNOWN,0.20000000000000001,0,1,0,1,0,0,0,0,0,-1,-1,0,0,0,1,1,0,1,1,0,1,1,0,1,1,0,1,1,0,1,1,0,0,0,0,0,0,0,0,0,0,0,0,0,0,0,0,0,0,0,0,0,0,0,0,0,2.0786648846308863e-39,0,0,0,0,0,0,0,0,0,0,0,0,0,0,0,0,0,0,1,0,2.0786648846308863e-39,1
38800,NORMAL,1.6629319077047091e-39,1,1.6629319077047091e-39,1,0,UNKNOWN,0.20000000000000001,0,1,0,1,0,0,0,0,0,-1,-1,0,0,0,1,1,0,1,1,0,1,1,0,1,1,0,1,1,0,1,1,0,0,0,0,0,0,0,0,0,0,0,0,0,0,0,0,0,0,0,0,0,0,0,0,0,1.6629319077047091e-39,0,0,0,0,0,0,0,0,0,0,0,0,0,0,0,0,0,0,1,0,1.6629319077047091e-39,1
38900,NORMAL,1.3303455261637673e-39,1,1.3303455261637673e-39,1,0,UNKNOWN,0.20000000000000001,0,1,0,1,0,0,0,0,0,-1,-1,0,0,0,1,1,0,1,1,0,1,1,0,1,1,0,1,1,0,1,1,0,0,0,0,0,0,0,0,0,0,0,0,0,0,0,0,0,0,0,0,0,0,0,0,0,1.3303455261637673e-39,0,0,0,0,0,0,0,0,0,0,0,0,0,0,0,0,0,0,1,0,1.3303455261637673e-39,1
39000,NORMAL,1.0642764209310139e-39,1,1.0642764209310139e-39,1,0,UNKNOWN,0.20000000000000001,0,1,0,1,0,0,0,0,0,-1,-1,0,0,0,1,1,0,1,1,0,1,1,0,1,1,0,1,1,0,1,1,0,0,0,0,0,0,0,0,0,0,0,0,0,0,0,0,0,0,0,0,0,0,0,0,0,1.0642764209310139e-39,0,0,0,0,0,0,0,0,0,0,0,0,0,0,0,0,0,0,1,0,1.0642764209310139e-39,1
39100,NORMAL,8.5142113674481113e-40,1,8.5142113674481113e-40,1,0,UNKNOWN,0.20000000000000001,0,1,0,1,0,0,0,0,0,-1,-1,0,0,0,1,1,0,1,1,0,1,1,0,1,1,0,1,1,0,1,1,0,0,0,0,0,0,0,0,0,0,0,0,0,0,0,0,0,0,0,0,0,0,0,0,0,8.5142113674481113e-40,0,0,0,0,0,0,0,0,0,0,0,0,0,0,0,0,0,0,1,0,8.5142113674481113e-40,1
39200,NORMAL,6.8113690939584897e-40,1,6.8113690939584897e-40,1,0,UNKNOWN,0.20000000000000001,0,1,0,1,0,0,0,0,0,-1,-1,0,0,0,1,1,0,1,1,0,1,1,0,1,1,0,1,1,0,1,1,0,0,0,0,0,0,0,0,0,0,0,0,0,0,0,0,0,0,0,0,0,0,0,0,0,6.8113690939584897e-40,0,0,0,0,0,0,0,0,0,0,0,0,0,0,0,0,0,0,1,0,6.8113690939584897e-40,1
39300,NORMAL,5.4490952751667921e-40,1,5.4490952751667921e-40,1,0,UNKNOWN,0.20000000000000001,0,1,0,1,0,0,0,0,0,-1,-1,0,0,0,1,1,0,1,1,0,1,1,0,1,1,0,1,1,0,1,1,0,0,0,0,0,0,0,0,0,0,0,0,0,0,0,0,0,0,0,0,0,0,0,0,0,5.4490952751667921e-40,0,0,0,0,0,0,0,0,0,0,0,0,0,0,0,0,0,0,1,0,5.4490952751667921e-40,1
39400,NORMAL,4.3592762201334335e-40,1,4.3592762201334335e-40,1,0,UNKNOWN,0.20000000000000001,0,1,0,1,0,0,0,0,0,-1,-1,0,0,0,1,1,0,1,1,0,1,1,0,1,1,0,1,1,0,1,1,0,0,0,0,0,0,0,0,0,0,0,0,0,0,0,0,0,0,0,0,0,0,0,0,0,4.3592762201334335e-40,0,0,0,0,0,0,0,0,0,0,0,0,0,0,0,0,0,0,1,0,4.3592762201334335e-40,1
39500,NORMAL,3.4874209761067468e-40,1,3.4874209761067468e-40,1,0,UNKNOWN,0.20000000000000001,0,1,0,1,0,0,0,0,0,-1,-1,0,0,0,1,1,0,1,1,0,1,1,0,1,1,0,1,1,0,1,1,0,0,0,0,0,0,0,0,0,0,0,0,0,0,0,0,0,0,0,0,0,0,0,0,0,3.4874209761067468e-40,0,0,0,0,0,0,0,0,0,0,0,0,0,0,0,0,0,0,1,0,3.4874209761067468e-40,1
39600,NORMAL,2.7899367808853977e-40,1,2.7899367808853977e-40,1,0,UNKNOWN,0.20000000000000001,0,1,0,1,0,0,0,0,0,-1,-1,0,0,0,1,1,0,1,1,0,1,1,0,1,1,0,1,1,0,1,1,0,0,0,0,0,0,0,0,0,0,0,0,0,0,0,0,0,0,0,0,0,0,0,0,0,2.7899367808853977e-40,0,0,0,0,0,0,0,0,0,0,0,0,0,0,0,0,0,0,1,0,2.7899367808853977e-40,1
39700,NORMAL,2.2319494247083183e-40,1,2.2319494247083183e-40,1,0,UNKNOWN,0.20000000000000001,0,1,0,1,0,0,0,0,0,-1,-1,0,0,0,1,1,0,1,1,0,1,1,0,1,1,0,1,1,0,1,1,0,0,0,0,0,0,0,0,0,0,0,0,0,0,0,0,0,0,0,0,0,0,0,0,0,2.2319494247083183e-40,0,0,0,0,0,0,0,0,0,0,0,0,0,0,0,0,0,0,1,0,2.2319494247083183e-40,1
39800,NORMAL,1.7855595397666548e-40,1,1.7855595397666548e-40,1,0,UNKNOWN,0.20000000000000001,0,1,0,1,0,0,0,0,0,-1,-1,0,0,0,1,1,0,1,1,0,1,1,0,1,1,0,1,1,0,1,1,0,0,0,0,0,0,0,0,0,0,0,0,0,0,0,0,0,0,0,0,0,0,0,0,0,1.7855595397666548e-40,0,0,0,0,0,0,0,0,0,0,0,0,0,0,0,0,0,0,1,0,1.7855595397666548e-40,1
39900,NORMAL,1.4284476318133239e-40,1,1.4284476318133239e-40,1,0,UNKNOWN,0.20000000000000001,0,1,0,1,0,0,0,0,0,-1,-1,0,0,0,1,1,0,1,1,0,1,1,0,1,1,0,1,1,0,1,1,0,0,0,0,0,0,0,0,0,0,0,0,0,0,0,0,0,0,0,0,0,0,0,0,0,1.4284476318133239e-40,0,0,0,0,0,0,0,0,0,0,0,0,0,0,0,0,0,0,1,0,1.4284476318133239e-40,1
40000,NORMAL,1.1427581054506591e-40,1,1.1427581054506591e-40,1,0,UNKNOWN,0.20000000000000001,0,1,0,1,0,0,0,0,0,-1,-1,0,0,0,1,1,0,1,1,0,1,1,0,1,1,0,1,1,0,1,1,0,0,0,0,0,0,0,0,0,0,0,0,0,0,0,0,0,0,0,0,0,0,0,0,0,1.1427581054506591e-40,0,0,0,0,0,0,0,0,0,0,0,0,0,0,0,0,0,0,1,0,1.1427581054506591e-40,1
40100,NORMAL,9.1420648436052731e-41,1,9.1420648436052731e-41,1,0,UNKNOWN,0.20000000000000001,0,1,0,1,0,0,0,0,0,-1,-1,0,0,0,1,1,0,1,1,0,1,1,0,1,1,0,1,1,0,1,1,0,0,0,0,0,0,0,0,0,0,0,0,0,0,0,0,0,0,0,0,0,0,0,0,0,9.1420648436052731e-41,0,0,0,0,0,0,0,0,0,0,0,0,0,0,0,0,0,0,1,0,9.1420648436052731e-41,1
40200,NORMAL,7.3136518748842185e-41,1,7.3136518748842185e-41,1,0,UNKNOWN,0.20000000000000001,0,1,0,1,0,0,0,0,0,-1,-1,0,0,0,1,1,0,1,1,0,1,1,0,1,1,0,1,1,0,1,1,0,0,0,0,0,0,0,0,0,0,0,0,0,0,0,0,0,0,0,0,0,0,0,0,0,7.3136518748842185e-41,0,0,0,0,0,0,0,0,0,0,0,0,0,0,0,0,0,0,1,0,7.3136518748842185e-41,1
40300,NORMAL,5.8509214999073754e-41,1,5.8509214999073754e-41,1,0,UNKNOWN,0.20000000000000001,0,1,0,1,0,0,0,0,0,-1,-1,0,0,0,1,1,0,1,1,0,1,1,0,1,1,0,1,1,0,1,1,0,0,0,0,0,0,0,0,0,0,0,0,0,0,0,0,0,0,0,0,0,0,0,0,0,5.8509214999073754e-41,0,0,0,0,0,0,0,0,0,0,0,0,0,0,0,0,0,0,1,0,5.8509214999073754e-41,1
40400,NORMAL,4.6807371999259009e-41,1,4.6807371999259009e-41,1,0,UNKNOWN,0.20000000000000001,0,1,0,1,0,0,0,0,0,-1,-1,0,0,0,1,1,0,1,1,0,1,1,0,1,1,0,1,1,0,1,1,0,0,0,0,0,0,0,0,0,0,0,0,0,0,0,0,0,0,0,0,0,0,0,0,0,4.6807371999259009e-41,0,0,0,0,0,0,0,0,0,0,0,0,0,0,0,0,0,0,1,0,4.6807371999259009e-41,1
40500,NORMAL,3.744589759940721e-41,1,3.744589759940721e-41,1,0,UNKNOWN,0.20000000000000001,0,1,0,1,0,0,0,0,0,-1,-1,0,0,0,1,1,0,1,1,0,1,1,0,1,1,0,1,1,0,1,1,0,0,0,0,0,0,0,0,0,0,0,0,0,0,0,0,0,0,0,0,0,0,0,0,0,3.744589759940721e-41,0,0,0,0,0,0,0,0,0,0,0,0,0,0,0,0,0,0,1,0,3.744589759940721e-41,1
40600,NORMAL,2.995671807952577e-41,1,2.995671807952577e-41,1,0,UNKNOWN,0.20000000000000001,0,1,0,1,0,0,0,0,0,-1,-1,0,0,0,1,1,0,1,1,0,1,1,0,1,1,0,1,1,0,1,1,0,0,0,0,0,0,0,0,0,0,0,0,0,0,0,0,0,0,0,0,0,0,0,0,0,2.995671807952577e-41,0,0,0,0,0,0,0,0,0,0,0,0,0,0,0,0,0,0,1,0,2.995671807952577e-41,1
40700,NORMAL,2.3965374463620615e-41,1,2.3965374463620615e-41,1,0,UNKNOWN,0.20000000000000001,0,1,0,1,0,0,0,0,0,-1,-1,0,0,0,1,1,0,1,1,0,1,1,0,1,1,0,1,1,0,1,1,0,0,0,0,0,0,0,0,0,0,0,0,0,0,0,0,0,0,0,0,0,0,0,0,0,2.3965374463620615e-41,0,0,0,0,0,0,0,0,0,0,0,0,0,0,0,0,0,0,1,0,2.3965374463620615e-41,1
40800,NORMAL,1.9172299570896494e-41,1,1.9172299570896494e-41,1,0,UNKNOWN,0.20000000000000001,0,1,0,1,0,0,0,0,0,-1,-1,0,0,0,1,1,0,1,1,0,1,1,0,1,1,0,1,1,0,1,1,0,0,0,0,0,0,0,0,0,0,0,0,0,0,0,0,0,0,0,0,0,0,0,0,0,1.9172299570896494e-41,0,0,0,0,0,0,0,0,0,0,0,0,0,0,0,0,0,0,1,0,1.9172299570896494e-41,1
40900,NORMAL,1.5337839656717196e-41,1,1.5337839656717196e-41,1,0,UNKNOWN,0.20000000000000001,0,1,0,1,0,0,0,0,0,-1,-1,0,0,0,1,1,0,1,1,0,1,1,0,1,1,0,1,1,0,1,1,0,0,0,0,0,0,0,0,0,0,0,0,0,0,0,0,0,0,0,0,0,0,0,0,0,1.5337839656717196e-41,0,0,0,0,0,0,0,0,0,0,0,0,0,0,0,0,0,0,1,0,1.5337839656717196e-41,1
41000,NORMAL,1.2270271725373756e-41,1,1.2270271725373756e-41,1,0,UNKNOWN,0.20000000000000001,0,1,0,1,0,0,0,0,0,-1,-1,0,0,0,1,1,0,1,1,0,1,1,0,1,1,0,1,1,0,1,1,0,0,0,0,0,0,0,0,0,0,0,0,0,0,0,0,0,0,0,0,0,0,0,0,0,1.2270271725373756e-41,0,0,0,0,0,0,0,0,0,0,0,0,0,0,0,0,0,0,1,0,1.2270271725373756e-41,1
41100,NORMAL,9.8162173802990054e-42,1,9.8162173802990054e-42,1,0,UNKNOWN,0.20000000000000001,0,1,0,1,0,0,0,0,0,-1,-1,0,0,0,1,1,0,1,1,0,1,1,0,1,1,0,1,1,0,1,1,0,0,0,0,0,0,0,0,0,0,0,0,0,0,0,0,0,0,0,0,0,0,0,0,0,9.8162173802990054e-42,0,0,0,0,0,0,0,0,0,0,0,0,0,0,0,0,0,0,1,0,9.8162173802990054e-42,1
41200,NORMAL,7.8529739042392051e-42,1,7.8529739042392051e-42,1,0,UNKNOWN,0.20000000000000001,0,1,0,1,0,0,0,0,0,-1,-1,0,0,0,1,1,0,1,1,0,1,1,0,1,1,0,1,1,0,1,1,0,0,0,0,0,0,0,0,0,0,0,0,0,0,0,0,0,0,0,0,0,0,0,0,0,7.8529739042392051e-42,0,0,0,0,0,0,0,0,0,0,0,0,0,0,0,0,0,0,1,0,7.8529739042392051e-42,1
41300,NORMAL,6.2823791233913638e-42,1,6.2823791233913638e-42,1,0,UNKNOWN,0.20000000000000001,0,1,0,1,0,0,0,0,0,-1,-1,0,0,0,1,1,0,1,1,0,1,1,0,1,1,0,1,1,0,1,1,0,0,0,0,0,0,0,0,0,0,0,0,0,0,0,0,0,0,0,0,0,0,0,0,0,6.2823791233913638e-42,0,0,0,0,0,0,0,0,0,0,0,0,0,0,0,0,0,0,1,0,6.2823791233913638e-42,1
41400,NORMAL,5.0259032987130912e-42,1,5.0259032987130912e-42,1,0,UNKNOWN,0.20000000000000001,0,1,0,1,0,0,0,0,0,-1,-1,0,0,0,1,1,0,1,1,0,1,1,0,1,1,0,1,1,0,1,1,0,0,0,0,0,0,0,0,0,0,0,0,0,0,0,0,0,0,0,0,0,0,0,0,0,5.0259032987130912e-42,0,0,0,0,0,0,0,0,0,0,0,0,0,0,0,0,0,0,1,0,5.0259032987130912e-42,1
41500,NORMAL,4.0207226389704732e-42,1,4.0207226389704732e-42,1,0,UNKNOWN,0.20000000000000001,0,1,0,1,0,0,0,0,0,-1,-1,0,0,0,1,1,0,1,1,0,1,1,0,1,1,0,1,1,0,1,1,0,0,0,0,0,0,0,0,0,0,0,0,0,0,0,0,0,0,0,0,0,0,0,0,0,4.0207226389704732e-42,0,0,0,0,0,0,0,0,0,0,0,0,0,0,0,0,0,0,1,0,4.0207226389704732e-42,1
41600,NORMAL,3.2165781111763789e-42,1,3.2165781111763789e-42,1,0,UNKNOWN,0.20000000000000001,0,1,0,1,0,0,0,0,0,-1,-1,0,0,0,1,1,0,1,1,0,1,1,0,1,1,0,1,1,0,1,1,0,0,0,0,0,0,0,0,0,0,0,0,0,0,0,0,0,0,0,0,0,0,0,0,0,3.2165781111763789e-42,0,0,0,0,0,0,0,0,0,0,0,0,0,0,0,0,0,0,1,0,3.2165781111763789e-42,1
41700,NORMAL,2.5732624889411031e-42,1,2.5732624889411031e-42,1,0,UNKNOWN,0.20000000000000001,0,1,0,1,0,0,0,0,0,-1,-1,0,0,0,1,1,0,1,1,0,1,1,0,1,1,0,1,1,0,1,1,0,0,0,0,0,0,0,0,0,0,0,0,0,0,0,0,0,0,0,0,0,0,0,0,0,2.5732624889411031e-42,0,0,0,0,0,0,0,0,0,0,0,0,0,0,0,0,0,0,1,0,2.5732624889411031e-42,1
41800,NORMAL,2.0586099911528828e-42,1,2.0586099911528828e-42,1,0,UNKNOWN,0.20000000000000001,0,1,0,1,0,0,0,0,0,-1,-1,0,0,0,1,1,0,1,1,0,1,1,0,1,1,0,1,1,0,1,1,0,0,0,0,0,0,0,0,0,0,0,0,0,0,0,0,0,0,0,0,0,0,0,0,0,2.0586099911528828e-42,0,0,0,0,0,0,0,0,0,0,0,0,0,0,0,0,0,0,1,0,2.0586099911528828e-42,1
41900,NORMAL,1.6468879929223062e-42,1,1.6468879929223062e-42,1,0,UNKNOWN,0.20000000000000001,0,1,0,1,0,0,0,0,0,-1,-1,0,0,0,1,1,0,1,1,0,1,1,0,1,1,0,1,1,0,1,1,0,0,0,0,0,0,0,0,0,0,0,0,0,0,0,0,0,0,0,0,0,0,0,0,0,1.6468879929223062e-42,0,0,0,0,0,0,0,0,0,0,0,0,0,0,0,0,0,0,1,0,1.6468879929223062e-42,1
42000,NORMAL,1.317510394337845e-42,1,1.317510394337845e-42,1,0,UNKNOWN,0.20000000000000001,0,1,0,1,0,0,0,0,0,-1,-1,0,0,0,1,1,0,1,1,0,1,1,0,1,1,0,1,1,0,1,1,0,0,0,0,0,0,0,0,0,0,0,0,0,0,0,0,0,0,0,0,0,0,0,0,0,1.317510394337845e-42,0,0,0,0,0,0,0,0,0,0,0,0,0,0,0,0,0,0,1,0,1.317510394337845e-42,1
42100,NORMAL,1.0540083154702761e-42,1,1.0540083154702761e-42,1,0,UNKNOWN,0.20000000000000001,0,1,0,1,0,0,0,0,0,-1,-1,0,0,0,1,1,0,1,1,0,1,1,0,1,1,0,1,1,0,1,1,0,0,0,0,0,0,0,0,0,0,0,0,0,0,0,0,0,0,0,0,0,0,0,0,0,1.0540083154702761e-42,0,0,0,0,0,0,0,0,0,0,0,0,0,0,0,0,0,0,1,0,1.0540083154702761e-42,1
42200,NORMAL,8.4320665237622092e-43,1,8.4320665237622092e-43,1,0,UNKNOWN,0.20000000000000001,0,1,0,1,0,0,0,0,0,-1,-1,0,0,0,1,1,0,1,1,0,1,1,0,1,1,0,1,1,0,1,1,0,0,0,0,0,0,0,0,0,0,0,0,0,0,0,0,0,0,0,0,0,0,0,0,0,8.4320665237622092e-43,0,0,0,0,0,0,0,0,0,0,0,0,0,0,0,0,0,0,1,0,8.4320665237622092e-43,1
42300,NORMAL,6.7456532190097674e-43,1,6.7456532190097674e-43,1,0,UNKNOWN,0.20000000000000001,0,1,0,1,0,0,0,0,0,-1,-1,0,0,0,1,1,0,1,1,0,1,1,0,1,1,0,1,1,0,1,1,0,0,0,0,0,0,0,0,0,0,0,0,0,0,0,0,0,0,0,0,0,0,0,0,0,6.7456532190097674e-43,0,0,0,0,0,0,0,0,0,0,0,0,0,0,0,0,0,0,1,0,6.7456532190097674e-43,1
42400,NORMAL,5.3965225752078142e-43,1,5.3965225752078142e-43,1,0,UNKNOWN,0.20000000000000001,0,1,0,1,0,0,0,0,0,-1,-1,0,0,0,1,1,0,1,1,0,1,1,0,1,1,0,1,1,0,1,1,0,0,0,0,0,0,0,0,0,0,0,0,0,0,0,0,0,0,0,0,0,0,0,0,0,5.3965225752078142e-43,0,0,0,0,0,0,0,0,0,0,0,0,0,0,0,0,0,0,1,0,5.3965225752078142e-43,1
42500,NORMAL,4.317218060166252e-43,1,4.317218060166252e-43,1,0,UNKNOWN,0.20000000000000001,0,1,0,1,0,0,0,0,0,-1,-1,0,0,0,1,1,0,1,1,0,1,1,0,1,1,0,1,1,0,1,1,0,0,0,0,0,0,0,0,0,0,0,0,0,0,0,0,0,0,0,0,0,0,0,0,0,4.317218060166252e-43,0,0,0,0,0,0,0,0,0,0,0,0,0,0,0,0,0,0,1,0,4.317218060166252e-43,1
42600,NORMAL,3.4537744481330016e-43,1,3.4537744481330016e-43,1,0,UNKNOWN,0.20000000000000001,0,1,0,1,0,0,0,0,0,-1,-1,0,0,0,1,1,0,1,1,0,1,1,0,1,1,0,1,1,0,1,1,0,0,0,0,0,0,0,0,0,0,0,0,0,0,0,0,0,0,0,0,0,0,0,0,0,3.4537744481330016e-43,0,0,0,0,0,0,0,0,0,0,0,0,0,0,0,0,0,0,1,0,3.4537744481330016e-43,1
42700,NORMAL,2.7630195585064014e-43,1,2.7630195585064014e-43,1,0,UNKNOWN,0.20000000000000001,0,1,0,1,0,0,0,0,0,-1,-1,0,0,0,1,1,0,1,1,0,1,1,0,1,1,0,1,1,0,1,1,0,0,0,0,0,0,0,0,0,0,0,0,0,0,0,0,0,0,0,0,0,0,0,0,0,2.7630195585064014e-43,0,0,0,0,0,0,0,0,0,0,0,0,0,0,0,0,0,0,1,0,2.7630195585064014e-43,1
42800,NORMAL,2.2104156468051214e-43,1,2.2104156468051214e-43,1,0,UNKNOWN,0.20000000000000001,0,1,0,1,0,0,0,0,0,-1,-1,0,0,0,1,1,0,1,1,0,1,1,0,1,1,0,1,1,0,1,1,0,0,0,0,0,0,0,0,0,0,0,0,0,0,0,0,0,0,0,0,0,0,0,0,0,2.2104156468051214e-43,0,0,0,0,0,0,0,0,0,0,0,0,0,0,0,0,0,0,1,0,2.2104156468051214e-43,1
42900,NORMAL,1.7683325174440971e-43,1,1.7683325174440971e-43,1,0,UNKNOWN,0.20000000000000001,0,1,0,1,0,0,0,0,0,-1,-1,0,0,0,1,1,0,1,1,0,1,1,0,1,1,0,1,1,0,1,1,0,0,0,0,0,0,0,0,0,0,0,0,0,0,0,0,0,0,0,0,0,0,0,0,0,1.7683325174440971e-43,0,0,0,0,0,0,0,0,0,0,0,0,0,0,0,0,0,0,1,0,1.7683325174440971e-43,1
43000,NORMAL,1.4146660139552778e-43,1,1.4146660139552778e-43,1,0,UNKNOWN,0.20000000000000001,0,1,0,1,0,0,0,0,0,-1,-1,0,0,0,1,1,0,1,1,0,1,1,0,1,1,0,1,1,0,1,1,0,0,0,0,0,0,0,0,0,0,0,0,0,0,0,0,0,0,0,0,0,0,0,0,0,1.4146660139552778e-43,0,0,0,0,0,0,0,0,0,0,0,0,0,0,0,0,0,0,1,0,1.4146660139552778e-43,1
43100,NORMAL,1.1317328111642223e-43,1,1.1317328111642223e-43,1,0,UNKNOWN,0.20000000000000001,0,1,0,1,0,0,0,0,0,-1,-1,0,0,0,1,1,0,1,1,0,1,1,0,1,1,0,1,1,0,1,1,0,0,0,0,0,0,0,0,0,0,0,0,0,0,0,0,0,0,0,0,0,0,0,0,0,1.1317328111642223e-43,0,0,0,0,0,0,0,0,0,0,0,0,0,0,0,0,0,0,1,0,1.1317328111642223e-43,1
43200,NORMAL,9.0538624893137777e-44,1,9.0538624893137777e-44,1,0,UNKNOWN,0.20000000000000001,0,1,0,1,0,0,0,0,0,-1,-1,0,0,0,1,1,0,1,1,0,1,1,0,1,1,0,1,1,0,1,1,0,0,0,0,0,0,0,0,0,0,0,0,0,0,0,0,0,0,0,0,0,0,0,0,0,9.0538624893137777e-44,0,0,0,0,0,0,0,0,0,0,0,0,0,0,0,0,0,0,1,0,9.0538624893137777e-44,1
43300,NORMAL,7.2430899914510226e-44,1,7.2430899914510226e-44,1,0,UNKNOWN,0.20000000000000001,0,1,0,1,0,0,0,0,0,-1,-1,0,0,0,1,1,0,1,1,0,1,1,0,1,1,0,1,1,0,1,1,0,0,0,0,0,0,0,0,0,0,0,0,0,0,0,0,0,0,0,0,0,0,0,0,0,7.2430899914510226e-44,0,0,0,0,0,0,0,0,0,0,0,0,0,0,0,0,0,0,1,0,7.2430899914510226e-44,1
43400,NORMAL,5.7944719931608187e-44,1,5.7944719931608187e-44,1,0,UNKNOWN,0.20000000000000001,0,1,0,1,0,0,0,0,0,-1,-1,0,0,0,1,1,0,1,1,0,1,1,0,1,1,0,1,1,0,1,1,0,0,0,0,0,0,0,0,0,0,0,0,0,0,0,0,0,0,0,0,0,0,0,0,0,5.7944719931608187e-44,0,0,0,0,0,0,0,0,0,0,0,0,0,0,0,0,0,0,1,0,5.7944719931608187e-44,1
43500,NORMAL,4.6355775945286553e-44,1,4.6355775945286553e-44,1,0,UNKNOWN,0.20000000000000001,0,1,0,1,0,0,0,0,0,-1,-1,0,0,0,1,1,0,1,1,0,1,1,0,1,1,0,1,1,0,1,1,0,0,0,0,0,0,0,0,0,0,0,0,0,0,0,0,0,0,0,0,0,0,0,0,0,4.6355775945286553e-44,0,0,0,0,0,0,0,0,0,0,0,0,0,0,0,0,0,0,1,0,4.6355775945286553e-44,1
43600,NORMAL,3.7084620756229243e-44,1,3.7084620756229243e-44,1,0,UNKNOWN,0.20000000000000001,0,1,0,1,0,0,0,0,0,-1,-1,0,0,0,1,1,0,1,1,0,1,1,0,1,1,0,1,1,0,1,1,0,0,0,0,0,0,0,0,0,0,0,0,0,0,0,0,0,0,0,0,0,0,0,0,0,3.7084620756229243e-44,0,0,0,0,0,0,0,0,0,0,0,0,0,0,0,0,0,0,1,0,3.7084620756229243e-44,1
43700,NORMAL,2.9667696604983396e-44,1,2.9667696604983396e-44,1,0,UNKNOWN,0.20000000000000001,0,1,0,1,0,0,0,0,0,-1,-1,0,0,0,1,1,0,1,1,0,1,1,0,1,1,0,1,1,0,1,1,0,0,0,0,0,0,0,0,0,0,0,0,0,0,0,0,0,0,0,0,0,0,0,0,0,2.9667696604983396e-44,0,0,0,0,0,0,0,0,0,0,0,0,0,0,0,0,0,0,1,0,2.9667696604983396e-44,1
43800,NORMAL,2.373415728398672e-44,1,2.373415728398672e-44,1,0,UNKNOWN,0.20000000000000001,0,1,0,1,0,0,0,0,0,-1,-1,0,0,0,1,1,0,1,1,0,1,1,0,1,1,0,1,1,0,1,1,0,0,0,0,0,0,0,0,0,0,0,0,0,0,0,0,0,0,0,0,0,0,0,0,0,2.373415728398672e-44,0,0,0,0,0,0,0,0,0,0,0,0,0,0,0,0,0,0,1,0,2.373415728398672e-44,1
43900,NORMAL,1.8987325827189377e-44,1,1.8987325827189377e-44,1,0,UNKNOWN,0.20000000000000001,0,1,0,1,0,0,0,0,0,-1,-1,0,0,0,1,1,0,1,1,0,1,1,0,1,1,0,1,1,0,1,1,0,0,0,0,0,0,0,0,0,0,0,0,0,0,0,0,0,0,0,0,0,0,0,0,0,1.8987325827189377e-44,0,0,0,0,0,0,0,0,0,0,0,0,0,0,0,0,0,0,1,0,1.8987325827189377e-44,1
44000,NORMAL,1.5189860661751503e-44,1,1.5189860661751503e-44,1,0,UNKNOWN,0.20000000000000001,0,1,0,1,0,0,0,0,0,-1,-1,0,0,0,1,1,0,1,1,0,1,1,0,1,1,0,1,1,0,1,1,0,0,0,0,0,0,0,0,0,0,0,0,0,0,0,0,0,0,0,0,0,0,0,0,0,1.5189860661751503e-44,0,0,0,0,0,0,0,0,0,0,0,0,0,0,0,0,0,0,1,0,1.5189860661751503e-44,1
44100,NORMAL,1.2151888529401204e-44,1,1.2151888529401204e-44,1,0,UNKNOWN,0.20000000000000001,0,1,0,1,0,0,0,0,0,-1,-1,0,0,0,1,1,0,1,1,0,1,1,0,1,1,0,1,1,0,1,1,0,0,0,0,0,0,0,0,0,0,0,0,0,0,0,0,0,0,0,0,0,0,0,0,0,1.2151888529401204e-44,0,0,0,0,0,0,0,0,0,0,0,0,0,0,0,0,0,0,1,0,1.2151888529401204e-44,1
44200,NORMAL,9.7215108235209641e-45,1,9.7215108235209641e-45,1,0,UNKNOWN,0.20000000000000001,0,1,0,1,0,0,0,0,0,-1,-1,0,0,0,1,1,0,1,1,0,1,1,0,1,1,0,1,1,0,1,1,0,0,0,0,0,0,0,0,0,0,0,0,0,0,0,0,0,0,0,0,0,0,0,0,0,9.7215108235209641e-45,0,0,0,0,0,0,0,0,0,0,0,0,0,0,0,0,0,0,1,0,9.7215108235209641e-45,1
44300,NORMAL,7.7772086588167718e-45,1,7.7772086588167718e-45,1,0,UNKNOWN,0.20000000000000001,0,1,0,1,0,0,0,0,0,-1,-1,0,0,0,1,1,0,1,1,0,1,1,0,1,1,0,1,1,0,1,1,0,0,0,0,0,0,0,0,0,0,0,0,0,0,0,0,0,0,0,0,0,0,0,0,0,7.7772086588167718e-45,0,0,0,0,0,0,0,0,0,0,0,0,0,0,0,0,0,0,1,0,7.7772086588167718e-45,1
44400,NORMAL,6.2217669270534172e-45,1,6.2217669270534172e-45,1,0,UNKNOWN,0.20000000000000001,0,1,0,1,0,0,0,0,0,-1,-1,0,0,0,1,1,0,1,1,0,1,1,0,1,1,0,1,1,0,1,1,0,0,0,0,0,0,0,0,0,0,0,0,0,0,0,0,0,0,0,0,0,0,0,0,0,6.2217669270534172e-45,0,0,0,0,0,0,0,0,0,0,0,0,0,0,0,0,0,0,1,0,6.2217669270534172e-45,1
44500,NORMAL,4.9774135416427339e-45,1,4.9774135416427339e-45,1,0,UNKNOWN,0.20000000000000001,0,1,0,1,0,0,0,0,0,-1,-1,0,0,0,1,1,0,1,1,0,1,1,0,1,1,0,1,1,0,1,1,0,0,0,0,0,0,0,0,0,0,0,0,0,0,0,0,0,0,0,0,0,0,0,0,0,4.9774135416427339e-45,0,0,0,0,0,0,0,0,0,0,0,0,0,0,0,0,0,0,1,0,4.9774135416427339e-45,1
44600,NORMAL,3.9819308333141876e-45,1,3.9819308333141876e-45,1,0,UNKNOWN,0.20000000000000001,0,1,0,1,0,0,0,0,0,-1,-1,0,0,0,1,1,0,1,1,0,1,1,0,1,1,0,1,1,0,1,1,0,0,0,0,0,0,0,0,0,0,0,0,0,0,0,0,0,0,0,0,0,0,0,0,0,3.9819308333141876e-45,0,0,0,0,0,0,0,0,0,0,0,0,0,0,0,0,0,0,1,0,3.9819308333141876e-45,1
44700,NORMAL,3.1855446666513503e-45,1,3.1855446666513503e-45,1,0,UNKNOWN,0.20000000000000001,0,1,0,1,0,0,0,0,0,-1,-1,0,0,0,1,1,0,1,1,0,1,1,0,1,1,0,1,1,0,1,1,0,0,0,0,0,0,0,0,0,0,0,0,0,0,0,0,0,0,0,0,0,0,0,0,0,3.1855446666513503e-45,0,0,0,0,0,0,0,0,0,0,0,0,0,0,0,0,0,0,1,0,3.1855446666513503e-45,1
44800,NORMAL,2.5484357333210803e-45,1,2.5484357333210803e-45,1,0,UNKNOWN,0.20000000000000001,0,1,0,1,0,0,0,0,0,-1,-1,0,0,0,1,1,0,1,1,0,1,1,0,1,1,0,1,1,0,1,1,0,0,0,0,0,0,0,0,0,0,0,0,0,0,0,0,0,0,0,0,0,0,0,0,0,2.5484357333210803e-45,0,0,0,0,0,0,0,0,0,0,0,0,0,0,0,0,0,0,1,0,2.5484357333210803e-45,1
44900,NORMAL,2.0387485866568643e-45,1,2.0387485866568643e-45,1,0,UNKNOWN,0.20000000000000001,0,1,0,1,0,0,0,0,0,-1,-1,0,0,0,1,1,0,1,1,0,1,1,0,1,1,0,1,1,0,1,1,0,0,0,0,0,0,0,0,0,0,0,0,0,0,0,0,0,0,0,0,0,0,0,0,0,2.0387485866568643e-45,0,0,0,0,0,0,0,0,0,0,0,0,0,0,0,0,0,0,1,0,2.0387485866568643e-45,1
45000,NORMAL,1.6309988693254913e-45,1,1.6309988693254913e-45,1,0,UNKNOWN,0.20000000000000001,0,1,0,1,0,0,0,0,0,-1,-1,0,0,0,1,1,0,1,1,0,1,1,0,1,1,0,1,1,0,1,1,0,0,0,0,0,0,0,0,0,0,0,0,0,0,0,0,0,0,0,0,0,0,0,0,0,1.6309988693254913e-45,0,0,0,0,0,0,0,0,0,0,0,0,0,0,0,0,0,0,1,0,1.6309988693254913e-45,1
45100,CONFIRMED,1,1,1,0,0,TIMING,1,1,1,1,0,1.3047990954603932e-45,0,0,1,1,45100,45100,0,0,1,1,1,0,1,1,0,1,1,0,1,1,0,1,1,0,1,1,0,0,0,0,0,0,0,0,0,0,0,0,0,1.3047990954603932e-45,0,1,0,0,0,0,0,0,0,0,0,0,0,0,0,0,0,0,0,0,0,0,0,0,0,0,0,0,0,0,0,0,1,0
45200,CONFIRMED,1,1,1,0,0,TIMING,1,1,1,1,0,0,0,0,1,1,45100,45100,0,0,1,1,1,0,1,1,0,1,1,0,1,1,0,1,1,0,1,1,0,0,0,0,0,0,0,0,0,0,0,0,0,0,0,1,0,0,0,0,0,0,0,0,0,0,0,0,0,0,0,0,0,0,0,0,0,0,0,0,0,0,0,0,0,0,1,0
45300,CONFIRMED,1,1,1,0,0,TIMING,1,1,1,1,0,0,0,0,1,1,45100,45100,0,0,1,1,1,0,1,1,0,1,1,0,1,1,0,1,1,0,1,1,0,0,0,0,0,0,0,0,0,0,0,0,0,0,0,1,0,0,0,0,0,0,0,0,0,0,0,0,0,0,0,0,0,0,0,0,0,0,0,0,0,0,0,0,0,0,1,0
45400,CONFIRMED,1,1,1,0,0,TIMING,1,1,1,1,0,0,0,0,1,1,45100,45100,0,0,1,1,1,0,1,1,0,1,1,0,1,1,0,1,1,0,1,1,0,0,0,0,0,0,0,0,0,0,0,0,0,0,0,1,0,0,0,0,0,0,0,0,0,0,0,0,0,0,0,0,0,0,0,0,0,0,0,0,0,0,0,0,0,0,1,0
45500,CONFIRMED,1,1,1,0,0,TIMING,1,1,1,1,0,0,0,0,1,1,45100,45100,0,0,1,1,1,0,1,1,0,1,1,0,1,1,0,1,1,0,1,1,0,0,0,0,0,0,0,0,0,0,0,0,0,0,0,1,0,0,0,0,0,0,0,0,0,0,0,0,0,0,0,0,0,0,0,0,0,0,0,0,0,0,0,0,0,0,1,0
45600,CONFIRMED,1,1,1,0,0,TIMING,1,1,1,1,0,0,0,0,1,1,45100,45100,0,0,1,1,1,0,1,1,0,1,1,0,1,1,0,1,1,0,1,1,0,0,0,0,0,0,0,0,0,0,0,0,0,0,0,1,0,0,0,0,0,0,0,0,0,0,0,0,0,0,0,0,0,0,0,0,0,0,0,0,0,0,0,0,0,0,1,0
45700,CONFIRMED,1,1,1,0,0,TIMING,1,1,1,1,0,0,0,0,1,1,45100,45100,0,0,1,1,1,0,1,1,0,1,1,0,1,1,0,1,1,0,1,1,0,0,0,0,0,0,0,0,0,0,0,0,0,0,0,1,0,0,0,0,0,0,0,0,0,0,0,0,0,0,0,0,0,0,0,0,0,0,0,0,0,0,0,0,0,0,1,0
45800,CONFIRMED,1,1,1,0,0,TIMING,1,1,1,1,0,0,0,0,1,1,45100,45100,0,0,1,1,1,0,1,1,0,1,1,0,1,1,0,1,1,0,1,1,0,0,0,0,0,0,0,0,0,0,0,0,0,0,0,1,0,0,0,0,0,0,0,0,0,0,0,0,0,0,0,0,0,0,0,0,0,0,0,0,0,0,0,0,0,0,1,0
45900,CONFIRMED,1,1,1,0,0,TIMING,1,1,1,1,0,0,0,0,1,1,45100,45100,0,0,1,1,1,0,1,1,0,1,1,0,1,1,0,1,1,0,1,1,0,0,0,0,0,0,0,0,0,0,0,0,0,0,0,1,0,0,0,0,0,0,0,0,0,0,0,0,0,0,0,0,0,0,0,0,0,0,0,0,0,0,0,0,0,0,1,0
46000,CONFIRMED,1,1,1,0,0,TIMING,1,1,1,1,0,0,0,0,1,1,45100,45100,0,0,1,1,1,0,1,1,0,1,1,0,1,1,0,1,1,0,1,1,0,0,0,0,0,0,0,0,0,0,0,0,0,0,0,1,0,0,0,0,0,0,0,0,0,0,0,0,0,0,0,0,0,0,0,0,0,0,0,0,0,0,0,0,0,0,1,0
46100,CONFIRMED,1,1,1,0,0,TIMING,1,1,1,1,0,0,0,0,1,1,45100,45100,0,0,1,1,1,0,1,1,0,1,1,0,1,1,0,1,1,0,1,1,0,0,0,0,0,0,0,0,0,0,0,0,0,0,0,1,0,0,0,0,0,0,0,0,0,0,0,0,0,0,0,0,0,0,0,0,0,0,0,0,0,0,0,0,0,0,1,0
46200,CONFIRMED,1,1,1,0,0,TIMING,1,1,1,1,0,0,0,0,1,1,45100,45100,0,0,1,1,1,0,1,1,0,1,1,0,1,1,0,1,1,0,1,1,0,0,0,0,0,0,0,0,0,0,0,0,0,0,0,1,0,0,0,0,0,0,0,0,0,0,0,0,0,0,0,0,0,0,0,0,0,0,0,0,0,0,0,0,0,0,1,0
46300,CONFIRMED,1,1,1,0,0,TIMING,1,1,1,1,0,0,0,0,1,1,45100,45100,0,0,1,1,1,0,1,1,0,1,1,0,1,1,0,1,1,0,1,1,0,0,0,0,0,0,0,0,0,0,0,0,0,0,0,1,0,0,0,0,0,0,0,0,0,0,0,0,0,0,0,0,0,0,0,0,0,0,0,0,0,0,0,0,0,0,1,0
46400,CONFIRMED,1,1,1,0,0,TIMING,1,1,1,1,0,0,0,0,1,1,45100,45100,0,0,1,1,1,0,1,1,0,1,1,0,1,1,0,1,1,0,1,1,0,0,0,0,0,0,0,0,0,0,0,0,0,0,0,1,0,0,0,0,0,0,0,0,0,0,0,0,0,0,0,0,0,0,0,0,0,0,0,0,0,0,0,0,0,0,1,0
46500,CONFIRMED,1,1,1,0,0,TIMING,1,1,1,1,0,0,0,0,1,1,45100,45100,0,0,1,1,1,0,1,1,0,1,1,0,1,1,0,1,1,0,1,1,0,0,0,0,0,0,0,0,0,0,0,0,0,0,0,1,0,0,0,0,0,0,0,0,0,0,0,0,0,0,0,0,0,0,0,0,0,0,0,0,0,0,0,0,0,0,1,0
46600,CONFIRMED,1,1,1,0,0,TIMING,1,1,1,1,0,0,0,0,1,1,45100,45100,0,0,1,1,1,0,1,1,0,1,1,0,1,1,0,1,1,0,1,1,0,0,0,0,0,0,0,0,0,0,0,0,0,0,0,1,0,0,0,0,0,0,0,0,0,0,0,0,0,0,0,0,0,0,0,0,0,0,0,0,0,0,0,0,0,0,1,0
46700,CONFIRMED,1,1,1,0,0,TIMING,1,1,1,1,0,0,0,0,1,1,45100,45100,0,0,1,1,1,0,1,1,0,1,1,0,1,1,0,1,1,0,1,1,0,0,0,0,0,0,0,0,0,0,0,0,0,0,0,1,0,0,0,0,0,0,0,0,0,0,0,0,0,0,0,0,0,0,0,0,0,0,0,0,0,0,0,0,0,0,1,0
46800,CONFIRMED,1,1,1,0,0,TIMING,1,1,1,1,0,0,0,0,1,1,45100,45100,0,0,1,1,1,0,1,1,0,1,1,0,1,1,0,1,1,0,1,1,0,0,0,0,0,0,0,0,0,0,0,0,0,0,0,1,0,0,0,0,0,0,0,0,0,0,0,0,0,0,0,0,0,0,0,0,0,0,0,0,0,0,0,0,0,0,1,0
46900,CONFIRMED,1,1,1,0,0,TIMING,1,1,1,1,0,0,0,0,1,1,45100,45100,0,0,1,1,1,0,1,1,0,1,1,0,1,1,0,1,1,0,1,1,0,0,0,0,0,0,0,0,0,0,0,0,0,0,0,1,0,0,0,0,0,0,0,0,0,0,0,0,0,0,0,0,0,0,0,0,0,0,0,0,0,0,0,0,0,0,1,0
47000,CONFIRMED,1,1,1,0,0,TIMING,1,1,1,1,0,0,0,0,1,1,45100,45100,0,0,1,1,1,0,1,1,0,1,1,0,1,1,0,1,1,0,1,1,0,0,0,0,0,0,0,0,0,0,0,0,0,0,0,1,0,0,0,0,0,0,0,0,0,0,0,0,0,0,0,0,0,0,0,0,0,0,0,0,0,0,0,0,0,0,1,0
47100,CONFIRMED,1,1,1,0,0,TIMING,1,1,1,1,0,0,0,0,1,1,45100,45100,0,0,1,1,1,0,1,1,0,1,1,0,1,1,0,1,1,0,1,1,0,0,0,0,0,0,0,0,0,0,0,0,0,0,0,1,0,0,0,0,0,0,0,0,0,0,0,0,0,0,0,0,0,0,0,0,0,0,0,0,0,0,0,0,0,0,1,0
47200,CONFIRMED,1,1,1,0,0,TIMING,1,1,1,1,0,0,0,0,1,1,45100,45100,0,0,1,1,1,0,1,1,0,1,1,0,1,1,0,1,1,0,1,1,0,0,0,0,0,0,0,0,0,0,0,0,0,0,0,1,0,0,0,0,0,0,0,0,0,0,0,0,0,0,0,0,0,0,0,0,0,0,0,0,0,0,0,0,0,0,1,0
47300,CONFIRMED,1,1,1,0,0,TIMING,1,1,1,1,0,0,0,0,1,1,45100,45100,0,0,1,1,1,0,1,1,0,1,1,0,1,1,0,1,1,0,1,1,0,0,0,0,0,0,0,0,0,0,0,0,0,0,0,1,0,0,0,0,0,0,0,0,0,0,0,0,0,0,0,0,0,0,0,0,0,0,0,0,0,0,0,0,0,0,1,0
47400,CONFIRMED,1,1,1,0,0,TIMING,1,1,1,1,0,0,0,0,1,1,45100,45100,0,0,1,1,1,0,1,1,0,1,1,0,1,1,0,1,1,0,1,1,0,0,0,0,0,0,0,0,0,0,0,0,0,0,0,1,0,0,0,0,0,0,0,0,0,0,0,0,0,0,0,0,0,0,0,0,0,0,0,0,0,0,0,0,0,0,1,0
47500,CONFIRMED,1,1,1,0,0,TIMING,1,1,1,1,0,0,0,0,1,1,45100,45100,0,0,1,1,1,0,1,1,0,1,1,0,1,1,0,1,1,0,1,1,0,0,0,0,0,0,0,0,0,0,0,0,0,0,0,1,0,0,0,0,0,0,0,0,0,0,0,0,0,0,0,0,0,0,0,0,0,0,0,0,0,0,0,0,0,0,1,0
47600,CONFIRMED,1,1,1,0,0,TIMING,1,1,1,1,0,0,0,0,1,1,45100,45100,0,0,1,1,1,0,1,1,0,1,1,0,1,1,0,1,1,0,1,1,0,0,0,0,0,0,0,0,0,0,0,0,0,0,0,1,0,0,0,0,0,0,0,0,0,0,0,0,0,0,0,0,0,0,0,0,0,0,0,0,0,0,0,0,0,0,1,0
47700,CONFIRMED,1,1,1,0,0,TIMING,1,1,1,1,0,0,0,0,1,1,45100,45100,0,0,1,1,1,0,1,1,0,1,1,0,1,1,0,1,1,0,1,1,0,0,0,0,0,0,0,0,0,0,0,0,0,0,0,1,0,0,0,0,0,0,0,0,0,0,0,0,0,0,0,0,0,0,0,0,0,0,0,0,0,0,0,0,0,0,1,0
47800,CONFIRMED,1,1,1,0,0,TIMING,1,1,1,1,0,0,0,0,1,1,45100,45100,0,0,1,1,1,0,1,1,0,1,1,0,1,1,0,1,1,0,1,1,0,0,0,0,0,0,0,0,0,0,0,0,0,0,0,1,0,0,0,0,0,0,0,0,0,0,0,0,0,0,0,0,0,0,0,0,0,0,0,0,0,0,0,0,0,0,1,0
47900,CONFIRMED,1,1,1,0,0,TIMING,1,1,1,1,0,0,0,0,1,1,45100,45100,0,0,1,1,1,0,1,1,0,1,1,0,1,1,0,1,1,0,1,1,0,0,0,0,0,0,0,0,0,0,0,0,0,0,0,1,0,0,0,0,0,0,0,0,0,0,0,0,0,0,0,0,0,0,0,0,0,0,0,0,0,0,0,0,0,0,1,0
48000,CONFIRMED,1,1,1,0,0,TIMING,1,1,1,1,0,0,0,0,1,1,45100,45100,0,0,1,1,1,0,1,1,0,1,1,0,1,1,0,1,1,0,1,1,0,0,0,0,0,0,0,0,0,0,0,0,0,0,0,1,0,0,0,0,0,0,0,0,0,0,0,0,0,0,0,0,0,0,0,0,0,0,0,0,0,0,0,0,0,0,1,0
48100,CONFIRMED,0.80000000000000004,1,0.80000000000000004,0.19999999999999996,0,TIMING,0.84000000000000008,0.80000000000000004,1,0.80000000000000004,0.19999999999999996,0,0,0,1,1,45100,45100,0,0,0,1,1,0,1,1,0,1,1,0,1,1,0,1,1,0,1,1,0,0,0,0,0,0,0,0,0,0,0,0,0,0,0,0.80000000000000004,0,0,0,0,0,0,0,0,0,0,0,0,0,0,0,0,0,0,0,0,0,0,0,0,0,0,0,0,0.19999999999999996,0,0.80000000000000004,0.19999999999999996
48200,CONFIRMED,0.64000000000000012,1,0.64000000000000012,0.35999999999999993,0,TIMING,0.71200000000000008,0.64000000000000012,1,0.64000000000000012,0.35999999999999993,0,0,0,1,1,45100,45100,0,0,0,1,1,0,1,1,0,1,1,0,1,1,0,1,1,0,1,1,0,0,0,0,0,0,0,0,0,0,0,0,0,0,0,0.64000000000000012,0,0,0,0,0,0,0,0,0,0,0,0,0,0,0,0,0,0,0,0,0,0,0,0,0,0,0,0,0.35999999999999993,0,0.64000000000000012,0.35999999999999993
48300,CONFIRMED,0.51200000000000012,1,0.51200000000000012,0.48799999999999993,0,TIMING,0.60960000000000014,0.51200000000000012,1,0.51200000000000012,0.48799999999999993,0,0,0,1,1,45100,45100,0,0,0,1,1,0,1,1,0,1,1,0,1,1,0,1,1,0,1,1,0,0,0,0,0,0,0,0,0,0,0,0,0,0,0,0.51200000000000012,0,0,0,0,0,0,0,0,0,0,0,0,0,0,0,0,0,0,0,0,0,0,0,0,0,0,0,0,0.48799999999999993,0,0.51200000000000012,0.48799999999999993
48400,SUSPECT,0.40960000000000013,1,0.40960000000000013,0.59039999999999992,0,UNKNOWN,0.52768000000000015,0.40960000000000013,1,0.40960000000000019,0.59039999999999992,0,0,0,0,0,45100,45100,0,0,0,1,1,0,1,1,0,1,1,0,1,1,0,1,1,0,1,1,0,0,0,0,0,0,0,0,0,0,0,0,0,0,0,0.40960000000000013,0,0,0,0,0,0,0,0,0,0,0,0,0,0,0,0,0,0,0,0,0,0,0,0,0,0,0,0,0.59039999999999992,0,0.40960000000000013,0.59039999999999992
48500,NORMAL,0.32768000000000014,1,0.32768000000000014,0.67231999999999992,0,UNKNOWN,0.46214400000000011,0.32768000000000014,1,0.32768000000000014,0.67231999999999992,0,0,0,0,0,45100,45100,0,0,0,1,1,0,1,1,0,1,1,0,1,1,0,1,1,0,1,1,0,0,0,0,0,0,0,0,0,0,0,0,0,0,0,0.32768000000000014,0,0,0,0,0,0,0,0,0,0,0,0,0,0,0,0,0,0,0,0,0,0,0,0,0,0,0,0,0.67231999999999992,0,0.32768000000000014,0.67231999999999992
48600,NORMAL,0.2621440000000001,1,0.2621440000000001,0.73785599999999996,0,UNKNOWN,0.40971520000000006,0.2621440000000001,1,0.26214400000000004,0.73785599999999996,0,0,0,0,0,45100,45100,0,0,0,1,1,0,1,1,0,1,1,0,1,1,0,1,1,0,1,1,0,0,0,0,0,0,0,0,0,0,0,0,0,0,0,0.2621440000000001,0,0,0,0,0,0,0,0,0,0,0,0,0,0,0,0,0,0,0,0,0,0,0,0,0,0,0,0,0.73785599999999996,0,0.2621440000000001,0.73785599999999996
48700,NORMAL,0.2097152000000001,1,0.2097152000000001,0.7902847999999999,0,UNKNOWN,0.36777216000000007,0.2097152000000001,1,0.2097152000000001,0.7902847999999999,0,0,0,0,0,45100,45100,0,0,0,1,1,0,1,1,0,1,1,0,1,1,0,1,1,0,1,1,0,0,0,0,0,0,0,0,0,0,0,0,0,0,0,0.2097152000000001,0,0,0,0,0,0,0,0,0,0,0,0,0,0,0,0,0,0,0,0,0,0,0,0,0,0,0,0,0.7902847999999999,0,0.2097152000000001,0.7902847999999999
48800,NORMAL,0.16777216000000009,1,0.16777216000000009,0.83222783999999994,0,UNKNOWN,0.33421772800000005,0.16777216000000009,1,0.16777216000000006,0.83222783999999994,0,0,0,0,0,45100,45100,0,0,0,1,1,0,1,1,0,1,1,0,1,1,0,1,1,0,1,1,0,0,0,0,0,0,0,0,0,0,0,0,0,0,0,0.16777216000000009,0,0,0,0,0,0,0,0,0,0,0,0,0,0,0,0,0,0,0,0,0,0,0,0,0,0,0,0,0.83222783999999994,0,0.16777216000000009,0.83222783999999994
48900,NORMAL,0.13421772800000006,1,0.13421772800000006,0.86578227199999991,0,UNKNOWN,0.30737418240000003,0.13421772800000006,1,0.13421772800000004,0.86578227199999991,0,0,0,0,0,45100,45100,0,0,0,1,1,0,1,1,0,1,1,0,1,1,0,1,1,0,1,1,0,0,0,0,0,0,0,0,0,0,0,0,0,0,0,0.13421772800000006,0,0,0,0,0,0,0,0,0,0,0,0,0,0,0,0,0,0,0,0,0,0,0,0,0,0,0,0,0.86578227199999991,0,0.13421772800000006,0.86578227199999991
49000,NORMAL,0.10737418240000006,1,0.10737418240000006,0.89262581759999993,0,UNKNOWN,0.28589934592000005,0.10737418240000006,1,0.10737418240000007,0.89262581759999993,0,0,0,0,0,45100,45100,0,0,0,1,1,0,1,1,0,1,1,0,1,1,0,1,1,0,1,1,0,0,0,0,0,0,0,0,0,0,0,0,0,0,0,0.10737418240000006,0,0,0,0,0,0,0,0,0,0,0,0,0,0,0,0,0,0,0,0,0,0,0,0,0,0,0,0,0.89262581759999993,0,0.10737418240000006,0.89262581759999993
49100,NORMAL,0.08589934592000005,1,0.08589934592000005,0.91410065407999996,0,UNKNOWN,0.26871947673600005,0.08589934592000005,1,0.085899345920000064,0.91410065407999996,0,0,0,0,0,45100,45100,0,0,0,1,1,0,1,1,0,1,1,0,1,1,0,1,1,0,1,1,0,0,0,0,0,0,0,0,0,0,0,0,0,0,0,0.08589934592000005,0,0,0,0,0,0,0,0,0,0,0,0,0,0,0,0,0,0,0,0,0,0,0,0,0,0,0,0,0.91410065407999996,0,0.08589934592000005,0.91410065407999996
49200,NORMAL,0.06871947673600004,1,0.06871947673600004,0.93128052326400002,0,UNKNOWN,0.25497558138880005,0.06871947673600004,1,0.06871947673600004,0.93128052326400002,0,0,0,0,0,45100,45100,0,0,0,1,1,0,1,1,0,1,1,0,1,1,0,1,1,0,1,1,0,0,0,0,0,0,0,0,0,0,0,0,0,0,0,0.06871947673600004,0,0,0,0,0,0,0,0,0,0,0,0,0,0,0,0,0,0,0,0,0,0,0,0,0,0,0,0,0.93128052326400002,0,0.06871947673600004,0.93128052326400002
49300,NORMAL,0.054975581388800036,1,0.054975581388800036,0.94502441861120001,0,UNKNOWN,0.24398046511104005,0.054975581388800036,1,0.054975581388800043,0.94502441861120001,0,0,0,0,0,45100,45100,0,0,0,1,1,0,1,1,0,1,1,0,1,1,0,1,1,0,1,1,0,0,0,0,0,0,0,0,0,0,0,0,0,0,0,0.054975581388800036,0,0,0,0,0,0,0,0,0,0,0,0,0,0,0,0,0,0,0,0,0,0,0,0,0,0,0,0,0.94502441861120001,0,0.054975581388800036,0.94502441861120001
49400,NORMAL,0.043980465111040035,1,0.043980465111040035,0.95601953488895997,0,UNKNOWN,0.23518437208883203,0.043980465111040035,1,0.043980465111040035,0.95601953488895997,0,0,0,0,0,45100,45100,0,0,0,1,1,0,1,1,0,1,1,0,1,1,0,1,1,0,1,1,0,0,0,0,0,0,0,0,0,0,0,0,0,0,0,0.043980465111040035,0,0,0,0,0,0,0,0,0,0,0,0,0,0,0,0,0,0,0,0,0,0,0,0,0,0,0,0,0.95601953488895997,0,0.043980465111040035,0.95601953488895997
49500,NORMAL,0.03518437208883203,1,0.03518437208883203,0.96481562791116793,0,UNKNOWN,0.22814749767106562,0.03518437208883203,1,0.035184372088832044,0.96481562791116793,0,0,0,0,0,45100,45100,0,0,0,1,1,0,1,1,0,1,1,0,1,1,0,1,1,0,1,1,0,0,0,0,0,0,0,0,0,0,0,0,0,0,0,0.03518437208883203,0,0,0,0,0,0,0,0,0,0,0,0,0,0,0,0,0,0,0,0,0,0,0,0,0,0,0,0,0.96481562791116793,0,0.03518437208883203,0.96481562791116793
49600,NORMAL,0.028147497671065627,1,0.028147497671065627,0.97185250232893439,0,UNKNOWN,0.22251799813685252,0.028147497671065627,1,0.028147497671065641,0.97185250232893439,0,0,0,0,0,45100,45100,0,0,0,1,1,0,1,1,0,1,1,0,1,1,0,1,1,0,1,1,0,0,0,0,0,0,0,0,0,0,0,0,0,0,0,0.028147497671065627,0,0,0,0,0,0,0,0,0,0,0,0,0,0,0,0,0,0,0,0,0,0,0,0,0,0,0,0,0.97185250232893439,0,0.028147497671065627,0.97185250232893439
49700,NORMAL,0.022517998136852502,1,0.022517998136852502,0.97748200186314749,0,UNKNOWN,0.21801439850948201,0.022517998136852502,1,0.022517998136852513,0.97748200186314749,0,0,0,0,0,45100,45100,0,0,0,1,1,0,1,1,0,1,1,0,1,1,0,1,1,0,1,1,0,0,0,0,0,0,0,0,0,0,0,0,0,0,0,0.022517998136852502,0,0,0,0,0,0,0,0,0,0,0,0,0,0,0,0,0,0,0,0,0,0,0,0,0,0,0,0,0.97748200186314749,0,0.022517998136852502,0.97748200186314749
49800,NORMAL,0.018014398509482003,1,0.018014398509482003,0.98198560149051795,0,UNKNOWN,0.21441151880758558,0.018014398509482003,1,0.018014398509481999,0.98198560149051795,0,0,0,0,0,45100,45100,0,0,0,1,1,0,1,1,0,1,1,0,1,1,0,1,1,0,1,1,0,0,0,0,0,0,0,0,0,0,0,0,0,0,0,0.018014398509482003,0,0,0,0,0,0,0,0,0,0,0,0,0,0,0,0,0,0,0,0,0,0,0,0,0,0,0,0,0.98198560149051795,0,0.018014398509482003,0.98198560149051795
49900,NORMAL,0.014411518807585602,1,0.014411518807585602,0.98558848119241438,0,UNKNOWN,0.21152921504606848,0.014411518807585602,1,0.014411518807585594,0.98558848119241438,0,0,0,0,0,45100,45100,0,0,0,1,1,0,1,1,0,1,1,0,1,1,0,1,1,0,1,1,0,0,0,0,0,0,0,0,0,0,0,0,0,0,0,0.014411518807585602,0,0,0,0,0,0,0,0,0,0,0,0,0,0,0,0,0,0,0,0,0,0,0,0,0,0,0,0,0.98558848119241438,0,0.014411518807585602,0.98558848119241438
50000,NORMAL,0.011529215046068483,1,0.011529215046068483,0.98847078495393148,0,UNKNOWN,0.20922337203685479,0.011529215046068483,1,0.011529215046068492,0.98847078495393148,0,0,0,0,0,45100,45100,0,0,0,1,1,0,1,1,0,1,1,0,1,1,0,1,1,0,1,1,0,0,0,0,0,0,0,0,0,0,0,0,0,0,0,0.011529215046068483,0,0,0,0,0,0,0,0,0,0,0,0,0,0,0,0,0,0,0,0,0,0,0,0,0,0,0,0,0.98847078495393148,0,0.011529215046068483,0.98847078495393148
50100,NORMAL,0.0092233720368547888,1,0.0092233720368547888,0.99077662796314525,0,UNKNOWN,0.20737869762948383,0.0092233720368547888,1,0.0092233720368547767,0.99077662796314525,0,0,0,0,0,45100,45100,0,0,0,1,1,0,1,1,0,1,1,0,1,1,0,1,1,0,1,1,0,0,0,0,0,0,0,0,0,0,0,0,0,0,0,0.0092233720368547888,0,0,0,0,0,0,0,0,0,0,0,0,0,0,0,0,0,0,0,0,0,0,0,0,0,0,0,0,0.99077662796314525,0,0.0092233720368547888,0.99077662796314525
50200,NORMAL,0.0073786976294838314,1,0.0073786976294838314,0.99262130237051616,0,UNKNOWN,0.20590295810358708,0.0073786976294838314,1,0.0073786976294838436,0.99262130237051616,0,0,0,0,0,45100,45100,0,0,0,1,1,0,1,1,0,1,1,0,1,1,0,1,1,0,1,1,0,0,0,0,0,0,0,0,0,0,0,0,0,0,0,0.0073786976294838314,0,0,0,0,0,0,0,0,0,0,0,0,0,0,0,0,0,0,0,0,0,0,0,0,0,0,0,0,0.99262130237051616,0,0.0073786976294838314,0.99262130237051616
50300,NORMAL,0.0059029581035870658,1,0.0059029581035870658,0.9940970418964129,0,UNKNOWN,0.20472236648286965,0.0059029581035870658,1,0.0059029581035870693,0.9940970418964129,0,0,0,0,0,45100,45100,0,0,0,1,1,0,1,1,0,1,1,0,1,1,0,1,1,0,1,1,0,0,0,0,0,0,0,0,0,0,0,0,0,0,0,0.0059029581035870658,0,0,0,0,0,0,0,0,0,0,0,0,0,0,0,0,0,0,0,0,0,0,0,0,0,0,0,0,0.9940970418964129,0,0.0059029581035870658,0.9940970418964129
50400,NORMAL,0.0047223664828696535,1,0.0047223664828696535,0.99527763351713039,0,UNKNOWN,0.20377789318629574,0.0047223664828696535,1,0.0047223664828696665,0.99527763351713039,0,0,0,0,0,45100,45100,0,0,0,1,1,0,1,1,0,1,1,0,1,1,0,1,1,0,1,1,0,0,0,0,0,0,0,0,0,0,0,0,0,0,0,0.0047223664828696535,0,0,0,0,0,0,0,0,0,0,0,0,0,0,0,0,0,0,0,0,0,0,0,0,0,0,0,0,0.99527763351713039,0,0.0047223664828696535,0.99527763351713039
50500,NORMAL,0.0037778931862957228,1,0.0037778931862957228,0.99622210681370427,0,UNKNOWN,0.20302231454903658,0.0037778931862957228,1,0.0037778931862957332,0.99622210681370427,0,0,0,0,0,45100,45100,0,0,0,1,1,0,1,1,0,1,1,0,1,1,0,1,1,0,1,1,0,0,0,0,0,0,0,0,0,0,0,0,0,0,0,0.0037778931862957228,0,0,0,0,0,0,0,0,0,0,0,0,0,0,0,0,0,0,0,0,0,0,0,0,0,0,0,0,0.99622210681370427,0,0.0037778931862957228,0.99622210681370427
50600,NORMAL,0.0030223145490365783,1,0.0030223145490365783,0.99697768545096344,0,UNKNOWN,0.20241785163922926,0.0030223145490365783,1,0.0030223145490365644,0.99697768545096344,0,0,0,0,0,45100,45100,0,0,0,1,1,0,1,1,0,1,1,0,1,1,0,1,1,0,1,1,0,0,0,0,0,0,0,0,0,0,0,0,0,0,0,0.0030223145490365783,0,0,0,0,0,0,0,0,0,0,0,0,0,0,0,0,0,0,0,0,0,0,0,0,0,0,0,0,0.99697768545096344,0,0.0030223145490365783,0.99697768545096344
50700,NORMAL,0.0024178516392292628,1,0.0024178516392292628,0.99758214836077075,0,UNKNOWN,0.20193428131138341,0.0024178516392292628,1,0.0024178516392292515,0.99758214836077075,0,0,0,0,0,45100,45100,0,0,0,1,1,0,1,1,0,1,1,0,1,1,0,1,1,0,1,1,0,0,0,0,0,0,0,0,0,0,0,0,0,0,0,0.0024178516392292628,0,0,0,0,0,0,0,0,0,0,0,0,0,0,0,0,0,0,0,0,0,0,0,0,0,0,0,0,0.99758214836077075,0,0.0024178516392292628,0.99758214836077075
50800,NORMAL,0.0019342813113834103,1,0.0019342813113834103,0.9980657186886166,0,UNKNOWN,0.20154742504910672,0.0019342813113834103,1,0.0019342813113834012,0.9980657186886166,0,0,0,0,0,45100,45100,0,0,0,1,1,0,1,1,0,1,1,0,1,1,0,1,1,0,1,1,0,0,0,0,0,0,0,0,0,0,0,0,0,0,0,0.0019342813113834103,0,0,0,0,0,0,0,0,0,0,0,0,0,0,0,0,0,0,0,0,0,0,0,0,0,0,0,0,0.9980657186886166,0,0.0019342813113834103,0.9980657186886166
50900,NORMAL,0.0015474250491067283,1,0.0015474250491067283,0.99845257495089323,0,UNKNOWN,0.20123794003928538,0.0015474250491067283,1,0.0015474250491067376,0.99845257495089323,0,0,0,0,0,45100,45100,0,0,0,1,1,0,1,1,0,1,1,0,1,1,0,1,1,0,1,1,0,0,0,0,0,0,0,0,0,0,0,0,0,0,0,0.0015474250491067283,0,0,0,0,0,0,0,0,0,0,0,0,0,0,0,0,0,0,0,0,0,0,0,0,0,0,0,0,0.99845257495089323,0,0.0015474250491067283,0.99845257495089323
51000,NORMAL,0.001237940039285383,1,0.001237940039285383,0.99876205996071465,0,UNKNOWN,0.20099035203142832,0.001237940039285383,1,0.0012379400392853734,0.99876205996071465,0,0,0,0,0,45100,45100,0,0,0,1,1,0,1,1,0,1,1,0,1,1,0,1,1,0,1,1,0,0,0,0,0,0,0,0,0,0,0,0,0,0,0,0.001237940039285383,0,0,0,0,0,0,0,0,0,0,0,0,0,0,0,0,0,0,0,0,0,0,0,0,0,0,0,0,0.99876205996071465,0,0.001237940039285383,0.99876205996071465
51100,NORMAL,0.00099035203142830647,1,0.00099035203142830647,0.99900964796857172,0,UNKNOWN,0.20079228162514265,0.00099035203142830647,1,0.0009903520314283043,0.99900964796857172,0,0,0,0,0,45100,45100,0,0,0,1,1,0,1,1,0,1,1,0,1,1,0,1,1,0,1,1,0,0,0,0,0,0,0,0,0,0,0,0,0,0,0,0.00099035203142830647,0,0,0,0,0,0,0,0,0,0,0,0,0,0,0,0,0,0,0,0,0,0,0,0,0,0,0,0,0.99900964796857172,0,0.00099035203142830647,0.99900964796857172
51200,NORMAL,0.00079228162514264526,1,0.00079228162514264526,0.99920771837485733,0,UNKNOWN,0.20063382530011412,0.00079228162514264526,1,0.00079228162514263789,0.99920771837485733,0,0,0,0,0,45100,45100,0,0,0,1,1,0,1,1,0,1,1,0,1,1,0,1,1,0,1,1,0,0,0,0,0,0,0,0,0,0,0,0,0,0,0,0.00079228162514264526,0,0,0,0,0,0,0,0,0,0,0,0,0,0,0,0,0,0,0,0,0,0,0,0,0,0,0,0,0.99920771837485733,0,0.00079228162514264526,0.99920771837485733
51300,NORMAL,0.00063382530011411625,1,0.00063382530011411625,0.99936617469988587,0,UNKNOWN,0.20050706024009127,0.00063382530011411625,1,0.00063382530011410476,0.99936617469988587,0,0,0,0,0,45100,45100,0,0,0,1,1,0,1,1,0,1,1,0,1,1,0,1,1,0,1,1,0,0,0,0,0,0,0,0,0,0,0,0,0,0,0,0.00063382530011411625,0,0,0,0,0,0,0,0,0,0,0,0,0,0,0,0,0,0,0,0,0,0,0,0,0,0,0,0,0.99936617469988587,0,0.00063382530011411625,0.99936617469988587
51400,NORMAL,0.00050706024009129302,1,0.00050706024009129302,0.99949293975990872,0,UNKNOWN,0.20040564819207302,0.00050706024009129302,1,0.00050706024009128381,0.99949293975990872,0,0,0,0,0,45100,45100,0,0,0,1,1,0,1,1,0,1,1,0,1,1,0,1,1,0,1,1,0,0,0,0,0,0,0,0,0,0,0,0,0,0,0,0.00050706024009129302,0,0,0,0,0,0,0,0,0,0,0,0,0,0,0,0,0,0,0,0,0,0,0,0,0,0,0,0,0.99949293975990872,0,0.00050706024009129302,0.99949293975990872
51500,NORMAL,0.00040564819207303444,1,0.00040564819207303444,0.999594351807927,0,UNKNOWN,0.20032451855365843,0.00040564819207303444,1,0.0004056481920730326,0.999594351807927,0,0,0,0,0,45100,45100,0,0,0,1,1,0,1,1,0,1,1,0,1,1,0,1,1,0,1,1,0,0,0,0,0,0,0,0,0,0,0,0,0,0,0,0.00040564819207303444,0,0,0,0,0,0,0,0,0,0,0,0,0,0,0,0,0,0,0,0,0,0,0,0,0,0,0,0,0.999594351807927,0,0.00040564819207303444,0.999594351807927
51600,NORMAL,0.00032451855365842758,1,0.00032451855365842758,0.99967548144634155,0,UNKNOWN,0.20025961484292673,0.00032451855365842758,1,0.00032451855365842053,0.99967548144634155,0,0,0,0,0,45100,45100,0,0,0,1,1,0,1,1,0,1,1,0,1,1,0,1,1,0,1,1,0,0,0,0,0,0,0,0,0,0,0,0,0,0,0,0.00032451855365842758,0,0,0,0,0,0,0,0,0,0,0,0,0,0,0,0,0,0,0,0,0,0,0,0,0,0,0,0,0.99967548144634155,0,0.00032451855365842758,0.99967548144634155
51700,NORMAL,0.0002596148429267421,1,0.0002596148429267421,0.99974038515707331,0,UNKNOWN,0.2002076918743414,0.0002596148429267421,1,0.00025961484292674752,0.99974038515707331,0,0,0,0,0,45100,45100,0,0,0,1,1,0,1,1,0,1,1,0,1,1,0,1,1,0,1,1,0,0,0,0,0,0,0,0,0,0,0,0,0,0,0,0.0002596148429267421,0,0,0,0,0,0,0,0,0,0,0,0,0,0,0,0,0,0,0,0,0,0,0,0,0,0,0,0,0.99974038515707331,0,0.0002596148429267421,0.99974038515707331
51800,NORMAL,0.00020769187434139369,1,0.00020769187434139369,0.99979230812565867,0,UNKNOWN,0.20016615349947312,0.00020769187434139369,1,0.00020769187434138692,0.99979230812565867,0,0,0,0,0,45100,45100,0,0,0,1,1,0,1,1,0,1,1,0,1,1,0,1,1,0,1,1,0,0,0,0,0,0,0,0,0,0,0,0,0,0,0,0.00020769187434139369,0,0,0,0,0,0,0,0,0,0,0,0,0,0,0,0,0,0,0,0,0,0,0,0,0,0,0,0,0.99979230812565867,0,0.00020769187434139369,0.99979230812565867
51900,NORMAL,0.00016615349947311496,1,0.00016615349947311496,0.99983384650052698,0,UNKNOWN,0.20013292279957851,0.00016615349947311496,1,0.00016615349947310398,0.99983384650052698,0,0,0,0,0,45100,45100,0,0,0,1,1,0,1,1,0,1,1,0,1,1,0,1,1,0,1,1,0,0,0,0,0,0,0,0,0,0,0,0,0,0,0,0.00016615349947311496,0,0,0,0,0,0,0,0,0,0,0,0,0,0,0,0,0,0,0,0,0,0,0,0,0,0,0,0,0.99983384650052698,0,0.00016615349947311496,0.99983384650052698
52000,NORMAL,0.00013292279957849198,1,0.00013292279957849198,0.99986707720042156,0,UNKNOWN,0.20010633823966281,0.00013292279957849198,1,0.00013292279957849429,0.99986707720042156,0,0,0,0,0,45100,45100,0,0,0,1,1,0,1,1,0,1,1,0,1,1,0,1,1,0,1,1,0,0,0,0,0,0,0,0,0,0,0,0,0,0,0,0.00013292279957849198,0,0,0,0,0,0,0,0,0,0,0,0,0,0,0,0,0,0,0,0,0,0,0,0,0,0,0,0,0.99986707720042156,0,0.00013292279957849198,0.99986707720042156
52100,NORMAL,0.0001063382396627936,1,0.0001063382396627936,0.99989366176033723,0,UNKNOWN,0.20008507059173025,0.0001063382396627936,1,0.00010633823966280098,0.99989366176033723,0,0,0,0,0,45100,45100,0,0,0,1,1,0,1,1,0,1,1,0,1,1,0,1,1,0,1,1,0,0,0,0,0,0,0,0,0,0,0,0,0,0,0,0.0001063382396627936,0,0,0,0,0,0,0,0,0,0,0,0,0,0,0,0,0,0,0,0,0,0,0,0,0,0,0,0,0.99989366176033723,0,0.0001063382396627936,0.99989366176033723
52200,NORMAL,8.5070591730234877e-05,1,8.5070591730234877e-05,0.99991492940826976,0,UNKNOWN,0.20006805647338419,8.5070591730234877e-05,1,8.5070591730240785e-05,0.99991492940826976,0,0,0,0,0,45100,45100,0,0,0,1,1,0,1,1,0,1,1,0,1,1,0,1,1,0,1,1,0,0,0,0,0,0,0,0,0,0,0,0,0,0,0,8.5070591730234877e-05,0,0,0,0,0,0,0,0,0,0,0,0,0,0,0,0,0,0,0,0,0,0,0,0,0,0,0,0,0.99991492940826976,0,8.5070591730234877e-05,0.99991492940826976
52300,NORMAL,6.8056473384187901e-05,1,6.8056473384187901e-05,0.99993194352661585,0,UNKNOWN,0.20005444517870735,6.8056473384187901e-05,1,6.8056473384175975e-05,0.99993194352661585,0,0,0,0,0,45100,45100,0,0,0,1,1,0,1,1,0,1,1,0,1,1,0,1,1,0,1,1,0,0,0,0,0,0,0,0,0,0,0,0,0,0,0,6.8056473384187901e-05,0,0,0,0,0,0,0,0,0,0,0,0,0,0,0,0,0,0,0,0,0,0,0,0,0,0,0,0,0.99993194352661585,0,6.8056473384187901e-05,0.99993194352661585
52400,NORMAL,5.4445178707350321e-05,1,5.4445178707350321e-05,0.99994555482129266,0,UNKNOWN,0.20004355614296587,5.4445178707350321e-05,1,5.444517870734078e-05,0.99994555482129266,0,0,0,0,0,45100,45100,0,0,0,1,1,0,1,1,0,1,1,0,1,1,0,1,1,0,1,1,0,0,0,0,0,0,0,0,0,0,0,0,0,0,0,5.4445178707350321e-05,0,0,0,0,0,0,0,0,0,0,0,0,0,0,0,0,0,0,0,0,0,0,0,0,0,0,0,0,0.99994555482129266,0,5.4445178707350321e-05,0.99994555482129266
52500,NORMAL,4.3556142965880258e-05,1,4.3556142965880258e-05,0.99995644385703408,0,UNKNOWN,0.20003484491437271,4.3556142965880258e-05,1,4.3556142965889277e-05,0.99995644385703408,0,0,0,0,0,45100,45100,0,0,0,1,1,0,1,1,0,1,1,0,1,1,0,1,1,0,1,1,0,0,0,0,0,0,0,0,0,0,0,0,0,0,0,4.3556142965880258e-05,0,0,0,0,0,0,0,0,0,0,0,0,0,0,0,0,0,0,0,0,0,0,0,0,0,0,0,0,0.99995644385703408,0,4.3556142965880258e-05,0.99995644385703408
52600,NORMAL,3.4844914372704215e-05,1,3.4844914372704215e-05,0.99996515508562733,0,UNKNOWN,0.20002787593149815,3.4844914372704215e-05,1,3.4844914372694769e-05,0.99996515508562733,0,0,0,0,0,45100,45100,0,0,0,1,1,0,1,1,0,1,1,0,1,1,0,1,1,0,1,1,0,0,0,0,0,0,0,0,0,0,0,0,0,0,0,3.4844914372704215e-05,0,0,0,0,0,0,0,0,0,0,0,0,0,0,0,0,0,0,0,0,0,0,0,0,0,0,0,0,0.99996515508562733,0,3.4844914372704215e-05,0.99996515508562733
52700,NORMAL,2.7875931498163373e-05,1,2.7875931498163373e-05,0.99997212406850189,0,UNKNOWN,0.20002230074519856,2.7875931498163373e-05,1,2.7875931498166917e-05,0.99997212406850189,0,0,0,0,0,45100,45100,0,0,0,1,1,0,1,1,0,1,1,0,1,1,0,1,1,0,1,1,0,0,0,0,0,0,0,0,0,0,0,0,0,0,0,2.7875931498163373e-05,0,0,0,0,0,0,0,0,0,0,0,0,0,0,0,0,0,0,0,0,0,0,0,0,0,0,0,0,0.99997212406850189,0,2.7875931498163373e-05,0.99997212406850189
52800,NORMAL,2.23007451985307e-05,1,2.23007451985307e-05,0.99997769925480151,0,UNKNOWN,0.20001784059615882,2.23007451985307e-05,1,2.230074519851688e-05,0.99997769925480151,0,0,0,0,0,45100,45100,0,0,0,1,1,0,1,1,0,1,1,0,1,1,0,1,1,0,1,1,0,0,0,0,0,0,0,0,0,0,0,0,0,0,0,2.23007451985307e-05,0,0,0,0,0,0,0,0,0,0,0,0,0,0,0,0,0,0,0,0,0,0,0,0,0,0,0,0,0.99997769925480151,0,2.23007451985307e-05,0.99997769925480151
52900,NORMAL,1.7840596158824562e-05,1,1.7840596158824562e-05,0.99998215940384116,0,UNKNOWN,0.20001427247692707,1.7840596158824562e-05,1,1.7840596158835709e-05,0.99998215940384116,0,0,0,0,0,45100,45100,0,0,0,1,1,0,1,1,0,1,1,0,1,1,0,1,1,0,1,1,0,0,0,0,0,0,0,0,0,0,0,0,0,0,0,1.7840596158824562e-05,0,0,0,0,0,0,0,0,0,0,0,0,0,0,0,0,0,0,0,0,0,0,0,0,0,0,0,0,0.99998215940384116,0,1.7840596158824562e-05,0.99998215940384116
53000,NORMAL,1.427247692705965e-05,1,1.427247692705965e-05,0.99998572752307291,0,UNKNOWN,0.20001141798154165,1.427247692705965e-05,1,1.4272476927063016e-05,0.99998572752307291,0,0,0,0,0,45100,45100,0,0,0,1,1,0,1,1,0,1,1,0,1,1,0,1,1,0,1,1,0,0,0,0,0,0,0,0,0,0,0,0,0,0,0,1.427247692705965e-05,0,0,0,0,0,0,0,0,0,0,0,0,0,0,0,0,0,0,0,0,0,0,0,0,0,0,0,0,0.99998572752307291,0,1.427247692705965e-05,0.99998572752307291
53100,NORMAL,1.141798154164772e-05,1,1.141798154164772e-05,0.99998858201845831,0,UNKNOWN,0.20000913438523329,1.141798154164772e-05,1,1.141798154163931e-05,0.99998858201845831,0,0,0,0,0,45100,45100,0,0,0,1,1,0,1,1,0,1,1,0,1,1,0,1,1,0,1,1,0,0,0,0,0,0,0,0,0,0,0,0,0,0,0,1.141798154164772e-05,0,0,0,0,0,0,0,0,0,0,0,0,0,0,0,0,0,0,0,0,0,0,0,0,0,0,0,0,0.99998858201845831,0,1.141798154164772e-05,0.99998858201845831
53200,NORMAL,9.1343852333181755e-06,1,9.1343852333181755e-06,0.99999086561476669,0,UNKNOWN,0.20000730750818665,9.1343852333181755e-06,1,9.1343852333114484e-06,0.99999086561476669,0,0,0,0,0,45100,45100,0,0,0,1,1,0,1,1,0,1,1,0,1,1,0,1,1,0,1,1,0,0,0,0,0,0,0,0,0,0,0,0,0,0,0,9.1343852333181755e-06,0,0,0,0,0,0,0,0,0,0,0,0,0,0,0,0,0,0,0,0,0,0,0,0,0,0,0,0,0.99999086561476669,0,9.1343852333181755e-06,0.99999086561476669
53300,NORMAL,7.3075081866545411e-06,1,7.3075081866545411e-06,0.99999269249181333,0,UNKNOWN,0.2000058460065493,7.3075081866545411e-06,1,7.3075081866436076e-06,0.99999269249181333,0,0,0,0,0,45100,45100,0,0,0,1,1,0,1,1,0,1,1,0,1,1,0,1,1,0,1,1,0,0,0,0,0,0,0,0,0,0,0,0,0,0,0,7.3075081866545411e-06,0,0,0,0,0,0,0,0,0,0,0,0,0,0,0,0,0,0,0,0,0,0,0,0,0,0,0,0,0.99999269249181333,0,7.3075081866545411e-06,0.99999269249181333
53400,NORMAL,5.846006549323633e-06,1,5.846006549323633e-06,0.99999415399345071,0,UNKNOWN,0.20000467680523945,5.846006549323633e-06,1,5.8460065493204372e-06,0.99999415399345071,0,0,0,0,0,45100,45100,0,0,0,1,1,0,1,1,0,1,1,0,1,1,0,1,1,0,1,1,0,0,0,0,0,0,0,0,0,0,0,0,0,0,0,5.846006549323633e-06,0,0,0,0,0,0,0,0,0,0,0,0,0,0,0,0,0,0,0,0,0,0,0,0,0,0,0,0,0.99999415399345071,0,5.846006549323633e-06,0.99999415399345071
53500,NORMAL,4.6768052394589071e-06,1,4.6768052394589071e-06,0.99999532319476059,0,UNKNOWN,0.20000374144419159,4.6768052394589071e-06,1,4.676805239467452e-06,0.99999532319476059,0,0,0,0,0,45100,45100,0,0,0,1,1,0,1,1,0,1,1,0,1,1,0,1,1,0,1,1,0,0,0,0,0,0,0,0,0,0,0,0,0,0,0,4.6768052394589071e-06,0,0,0,0,0,0,0,0,0,0,0,0,0,0,0,0,0,0,0,0,0,0,0,0,0,0,0,0,0.99999532319476059,0,4.6768052394589071e-06,0.99999532319476059
53600,NORMAL,3.741444191567126e-06,1,3.741444191567126e-06,0.99999625855580843,0,UNKNOWN,0.20000299315535325,3.741444191567126e-06,1,3.7414441915739616e-06,0.99999625855580843,0,0,0,0,0,45100,45100,0,0,0,1,1,0,1,1,0,1,1,0,1,1,0,1,1,0,1,1,0,0,0,0,0,0,0,0,0,0,0,0,0,0,0,3.741444191567126e-06,0,0,0,0,0,0,0,0,0,0,0,0,0,0,0,0,0,0,0,0,0,0,0,0,0,0,0,0,0.99999625855580843,0,3.741444191567126e-06,0.99999625855580843
53700,NORMAL,2.9931553532537009e-06,1,2.9931553532537009e-06,0.99999700684464676,0,UNKNOWN,0.20000239452428262,2.9931553532537009e-06,1,2.9931553532647204e-06,0.99999700684464676,0,0,0,0,0,45100,45100,0,0,0,1,1,0,1,1,0,1,1,0,1,1,0,1,1,0,1,1,0,0,0,0,0,0,0,0,0,0,0,0,0,0,0,2.9931553532537009e-06,0,0,0,0,0,0,0,0,0,0,0,0,0,0,0,0,0,0,0,0,0,0,0,0,0,0,0,0,0.99999700684464676,0,2.9931553532537009e-06,0.99999700684464676
53800,NORMAL,2.3945242826029607e-06,1,2.3945242826029607e-06,0.99999760547571737,0,UNKNOWN,0.20000191561942607,2.3945242826029607e-06,1,2.3945242826062252e-06,0.99999760547571737,0,0,0,0,0,45100,45100,0,0,0,1,1,0,1,1,0,1,1,0,1,1,0,1,1,0,1,1,0,0,0,0,0,0,0,0,0,0,0,0,0,0,0,2.3945242826029607e-06,0,0,0,0,0,0,0,0,0,0,0,0,0,0,0,0,0,0,0,0,0,0,0,0,0,0,0,0,0.99999760547571737,0,2.3945242826029607e-06,0.99999760547571737
53900,NORMAL,1.9156194260823687e-06,1,1.9156194260823687e-06,0.99999808438057392,0,UNKNOWN,0.20000153249554087,1.9156194260823687e-06,1,1.9156194260849801e-06,0.99999808438057392,0,0,0,0,0,45100,45100,0,0,0,1,1,0,1,1,0,1,1,0,1,1,0,1,1,0,1,1,0,0,0,0,0,0,0,0,0,0,0,0,0,0,0,1.9156194260823687e-06,0,0,0,0,0,0,0,0,0,0,0,0,0,0,0,0,0,0,0,0,0,0,0,0,0,0,0,0,0.99999808438057392,0,1.9156194260823687e-06,0.99999808438057392
54000,NORMAL,1.5324955408658952e-06,1,1.5324955408658952e-06,0.99999846750445909,0,UNKNOWN,0.20000122599643266,1.5324955408658952e-06,1,1.5324955408568819e-06,0.99999846750445909,0,0,0,0,0,45100,45100,0,0,0,1,1,0,1,1,0,1,1,0,1,1,0,1,1,0,1,1,0,0,0,0,0,0,0,0,0,0,0,0,0,0,0,1.5324955408658952e-06,0,0,0,0,0,0,0,0,0,0,0,0,0,0,0,0,0,0,0,0,0,0,0,0,0,0,0,0,0.99999846750445909,0,1.5324955408658952e-06,0.99999846750445909
54100,NORMAL,1.2259964326927162e-06,1,1.2259964326927162e-06,0.99999877400356729,0,UNKNOWN,0.20000098079714615,1.2259964326927162e-06,1,1.2259964326799544e-06,0.99999877400356729,0,0,0,0,0,45100,45100,0,0,0,1,1,0,1,1,0,1,1,0,1,1,0,1,1,0,1,1,0,0,0,0,0,0,0,0,0,0,0,0,0,0,0,1.2259964326927162e-06,0,0,0,0,0,0,0,0,0,0,0,0,0,0,0,0,0,0,0,0,0,0,0,0,0,0,0,0,0.99999877400356729,0,1.2259964326927162e-06,0.99999877400356729
54200,NORMAL,9.8079714615417293e-07,1,9.8079714615417293e-07,0.99999901920285383,0,UNKNOWN,0.20000078463771692,9.8079714615417293e-07,1,9.8079714616616798e-07,0.99999901920285383,0,0,0,0,0,45100,45100,0,0,0,1,1,0,1,1,0,1,1,0,1,1,0,1,1,0,1,1,0,0,0,0,0,0,0,0,0,0,0,0,0,0,0,9.8079714615417293e-07,0,0,0,0,0,0,0,0,0,0,0,0,0,0,0,0,0,0,0,0,0,0,0,0,0,0,0,0,0.99999901920285383,0,9.8079714615417293e-07,0.99999901920285383
54300,NORMAL,7.8463771692333843e-07,1,7.8463771692333843e-07,0.99999921536228309,0,UNKNOWN,0.20000062771017352,7.8463771692333843e-07,1,7.8463771691072992e-07,0.99999921536228309,0,0,0,0,0,45100,45100,0,0,0,1,1,0,1,1,0,1,1,0,1,1,0,1,1,0,1,1,0,0,0,0,0,0,0,0,0,0,0,0,0,0,0,7.8463771692333843e-07,0,0,0,0,0,0,0,0,0,0,0,0,0,0,0,0,0,0,0,0,0,0,0,0,0,0,0,0,0.99999921536228309,0,7.8463771692333843e-07,0.99999921536228309
54400,NORMAL,6.2771017353867081e-07,1,6.2771017353867081e-07,0.99999937228982649,0,UNKNOWN,0.20000050216813883,6.2771017353867081e-07,1,6.2771017353413505e-07,0.99999937228982649,0,0,0,0,0,45100,45100,0,0,0,1,1,0,1,1,0,1,1,0,1,1,0,1,1,0,1,1,0,0,0,0,0,0,0,0,0,0,0,0,0,0,0,6.2771017353867081e-07,0,0,0,0,0,0,0,0,0,0,0,0,0,0,0,0,0,0,0,0,0,0,0,0,0,0,0,0,0.99999937228982649,0,6.2771017353867081e-07,0.99999937228982649
54500,NORMAL,5.0216813883093665e-07,1,5.0216813883093665e-07,0.99999949783186115,0,UNKNOWN,0.20000040173451106,5.0216813883093665e-07,1,5.0216813882175693e-07,0.99999949783186115,0,0,0,0,0,45100,45100,0,0,0,1,1,0,1,1,0,1,1,0,1,1,0,1,1,0,1,1,0,0,0,0,0,0,0,0,0,0,0,0,0,0,0,5.0216813883093665e-07,0,0,0,0,0,0,0,0,0,0,0,0,0,0,0,0,0,0,0,0,0,0,0,0,0,0,0,0,0.99999949783186115,0,5.0216813883093665e-07,0.99999949783186115
54600,NORMAL,4.0173451106474936e-07,1,4.0173451106474936e-07,0.9999995982654889,0,UNKNOWN,0.20000032138760884,4.0173451106474936e-07,1,4.0173451107405889e-07,0.9999995982654889,0,0,0,0,0,45100,45100,0,0,0,1,1,0,1,1,0,1,1,0,1,1,0,1,1,0,1,1,0,0,0,0,0,0,0,0,0,0,0,0,0,0,0,4.0173451106474936e-07,0,0,0,0,0,0,0,0,0,0,0,0,0,0,0,0,0,0,0,0,0,0,0,0,0,0,0,0,0.9999995982654889,0,4.0173451106474936e-07,0.9999995982654889
54700,NORMAL,3.2138760885179952e-07,1,3.2138760885179952e-07,0.99999967861239114,0,UNKNOWN,0.20000025711008709,3.2138760885179952e-07,1,3.2138760885924711e-07,0.99999967861239114,0,0,0,0,0,45100,45100,0,0,0,1,1,0,1,1,0,1,1,0,1,1,0,1,1,0,1,1,0,0,0,0,0,0,0,0,0,0,0,0,0,0,0,3.2138760885179952e-07,0,0,0,0,0,0,0,0,0,0,0,0,0,0,0,0,0,0,0,0,0,0,0,0,0,0,0,0,0.99999967861239114,0,3.2138760885179952e-07,0.99999967861239114
54800,NORMAL,2.5711008708143963e-07,1,2.5711008708143963e-07,0.99999974288991289,0,UNKNOWN,0.20000020568806967,2.5711008708143963e-07,1,2.5711008708184657e-07,0.99999974288991289,0,0,0,0,0,45100,45100,0,0,0,1,1,0,1,1,0,1,1,0,1,1,0,1,1,0,1,1,0,0,0,0,0,0,0,0,0,0,0,0,0,0,0,2.5711008708143963e-07,0,0,0,0,0,0,0,0,0,0,0,0,0,0,0,0,0,0,0,0,0,0,0,0,0,0,0,0,0.99999974288991289,0,2.5711008708143963e-07,0.99999974288991289
54900,NORMAL,2.056880696651517e-07,1,2.056880696651517e-07,0.99999979431193031,0,UNKNOWN,0.20000016455045572,2.056880696651517e-07,1,2.0568806965992614e-07,0.99999979431193031,0,0,0,0,0,45100,45100,0,0,0,1,1,0,1,1,0,1,1,0,1,1,0,1,1,0,1,1,0,0,0,0,0,0,0,0,0,0,0,0,0,0,0,2.056880696651517e-07,0,0,0,0,0,0,0,0,0,0,0,0,0,0,0,0,0,0,0,0,0,0,0,0,0,0,0,0,0.99999979431193031,0,2.056880696651517e-07,0.99999979431193031
55000,NORMAL,1.6455045573212137e-07,1,1.6455045573212137e-07,0.99999983544954429,0,UNKNOWN,0.20000013164036459,1.6455045573212137e-07,1,1.6455045573349203e-07,0.99999983544954429,0,0,0,0,0,45100,45100,0,0,0,1,1,0,1,1,0,1,1,0,1,1,0,1,1,0,1,1,0,0,0,0,0,0,0,0,0,0,0,0,0,0,0,1.6455045573212137e-07,0,0,0,0,0,0,0,0,0,0,0,0,0,0,0,0,0,0,0,0,0,0,0,0,0,0,0,0,0.99999983544954429,0,1.6455045573212137e-07,0.99999983544954429
55100,NORMAL,1.3164036458569711e-07,1,1.3164036458569711e-07,0.99999986835963539,0,UNKNOWN,0.20000010531229165,1.3164036458569711e-07,1,1.3164036458124251e-07,0.99999986835963539,0,0,0,0,0,45100,45100,0,0,0,1,1,0,1,1,0,1,1,0,1,1,0,1,1,0,1,1,0,0,0,0,0,0,0,0,0,0,0,0,0,0,0,1.3164036458569711e-07,0,0,0,0,0,0,0,0,0,0,0,0,0,0,0,0,0,0,0,0,0,0,0,0,0,0,0,0,0.99999986835963539,0,1.3164036458569711e-07,0.99999986835963539
55200,NORMAL,1.0531229166855769e-07,1,1.0531229166855769e-07,0.99999989468770834,0,UNKNOWN,0.20000008424983334,1.0531229166855769e-07,1,1.0531229166499401e-07,0.99999989468770834,0,0,0,0,0,45100,45100,0,0,0,1,1,0,1,1,0,1,1,0,1,1,0,1,1,0,1,1,0,0,0,0,0,0,0,0,0,0,0,0,0,0,0,1.0531229166855769e-07,0,0,0,0,0,0,0,0,0,0,0,0,0,0,0,0,0,0,0,0,0,0,0,0,0,0,0,0,0.99999989468770834,0,1.0531229166855769e-07,0.99999989468770834
55300,NORMAL,8.4249833334846159e-08,1,8.4249833334846159e-08,0.99999991575016667,0,UNKNOWN,0.20000006739986667,8.4249833334846159e-08,1,8.4249833331995205e-08,0.99999991575016667,0,0,0,0,0,45100,45100,0,0,0,1,1,0,1,1,0,1,1,0,1,1,0,1,1,0,1,1,0,0,0,0,0,0,0,0,0,0,0,0,0,0,0,8.4249833334846159e-08,0,0,0,0,0,0,0,0,0,0,0,0,0,0,0,0,0,0,0,0,0,0,0,0,0,0,0,0,0.99999991575016667,0,8.4249833334846159e-08,0.99999991575016667
55400,NORMAL,6.7399866667876928e-08,1,6.7399866667876928e-08,0.99999993260013331,0,UNKNOWN,0.20000005391989331,6.7399866667876928e-08,1,6.7399866660045049e-08,0.99999993260013331,0,0,0,0,0,45100,45100,0,0,0,1,1,0,1,1,0,1,1,0,1,1,0,1,1,0,1,1,0,0,0,0,0,0,0,0,0,0,0,0,0,0,0,6.7399866667876928e-08,0,0,0,0,0,0,0,0,0,0,0,0,0,0,0,0,0,0,0,0,0,0,0,0,0,0,0,0,0.99999993260013331,0,6.7399866667876928e-08,0.99999993260013331
55500,NORMAL,5.3919893334301542e-08,1,5.3919893334301542e-08,0.99999994608010667,0,UNKNOWN,0.20000004313591466,5.3919893334301542e-08,1,5.3919893328036039e-08,0.99999994608010667,0,0,0,0,0,45100,45100,0,0,0,1,1,0,1,1,0,1,1,0,1,1,0,1,1,0,1,1,0,0,0,0,0,0,0,0,0,0,0,0,0,0,0,5.3919893334301542e-08,0,0,0,0,0,0,0,0,0,0,0,0,0,0,0,0,0,0,0,0,0,0,0,0,0,0,0,0,0.99999994608010667,0,5.3919893334301542e-08,0.99999994608010667
55600,NORMAL,4.3135914667441239e-08,1,4.3135914667441239e-08,0.99999995686408538,0,UNKNOWN,0.20000003450873174,4.3135914667441239e-08,1,4.3135914673531062e-08,0.99999995686408538,0,0,0,0,0,45100,45100,0,0,0,1,1,0,1,1,0,1,1,0,1,1,0,1,1,0,1,1,0,0,0,0,0,0,0,0,0,0,0,0,0,0,0,4.3135914667441239e-08,0,0,0,0,0,0,0,0,0,0,0,0,0,0,0,0,0,0,0,0,0,0,0,0,0,0,0,0,0.99999995686408538,0,4.3135914667441239e-08,0.99999995686408538
55700,NORMAL,3.4508731733952995e-08,1,3.4508731733952995e-08,0.99999996549126835,0,UNKNOWN,0.2000000276069854,3.4508731733952995e-08,1,3.4508731733273734e-08,0.99999996549126835,0,0,0,0,0,45100,45100,0,0,0,1,1,0,1,1,0,1,1,0,1,1,0,1,1,0,1,1,0,0,0,0,0,0,0,0,0,0,0,0,0,0,0,3.4508731733952995e-08,0,0,0,0,0,0,0,0,0,0,0,0,0,0,0,0,0,0,0,0,0,0,0,0,0,0,0,0,0.99999996549126835,0,3.4508731733952995e-08,0.99999996549126835
55800,NORMAL,2.7606985387162397e-08,1,2.7606985387162397e-08,0.99999997239301464,0,UNKNOWN,0.20000002208558831,2.7606985387162397e-08,1,2.7606985392170103e-08,0.99999997239301464,0,0,0,0,0,45100,45100,0,0,0,1,1,0,1,1,0,1,1,0,1,1,0,1,1,0,1,1,0,0,0,0,0,0,0,0,0,0,0,0,0,0,0,2.7606985387162397e-08,0,0,0,0,0,0,0,0,0,0,0,0,0,0,0,0,0,0,0,0,0,0,0,0,0,0,0,0,0.99999997239301464,0,2.7606985387162397e-08,0.99999997239301464
55900,NORMAL,2.208558830972992e-08,1,2.208558830972992e-08,0.99999997791441175,0,UNKNOWN,0.20000001766847064,2.208558830972992e-08,1,2.2085588302633852e-08,0.99999997791441175,0,0,0,0,0,45100,45100,0,0,0,1,1,0,1,1,0,1,1,0,1,1,0,1,1,0,1,1,0,0,0,0,0,0,0,0,0,0,0,0,0,0,0,2.208558830972992e-08,0,0,0,0,0,0,0,0,0,0,0,0,0,0,0,0,0,0,0,0,0,0,0,0,0,0,0,0,0.99999997791441175,0,2.208558830972992e-08,0.99999997791441175
56000,NORMAL,1.7668470647783935e-08,1,1.7668470647783935e-08,0.99999998233152942,0,UNKNOWN,0.20000001413477655,1.7668470647783935e-08,1,1.7668470658760427e-08,0.99999998233152942,0,0,0,0,0,45100,45100,0,0,0,1,1,0,1,1,0,1,1,0,1,1,0,1,1,0,1,1,0,0,0,0,0,0,0,0,0,0,0,0,0,0,0,1.7668470647783935e-08,0,0,0,0,0,0,0,0,0,0,0,0,0,0,0,0,0,0,0,0,0,0,0,0,0,0,0,0,0.99999998233152942,0,1.7668470647783935e-08,0.99999998233152942
56100,NORMAL,1.4134776518227149e-08,1,1.4134776518227149e-08,0.99999998586522354,0,UNKNOWN,0.20000001130782122,1.4134776518227149e-08,1,1.4134776515906111e-08,0.99999998586522354,0,0,0,0,0,45100,45100,0,0,0,1,1,0,1,1,0,1,1,0,1,1,0,1,1,0,1,1,0,0,0,0,0,0,0,0,0,0,0,0,0,0,0,1.4134776518227149e-08,0,0,0,0,0,0,0,0,0,0,0,0,0,0,0,0,0,0,0,0,0,0,0,0,0,0,0,0,0.99999998586522354,0,1.4134776518227149e-08,0.99999998586522354
56200,NORMAL,1.1307821214581719e-08,1,1.1307821214581719e-08,0.99999998869217888,0,UNKNOWN,0.20000000904625698,1.1307821214581719e-08,1,1.1307821207173774e-08,0.99999998869217888,0,0,0,0,0,45100,45100,0,0,0,1,1,0,1,1,0,1,1,0,1,1,0,1,1,0,1,1,0,0,0,0,0,0,0,0,0,0,0,0,0,0,0,1.1307821214581719e-08,0,0,0,0,0,0,0,0,0,0,0,0,0,0,0,0,0,0,0,0,0,0,0,0,0,0,0,0,0.99999998869217888,0,1.1307821214581719e-08,0.99999998869217888
56300,NORMAL,9.0462569716653744e-09,0.99999999999999989,9.0462569716653744e-09,0.99999999095374292,0,UNKNOWN,0.20000000723700556,9.0462569716653744e-09,0.99999999999999989,9.0462569657390191e-09,0.99999999095374292,0,0,0,0,0,45100,45100,0,0,0,1,1,0,1,1,0,1,1,0,1,1,0,1,1,0,1,1,0,0,0,0,0,0,0,0,0,0,0,0,0,0,0,9.0462569716653744e-09,0,0,0,0,0,0,0,0,0,0,0,0,0,0,0,0,0,0,0,0,0,0,0,0,0,0,0,0,0.99999999095374292,0,9.0462569716653744e-09,0.99999999095374292
56400,NORMAL,7.2370055773323005e-09,1,7.2370055773323005e-09,0.99999999276299445,0,UNKNOWN,0.20000000578960447,7.2370055773323005e-09,1,7.2370055781423304e-09,0.99999999276299445,0,0,0,0,0,45100,45100,0,0,0,1,1,0,1,1,0,1,1,0,1,1,0,1,1,0,1,1,0,0,0,0,0,0,0,0,0,0,0,0,0,0,0,7.2370055773323005e-09,0,0,0,0,0,0,0,0,0,0,0,0,0,0,0,0,0,0,0,0,0,0,0,0,0,0,0,0,0.99999999276299445,0,7.2370055773323005e-09,0.99999999276299445
56500,NORMAL,5.7896044618658411e-09,1,5.7896044618658411e-09,0.99999999421039554,0,UNKNOWN,0.20000000463168358,5.7896044618658411e-09,1,5.7896044625138643e-09,0.99999999421039554,0,0,0,0,0,45100,45100,0,0,0,1,1,0,1,1,0,1,1,0,1,1,0,1,1,0,1,1,0,0,0,0,0,0,0,0,0,0,0,0,0,0,0,5.7896044618658411e-09,0,0,0,0,0,0,0,0,0,0,0,0,0,0,0,0,0,0,0,0,0,0,0,0,0,0,0,0,0.99999999421039554,0,5.7896044618658411e-09,0.99999999421039554
56600,NORMAL,4.631683569492673e-09,1,4.631683569492673e-09,0.99999999536831641,0,UNKNOWN,0.20000000370534685,4.631683569492673e-09,1,4.6316835644599763e-09,0.99999999536831641,0,0,0,0,0,45100,45100,0,0,0,1,1,0,1,1,0,1,1,0,1,1,0,1,1,0,1,1,0,0,0,0,0,0,0,0,0,0,0,0,0,0,0,4.631683569492673e-09,0,0,0,0,0,0,0,0,0,0,0,0,0,0,0,0,0,0,0,0,0,0,0,0,0,0,0,0,0.99999999536831641,0,4.631683569492673e-09,0.99999999536831641
56700,NORMAL,3.705346855594139e-09,1,3.705346855594139e-09,0.99999999629465319,0,UNKNOWN,0.2000000029642775,3.705346855594139e-09,1,3.7053468626702113e-09,0.99999999629465319,0,0,0,0,0,45100,45100,0,0,0,1,1,0,1,1,0,1,1,0,1,1,0,1,1,0,1,1,0,0,0,0,0,0,0,0,0,0,0,0,0,0,0,3.705346855594139e-09,0,0,0,0,0,0,0,0,0,0,0,0,0,0,0,0,0,0,0,0,0,0,0,0,0,0,0,0,0.99999999629465319,0,3.705346855594139e-09,0.99999999629465319
56800,NORMAL,2.9642774844753114e-09,1,2.9642774844753114e-09,0.99999999703572251,0,UNKNOWN,0.20000000237142199,2.9642774844753114e-09,1,2.964277490136169e-09,0.99999999703572251,0,0,0,0,0,45100,45100,0,0,0,1,1,0,1,1,0,1,1,0,1,1,0,1,1,0,1,1,0,0,0,0,0,0,0,0,0,0,0,0,0,0,0,2.9642774844753114e-09,0,0,0,0,0,0,0,0,0,0,0,0,0,0,0,0,0,0,0,0,0,0,0,0,0,0,0,0,0.99999999703572251,0,2.9642774844753114e-09,0.99999999703572251
56900,NORMAL,2.3714219875802494e-09,1,2.3714219875802494e-09,0.99999999762857805,0,UNKNOWN,0.2000000018971376,2.3714219875802494e-09,1,2.3714219754555899e-09,0.99999999762857805,0,0,0,0,0,45100,45100,0,0,0,1,1,0,1,1,0,1,1,0,1,1,0,1,1,0,1,1,0,0,0,0,0,0,0,0,0,0,0,0,0,0,0,2.3714219875802494e-09,0,0,0,0,0,0,0,0,0,0,0,0,0,0,0,0,0,0,0,0,0,0,0,0,0,0,0,0,0.99999999762857805,0,2.3714219875802494e-09,0.99999999762857805
57000,NORMAL,1.8971375900641997e-09,1,1.8971375900641997e-09,0.99999999810286244,0,UNKNOWN,0.20000000151771008,1.8971375900641997e-09,1,1.897137585915587e-09,0.99999999810286244,0,0,0,0,0,45100,45100,0,0,0,1,1,0,1,1,0,1,1,0,1,1,0,1,1,0,1,1,0,0,0,0,0,0,0,0,0,0,0,0,0,0,0,1.8971375900641997e-09,0,0,0,0,0,0,0,0,0,0,0,0,0,0,0,0,0,0,0,0,0,0,0,0,0,0,0,0,0.99999999810286244,0,1.8971375900641997e-09,0.99999999810286244
57100,NORMAL,1.5177100720513598e-09,1,1.5177100720513598e-09,0.99999999848228993,0,UNKNOWN,0.20000000121416805,1.5177100720513598e-09,1,1.5177100687324696e-09,0.99999999848228993,0,0,0,0,0,45100,45100,0,0,0,1,1,0,1,1,0,1,1,0,1,1,0,1,1,0,1,1,0,0,0,0,0,0,0,0,0,0,0,0,0,0,0,1.5177100720513598e-09,0,0,0,0,0,0,0,0,0,0,0,0,0,0,0,0,0,0,0,0,0,0,0,0,0,0,0,0,0.99999999848228993,0,1.5177100720513598e-09,0.99999999848228993
57200,NORMAL,1.2141680576410879e-09,1,1.2141680576410879e-09,0.9999999987858319,0,UNKNOWN,0.20000000097133441,1.2141680576410879e-09,1,1.2141680438837454e-09,0.9999999987858319,0,0,0,0,0,45100,45100,0,0,0,1,1,0,1,1,0,1,1,0,1,1,0,1,1,0,1,1,0,0,0,0,0,0,0,0,0,0,0,0,0,0,0,1.2141680576410879e-09,0,0,0,0,0,0,0,0,0,0,0,0,0,0,0,0,0,0,0,0,0,0,0,0,0,0,0,0,0.9999999987858319,0,1.2141680576410879e-09,0.9999999987858319
57300,NORMAL,9.7133444611287044e-10,1,9.7133444611287044e-10,0.99999999902866554,0,UNKNOWN,0.20000000077706756,9.7133444611287044e-10,1,9.7133445731145684e-10,0.99999999902866554,0,0,0,0,0,45100,45100,0,0,0,1,1,0,1,1,0,1,1,0,1,1,0,1,1,0,1,1,0,0,0,0,0,0,0,0,0,0,0,0,0,0,0,9.7133444611287044e-10,0,0,0,0,0,0,0,0,0,0,0,0,0,0,0,0,0,0,0,0,0,0,0,0,0,0,0,0,0.99999999902866554,0,9.7133444611287044e-10,0.99999999902866554
57400,NORMAL,7.7706755689029635e-10,1,7.7706755689029635e-10,0.99999999922293248,0,UNKNOWN,0.20000000062165404,7.7706755689029635e-10,1,7.7706754919582011e-10,0.99999999922293248,0,0,0,0,0,45100,45100,0,0,0,1,1,0,1,1,0,1,1,0,1,1,0,1,1,0,1,1,0,0,0,0,0,0,0,0,0,0,0,0,0,0,0,7.7706755689029635e-10,0,0,0,0,0,0,0,0,0,0,0,0,0,0,0,0,0,0,0,0,0,0,0,0,0,0,0,0,0.99999999922293248,0,7.7706755689029635e-10,0.99999999922293248
57500,NORMAL,6.2165404551223712e-10,1,6.2165404551223712e-10,0.99999999937834594,0,UNKNOWN,0.20000000049732322,6.2165404551223712e-10,1,6.2165403380554096e-10,0.99999999937834594,0,0,0,0,0,45100,45100,0,0,0,1,1,0,1,1,0,1,1,0,1,1,0,1,1,0,1,1,0,0,0,0,0,0,0,0,0,0,0,0,0,0,0,6.2165404551223712e-10,0,0,0,0,0,0,0,0,0,0,0,0,0,0,0,0,0,0,0,0,0,0,0,0,0,0,0,0,0.99999999937834594,0,6.2165404551223712e-10,0.99999999937834594
57600,NORMAL,4.973232364097898e-10,1,4.973232364097898e-10,0.99999999950267682,0,UNKNOWN,0.20000000039785859,4.973232364097898e-10,1,4.9732323814666302e-10,0.99999999950267682,0,0,0,0,0,45100,45100,0,0,0,1,1,0,1,1,0,1,1,0,1,1,0,1,1,0,1,1,0,0,0,0,0,0,0,0,0,0,0,0,0,0,0,4.973232364097898e-10,0,0,0,0,0,0,0,0,0,0,0,0,0,0,0,0,0,0,0,0,0,0,0,0,0,0,0,0,0.99999999950267682,0,4.973232364097898e-10,0.99999999950267682
57700,NORMAL,3.9785858912783186e-10,1,3.9785858912783186e-10,0.99999999960214148,0,UNKNOWN,0.20000000031828688,3.9785858912783186e-10,1,3.9785857941510017e-10,0.99999999960214148,0,0,0,0,0,45100,45100,0,0,0,1,1,0,1,1,0,1,1,0,1,1,0,1,1,0,1,1,0,0,0,0,0,0,0,0,0,0,0,0,0,0,0,3.9785858912783186e-10,0,0,0,0,0,0,0,0,0,0,0,0,0,0,0,0,0,0,0,0,0,0,0,0,0,0,0,0,0.99999999960214148,0,3.9785858912783186e-10,0.99999999960214148
57800,NORMAL,3.182868713022655e-10,1,3.182868713022655e-10,0.99999999968171316,0,UNKNOWN,0.2000000002546295,3.182868713022655e-10,1,3.1828686908319526e-10,0.99999999968171316,0,0,0,0,0,45100,45100,0,0,0,1,1,0,1,1,0,1,1,0,1,1,0,1,1,0,1,1,0,0,0,0,0,0,0,0,0,0,0,0,0,0,0,3.182868713022655e-10,0,0,0,0,0,0,0,0,0,0,0,0,0,0,0,0,0,0,0,0,0,0,0,0,0,0,0,0,0.99999999968171316,0,3.182868713022655e-10,0.99999999968171316
57900,NORMAL,2.5462949704181242e-10,1,2.5462949704181242e-10,0.99999999974537057,0,UNKNOWN,0.20000000020370359,2.5462949704181242e-10,1,2.5462948416432596e-10,0.99999999974537057,0,0,0,0,0,45100,45100,0,0,0,1,1,0,1,1,0,1,1,0,1,1,0,1,1,0,1,1,0,0,0,0,0,0,0,0,0,0,0,0,0,0,0,2.5462949704181242e-10,0,0,0,0,0,0,0,0,0,0,0,0,0,0,0,0,0,0,0,0,0,0,0,0,0,0,0,0,0.99999999974537057,0,2.5462949704181242e-10,0.99999999974537057
58000,NORMAL,2.0370359763344996e-10,1,2.0370359763344996e-10,0.9999999997962965,0,UNKNOWN,0.2000000001629629,2.0370359763344996e-10,1,2.0370360953592126e-10,0.9999999997962965,0,0,0,0,0,45100,45100,0,0,0,1,1,0,1,1,0,1,1,0,1,1,0,1,1,0,1,1,0,0,0,0,0,0,0,0,0,0,0,0,0,0,0,2.0370359763344996e-10,0,0,0,0,0,0,0,0,0,0,0,0,0,0,0,0,0,0,0,0,0,0,0,0,0,0,0,0,0.9999999997962965,0,2.0370359763344996e-10,0.9999999997962965
58100,NORMAL,1.6296287810675996e-10,0.99999999999999989,1.6296287810675996e-10,0.99999999983703702,0,UNKNOWN,0.20000000013037028,1.6296287810675996e-10,0.99999999999999989,1.6296286542427652e-10,0.99999999983703702,0,0,0,0,0,45100,45100,0,0,0,1,1,0,1,1,0,1,1,0,1,1,0,1,1,0,1,1,0,0,0,0,0,0,0,0,0,0,0,0,0,0,0,1.6296287810675996e-10,0,0,0,0,0,0,0,0,0,0,0,0,0,0,0,0,0,0,0,0,0,0,0,0,0,0,0,0,0.99999999983703702,0,1.6296287810675996e-10,0.99999999983703702
58200,NORMAL,1.3037030248540801e-10,1,1.3037030248540801e-10,0.99999999986962973,0,UNKNOWN,0.20000000010429625,1.3037030248540801e-10,1,1.3037029789053634e-10,0.99999999986962973,0,0,0,0,0,45100,45100,0,0,0,1,1,0,1,1,0,1,1,0,1,1,0,1,1,0,1,1,0,0,0,0,0,0,0,0,0,0,0,0,0,0,0,1.3037030248540801e-10,0,0,0,0,0,0,0,0,0,0,0,0,0,0,0,0,0,0,0,0,0,0,0,0,0,0,0,0,0.99999999986962973,0,1.3037030248540801e-10,0.99999999986962973
58300,NORMAL,1.0429624198832641e-10,1,1.0429624198832641e-10,0.99999999989570376,0,UNKNOWN,0.20000000008343699,1.0429624198832641e-10,1,1.0429623831242907e-10,0.99999999989570376,0,0,0,0,0,45100,45100,0,0,0,1,1,0,1,1,0,1,1,0,1,1,0,1,1,0,1,1,0,0,0,0,0,0,0,0,0,0,0,0,0,0,0,1.0429624198832641e-10,0,0,0,0,0,0,0,0,0,0,0,0,0,0,0,0,0,0,0,0,0,0,0,0,0,0,0,0,0.99999999989570376,0,1.0429624198832641e-10,0.99999999989570376
58400,NORMAL,8.3436993590661126e-11,1,8.3436993590661126e-11,0.99999999991656296,0,UNKNOWN,0.20000000006674959,8.3436993590661126e-11,1,8.3437007303288624e-11,0.99999999991656296,0,0,0,0,0,45100,45100,0,0,0,1,1,0,1,1,0,1,1,0,1,1,0,1,1,0,1,1,0,0,0,0,0,0,0,0,0,0,0,0,0,0,0,8.3436993590661126e-11,0,0,0,0,0,0,0,0,0,0,0,0,0,0,0,0,0,0,0,0,0,0,0,0,0,0,0,0,0.99999999991656296,0,8.3436993590661126e-11,0.99999999991656296
58500,NORMAL,6.6749594872528903e-11,1,6.6749594872528903e-11,0.99999999993325039,0,UNKNOWN,0.20000000005339968,6.6749594872528903e-11,1,6.6749605842630899e-11,0.99999999993325039,0,0,0,0,0,45100,45100,0,0,0,1,1,0,1,1,0,1,1,0,1,1,0,1,1,0,1,1,0,0,0,0,0,0,0,0,0,0,0,0,0,0,0,6.6749594872528903e-11,0,0,0,0,0,0,0,0,0,0,0,0,0,0,0,0,0,0,0,0,0,0,0,0,0,0,0,0,0.99999999993325039,0,6.6749594872528903e-11,0.99999999993325039
58600,NORMAL,5.3399675898023124e-11,1,5.3399675898023124e-11,0.99999999994660027,0,UNKNOWN,0.20000000004271973,5.3399675898023124e-11,1,5.3399673571874473e-11,0.99999999994660027,0,0,0,0,0,45100,45100,0,0,0,1,1,0,1,1,0,1,1,0,1,1,0,1,1,0,1,1,0,0,0,0,0,0,0,0,0,0,0,0,0,0,0,5.3399675898023124e-11,0,0,0,0,0,0,0,0,0,0,0,0,0,0,0,0,0,0,0,0,0,0,0,0,0,0,0,0,0.99999999994660027,0,5.3399675898023124e-11,0.99999999994660027
58700,NORMAL,4.2719740718418505e-11,1,4.2719740718418505e-11,0.99999999995728028,0,UNKNOWN,0.20000000003417581,4.2719740718418505e-11,1,4.2719744408614702e-11,0.99999999995728028,0,0,0,0,0,45100,45100,0,0,0,1,1,0,1,1,0,1,1,0,1,1,0,1,1,0,1,1,0,0,0,0,0,0,0,0,0,0,0,0,0,0,0,4.2719740718418505e-11,0,0,0,0,0,0,0,0,0,0,0,0,0,0,0,0,0,0,0,0,0,0,0,0,0,0,0,0,0.99999999995728028,0,4.2719740718418505e-11,0.99999999995728028
58800,NORMAL,3.4175792574734808e-11,1,3.4175792574734808e-11,0.99999999996582423,0,UNKNOWN,0.20000000002734064,3.4175792574734808e-11,1,3.4175801078006884e-11,0.99999999996582423,0,0,0,0,0,45100,45100,0,0,0,1,1,0,1,1,0,1,1,0,1,1,0,1,1,0,1,1,0,0,0,0,0,0,0,0,0,0,0,0,0,0,0,3.4175792574734808e-11,0,0,0,0,0,0,0,0,0,0,0,0,0,0,0,0,0,0,0,0,0,0,0,0,0,0,0,0,0.99999999996582423,0,3.4175792574734808e-11,0.99999999996582423
58900,NORMAL,2.7340634059787849e-11,1,2.7340634059787849e-11,0.99999999997265943,0,UNKNOWN,0.20000000002187251,2.7340634059787849e-11,1,2.7340629760175261e-11,0.99999999997265943,0,0,0,0,0,45100,45100,0,0,0,1,1,0,1,1,0,1,1,0,1,1,0,1,1,0,1,1,0,0,0,0,0,0,0,0,0,0,0,0,0,0,0,2.7340634059787849e-11,0,0,0,0,0,0,0,0,0,0,0,0,0,0,0,0,0,0,0,0,0,0,0,0,0,0,0,0,0.99999999997265943,0,2.7340634059787849e-11,0.99999999997265943
59000,NORMAL,2.1872507247830282e-11,1,2.1872507247830282e-11,0.9999999999781275,0,UNKNOWN,0.20000000001749801,2.1872507247830282e-11,1,2.1872503808140209e-11,0.9999999999781275,0,0,0,0,0,45100,45100,0,0,0,1,1,0,1,1,0,1,1,0,1,1,0,1,1,0,1,1,0,0,0,0,0,0,0,0,0,0,0,0,0,0,0,2.1872507247830282e-11,0,0,0,0,0,0,0,0,0,0,0,0,0,0,0,0,0,0,0,0,0,0,0,0,0,0,0,0,0.9999999999781275,0,2.1872507247830282e-11,0.9999999999781275
59100,NORMAL,1.7498005798264226e-11,1,1.7498005798264226e-11,0.999999999982502,0,UNKNOWN,0.2000000000139984,1.7498005798264226e-11,1,1.7498003046512167e-11,0.999999999982502,0,0,0,0,0,45100,45100,0,0,0,1,1,0,1,1,0,1,1,0,1,1,0,1,1,0,1,1,0,0,0,0,0,0,0,0,0,0,0,0,0,0,0,1.7498005798264226e-11,0,0,0,0,0,0,0,0,0,0,0,0,0,0,0,0,0,0,0,0,0,0,0,0,0,0,0,0,0.999999999982502,0,1.7498005798264226e-11,0.999999999982502
59200,NORMAL,1.3998404638611382e-11,1,1.3998404638611382e-11,0.99999999998600164,0,UNKNOWN,0.20000000001119875,1.3998404638611382e-11,1,1.399841353943998e-11,0.99999999998600164,0,0,0,0,0,45100,45100,0,0,0,1,1,0,1,1,0,1,1,0,1,1,0,1,1,0,1,1,0,0,0,0,0,0,0,0,0,0,0,0,0,0,0,1.3998404638611382e-11,0,0,0,0,0,0,0,0,0,0,0,0,0,0,0,0,0,0,0,0,0,0,0,0,0,0,0,0,0.99999999998600164,0,1.3998404638611382e-11,0.99999999998600164
59300,NORMAL,1.1198723710889106e-11,1,1.1198723710889106e-11,0.99999999998880129,0,UNKNOWN,0.20000000000895898,1.1198723710889106e-11,1,1.1198736382667107e-11,0.99999999998880129,0,0,0,0,0,45100,45100,0,0,0,1,1,0,1,1,0,1,1,0,1,1,0,1,1,0,1,1,0,0,0,0,0,0,0,0,0,0,0,0,0,0,0,1.1198723710889106e-11,0,0,0,0,0,0,0,0,0,0,0,0,0,0,0,0,0,0,0,0,0,0,0,0,0,0,0,0,0.99999999998880129,0,1.1198723710889106e-11,0.99999999998880129
59400,NORMAL,8.9589789687112852e-12,1,8.9589789687112852e-12,0.99999999999104106,0,UNKNOWN,0.20000000000716719,8.9589789687112852e-12,1,8.9589724527883163e-12,0.99999999999104106,0,0,0,0,0,45100,45100,0,0,0,1,1,0,1,1,0,1,1,0,1,1,0,1,1,0,1,1,0,0,0,0,0,0,0,0,0,0,0,0,0,0,0,8.9589789687112852e-12,0,0,0,0,0,0,0,0,0,0,0,0,0,0,0,0,0,0,0,0,0,0,0,0,0,0,0,0,0.99999999999104106,0,8.9589789687112852e-12,0.99999999999104106
59500,NORMAL,7.1671831749690288e-12,1,7.1671831749690288e-12,0.99999999999283284,0,UNKNOWN,0.20000000000573376,7.1671831749690288e-12,1,7.1671835133457762e-12,0.99999999999283284,0,0,0,0,0,45100,45100,0,0,0,1,1,0,1,1,0,1,1,0,1,1,0,1,1,0,1,1,0,0,0,0,0,0,0,0,0,0,0,0,0,0,0,7.1671831749690288e-12,0,0,0,0,0,0,0,0,0,0,0,0,0,0,0,0,0,0,0,0,0,0,0,0,0,0,0,0,0.99999999999283284,0,7.1671831749690288e-12,0.99999999999283284
59600,NORMAL,5.7337465399752232e-12,1,5.7337465399752232e-12,0.99999999999426625,0,UNKNOWN,0.20000000000458701,5.7337465399752232e-12,1,5.733746810676621e-12,0.99999999999426625,0,0,0,0,0,45100,45100,0,0,0,1,1,0,1,1,0,1,1,0,1,1,0,1,1,0,1,1,0,0,0,0,0,0,0,0,0,0,0,0,0,0,0,5.7337465399752232e-12,0,0,0,0,0,0,0,0,0,0,0,0,0,0,0,0,0,0,0,0,0,0,0,0,0,0,0,0,0.99999999999426625,0,5.7337465399752232e-12,0.99999999999426625
59700,NORMAL,4.5869972319801787e-12,1,4.5869972319801787e-12,0.999999999995413,0,UNKNOWN,0.2000000000036696,4.5869972319801787e-12,1,4.5869974485412968e-12,0.999999999995413,0,0,0,0,0,45100,45100,0,0,0,1,1,0,1,1,0,1,1,0,1,1,0,1,1,0,1,1,0,0,0,0,0,0,0,0,0,0,0,0,0,0,0,4.5869972319801787e-12,0,0,0,0,0,0,0,0,0,0,0,0,0,0,0,0,0,0,0,0,0,0,0,0,0,0,0,0,0.999999999995413,0,4.5869972319801787e-12,0.999999999995413
59800,NORMAL,3.6695977855841434e-12,1,3.6695977855841434e-12,0.99999999999633038,0,UNKNOWN,0.20000000000293566,3.6695977855841434e-12,1,3.6695924077179143e-12,0.99999999999633038,0,0,0,0,0,45100,45100,0,0,0,1,1,0,1,1,0,1,1,0,1,1,0,1,1,0,1,1,0,0,0,0,0,0,0,0,0,0,0,0,0,0,0,3.6695977855841434e-12,0,0,0,0,0,0,0,0,0,0,0,0,0,0,0,0,0,0,0,0,0,0,0,0,0,0,0,0,0.99999999999633038,0,3.6695977855841434e-12,0.99999999999633038
59900,NORMAL,2.935678228467315e-12,1,2.935678228467315e-12,0.99999999999706435,0,UNKNOWN,0.20000000000234855,2.935678228467315e-12,1,2.9356794772894546e-12,0.99999999999706435,0,0,0,0,0,45100,45100,0,0,0,1,1,0,1,1,0,1,1,0,1,1,0,1,1,0,1,1,0,0,0,0,0,0,0,0,0,0,0,0,0,0,0,2.935678228467315e-12,0,0,0,0,0,0,0,0,0,0,0,0,0,0,0,0,0,0,0,0,0,0,0,0,0,0,0,0,0.99999999999706435,0,2.935678228467315e-12,0.99999999999706435
60000,NORMAL,2.3485425827738522e-12,1,2.3485425827738522e-12,0.99999999999765143,0,UNKNOWN,0.20000000000187881,2.3485425827738522e-12,1,2.3485380307164405e-12,0.99999999999765143,0,0,0,0,0,45100,45100,0,0,0,1,1,0,1,1,0,1,1,0,1,1,0,1,1,0,1,1,0,0,0,0,0,0,0,0,0,0,0,0,0,0,0,2.3485425827738522e-12,0,0,0,0,0,0,0,0,0,0,0,0,0,0,0,0,0,0,0,0,0,0,0,0,0,0,0,0,0.99999999999765143,0,2.3485425827738522e-12,0.99999999999765143
60100,NORMAL,0.022003173829962495,1,0.022003173829962495,0.97799682617003747,0,UNKNOWN,0.2066009521480579,0,0.99999999999816258,0,0.97799682617007799,4.1340312553221373e-14,0,0,0,0,45100,45100,0,0,0,1,1,0,1,1,0,1,1,0.022003173828125,1,1,0,1,1,0,1,1,0,0,0,0,0,0,0,0,0,0,0,0,0,4.1340312553221373e-14,0,1.8374937536659363e-12,0,0,0,0,0,0,0,0,0,0.022003173828084571,0,0,0,0,0,0,0,0,0,0,0,0,0,0,0,0,0,0,0.97799682617007799,0,0.022003173829962495,0.97799682617003747
60200,NORMAL,0.02245936244872454,1,0.02245936244872454,0.9775406375512754,0,UNKNOWN,0.20673780873387423,0,0.99999999999853739,0,0.97754063755131482,7.2674313499482827e-15,0,0,0,0,45100,45100,0,0,0,1,1,0,1,1,0,1,1,0.00494384765625,1,1,0,1,1,0,1,1,0,0,0,0,0,0,0,0,0,0,0,0,0,7.2674313499482827e-15,0,1.4627275715828113e-12,0,0,0,0,0,0,0,0,0,0.02245936244722252,0,0,0,0,0,0,0,0,0,0,0,0,0,0,0,0,0,0,0.97754063755131482,0,0.02245936244872454,0.9775406375512754
60300,NORMAL,0.019409760300340844,1,0.019409760300340844,0.98059023969965919,0,UNKNOWN,0.20582292808950811,0,0.9999999999988316,0,0.98059023969969228,1.7185977632427441e-15,0,0,0,0,45100,45100,0,0,0,1,1,0,1,1,0,1,1,0.001468658447265625,1,1,0,1,1,0,1,1,0,0,0,0,0,0,0,0,0,0,0,0,0,1.7185977632427441e-15,0,1.1684634595030083e-12,0,0,0,0,0,0,0,0,0,0.019409760299139305,0,0,0,0,0,0,0,0,0,0,0,0,0,0,0,0,0,0,0.98059023969969228,0,0.019409760300340844,0.98059023969965919
60400,NORMAL,0.015527808240272676,1,0.015527808240272676,0.98447219175972733,0,UNKNOWN,0.2046583424716065,0,0.9999999999990653,0,0.98447219175975387,0,0,0,0,0,45100,45100,0,0,0,1,1,0,1,1,0,1,1,0,1,1,0,1,1,0,1,1,0,0,0,0,0,0,0,0,0,0,0,0,0,0,0,9.3477076760240676e-13,0,0,0,0,0,0,0,0,0,0.015527808239311445,0,0,0,0,0,0,0,0,0,0,0,0,0,0,0,0,0,0,0.98447219175975387,0,0.015527808240272676,0.98447219175972733
60500,NORMAL,0.01242224659221814,1,0.01242224659221814,0.98757775340778187,0,UNKNOWN,0.20372667397728519,0,0.99999999999925226,0,0.98757775340780307,0,0,0,0,0,45100,45100,0,0,0,1,1,0,1,1,0,1,1,0,1,1,0,1,1,0,1,1,0,0,0,0,0,0,0,0,0,0,0,0,0,0,0,7.4781661408192547e-13,0,0,0,0,0,0,0,0,0,0.012422246591449157,0,0,0,0,0,0,0,0,0,0,0,0,0,0,0,0,0,0,0.98757775340780307,0,0.01242224659221814,0.98757775340778187
60600,NORMAL,0.0099377972737745134,1,0.0099377972737745134,0.99006220272622547,0,UNKNOWN,0.20298133918182815,0,0.99999999999940181,0,0.99006220272624246,0,0,0,0,0,45100,45100,0,0,0,1,1,0,1,1,0,1,1,0,1,1,0,1,1,0,1,1,0,0,0,0,0,0,0,0,0,0,0,0,0,0,0,5.982532912655404e-13,0,0,0,0,0,0,0,0,0,0.0099377972731593267,0,0,0,0,0,0,0,0,0,0,0,0,0,0,0,0,0,0,0.99006220272624246,0,0.0099377972737745134,0.99006220272622547
60700,NORMAL,0.0079502378190196114,1,0.0079502378190196114,0.9920497621809804,0,UNKNOWN,0.20238507134546252,0,0.99999999999952138,0,0.99204976218099394,0,0,0,0,0,45100,45100,0,0,0,1,1,0,1,1,0,1,1,0,1,1,0,1,1,0,1,1,0,0,0,0,0,0,0,0,0,0,0,0,0,0,0,4.786026330124323e-13,0,0,0,0,0,0,0,0,0,0.0079502378185274617,0,0,0,0,0,0,0,0,0,0,0,0,0,0,0,0,0,0,0.99204976218099394,0,0.0079502378190196114,0.9920497621809804
60800,NORMAL,0.0063601902552156897,1,0.0063601902552156897,0.99363980974478427,0,UNKNOWN,0.20190805707637002,0,0.99999999999961708,0,0.99363980974479515,0,0,0,0,0,45100,45100,0,0,0,1,1,0,1,1,0,1,1,0,1,1,0,1,1,0,1,1,0,0,0,0,0,0,0,0,0,0,0,0,0,0,0,3.8288210640994584e-13,0,0,0,0,0,0,0,0,0,0.0063601902548219699,0,0,0,0,0,0,0,0,0,0,0,0,0,0,0,0,0,0,0.99363980974479515,0,0.0063601902552156897,0.99363980974478427
60900,NORMAL,0.0050881522041725524,1,0.0050881522041725524,0.99491184779582742,0,UNKNOWN,0.20152644566109598,0,0.99999999999969369,0,0.99491184779583608,0,0,0,0,0,45100,45100,0,0,0,1,1,0,1,1,0,1,1,0,1,1,0,1,1,0,1,1,0,0,0,0,0,0,0,0,0,0,0,0,0,0,0,3.0630568512795667e-13,0,0,0,0,0,0,0,0,0,0.0050881522038575761,0,0,0,0,0,0,0,0,0,0,0,0,0,0,0,0,0,0,0.99491184779583608,0,0.0050881522041725524,0.99491184779582742
61000,NORMAL,0.0040705217633380426,1,0.0040705217633380426,0.995929478236662,0,UNKNOWN,0.20122115652887682,0,0.99999999999975497,0,0.99592947823666889,0,0,0,0,0,45100,45100,0,0,0,1,1,0,1,1,0,1,1,0,1,1,0,1,1,0,1,1,0,0,0,0,0,0,0,0,0,0,0,0,0,0,0,2.4504454810236537e-13,0,0,0,0,0,0,0,0,0,0.004070521763086061,0,0,0,0,0,0,0,0,0,0,0,0,0,0,0,0,0,0,0.99592947823666889,0,0.0040705217633380426,0.995929478236662
61100,NORMAL,0.0032564174106704345,1,0.0032564174106704345,0.9967435825893296,0,UNKNOWN,0.20097692522310145,0,0.99999999999980405,0,0.99674358258933515,0,0,0,0,0,45100,45100,0,0,0,1,1,0,1,1,0,1,1,0,1,1,0,1,1,0,1,1,0,0,0,0,0,0,0,0,0,0,0,0,0,0,0,1.9603563848189231e-13,0,0,0,0,0,0,0,0,0,0.0032564174104688492,0,0,0,0,0,0,0,0,0,0,0,0,0,0,0,0,0,0,0.99674358258933515,0,0.0032564174106704345,0.9967435825893296
61200,NORMAL,0.0026051339285363476,1,0.0026051339285363476,0.99739486607146366,0,UNKNOWN,0.20078154017848115,0,0.99999999999984313,0,0.9973948660714681,0,0,0,0,0,45100,45100,0,0,0,1,1,0,1,1,0,1,1,0,1,1,0,1,1,0,1,1,0,0,0,0,0,0,0,0,0,0,0,0,0,0,0,1.5682851078551387e-13,0,0,0,0,0,0,0,0,0,0.0026051339283750794,0,0,0,0,0,0,0,0,0,0,0,0,0,0,0,0,0,0,0.9973948660714681,0,0.0026051339285363476,0.99739486607146366
61300,NORMAL,0.002084107142829078,1,0.002084107142829078,0.99791589285717097,0,UNKNOWN,0.20062523214278494,0,0.99999999999987454,0,0.99791589285717452,0,0,0,0,0,45100,45100,0,0,0,1,1,0,1,1,0,1,1,0,1,1,0,1,1,0,1,1,0,0,0,0,0,0,0,0,0,0,0,0,0,0,0,1.2546280862841109e-13,0,0,0,0,0,0,0,0,0,0.0020841071427000635,0,0,0,0,0,0,0,0,0,0,0,0,0,0,0,0,0,0,0.99791589285717452,0,0.002084107142829078,0.99791589285717097
61400,NORMAL,0.0016672857142632624,1,0.0016672857142632624,0.99833271428573678,0,UNKNOWN,0.20050018571422795,0,0.99999999999989975,0,0.99833271428573966,0,0,0,0,0,45100,45100,0,0,0,1,1,0,1,1,0,1,1,0,1,1,0,1,1,0,1,1,0,0,0,0,0,0,0,0,0,0,0,0,0,0,0,1.0037024690272887e-13,0,0,0,0,0,0,0,0,0,0.0016672857141600509,0,0,0,0,0,0,0,0,0,0,0,0,0,0,0,0,0,0,0.99833271428573966,0,0.0016672857142632624,0.99833271428573678
61500,NORMAL,0.00133382857141061,1,0.00133382857141061,0.99866617142858938,0,UNKNOWN,0.20040014857138236,0,0.99999999999991973,0,0.99866617142859171,0,0,0,0,0,45100,45100,0,0,0,1,1,0,1,1,0,1,1,0,1,1,0,1,1,0,1,1,0,0,0,0,0,0,0,0,0,0,0,0,0,0,0,8.0296197522183099e-14,0,0,0,0,0,0,0,0,0,0.0013338285713280409,0,0,0,0,0,0,0,0,0,0,0,0,0,0,0,0,0,0,0.99866617142859171,0,0.00133382857141061,0.99866617142858938
61600,NORMAL,0.0010670628571284881,1,0.0010670628571284881,0.99893293714287146,0,UNKNOWN,0.20032011885710588,0,0.99999999999993583,0,0.99893293714287335,0,0,0,0,0,45100,45100,0,0,0,1,1,0,1,1,0,1,1,0,1,1,0,1,1,0,1,1,0,0,0,0,0,0,0,0,0,0,0,0,0,0,0,6.4236958017746484e-14,0,0,0,0,0,0,0,0,0,0.0010670628570624327,0,0,0,0,0,0,0,0,0,0,0,0,0,0,0,0,0,0,0.99893293714287335,0,0.0010670628571284881,0.99893293714287146
61700,NORMAL,0.00085365028570279049,1,0.00085365028570279049,0.99914634971429717,0,UNKNOWN,0.2002560950856847,0,0.99999999999994871,0,0.99914634971429872,0,0,0,0,0,45100,45100,0,0,0,1,1,0,1,1,0,1,1,0,1,1,0,1,1,0,1,1,0,0,0,0,0,0,0,0,0,0,0,0,0,0,0,5.1389566414197191e-14,0,0,0,0,0,0,0,0,0,0.00085365028564994615,0,0,0,0,0,0,0,0,0,0,0,0,0,0,0,0,0,0,0.99914634971429872,0,0.00085365028570279049,0.99914634971429717
61800,NORMAL,0.00068292022856223256,1,0.00068292022856223256,0.9993170797714378,0,UNKNOWN,0.20020487606854778,0,0.99999999999995903,0,0.99931707977143902,0,0,0,0,0,45100,45100,0,0,0,1,1,0,1,1,0,1,1,0,1,1,0,1,1,0,1,1,0,0,0,0,0,0,0,0,0,0,0,0,0,0,0,4.1111653131357754e-14,0,0,0,0,0,0,0,0,0,0.00068292022851995692,0,0,0,0,0,0,0,0,0,0,0,0,0,0,0,0,0,0,0.99931707977143902,0,0.00068292022856223256,0.9993170797714378
61900,NORMAL,0.00054633618284978612,1,0.00054633618284978612,0.99945366381715028,0,UNKNOWN,0.20016390085483821,0,0.99999999999996714,0,0.99945366381715117,0,0,0,0,0,45100,45100,0,0,0,1,1,0,1,1,0,1,1,0,1,1,0,1,1,0,1,1,0,0,0,0,0,0,0,0,0,0,0,0,0,0,0,3.2889322505086207e-14,0,0,0,0,0,0,0,0,0,0.00054633618281596551,0,0,0,0,0,0,0,0,0,0,0,0,0,0,0,0,0,0,0.99945366381715117,0,0.00054633618284978612,0.99945366381715028
62000,NORMAL,0.00043706894627982889,1,0.00043706894627982889,0.99956293105372018,0,UNKNOWN,0.20013112068387059,0,0.99999999999997369,0,0.99956293105372096,0,0,0,0,0,45100,45100,0,0,0,1,1,0,1,1,0,1,1,0,1,1,0,1,1,0,1,1,0,0,0,0,0,0,0,0,0,0,0,0,0,0,0,2.6311458004068966e-14,0,0,0,0,0,0,0,0,0,0.00043706894625277241,0,0,0,0,0,0,0,0,0,0,0,0,0,0,0,0,0,0,0.99956293105372096,0,0.00043706894627982889,0.99956293105372018
62100,NORMAL,0.00034965515702386314,1,0.00034965515702386314,0.9996503448429761,0,UNKNOWN,0.20010489654709646,0,0.99999999999997902,0,0.99965034484297677,0,0,0,0,0,45100,45100,0,0,0,1,1,0,1,1,0,1,1,0,1,1,0,1,1,0,1,1,0,0,0,0,0,0,0,0,0,0,0,0,0,0,0,2.1049166403255176e-14,0,0,0,0,0,0,0,0,0,0.00034965515700221796,0,0,0,0,0,0,0,0,0,0,0,0,0,0,0,0,0,0,0.99965034484297677,0,0.00034965515702386314,0.9996503448429761
62200,NORMAL,0.00027972412561909056,1,0.00027972412561909056,0.99972027587438095,0,UNKNOWN,0.20008391723767718,0,0.99999999999998312,0,0.99972027587438139,0,0,0,0,0,45100,45100,0,0,0,1,1,0,1,1,0,1,1,0,1,1,0,1,1,0,1,1,0,0,0,0,0,0,0,0,0,0,0,0,0,0,0,1.6839333122604141e-14,0,0,0,0,0,0,0,0,0,0.00027972412560177439,0,0,0,0,0,0,0,0,0,0,0,0,0,0,0,0,0,0,0.99972027587438139,0,0.00027972412561909056,0.99972027587438095
62300,NORMAL,0.00022377930049527245,1,0.00022377930049527245,0.99977622069950478,0,UNKNOWN,0.20006713379014171,0,0.99999999999998657,0,0.99977622069950511,0,0,0,0,0,45100,45100,0,0,0,1,1,0,1,1,0,1,1,0,1,1,0,1,1,0,1,1,0,0,0,0,0,0,0,0,0,0,0,0,0,0,0,1.3471466498083314e-14,0,0,0,0,0,0,0,0,0,0.00022377930048141952,0,0,0,0,0,0,0,0,0,0,0,0,0,0,0,0,0,0,0.99977622069950511,0,0.00022377930049527245,0.99977622069950478
62400,NORMAL,0.00017902344039621797,1,0.00017902344039621797,0.99982097655960378,0,UNKNOWN,0.20005370703211339,0,0.99999999999998923,0,0.99982097655960411,0,0,0,0,0,45100,45100,0,0,0,1,1,0,1,1,0,1,1,0,1,1,0,1,1,0,1,1,0,0,0,0,0,0,0,0,0,0,0,0,0,0,0,1.0777173198466652e-14,0,0,0,0,0,0,0,0,0,0.00017902344038513564,0,0,0,0,0,0,0,0,0,0,0,0,0,0,0,0,0,0,0.99982097655960411,0,0.00017902344039621797,0.99982097655960378
62500,NORMAL,0.00014321875231697439,1,0.00014321875231697439,0.99985678124768307,0,UNKNOWN,0.20004296562569071,0,0.99999999999999145,0,0.99985678124768329,0,0,0,0,0,45100,45100,0,0,0,1,1,0,1,1,0,1,1,0,1,1,0,1,1,0,1,1,0,0,0,0,0,0,0,0,0,0,0,0,0,0,0,8.6217385587733227e-15,0,0,0,0,0,0,0,0,0,0.00014321875230810852,0,0,0,0,0,0,0,0,0,0,0,0,0,0,0,0,0,0,0.99985678124768329,0,0.00014321875231697439,0.99985678124768307
62600,NORMAL,0.00011457500185357953,1,0.00011457500185357953,0.99988542499814648,0,UNKNOWN,0.20003437250055256,0,0.99999999999999312,0,0.99988542499814659,0,0,0,0,0,45100,45100,0,0,0,1,1,0,1,1,0,1,1,0,1,1,0,1,1,0,1,1,0,0,0,0,0,0,0,0,0,0,0,0,0,0,0,6.8973908470186585e-15,0,0,0,0,0,0,0,0,0,0.00011457500184648682,0,0,0,0,0,0,0,0,0,0,0,0,0,0,0,0,0,0,0.99988542499814659,0,0.00011457500185357953,0.99988542499814648
62700,NORMAL,9.1660001482863623e-05,1,9.1660001482863623e-05,0.99990833999851714,0,UNKNOWN,0.20002749800044206,0,0.99999999999999445,0,0.99990833999851725,0,0,0,0,0,45100,45100,0,0,0,1,1,0,1,1,0,1,1,0,1,1,0,1,1,0,1,1,0,0,0,0,0,0,0,0,0,0,0,0,0,0,0,5.5179126776149272e-15,0,0,0,0,0,0,0,0,0,9.1660001477189464e-05,0,0,0,0,0,0,0,0,0,0,0,0,0,0,0,0,0,0,0.99990833999851725,0,9.1660001482863623e-05,0.99990833999851714
62800,NORMAL,7.3328001186290906e-05,1,7.3328001186290906e-05,0.99992667199881369,0,UNKNOWN,0.20002199840035365,0,0.99999999999999556,0,0.9999266719988138,0,0,0,0,0,45100,45100,0,0,0,1,1,0,1,1,0,1,1,0,1,1,0,1,1,0,1,1,0,0,0,0,0,0,0,0,0,0,0,0,0,0,0,4.4143301420919424e-15,0,0,0,0,0,0,0,0,0,7.3328001181751582e-05,0,0,0,0,0,0,0,0,0,0,0,0,0,0,0,0,0,0,0.9999266719988138,0,7.3328001186290906e-05,0.99992667199881369
62900,NORMAL,5.8662400949032732e-05,1,5.8662400949032732e-05,0.99994133759905102,0,UNKNOWN,0.20001759872028288,0,0.99999999999999645,0,0.99994133759905102,0,0,0,0,0,45100,45100,0,0,0,1,1,0,1,1,0,1,1,0,1,1,0,1,1,0,1,1,0,0,0,0,0,0,0,0,0,0,0,0,0,0,0,3.5314641136735541e-15,0,0,0,0,0,0,0,0,0,5.8662400945401271e-05,0,0,0,0,0,0,0,0,0,0,0,0,0,0,0,0,0,0,0.99994133759905102,0,5.8662400949032732e-05,0.99994133759905102
63000,NORMAL,4.6929920759226186e-05,1,4.6929920759226186e-05,0.99995307007924084,0,UNKNOWN,0.20001407897622633,0,0.99999999999999711,0,0.99995307007924084,0,0,0,0,0,45100,45100,0,0,0,1,1,0,1,1,0,1,1,0,1,1,0,1,1,0,1,1,0,0,0,0,0,0,0,0,0,0,0,0,0,0,0,2.8251712909388434e-15,0,0,0,0,0,0,0,0,0,4.6929920756321018e-05,0,0,0,0,0,0,0,0,0,0,0,0,0,0,0,0,0,0,0.99995307007924084,0,4.6929920759226186e-05,0.99995307007924084
63100,NORMAL,3.754393660738095e-05,1,3.754393660738095e-05,0.99996245606339262,0,UNKNOWN,0.20001126318098106,0,0.99999999999999778,0,0.99996245606339274,0,0,0,0,0,45100,45100,0,0,0,1,1,0,1,1,0,1,1,0,1,1,0,1,1,0,1,1,0,0,0,0,0,0,0,0,0,0,0,0,0,0,0,2.2601370327510753e-15,0,0,0,0,0,0,0,0,0,3.7543936605056827e-05,0,0,0,0,0,0,0,0,0,0,0,0,0,0,0,0,0,0,0.99996245606339274,0,3.754393660738095e-05,0.99996245606339262
63200,NORMAL,3.0035149285904761e-05,1,3.0035149285904761e-05,0.9999699648507141,0,UNKNOWN,0.20000901054478487,0,0.99999999999999822,0,0.99996996485071421,0,0,0,0,0,45100,45100,0,0,0,1,1,0,1,1,0,1,1,0,1,1,0,1,1,0,1,1,0,0,0,0,0,0,0,0,0,0,0,0,0,0,0,1.8081096262008603e-15,0,0,0,0,0,0,0,0,0,3.0035149284045462e-05,0,0,0,0,0,0,0,0,0,0,0,0,0,0,0,0,0,0,0.99996996485071421,0,3.0035149285904761e-05,0.9999699648507141
63300,NORMAL,2.4028119428723808e-05,1,2.4028119428723808e-05,0.9999759718805713,0,UNKNOWN,0.20000720843582792,0,0.99999999999999867,0,0.99997597188057141,0,0,0,0,0,45100,45100,0,0,0,1,1,0,1,1,0,1,1,0,1,1,0,1,1,0,1,1,0,0,0,0,0,0,0,0,0,0,0,0,0,0,0,1.4464877009606882e-15,0,0,0,0,0,0,0,0,0,2.4028119427236371e-05,0,0,0,0,0,0,0,0,0,0,0,0,0,0,0,0,0,0,0.99997597188057141,0,2.4028119428723808e-05,0.9999759718805713
63400,NORMAL,1.9222495542979047e-05,1,1.9222495542979047e-05,0.99998077750445702,0,UNKNOWN,0.20000576674866233,0,0.99999999999999889,0,0.99998077750445713,0,0,0,0,0,45100,45100,0,0,0,1,1,0,1,1,0,1,1,0,1,1,0,1,1,0,1,1,0,0,0,0,0,0,0,0,0,0,0,0,0,0,0,1.1571901607685506e-15,0,0,0,0,0,0,0,0,0,1.9222495541789098e-05,0,0,0,0,0,0,0,0,0,0,0,0,0,0,0,0,0,0,0.99998077750445713,0,1.9222495542979047e-05,0.99998077750445702
63500,NORMAL,1.5377996434383239e-05,1,1.5377996434383239e-05,0.99998462200356564,0,UNKNOWN,0.20000461339892986,0,0.99999999999999922,0,0.99998462200356575,0,0,0,0,0,45100,45100,0,0,0,1,1,0,1,1,0,1,1,0,1,1,0,1,1,0,1,1,0,0,0,0,0,0,0,0,0,0,0,0,0,0,0,9.2575212861484063e-16,0,0,0,0,0,0,0,0,0,1.5377996433431279e-05,0,0,0,0,0,0,0,0,0,0,0,0,0,0,0,0,0,0,0.99998462200356575,0,1.5377996434383239e-05,0.99998462200356564
63600,NORMAL,1.2302397147506591e-05,1,1.2302397147506591e-05,0.99998769760285255,0,UNKNOWN,0.20000369071914387,0,0.99999999999999933,0,0.99998769760285255,0,0,0,0,0,45100,45100,0,0,0,1,1,0,1,1,0,1,1,0,1,1,0,1,1,0,1,1,0,0,0,0,0,0,0,0,0,0,0,0,0,0,0,7.4060170289187251e-16,0,0,0,0,0,0,0,0,0,1.2302397146745024e-05,0,0,0,0,0,0,0,0,0,0,0,0,0,0,0,0,0,0,0.99998769760285255,0,1.2302397147506591e-05,0.99998769760285255
63700,NORMAL,9.8419177180052735e-06,1,9.8419177180052735e-06,0.99999015808228209,0,UNKNOWN,0.20000295257531511,0,0.99999999999999944,0,0.99999015808228209,0,0,0,0,0,45100,45100,0,0,0,1,1,0,1,1,0,1,1,0,1,1,0,1,1,0,1,1,0,0,0,0,0,0,0,0,0,0,0,0,0,0,0,5.9248136231349806e-16,0,0,0,0,0,0,0,0,0,9.8419177173960196e-06,0,0,0,0,0,0,0,0,0,0,0,0,0,0,0,0,0,0,0.99999015808228209,0,9.8419177180052735e-06,0.99999015808228209
63800,NORMAL,7.8735341744042191e-06,1,7.8735341744042191e-06,0.99999212646582569,0,UNKNOWN,0.2000023620602521,0,0.99999999999999956,0,0.99999212646582569,0,0,0,0,0,45100,45100,0,0,0,1,1,0,1,1,0,1,1,0,1,1,0,1,1,0,1,1,0,0,0,0,0,0,0,0,0,0,0,0,0,0,0,4.7398508985079843e-16,0,0,0,0,0,0,0,0,0,7.873534173916816e-06,0,0,0,0,0,0,0,0,0,0,0,0,0,0,0,0,0,0,0.99999212646582569,0,7.8735341744042191e-06,0.99999212646582569
63900,NORMAL,6.2988273395233756e-06,1,6.2988273395233756e-06,0.99999370117266051,0,UNKNOWN,0.20000188964820168,0,0.99999999999999967,0,0.99999370117266051,0,0,0,0,0,45100,45100,0,0,0,1,1,0,1,1,0,1,1,0,1,1,0,1,1,0,1,1,0,0,0,0,0,0,0,0,0,0,0,0,0,0,0,3.7918807188063878e-16,0,0,0,0,0,0,0,0,0,6.2988273391334533e-06,0,0,0,0,0,0,0,0,0,0,0,0,0,0,0,0,0,0,0.99999370117266051,0,6.2988273395233756e-06,0.99999370117266051
64000,NORMAL,5.0390618716187008e-06,1,5.0390618716187008e-06,0.99999496093812845,0,UNKNOWN,0.20000151171856134,0,0.99999999999999978,0,0.99999496093812845,0,0,0,0,0,45100,45100,0,0,0,1,1,0,1,1,0,1,1,0,1,1,0,1,1,0,1,1,0,0,0,0,0,0,0,0,0,0,0,0,0,0,0,3.0335045750451106e-16,0,0,0,0,0,0,0,0,0,5.0390618713067632e-06,0,0,0,0,0,0,0,0,0,0,0,0,0,0,0,0,0,0,0.99999496093812845,0,5.0390618716187008e-06,0.99999496093812845
64100,NORMAL,4.0312494972949605e-06,1,4.0312494972949605e-06,0.99999596875050278,0,UNKNOWN,0.20000120937484908,0,0.99999999999999978,0,0.99999596875050278,0,0,0,0,0,45100,45100,0,0,0,1,1,0,1,1,0,1,1,0,1,1,0,1,1,0,1,1,0,0,0,0,0,0,0,0,0,0,0,0,0,0,0,2.4268036600360888e-16,0,0,0,0,0,0,0,0,0,4.031249497045411e-06,0,0,0,0,0,0,0,0,0,0,0,0,0,0,0,0,0,0,0.99999596875050278,0,4.0312494972949605e-06,0.99999596875050278
64200,NORMAL,3.2249995978359687e-06,1,3.2249995978359687e-06,0.99999677500040218,0,UNKNOWN,0.20000096749987925,0,0.99999999999999978,0,0.99999677500040218,0,0,0,0,0,45100,45100,0,0,0,1,1,0,1,1,0,1,1,0,1,1,0,1,1,0,1,1,0,0,0,0,0,0,0,0,0,0,0,0,0,0,0,1.9414429280288711e-16,0,0,0,0,0,0,0,0,0,3.224999597636329e-06,0,0,0,0,0,0,0,0,0,0,0,0,0,0,0,0,0,0,0.99999677500040218,0,3.2249995978359687e-06,0.99999677500040218
64300,NORMAL,2.5799996782687752e-06,1,2.5799996782687752e-06,0.99999742000032177,0,UNKNOWN,0.2000007739999034,0,0.99999999999999989,0,0.99999742000032177,0,0,0,0,0,45100,45100,0,0,0,1,1,0,1,1,0,1,1,0,1,1,0,1,1,0,1,1,0,0,0,0,0,0,0,0,0,0,0,0,0,0,0,1.5531543424230971e-16,0,0,0,0,0,0,0,0,0,2.5799996781090633e-06,0,0,0,0,0,0,0,0,0,0,0,0,0,0,0,0,0,0,0.99999742000032177,0,2.5799996782687752e-06,0.99999742000032177
64400,NORMAL,2.0639997426150202e-06,1,2.0639997426150202e-06,0.99999793600025744,0,UNKNOWN,0.20000061919992274,0,0.99999999999999989,0,0.99999793600025744,0,0,0,0,0,45100,45100,0,0,0,1,1,0,1,1,0,1,1,0,1,1,0,1,1,0,1,1,0,0,0,0,0,0,0,0,0,0,0,0,0,0,0,1.2425234739384776e-16,0,0,0,0,0,0,0,0,0,2.0639997424872508e-06,0,0,0,0,0,0,0,0,0,0,0,0,0,0,0,0,0,0,0.99999793600025744,0,2.0639997426150202e-06,0.99999793600025744
64500,NORMAL,1.6511997940920162e-06,1,1.6511997940920162e-06,0.99999834880020599,0,UNKNOWN,0.20000049535993819,0,1,0,0.99999834880020599,0,0,0,0,0,45100,45100,0,0,0,1,1,0,1,1,0,1,1,0,1,1,0,1,1,0,1,1,0,0,0,0,0,0,0,0,0,0,0,0,0,0,0,9.9401877915078214e-17,0,0,0,0,0,0,0,0,0,1.6511997939898007e-06,0,0,0,0,0,0,0,0,0,0,0,0,0,0,0,0,0,0,0.99999834880020599,0,1.6511997940920162e-06,0.99999834880020599
64600,NORMAL,1.3209598352736131e-06,1,1.3209598352736131e-06,0.99999867904016482,0,UNKNOWN,0.20000039628795055,0,1,0,0.99999867904016482,0,0,0,0,0,45100,45100,0,0,0,1,1,0,1,1,0,1,1,0,1,1,0,1,1,0,1,1,0,0,0,0,0,0,0,0,0,0,0,0,0,0,0,7.9521502332062579e-17,0,0,0,0,0,0,0,0,0,1.3209598351918407e-06,0,0,0,0,0,0,0,0,0,0,0,0,0,0,0,0,0,0,0.99999867904016482,0,1.3209598352736131e-06,0.99999867904016482
64700,NORMAL,1.0567678682188904e-06,0.99999999999999989,1.0567678682188904e-06,0.99999894323213168,0,UNKNOWN,0.20000031703036042,0,0.99999999999999978,0,0.99999894323213168,0,0,0,0,0,45100,45100,0,0,0,1,1,0,1,1,0,1,1,0,1,1,0,1,1,0,1,1,0,0,0,0,0,0,0,0,0,0,0,0,0,0,0,6.3617201865650048e-17,0,0,0,0,0,0,0,0,0,1.0567678681534723e-06,0,0,0,0,0,0,0,0,0,0,0,0,0,0,0,0,0,0,0.99999894323213168,0,1.0567678682188904e-06,0.99999894323213168
64800,NORMAL,8.4541429457511246e-07,1,8.4541429457511246e-07,0.99999915458570543,0,UNKNOWN,0.20000025362428833,0,1,0,0.99999915458570543,0,0,0,0,0,45100,45100,0,0,0,1,1,0,1,1,0,1,1,0,1,1,0,1,1,0,1,1,0,0,0,0,0,0,0,0,0,0,0,0,0,0,0,5.0893761492520045e-17,0,0,0,0,0,0,0,0,0,8.45414294522778e-07,0,0,0,0,0,0,0,0,0,0,0,0,0,0,0,0,0,0,0.99999915458570543,0,8.4541429457511246e-07,0.99999915458570543
64900,NORMAL,6.7633143566009001e-07,1,6.7633143566009001e-07,0.99999932366856437,0,UNKNOWN,0.20000020289943068,0,1,0,0.99999932366856437,0,0,0,0,0,45100,45100,0,0,0,1,1,0,1,1,0,1,1,0,1,1,0,1,1,0,1,1,0,0,0,0,0,0,0,0,0,0,0,0,0,0,0,4.0715009194016041e-17,0,0,0,0,0,0,0,0,0,6.7633143561822244e-07,0,0,0,0,0,0,0,0,0,0,0,0,0,0,0,0,0,0,0.99999932366856437,0,6.7633143566009001e-07,0.99999932366856437
65000,NORMAL,5.4106514852807199e-07,1,5.4106514852807199e-07,0.99999945893485154,0,UNKNOWN,0.20000016231954457,0,1,0,0.99999945893485154,0,0,0,0,0,45100,45100,0,0,0,1,1,0,1,1,0,1,1,0,1,1,0,1,1,0,1,1,0,0,0,0,0,0,0,0,0,0,0,0,0,0,0,3.2572007355212834e-17,0,0,0,0,0,0,0,0,0,5.4106514849457797e-07,0,0,0,0,0,0,0,0,0,0,0,0,0,0,0,0,0,0,0.99999945893485154,0,5.4106514852807199e-07,0.99999945893485154
65100,NORMAL,4.3285211882245763e-07,1,4.3285211882245763e-07,0.99999956714788119,0,UNKNOWN,0.20000012985563564,0,1,0,0.99999956714788119,0,0,0,0,0,45100,45100,0,0,0,1,1,0,1,1,0,1,1,0,1,1,0,1,1,0,1,1,0,0,0,0,0,0,0,0,0,0,0,0,0,0,0,2.6057605884170268e-17,0,0,0,0,0,0,0,0,0,4.3285211879566238e-07,0,0,0,0,0,0,0,0,0,0,0,0,0,0,0,0,0,0,0.99999956714788119,0,4.3285211882245763e-07,0.99999956714788119
65200,NORMAL,3.4628169505796613e-07,1,3.4628169505796613e-07,0.9999996537183049,0,UNKNOWN,0.20000010388450851,0,0.99999999999999989,0,0.9999996537183049,0,0,0,0,0,45100,45100,0,0,0,1,1,0,1,1,0,1,1,0,1,1,0,1,1,0,1,1,0,0,0,0,0,0,0,0,0,0,0,0,0,0,0,2.0846084707336214e-17,0,0,0,0,0,0,0,0,0,3.4628169503652995e-07,0,0,0,0,0,0,0,0,0,0,0,0,0,0,0,0,0,0,0.9999996537183049,0,3.4628169505796613e-07,0.9999996537183049
65300,NORMAL,2.7702535604637291e-07,1,2.7702535604637291e-07,0.9999997229746439,0,UNKNOWN,0.20000008310760681,0,0.99999999999999989,0,0.9999997229746439,0,0,0,0,0,45100,45100,0,0,0,1,1,0,1,1,0,1,1,0,1,1,0,1,1,0,1,1,0,0,0,0,0,0,0,0,0,0,0,0,0,0,0,1.6676867765868972e-17,0,0,0,0,0,0,0,0,0,2.7702535602922399e-07,0,0,0,0,0,0,0,0,0,0,0,0,0,0,0,0,0,0,0.9999997229746439,0,2.7702535604637291e-07,0.9999997229746439
65400,NORMAL,2.2162028483709836e-07,1,2.2162028483709836e-07,0.99999977837971521,0,UNKNOWN,0.20000006648608545,0,1,0,0.99999977837971521,0,0,0,0,0,45100,45100,0,0,0,1,1,0,1,1,0,1,1,0,1,1,0,1,1,0,1,1,0,0,0,0,0,0,0,0,0,0,0,0,0,0,0,1.334149421269518e-17,0,0,0,0,0,0,0,0,0,2.2162028482337923e-07,0,0,0,0,0,0,0,0,0,0,0,0,0,0,0,0,0,0,0.99999977837971521,0,2.2162028483709836e-07,0.99999977837971521
65500,NORMAL,1.772962278696787e-07,1,1.772962278696787e-07,0.99999982270377219,0,UNKNOWN,0.20000005318886838,0,1,0,0.99999982270377219,0,0,0,0,0,45100,45100,0,0,0,1,1,0,1,1,0,1,1,0,1,1,0,1,1,0,1,1,0,0,0,0,0,0,0,0,0,0,0,0,0,0,0,1.0673195370156145e-17,0,0,0,0,0,0,0,0,0,1.772962278587034e-07,0,0,0,0,0,0,0,0,0,0,0,0,0,0,0,0,0,0,0.99999982270377219,0,1.772962278696787e-07,0.99999982270377219
65600,NORMAL,1.4183698229574297e-07,1,1.4183698229574297e-07,0.99999985816301773,0,UNKNOWN,0.20000004255109469,0,1,0,0.99999985816301773,0,0,0,0,0,45100,45100,0,0,0,1,1,0,1,1,0,1,1,0,1,1,0,1,1,0,1,1,0,0,0,0,0,0,0,0,0,0,0,0,0,0,0,8.5385562961249162e-18,0,0,0,0,0,0,0,0,0,1.4183698228696273e-07,0,0,0,0,0,0,0,0,0,0,0,0,0,0,0,0,0,0,0.99999985816301773,0,1.4183698229574297e-07,0.99999985816301773
65700,NORMAL,1.1346958583659438e-07,1,1.1346958583659438e-07,0.99999988653041416,0,UNKNOWN,0.20000003404087574,0,1,0,0.99999988653041416,0,0,0,0,0,45100,45100,0,0,0,1,1,0,1,1,0,1,1,0,1,1,0,1,1,0,1,1,0,0,0,0,0,0,0,0,0,0,0,0,0,0,0,6.8308450368999336e-18,0,0,0,0,0,0,0,0,0,1.134695858295702e-07,0,0,0,0,0,0,0,0,0,0,0,0,0,0,0,0,0,0,0.99999988653041416,0,1.1346958583659438e-07,0.99999988653041416
65800,NORMAL,9.0775668669275505e-08,1,9.0775668669275505e-08,0.99999990922433135,0,UNKNOWN,0.20000002723270061,0,1,0,0.99999990922433135,0,0,0,0,0,45100,45100,0,0,0,1,1,0,1,1,0,1,1,0,1,1,0,1,1,0,1,1,0,0,0,0,0,0,0,0,0,0,0,0,0,0,0,5.464676029519947e-18,0,0,0,0,0,0,0,0,0,9.0775668663656169e-08,0,0,0,0,0,0,0,0,0,0,0,0,0,0,0,0,0,0,0.99999990922433135,0,9.0775668669275505e-08,0.99999990922433135
65900,NORMAL,7.2620534935420414e-08,1,7.2620534935420414e-08,0.99999992737946508,0,UNKNOWN,0.20000002178616047,0,1,0,0.99999992737946508,0,0,0,0,0,45100,45100,0,0,0,1,1,0,1,1,0,1,1,0,1,1,0,1,1,0,1,1,0,0,0,0,0,0,0,0,0,0,0,0,0,0,0,4.3717408236159583e-18,0,0,0,0,0,0,0,0,0,7.2620534930924946e-08,0,0,0,0,0,0,0,0,0,0,0,0,0,0,0,0,0,0,0.99999992737946508,0,7.2620534935420414e-08,0.99999992737946508
66000,NORMAL,5.8096427948336334e-08,1,5.8096427948336334e-08,0.99999994190357211,0,UNKNOWN,0.20000001742892839,0,1,0,0.99999994190357211,0,0,0,0,0,45100,45100,0,0,0,1,1,0,1,1,0,1,1,0,1,1,0,1,1,0,1,1,0,0,0,0,0,0,0,0,0,0,0,0,0,0,0,3.4973926588927666e-18,0,0,0,0,0,0,0,0,0,5.8096427944739958e-08,0,0,0,0,0,0,0,0,0,0,0,0,0,0,0,0,0,0,0.99999994190357211,0,5.8096427948336334e-08,0.99999994190357211
66100,NORMAL,4.6477142358669073e-08,1,4.6477142358669073e-08,0.99999995352285764,0,UNKNOWN,0.20000001394314271,0,1,0,0.99999995352285764,0,0,0,0,0,45100,45100,0,0,0,1,1,0,1,1,0,1,1,0,1,1,0,1,1,0,1,1,0,0,0,0,0,0,0,0,0,0,0,0,0,0,0,2.7979141271142133e-18,0,0,0,0,0,0,0,0,0,4.6477142355791966e-08,0,0,0,0,0,0,0,0,0,0,0,0,0,0,0,0,0,0,0.99999995352285764,0,4.6477142358669073e-08,0.99999995352285764
66200,NORMAL,3.7181713886935259e-08,1,3.7181713886935259e-08,0.99999996281828607,0,UNKNOWN,0.20000001115451416,0,1,0,0.99999996281828607,0,0,0,0,0,45100,45100,0,0,0,1,1,0,1,1,0,1,1,0,1,1,0,1,1,0,1,1,0,0,0,0,0,0,0,0,0,0,0,0,0,0,0,2.2383313016913708e-18,0,0,0,0,0,0,0,0,0,3.7181713884633573e-08,0,0,0,0,0,0,0,0,0,0,0,0,0,0,0,0,0,0,0.99999996281828607,0,3.7181713886935259e-08,0.99999996281828607
66300,NORMAL,2.9745371109548212e-08,1,2.9745371109548212e-08,0.99999997025462894,0,UNKNOWN,0.20000000892361133,0,1,0,0.99999997025462894,0,0,0,0,0,45100,45100,0,0,0,1,1,0,1,1,0,1,1,0,1,1,0,1,1,0,1,1,0,0,0,0,0,0,0,0,0,0,0,0,0,0,0,1.7906650413530972e-18,0,0,0,0,0,0,0,0,0,2.9745371107706862e-08,0,0,0,0,0,0,0,0,0,0,0,0,0,0,0,0,0,0,0.99999997025462894,0,2.9745371109548212e-08,0.99999997025462894
66400,NORMAL,2.379629688763857e-08,1,2.379629688763857e-08,0.99999997620370318,0,UNKNOWN,0.20000000713888907,0,1,0,0.99999997620370318,0,0,0,0,0,45100,45100,0,0,0,1,1,0,1,1,0,1,1,0,1,1,0,1,1,0,1,1,0,0,0,0,0,0,0,0,0,0,0,0,0,0,0,1.4325320330824779e-18,0,0,0,0,0,0,0,0,0,2.3796296886165491e-08,0,0,0,0,0,0,0,0,0,0,0,0,0,0,0,0,0,0,0.99999997620370318,0,2.379629688763857e-08,0.99999997620370318
66500,NORMAL,1.9037037510110858e-08,1,1.9037037510110858e-08,0.9999999809629625,0,UNKNOWN,0.20000000571111126,0,1,0,0.9999999809629625,0,0,0,0,0,45100,45100,0,0,0,1,1,0,1,1,0,1,1,0,1,1,0,1,1,0,1,1,0,0,0,0,0,0,0,0,0,0,0,0,0,0,0,1.1460256264659824e-18,0,0,0,0,0,0,0,0,0,1.9037037508932393e-08,0,0,0,0,0,0,0,0,0,0,0,0,0,0,0,0,0,0,0.9999999809629625,0,1.9037037510110858e-08,0.9999999809629625
66600,NORMAL,1.5229630008088687e-08,1,1.5229630008088687e-08,0.99999998477037,0,UNKNOWN,0.200000004568889,0,1,0,0.99999998477037,0,0,0,0,0,45100,45100,0,0,0,1,1,0,1,1,0,1,1,0,1,1,0,1,1,0,1,1,0,0,0,0,0,0,0,0,0,0,0,0,0,0,0,9.16820501172786e-19,0,0,0,0,0,0,0,0,0,1.5229630007145917e-08,0,0,0,0,0,0,0,0,0,0,0,0,0,0,0,0,0,0,0.99999998477037,0,1.5229630008088687e-08,0.99999998477037
66700,NORMAL,1.2183704006470951e-08,1,1.2183704006470951e-08,0.99999998781629595,0,UNKNOWN,0.2000000036551112,0,1,0,0.99999998781629595,0,0,0,0,0,45100,45100,0,0,0,1,1,0,1,1,0,1,1,0,1,1,0,1,1,0,1,1,0,0,0,0,0,0,0,0,0,0,0,0,0,0,0,7.3345640093822882e-19,0,0,0,0,0,0,0,0,0,1.2183704005716735e-08,0,0,0,0,0,0,0,0,0,0,0,0,0,0,0,0,0,0,0.99999998781629595,0,1.2183704006470951e-08,0.99999998781629595
66800,NORMAL,9.746963205176762e-09,1,9.746963205176762e-09,0.99999999025303676,0,UNKNOWN,0.20000000292408895,0,1,0,0.99999999025303676,0,0,0,0,0,45100,45100,0,0,0,1,1,0,1,1,0,1,1,0,1,1,0,1,1,0,1,1,0,0,0,0,0,0,0,0,0,0,0,0,0,0,0,5.8676512075058311e-19,0,0,0,0,0,0,0,0,0,9.7469632045733883e-09,0,0,0,0,0,0,0,0,0,0,0,0,0,0,0,0,0,0,0.99999999025303676,0,9.746963205176762e-09,0.99999999025303676
66900,NORMAL,7.7975705641414096e-09,1,7.7975705641414096e-09,0.99999999220242941,0,UNKNOWN,0.20000000233927118,0,1,0,0.99999999220242941,0,0,0,0,0,45100,45100,0,0,0,1,1,0,1,1,0,1,1,0,1,1,0,1,1,0,1,1,0,0,0,0,0,0,0,0,0,0,0,0,0,0,0,4.6941209660046655e-19,0,0,0,0,0,0,0,0,0,7.7975705636587117e-09,0,0,0,0,0,0,0,0,0,0,0,0,0,0,0,0,0,0,0.99999999220242941,0,7.7975705641414096e-09,0.99999999220242941
67000,NORMAL,6.2380564513131285e-09,1,6.2380564513131285e-09,0.9999999937619436,0,UNKNOWN,0.20000000187141695,0,1,0,0.9999999937619436,0,0,0,0,0,45100,45100,0,0,0,1,1,0,1,1,0,1,1,0,1,1,0,1,1,0,1,1,0,0,0,0,0,0,0,0,0,0,0,0,0,0,0,3.7552967728037332e-19,0,0,0,0,0,0,0,0,0,6.2380564509269708e-09,0,0,0,0,0,0,0,0,0,0,0,0,0,0,0,0,0,0,0.9999999937619436,0,6.2380564513131285e-09,0.9999999937619436
67100,NORMAL,4.9904451610505035e-09,1,4.9904451610505035e-09,0.99999999500955483,0,UNKNOWN,0.20000000149713354,0,1,0,0.99999999500955483,0,0,0,0,0,45100,45100,0,0,0,1,1,0,1,1,0,1,1,0,1,1,0,1,1,0,1,1,0,0,0,0,0,0,0,0,0,0,0,0,0,0,0,3.0042374182429865e-19,0,0,0,0,0,0,0,0,0,4.9904451607415772e-09,0,0,0,0,0,0,0,0,0,0,0,0,0,0,0,0,0,0,0.99999999500955483,0,4.9904451610505035e-09,0.99999999500955483
67200,NORMAL,3.9923561288404028e-09,1,3.9923561288404028e-09,0.99999999600764389,0,UNKNOWN,0.20000000119770683,0,1,0,0.99999999600764389,0,0,0,0,0,45100,45100,0,0,0,1,1,0,1,1,0,1,1,0,1,1,0,1,1,0,1,1,0,0,0,0,0,0,0,0,0,0,0,0,0,0,0,2.4033899345943893e-19,0,0,0,0,0,0,0,0,0,3.9923561285932619e-09,0,0,0,0,0,0,0,0,0,0,0,0,0,0,0,0,0,0,0.99999999600764389,0,3.9923561288404028e-09,0.99999999600764389
67300,NORMAL,3.1938849030723226e-09,1,3.1938849030723226e-09,0.99999999680611507,0,UNKNOWN,0.20000000095816545,0,1,0,0.99999999680611507,0,0,0,0,0,45100,45100,0,0,0,1,1,0,1,1,0,1,1,0,1,1,0,1,1,0,1,1,0,0,0,0,0,0,0,0,0,0,0,0,0,0,0,1.9227119476755116e-19,0,0,0,0,0,0,0,0,0,3.1938849028746098e-09,0,0,0,0,0,0,0,0,0,0,0,0,0,0,0,0,0,0,0.99999999680611507,0,3.1938849030723226e-09,0.99999999680611507
67400,NORMAL,2.5551079224578581e-09,1,2.5551079224578581e-09,0.9999999974448921,0,UNKNOWN,0.20000000076653238,0,1,0,0.9999999974448921,0,0,0,0,0,45100,45100,0,0,0,1,1,0,1,1,0,1,1,0,1,1,0,1,1,0,1,1,0,0,0,0,0,0,0,0,0,0,0,0,0,0,0,1.5381695581404093e-19,0,0,0,0,0,0,0,0,0,2.555107922299688e-09,0,0,0,0,0,0,0,0,0,0,0,0,0,0,0,0,0,0,0.9999999974448921,0,2.5551079224578581e-09,0.9999999974448921
67500,NORMAL,2.0440863379662867e-09,1,2.0440863379662867e-09,0.99999999795591366,0,UNKNOWN,0.2000000006132259,0,1,0,0.99999999795591366,0,0,0,0,0,45100,45100,0,0,0,1,1,0,1,1,0,1,1,0,1,1,0,1,1,0,1,1,0,0,0,0,0,0,0,0,0,0,0,0,0,0,0,1.2305356465123275e-19,0,0,0,0,0,0,0,0,0,2.0440863378397504e-09,0,0,0,0,0,0,0,0,0,0,0,0,0,0,0,0,0,0,0.99999999795591366,0,2.0440863379662867e-09,0.99999999795591366
67600,NORMAL,1.6352690703730294e-09,1,1.6352690703730294e-09,0.99999999836473097,0,UNKNOWN,0.20000000049058073,0,1,0,0.99999999836473097,0,0,0,0,0,45100,45100,0,0,0,1,1,0,1,1,0,1,1,0,1,1,0,1,1,0,1,1,0,0,0,0,0,0,0,0,0,0,0,0,0,0,0,9.8442851720986201e-20,0,0,0,0,0,0,0,0,0,1.6352690702718005e-09,0,0,0,0,0,0,0,0,0,0,0,0,0,0,0,0,0,0,0.99999999836473097,0,1.6352690703730294e-09,0.99999999836473097
67700,NORMAL,1.3082152562984237e-09,1,1.3082152562984237e-09,0.9999999986917848,0,UNKNOWN,0.2000000003924646,0,1,0,0.9999999986917848,0,0,0,0,0,45100,45100,0,0,0,1,1,0,1,1,0,1,1,0,1,1,0,1,1,0,1,1,0,0,0,0,0,0,0,0,0,0,0,0,0,0,0,7.875428137678897e-20,0,0,0,0,0,0,0,0,0,1.3082152562174404e-09,0,0,0,0,0,0,0,0,0,0,0,0,0,0,0,0,0,0,0.9999999986917848,0,1.3082152562984237e-09,0.9999999986917848
67800,NORMAL,1.046572205038739e-09,1,1.046572205038739e-09,0.99999999895342784,0,UNKNOWN,0.20000000031397167,0,1,0,0.99999999895342784,0,0,0,0,0,45100,45100,0,0,0,1,1,0,1,1,0,1,1,0,1,1,0,1,1,0,1,1,0,0,0,0,0,0,0,0,0,0,0,0,0,0,0,6.3003425101431183e-20,0,0,0,0,0,0,0,0,0,1.0465722049739523e-09,0,0,0,0,0,0,0,0,0,0,0,0,0,0,0,0,0,0,0.99999999895342784,0,1.046572205038739e-09,0.99999999895342784
67900,NORMAL,8.3725776403099124e-10,1,8.3725776403099124e-10,0.99999999916274229,0,UNKNOWN,0.20000000025117734,0,1,0,0.99999999916274229,0,0,0,0,0,45100,45100,0,0,0,1,1,0,1,1,0,1,1,0,1,1,0,1,1,0,1,1,0,0,0,0,0,0,0,0,0,0,0,0,0,0,0,5.0402740081144952e-20,0,0,0,0,0,0,0,0,0,8.3725776397916186e-10,0,0,0,0,0,0,0,0,0,0,0,0,0,0,0,0,0,0,0.99999999916274229,0,8.3725776403099124e-10,0.99999999916274229
68000,NORMAL,6.6980621122479305e-10,1,6.6980621122479305e-10,0.99999999933019379,0,UNKNOWN,0.20000000020094186,0,1,0,0.99999999933019379,0,0,0,0,0,45100,45100,0,0,0,1,1,0,1,1,0,1,1,0,1,1,0,1,1,0,1,1,0,0,0,0,0,0,0,0,0,0,0,0,0,0,0,4.0322192064915966e-20,0,0,0,0,0,0,0,0,0,6.6980621118332949e-10,0,0,0,0,0,0,0,0,0,0,0,0,0,0,0,0,0,0,0.99999999933019379,0,6.6980621122479305e-10,0.99999999933019379
68100,NORMAL,5.3584496897983442e-10,1,5.3584496897983442e-10,0.99999999946415508,0,UNKNOWN,0.2000000001607535,0,1,0,0.99999999946415508,0,0,0,0,0,45100,45100,0,0,0,1,1,0,1,1,0,1,1,0,1,1,0,1,1,0,1,1,0,0,0,0,0,0,0,0,0,0,0,0,0,0,0,3.2257753651932774e-20,0,0,0,0,0,0,0,0,0,5.3584496894666365e-10,0,0,0,0,0,0,0,0,0,0,0,0,0,0,0,0,0,0,0.99999999946415508,0,5.3584496897983442e-10,0.99999999946415508
68200,NORMAL,4.2867597518386754e-10,1,4.2867597518386754e-10,0.99999999957132402,0,UNKNOWN,0.20000000012860281,0,1,0,0.99999999957132402,0,0,0,0,0,45100,45100,0,0,0,1,1,0,1,1,0,1,1,0,1,1,0,1,1,0,1,1,0,0,0,0,0,0,0,0,0,0,0,0,0,0,0,2.5806202921546221e-20,0,0,0,0,0,0,0,0,0,4.2867597515733096e-10,0,0,0,0,0,0,0,0,0,0,0,0,0,0,0,0,0,0,0.99999999957132402,0,4.2867597518386754e-10,0.99999999957132402
68300,NORMAL,3.4294078014709403e-10,1,3.4294078014709403e-10,0.99999999965705921,0,UNKNOWN,0.20000000010288224,0,1,0,0.99999999965705921,0,0,0,0,0,45100,45100,0,0,0,1,1,0,1,1,0,1,1,0,1,1,0,1,1,0,1,1,0,0,0,0,0,0,0,0,0,0,0,0,0,0,0,2.0644962337236977e-20,0,0,0,0,0,0,0,0,0,3.429407801258648e-10,0,0,0,0,0,0,0,0,0,0,0,0,0,0,0,0,0,0,0.99999999965705921,0,3.4294078014709403e-10,0.99999999965705921
68400,NORMAL,2.7435262411767523e-10,1,2.7435262411767523e-10,0.99999999972564735,0,UNKNOWN,0.20000000008230578,0,1,0,0.99999999972564735,0,0,0,0,0,45100,45100,0,0,0,1,1,0,1,1,0,1,1,0,1,1,0,1,1,0,1,1,0,0,0,0,0,0,0,0,0,0,0,0,0,0,0,1.6515969869789582e-20,0,0,0,0,0,0,0,0,0,2.7435262410069187e-10,0,0,0,0,0,0,0,0,0,0,0,0,0,0,0,0,0,0,0.99999999972564735,0,2.7435262411767523e-10,0.99999999972564735
68500,NORMAL,2.1948209929414021e-10,1,2.1948209929414021e-10,0.9999999997805179,0,UNKNOWN,0.20000000006584462,0,1,0,0.9999999997805179,0,0,0,0,0,45100,45100,0,0,0,1,1,0,1,1,0,1,1,0,1,1,0,1,1,0,1,1,0,0,0,0,0,0,0,0,0,0,0,0,0,0,0,1.3212775895831666e-20,0,0,0,0,0,0,0,0,0,2.1948209928055351e-10,0,0,0,0,0,0,0,0,0,0,0,0,0,0,0,0,0,0,0.9999999997805179,0,2.1948209929414021e-10,0.9999999997805179
68600,NORMAL,1.7558567943531218e-10,1,1.7558567943531218e-10,0.99999999982441434,0,UNKNOWN,0.20000000005267571,0,1,0,0.99999999982441434,0,0,0,0,0,45100,45100,0,0,0,1,1,0,1,1,0,1,1,0,1,1,0,1,1,0,1,1,0,0,0,0,0,0,0,0,0,0,0,0,0,0,0,1.0570220716665333e-20,0,0,0,0,0,0,0,0,0,1.7558567942444282e-10,0,0,0,0,0,0,0,0,0,0,0,0,0,0,0,0,0,0,0.99999999982441434,0,1.7558567943531218e-10,0.99999999982441434
68700,NORMAL,1.4046854354824975e-10,1,1.4046854354824975e-10,0.99999999985953147,0,UNKNOWN,0.20000000004214055,0,1,0,0.99999999985953147,0,0,0,0,0,45100,45100,0,0,0,1,1,0,1,1,0,1,1,0,1,1,0,1,1,0,1,1,0,0,0,0,0,0,0,0,0,0,0,0,0,0,0,8.4561765733322678e-21,0,0,0,0,0,0,0,0,0,1.4046854353955427e-10,0,0,0,0,0,0,0,0,0,0,0,0,0,0,0,0,0,0,0.99999999985953147,0,1.4046854354824975e-10,0.99999999985953147
68800,NORMAL,1.1237483483859981e-10,1,1.1237483483859981e-10,0.99999999988762522,0,UNKNOWN,0.20000000003371246,0,1,0,0.99999999988762522,0,0,0,0,0,45100,45100,0,0,0,1,1,0,1,1,0,1,1,0,1,1,0,1,1,0,1,1,0,0,0,0,0,0,0,0,0,0,0,0,0,0,0,6.7649412586658147e-21,0,0,0,0,0,0,0,0,0,1.1237483483164343e-10,0,0,0,0,0,0,0,0,0,0,0,0,0,0,0,0,0,0,0.99999999988762522,0,1.1237483483859981e-10,0.99999999988762522
68900,NORMAL,8.9899867870879855e-11,1,8.9899867870879855e-11,0.99999999991010013,0,UNKNOWN,0.20000000002696997,0,1,0,0.99999999991010013,0,0,0,0,0,45100,45100,0,0,0,1,1,0,1,1,0,1,1,0,1,1,0,1,1,0,1,1,0,0,0,0,0,0,0,0,0,0,0,0,0,0,0,5.411953006932652e-21,0,0,0,0,0,0,0,0,0,8.9899867865314752e-11,0,0,0,0,0,0,0,0,0,0,0,0,0,0,0,0,0,0,0.99999999991010013,0,8.9899867870879855e-11,0.99999999991010013
69000,NORMAL,7.1919894296703895e-11,1,7.1919894296703895e-11,0.99999999992808009,0,UNKNOWN,0.20000000002157597,0,1,0,0.99999999992808009,0,0,0,0,0,45100,45100,0,0,0,1,1,0,1,1,0,1,1,0,1,1,0,1,1,0,1,1,0,0,0,0,0,0,0,0,0,0,0,0,0,0,0,4.3295624055461221e-21,0,0,0,0,0,0,0,0,0,7.1919894292251802e-11,0,0,0,0,0,0,0,0,0,0,0,0,0,0,0,0,0,0,0.99999999992808009,0,7.1919894296703895e-11,0.99999999992808009
69100,NORMAL,5.7535915437363125e-11,1,5.7535915437363125e-11,0.99999999994246414,0,UNKNOWN,0.20000000001726079,0,1,0,0.99999999994246414,0,0,0,0,0,45100,45100,0,0,0,1,1,0,1,1,0,1,1,0,1,1,0,1,1,0,1,1,0,0,0,0,0,0,0,0,0,0,0,0,0,0,0,3.4636499244368986e-21,0,0,0,0,0,0,0,0,0,5.7535915433801453e-11,0,0,0,0,0,0,0,0,0,0,0,0,0,0,0,0,0,0,0.99999999994246414,0,5.7535915437363125e-11,0.99999999994246414
69200,NORMAL,4.6028732349890504e-11,1,4.6028732349890504e-11,0.99999999995397126,0,UNKNOWN,0.20000000001380863,0,1,0,0.99999999995397126,0,0,0,0,0,45100,45100,0,0,0,1,1,0,1,1,0,1,1,0,1,1,0,1,1,0,1,1,0,0,0,0,0,0,0,0,0,0,0,0,0,0,0,2.7709199395495191e-21,0,0,0,0,0,0,0,0,0,4.6028732347041164e-11,0,0,0,0,0,0,0,0,0,0,0,0,0,0,0,0,0,0,0.99999999995397126,0,4.6028732349890504e-11,0.99999999995397126
69300,NORMAL,3.6822985879912407e-11,1,3.6822985879912407e-11,0.99999999996317701,0,UNKNOWN,0.2000000000110469,0,1,0,0.99999999996317701,0,0,0,0,0,45100,45100,0,0,0,1,1,0,1,1,0,1,1,0,1,1,0,1,1,0,1,1,0,0,0,0,0,0,0,0,0,0,0,0,0,0,0,2.2167359516396153e-21,0,0,0,0,0,0,0,0,0,3.6822985877632936e-11,0,0,0,0,0,0,0,0,0,0,0,0,0,0,0,0,0,0,0.99999999996317701,0,3.6822985879912407e-11,0.99999999996317701
69400,NORMAL,2.9458388703929927e-11,1,2.9458388703929927e-11,0.99999999997054156,0,UNKNOWN,0.2000000000088375,0,1,0,0.99999999997054156,0,0,0,0,0,45100,45100,0,0,0,1,1,0,1,1,0,1,1,0,1,1,0,1,1,0,1,1,0,0,0,0,0,0,0,0,0,0,0,0,0,0,0,1.7733887613116924e-21,0,0,0,0,0,0,0,0,0,2.9458388702106349e-11,0,0,0,0,0,0,0,0,0,0,0,0,0,0,0,0,0,0,0.99999999997054156,0,2.9458388703929927e-11,0.99999999997054156
69500,NORMAL,2.3566710963143944e-11,1,2.3566710963143944e-11,0.9999999999764333,0,UNKNOWN,0.20000000000707002,0,1,0,0.9999999999764333,0,0,0,0,0,45100,45100,0,0,0,1,1,0,1,1,0,1,1,0,1,1,0,1,1,0,1,1,0,0,0,0,0,0,0,0,0,0,0,0,0,0,0,1.418711009049354e-21,0,0,0,0,0,0,0,0,0,2.3566710961685082e-11,0,0,0,0,0,0,0,0,0,0,0,0,0,0,0,0,0,0,0.9999999999764333,0,2.3566710963143944e-11,0.9999999999764333
69600,NORMAL,1.8853368770515158e-11,1,1.8853368770515158e-11,0.99999999998114664,0,UNKNOWN,0.20000000000565601,0,1,0,0.99999999998114664,0,0,0,0,0,45100,45100,0,0,0,1,1,0,1,1,0,1,1,0,1,1,0,1,1,0,1,1,0,0,0,0,0,0,0,0,0,0,0,0,0,0,0,1.1349688072394834e-21,0,0,0,0,0,0,0,0,0,1.8853368769348067e-11,0,0,0,0,0,0,0,0,0,0,0,0,0,0,0,0,0,0,0.99999999998114664,0,1.8853368770515158e-11,0.99999999998114664
69700,NORMAL,1.5082695016412126e-11,1,1.5082695016412126e-11,0.99999999998491729,0,UNKNOWN,0.20000000000452481,0,1,0,0.99999999998491729,0,0,0,0,0,45100,45100,0,0,0,1,1,0,1,1,0,1,1,0,1,1,0,1,1,0,1,1,0,0,0,0,0,0,0,0,0,0,0,0,0,0,0,9.079750457915867e-22,0,0,0,0,0,0,0,0,0,1.5082695015478455e-11,0,0,0,0,0,0,0,0,0,0,0,0,0,0,0,0,0,0,0.99999999998491729,0,1.5082695016412126e-11,0.99999999998491729
69800,NORMAL,1.2066156013129701e-11,1,1.2066156013129701e-11,0.99999999998793387,0,UNKNOWN,0.20000000000361987,0,1,0,0.99999999998793387,0,0,0,0,0,45100,45100,0,0,0,1,1,0,1,1,0,1,1,0,1,1,0,1,1,0,1,1,0,0,0,0,0,0,0,0,0,0,0,0,0,0,0,7.2638003663326943e-22,0,0,0,0,0,0,0,0,0,1.2066156012382765e-11,0,0,0,0,0,0,0,0,0,0,0,0,0,0,0,0,0,0,0.99999999998793387,0,1.2066156013129701e-11,0.99999999998793387
69900,NORMAL,9.6529248105037611e-12,1,9.6529248105037611e-12,0.99999999999034705,0,UNKNOWN,0.20000000000289589,0,1,0,0.99999999999034705,0,0,0,0,0,45100,45100,0,0,0,1,1,0,1,1,0,1,1,0,1,1,0,1,1,0,1,1,0,0,0,0,0,0,0,0,0,0,0,0,0,0,0,5.8110402930661557e-22,0,0,0,0,0,0,0,0,0,9.6529248099062136e-12,0,0,0,0,0,0,0,0,0,0,0,0,0,0,0,0,0,0,0.99999999999034705,0,9.6529248105037611e-12,0.99999999999034705
70000,NORMAL,7.7223398484030086e-12,1,7.7223398484030086e-12,0.99999999999227762,0,UNKNOWN,0.20000000000231669,0,1,0,0.99999999999227762,0,0,0,0,0,45100,45100,0,0,0,1,1,0,1,1,0,1,1,0,1,1,0,1,1,0,1,1,0,0,0,0,0,0,0,0,0,0,0,0,0,0,0,4.6488322344529251e-22,0,0,0,0,0,0,0,0,0,7.7223398479249709e-12,0,0,0,0,0,0,0,0,0,0,0,0,0,0,0,0,0,0,0.99999999999227762,0,7.7223398484030086e-12,0.99999999999227762
70100,NORMAL,6.1778718787224082e-12,1,6.1778718787224082e-12,0.99999999999382216,0,UNKNOWN,0.20000000000185339,0,1,0,0.99999999999382216,0,0,0,0,0,45100,45100,0,0,0,1,1,0,1,1,0,1,1,0,1,1,0,1,1,0,1,1,0,0,0,0,0,0,0,0,0,0,0,0,0,0,0,3.7190657875623408e-22,0,0,0,0,0,0,0,0,0,6.1778718783399777e-12,0,0,0,0,0,0,0,0,0,0,0,0,0,0,0,0,0,0,0.99999999999382216,0,6.1778718787224082e-12,0.99999999999382216
70200,NORMAL,4.9422975029779272e-12,1,4.9422975029779272e-12,0.99999999999505773,0,UNKNOWN,0.20000000000148271,0,1,0,0.99999999999505773,0,0,0,0,0,45100,45100,0,0,0,1,1,0,1,1,0,1,1,0,1,1,0,1,1,0,1,1,0,0,0,0,0,0,0,0,0,0,0,0,0,0,0,2.975252630049873e-22,0,0,0,0,0,0,0,0,0,4.9422975026719826e-12,0,0,0,0,0,0,0,0,0,0,0,0,0,0,0,0,0,0,0.99999999999505773,0,4.9422975029779272e-12,0.99999999999505773
70300,NORMAL,3.9538380023823421e-12,1,3.9538380023823421e-12,0.99999999999604616,0,UNKNOWN,0.20000000000118615,0,1,0,0.99999999999604616,0,0,0,0,0,45100,45100,0,0,0,1,1,0,1,1,0,1,1,0,1,1,0,1,1,0,1,1,0,0,0,0,0,0,0,0,0,0,0,0,0,0,0,2.3802021040398987e-22,0,0,0,0,0,0,0,0,0,3.9538380021375863e-12,0,0,0,0,0,0,0,0,0,0,0,0,0,0,0,0,0,0,0.99999999999604616,0,3.9538380023823421e-12,0.99999999999604616
70400,NORMAL,3.1630704019058738e-12,1,3.1630704019058738e-12,0.99999999999683697,0,UNKNOWN,0.20000000000094895,0,1,0,0.99999999999683697,0,0,0,0,0,45100,45100,0,0,0,1,1,0,1,1,0,1,1,0,1,1,0,1,1,0,1,1,0,0,0,0,0,0,0,0,0,0,0,0,0,0,0,1.9041616832319191e-22,0,0,0,0,0,0,0,0,0,3.1630704017100691e-12,0,0,0,0,0,0,0,0,0,0,0,0,0,0,0,0,0,0,0.99999999999683697,0,3.1630704019058738e-12,0.99999999999683697
70500,NORMAL,2.5304563215246992e-12,1,2.5304563215246992e-12,0.99999999999746958,0,UNKNOWN,0.20000000000075915,0,1,0,0.99999999999746958,0,0,0,0,0,45100,45100,0,0,0,1,1,0,1,1,0,1,1,0,1,1,0,1,1,0,1,1,0,0,0,0,0,0,0,0,0,0,0,0,0,0,0,1.5233293465855353e-22,0,0,0,0,0,0,0,0,0,2.5304563213680555e-12,0,0,0,0,0,0,0,0,0,0,0,0,0,0,0,0,0,0,0.99999999999746958,0,2.5304563215246992e-12,0.99999999999746958
70600,NORMAL,2.0243650572197594e-12,1,2.0243650572197594e-12,0.99999999999797562,0,UNKNOWN,0.2000000000006073,0,1,0,0.99999999999797562,0,0,0,0,0,45100,45100,0,0,0,1,1,0,1,1,0,1,1,0,1,1,0,1,1,0,1,1,0,0,0,0,0,0,0,0,0,0,0,0,0,0,0,1.2186634772684283e-22,0,0,0,0,0,0,0,0,0,2.0243650570944443e-12,0,0,0,0,0,0,0,0,0,0,0,0,0,0,0,0,0,0,0.99999999999797562,0,2.0243650572197594e-12,0.99999999999797562
70700,NORMAL,1.6194920457758075e-12,1,1.6194920457758075e-12,0.99999999999838052,0,UNKNOWN,0.20000000000048584,0,1,0,0.99999999999838052,0,0,0,0,0,45100,45100,0,0,0,1,1,0,1,1,0,1,1,0,1,1,0,1,1,0,1,1,0,0,0,0,0,0,0,0,0,0,0,0,0,0,0,9.7493078181474271e-23,0,0,0,0,0,0,0,0,0,1.6194920456755555e-12,0,0,0,0,0,0,0,0,0,0,0,0,0,0,0,0,0,0,0.99999999999838052,0,1.6194920457758075e-12,0.99999999999838052
70800,NORMAL,1.295593636620646e-12,1,1.295593636620646e-12,0.99999999999870437,0,UNKNOWN,0.20000000000038867,0,1,0,0.99999999999870437,0,0,0,0,0,45100,45100,0,0,0,1,1,0,1,1,0,1,1,0,1,1,0,1,1,0,1,1,0,0,0,0,0,0,0,0,0,0,0,0,0,0,0,7.7994462545179422e-23,0,0,0,0,0,0,0,0,0,1.2955936365404445e-12,0,0,0,0,0,0,0,0,0,0,0,0,0,0,0,0,0,0,0.99999999999870437,0,1.295593636620646e-12,0.99999999999870437
70900,NORMAL,1.0364749092965168e-12,1,1.0364749092965168e-12,0.9999999999989635,0,UNKNOWN,0.20000000000031093,0,1,0,0.9999999999989635,0,0,0,0,0,45100,45100,0,0,0,1,1,0,1,1,0,1,1,0,1,1,0,1,1,0,1,1,0,0,0,0,0,0,0,0,0,0,0,0,0,0,0,6.2395570036143535e-23,0,0,0,0,0,0,0,0,0,1.0364749092323556e-12,0,0,0,0,0,0,0,0,0,0,0,0,0,0,0,0,0,0,0.9999999999989635,0,1.0364749092965168e-12,0.9999999999989635
71000,NORMAL,8.2917992743721352e-13,1,8.2917992743721352e-13,0.99999999999917077,0,UNKNOWN,0.20000000000024873,0,1,0,0.99999999999917077,0,0,0,0,0,45100,45100,0,0,0,1,1,0,1,1,0,1,1,0,1,1,0,1,1,0,1,1,0,0,0,0,0,0,0,0,0,0,0,0,0,0,0,4.9916456028914833e-23,0,0,0,0,0,0,0,0,0,8.291799273858845e-13,0,0,0,0,0,0,0,0,0,0,0,0,0,0,0,0,0,0,0.99999999999917077,0,8.2917992743721352e-13,0.99999999999917077
71100,NORMAL,6.6334394194977088e-13,1,6.6334394194977088e-13,0.99999999999933664,0,UNKNOWN,0.20000000000019902,0,1,0,0.99999999999933664,0,0,0,0,0,45100,45100,0,0,0,1,1,0,1,1,0,1,1,0,1,1,0,1,1,0,1,1,0,0,0,0,0,0,0,0,0,0,0,0,0,0,0,3.9933164823131871e-23,0,0,0,0,0,0,0,0,0,6.633439419087076e-13,0,0,0,0,0,0,0,0,0,0,0,0,0,0,0,0,0,0,0.99999999999933664,0,6.6334394194977088e-13,0.99999999999933664
71200,NORMAL,5.3067515355981674e-13,1,5.3067515355981674e-13,0.99999999999946931,0,UNKNOWN,0.20000000000015922,0,1,0,0.99999999999946931,0,0,0,0,0,45100,45100,0,0,0,1,1,0,1,1,0,1,1,0,1,1,0,1,1,0,1,1,0,0,0,0,0,0,0,0,0,0,0,0,0,0,0,3.1946531858505498e-23,0,0,0,0,0,0,0,0,0,5.306751535269661e-13,0,0,0,0,0,0,0,0,0,0,0,0,0,0,0,0,0,0,0.99999999999946931,0,5.3067515355981674e-13,0.99999999999946931
71300,NORMAL,4.2454012284785341e-13,1,4.2454012284785341e-13,0.99999999999957545,0,UNKNOWN,0.20000000000012735,0,1,0,0.99999999999957545,0,0,0,0,0,45100,45100,0,0,0,1,1,0,1,1,0,1,1,0,1,1,0,1,1,0,1,1,0,0,0,0,0,0,0,0,0,0,0,0,0,0,0,2.55572254868044e-23,0,0,0,0,0,0,0,0,0,4.245401228215729e-13,0,0,0,0,0,0,0,0,0,0,0,0,0,0,0,0,0,0,0.99999999999957545,0,4.2454012284785341e-13,0.99999999999957545
71400,NORMAL,3.3963209827828276e-13,1,3.3963209827828276e-13,0.99999999999966038,0,UNKNOWN,0.20000000000010187,0,1,0,0.99999999999966038,0,0,0,0,0,45100,45100,0,0,0,1,1,0,1,1,0,1,1,0,1,1,0,1,1,0,1,1,0,0,0,0,0,0,0,0,0,0,0,0,0,0,0,2.044578038944352e-23,0,0,0,0,0,0,0,0,0,3.3963209825725832e-13,0,0,0,0,0,0,0,0,0,0,0,0,0,0,0,0,0,0,0.99999999999966038,0,3.3963209827828276e-13,0.99999999999966038
71500,NORMAL,2.7170567862262622e-13,1,2.7170567862262622e-13,0.99999999999972833,0,UNKNOWN,0.20000000000008153,0,1,0,0.99999999999972833,0,0,0,0,0,45100,45100,0,0,0,1,1,0,1,1,0,1,1,0,1,1,0,1,1,0,1,1,0,0,0,0,0,0,0,0,0,0,0,0,0,0,0,1.6356624311554818e-23,0,0,0,0,0,0,0,0,0,2.7170567860580665e-13,0,0,0,0,0,0,0,0,0,0,0,0,0,0,0,0,0,0,0.99999999999972833,0,2.7170567862262622e-13,0.99999999999972833
71600,NORMAL,2.17364542898101e-13,1,2.17364542898101e-13,0.99999999999978262,0,UNKNOWN,0.20000000000006521,0,1,0,0.99999999999978262,0,0,0,0,0,45100,45100,0,0,0,1,1,0,1,1,0,1,1,0,1,1,0,1,1,0,1,1,0,0,0,0,0,0,0,0,0,0,0,0,0,0,0,1.3085299449243855e-23,0,0,0,0,0,0,0,0,0,2.1736454288464533e-13,0,0,0,0,0,0,0,0,0,0,0,0,0,0,0,0,0,0,0.99999999999978262,0,2.17364542898101e-13,0.99999999999978262
71700,NORMAL,1.7389163431848082e-13,1,1.7389163431848082e-13,0.99999999999982614,0,UNKNOWN,0.20000000000005219,0,1,0,0.99999999999982614,0,0,0,0,0,45100,45100,0,0,0,1,1,0,1,1,0,1,1,0,1,1,0,1,1,0,1,1,0,0,0,0,0,0,0,0,0,0,0,0,0,0,0,1.0468239559395085e-23,0,0,0,0,0,0,0,0,0,1.7389163430771626e-13,0,0,0,0,0,0,0,0,0,0,0,0,0,0,0,0,0,0,0.99999999999982614,0,1.7389163431848082e-13,0.99999999999982614
71800,NORMAL,1.3911330745478466e-13,1,1.3911330745478466e-13,0.99999999999986089,0,UNKNOWN,0.20000000000004173,0,1,0,0.99999999999986089,0,0,0,0,0,45100,45100,0,0,0,1,1,0,1,1,0,1,1,0,1,1,0,1,1,0,1,1,0,0,0,0,0,0,0,0,0,0,0,0,0,0,0,8.3745916475160689e-24,0,0,0,0,0,0,0,0,0,1.3911330744617303e-13,0,0,0,0,0,0,0,0,0,0,0,0,0,0,0,0,0,0,0.99999999999986089,0,1.3911330745478466e-13,0.99999999999986089
71900,NORMAL,1.1129064596382773e-13,1,1.1129064596382773e-13,0.99999999999988876,0,UNKNOWN,0.2000000000000334,0,1,0,0.99999999999988876,0,0,0,0,0,45100,45100,0,0,0,1,1,0,1,1,0,1,1,0,1,1,0,1,1,0,1,1,0,0,0,0,0,0,0,0,0,0,0,0,0,0,0,6.6996733180128548e-24,0,0,0,0,0,0,0,0,0,1.1129064595693843e-13,0,0,0,0,0,0,0,0,0,0,0,0,0,0,0,0,0,0,0.99999999999988876,0,1.1129064596382773e-13,0.99999999999988876
72000,NORMAL,8.9032516771062185e-14,1,8.9032516771062185e-14,0.99999999999991096,0,UNKNOWN,0.20000000000002671,0,1,0,0.99999999999991096,0,0,0,0,0,45100,45100,0,0,0,1,1,0,1,1,0,1,1,0,1,1,0,1,1,0,1,1,0,0,0,0,0,0,0,0,0,0,0,0,0,0,0,5.359738654410284e-24,0,0,0,0,0,0,0,0,0,8.9032516765550749e-14,0,0,0,0,0,0,0,0,0,0,0,0,0,0,0,0,0,0,0.99999999999991096,0,8.9032516771062185e-14,0.99999999999991096
72100,NORMAL,7.1226013416849748e-14,1,7.1226013416849748e-14,0.99999999999992872,0,UNKNOWN,0.20000000000002136,0,1,0,0.99999999999992872,0,0,0,0,0,45100,45100,0,0,0,1,1,0,1,1,0,1,1,0,1,1,0,1,1,0,1,1,0,0,0,0,0,0,0,0,0,0,0,0,0,0,0,4.2877909235282278e-24,0,0,0,0,0,0,0,0,0,7.1226013412440609e-14,0,0,0,0,0,0,0,0,0,0,0,0,0,0,0,0,0,0,0.99999999999992872,0,7.1226013416849748e-14,0.99999999999992872
72200,NORMAL,5.6980810733479809e-14,1,5.6980810733479809e-14,0.99999999999994305,0,UNKNOWN,0.20000000000001708,0,1,0,0.99999999999994305,0,0,0,0,0,45100,45100,0,0,0,1,1,0,1,1,0,1,1,0,1,1,0,1,1,0,1,1,0,0,0,0,0,0,0,0,0,0,0,0,0,0,0,3.4302327388225834e-24,0,0,0,0,0,0,0,0,0,5.6980810729952502e-14,0,0,0,0,0,0,0,0,0,0,0,0,0,0,0,0,0,0,0.99999999999994305,0,5.6980810733479809e-14,0.99999999999994305
72300,NORMAL,4.558464858678385e-14,1,4.558464858678385e-14,0.99999999999995448,0,UNKNOWN,0.20000000000001369,0,1,0,0.99999999999995448,0,0,0,0,0,45100,45100,0,0,0,1,1,0,1,1,0,1,1,0,1,1,0,1,1,0,1,1,0,0,0,0,0,0,0,0,0,0,0,0,0,0,0,2.7441861910580668e-24,0,0,0,0,0,0,0,0,0,4.5584648583962006e-14,0,0,0,0,0,0,0,0,0,0,0,0,0,0,0,0,0,0,0.99999999999995448,0,4.558464858678385e-14,0.99999999999995448
72400,NORMAL,3.6467718869427082e-14,1,3.6467718869427082e-14,0.99999999999996358,0,UNKNOWN,0.20000000000001095,0,1,0,0.99999999999996358,0,0,0,0,0,45100,45100,0,0,0,1,1,0,1,1,0,1,1,0,1,1,0,1,1,0,1,1,0,0,0,0,0,0,0,0,0,0,0,0,0,0,0,2.1953489528464537e-24,0,0,0,0,0,0,0,0,0,3.6467718867169608e-14,0,0,0,0,0,0,0,0,0,0,0,0,0,0,0,0,0,0,0.99999999999996358,0,3.6467718869427082e-14,0.99999999999996358
72500,NORMAL,2.9174175095541667e-14,1,2.9174175095541667e-14,0.99999999999997091,0,UNKNOWN,0.20000000000000878,0,1,0,0.99999999999997091,0,0,0,0,0,45100,45100,0,0,0,1,1,0,1,1,0,1,1,0,1,1,0,1,1,0,1,1,0,0,0,0,0,0,0,0,0,0,0,0,0,0,0,1.756279162277163e-24,0,0,0,0,0,0,0,0,0,2.9174175093735687e-14,0,0,0,0,0,0,0,0,0,0,0,0,0,0,0,0,0,0,0.99999999999997091,0,2.9174175095541667e-14,0.99999999999997091
72600,NORMAL,2.3339340076433336e-14,1,2.3339340076433336e-14,0.99999999999997669,0,UNKNOWN,0.20000000000000701,0,1,0,0.99999999999997669,0,0,0,0,0,45100,45100,0,0,0,1,1,0,1,1,0,1,1,0,1,1,0,1,1,0,1,1,0,0,0,0,0,0,0,0,0,0,0,0,0,0,0,1.4050233298217304e-24,0,0,0,0,0,0,0,0,0,2.333934007498855e-14,0,0,0,0,0,0,0,0,0,0,0,0,0,0,0,0,0,0,0.99999999999997669,0,2.3339340076433336e-14,0.99999999999997669
72700,NORMAL,1.867147206114667e-14,1,1.867147206114667e-14,0.99999999999998135,0,UNKNOWN,0.20000000000000559,0,1,0,0.99999999999998135,0,0,0,0,0,45100,45100,0,0,0,1,1,0,1,1,0,1,1,0,1,1,0,1,1,0,1,1,0,0,0,0,0,0,0,0,0,0,0,0,0,0,0,1.1240186638573845e-24,0,0,0,0,0,0,0,0,0,1.8671472059990841e-14,0,0,0,0,0,0,0,0,0,0,0,0,0,0,0,0,0,0,0.99999999999998135,0,1.867147206114667e-14,0.99999999999998135
72800,NORMAL,1.4937177648917338e-14,1,1.4937177648917338e-14,0.99999999999998512,0,UNKNOWN,0.20000000000000448,0,1,0,0.99999999999998512,0,0,0,0,0,45100,45100,0,0,0,1,1,0,1,1,0,1,1,0,1,1,0,1,1,0,1,1,0,0,0,0,0,0,0,0,0,0,0,0,0,0,0,8.9921493108590755e-25,0,0,0,0,0,0,0,0,0,1.4937177647992673e-14,0,0,0,0,0,0,0,0,0,0,0,0,0,0,0,0,0,0,0.99999999999998512,0,1.4937177648917338e-14,0.99999999999998512
72900,NORMAL,1.1949742119133871e-14,1,1.1949742119133871e-14,0.99999999999998812,0,UNKNOWN,0.20000000000000359,0,1,0,0.99999999999998812,0,0,0,0,0,45100,45100,0,0,0,1,1,0,1,1,0,1,1,0,1,1,0,1,1,0,1,1,0,0,0,0,0,0,0,0,0,0,0,0,0,0,0,7.193719448687261e-25,0,0,0,0,0,0,0,0,0,1.1949742118394139e-14,0,0,0,0,0,0,0,0,0,0,0,0,0,0,0,0,0,0,0.99999999999998812,0,1.1949742119133871e-14,0.99999999999998812
73000,NORMAL,9.559793695307098e-15,1,9.559793695307098e-15,0.99999999999999045,0,UNKNOWN,0.20000000000000287,0,1,0,0.99999999999999045,0,0,0,0,0,45100,45100,0,0,0,1,1,0,1,1,0,1,1,0,1,1,0,1,1,0,1,1,0,0,0,0,0,0,0,0,0,0,0,0,0,0,0,5.7549755589498091e-25,0,0,0,0,0,0,0,0,0,9.5597936947153119e-15,0,0,0,0,0,0,0,0,0,0,0,0,0,0,0,0,0,0,0.99999999999999045,0,9.559793695307098e-15,0.99999999999999045
73100,NORMAL,7.6478349562456794e-15,1,7.6478349562456794e-15,0.99999999999999234,0,UNKNOWN,0.20000000000000229,0,1,0,0.99999999999999234,0,0,0,0,0,45100,45100,0,0,0,1,1,0,1,1,0,1,1,0,1,1,0,1,1,0,1,1,0,0,0,0,0,0,0,0,0,0,0,0,0,0,0,4.6039804471598471e-25,0,0,0,0,0,0,0,0,0,7.6478349557722492e-15,0,0,0,0,0,0,0,0,0,0,0,0,0,0,0,0,0,0,0.99999999999999234,0,7.6478349562456794e-15,0.99999999999999234
73200,NORMAL,6.1182679649965435e-15,1,6.1182679649965435e-15,0.99999999999999389,0,UNKNOWN,0.20000000000000184,0,1,0,0.99999999999999389,0,0,0,0,0,45100,45100,0,0,0,1,1,0,1,1,0,1,1,0,1,1,0,1,1,0,1,1,0,0,0,0,0,0,0,0,0,0,0,0,0,0,0,3.6831843577278777e-25,0,0,0,0,0,0,0,0,0,6.1182679646177995e-15,0,0,0,0,0,0,0,0,0,0,0,0,0,0,0,0,0,0,0.99999999999999389,0,6.1182679649965435e-15,0.99999999999999389
73300,NORMAL,4.894614371997235e-15,1,4.894614371997235e-15,0.99999999999999512,0,UNKNOWN,0.20000000000000145,0,1,0,0.99999999999999512,0,0,0,0,0,45100,45100,0,0,0,1,1,0,1,1,0,1,1,0,1,1,0,1,1,0,1,1,0,0,0,0,0,0,0,0,0,0,0,0,0,0,0,2.9465474861823022e-25,0,0,0,0,0,0,0,0,0,4.8946143716942398e-15,0,0,0,0,0,0,0,0,0,0,0,0,0,0,0,0,0,0,0.99999999999999512,0,4.894614371997235e-15,0.99999999999999512
73400,NORMAL,3.9156914975977884e-15,1,3.9156914975977884e-15,0.99999999999999611,0,UNKNOWN,0.2000000000000012,0,1,0,0.99999999999999611,0,0,0,0,0,45100,45100,0,0,0,1,1,0,1,1,0,1,1,0,1,1,0,1,1,0,1,1,0,0,0,0,0,0,0,0,0,0,0,0,0,0,0,2.3572379889458419e-25,0,0,0,0,0,0,0,0,0,3.915691497355392e-15,0,0,0,0,0,0,0,0,0,0,0,0,0,0,0,0,0,0,0.99999999999999611,0,3.9156914975977884e-15,0.99999999999999611
73500,NORMAL,3.1325531980782309e-15,1,3.1325531980782309e-15,0.99999999999999689,0,UNKNOWN,0.20000000000000093,0,1,0,0.99999999999999689,0,0,0,0,0,45100,45100,0,0,0,1,1,0,1,1,0,1,1,0,1,1,0,1,1,0,1,1,0,0,0,0,0,0,0,0,0,0,0,0,0,0,0,1.8857903911566737e-25,0,0,0,0,0,0,0,0,0,3.1325531978843139e-15,0,0,0,0,0,0,0,0,0,0,0,0,0,0,0,0,0,0,0.99999999999999689,0,3.1325531980782309e-15,0.99999999999999689
73600,NORMAL,2.506042558462585e-15,1,2.506042558462585e-15,0.99999999999999756,0,UNKNOWN,0.20000000000000076,0,1,0,0.99999999999999756,0,0,0,0,0,45100,45100,0,0,0,1,1,0,1,1,0,1,1,0,1,1,0,1,1,0,1,1,0,0,0,0,0,0,0,0,0,0,0,0,0,0,0,1.5086323129253391e-25,0,0,0,0,0,0,0,0,0,2.5060425583074511e-15,0,0,0,0,0,0,0,0,0,0,0,0,0,0,0,0,0,0,0.99999999999999756,0,2.506042558462585e-15,0.99999999999999756
73700,NORMAL,2.0048340467700681e-15,1,2.0048340467700681e-15,0.999999999999998,0,UNKNOWN,0.20000000000000059,0,1,0,0.999999999999998,0,0,0,0,0,45100,45100,0,0,0,1,1,0,1,1,0,1,1,0,1,1,0,1,1,0,1,1,0,0,0,0,0,0,0,0,0,0,0,0,0,0,0,1.2069058503402714e-25,0,0,0,0,0,0,0,0,0,2.004834046645961e-15,0,0,0,0,0,0,0,0,0,0,0,0,0,0,0,0,0,0,0.999999999999998,0,2.0048340467700681e-15,0.999999999999998
73800,NORMAL,1.6038672374160546e-15,1,1.6038672374160546e-15,0.99999999999999845,0,UNKNOWN,0.20000000000000048,0,1,0,0.99999999999999845,0,0,0,0,0,45100,45100,0,0,0,1,1,0,1,1,0,1,1,0,1,1,0,1,1,0,1,1,0,0,0,0,0,0,0,0,0,0,0,0,0,0,0,9.6552468027221712e-26,0,0,0,0,0,0,0,0,0,1.6038672373167688e-15,0,0,0,0,0,0,0,0,0,0,0,0,0,0,0,0,0,0,0.99999999999999845,0,1.6038672374160546e-15,0.99999999999999845
73900,NORMAL,1.2830937899328437e-15,1,1.2830937899328437e-15,0.99999999999999878,0,UNKNOWN,0.2000000000000004,0,1,0,0.99999999999999878,0,0,0,0,0,45100,45100,0,0,0,1,1,0,1,1,0,1,1,0,1,1,0,1,1,0,1,1,0,0,0,0,0,0,0,0,0,0,0,0,0,0,0,7.7241974421777375e-26,0,0,0,0,0,0,0,0,0,1.2830937898534151e-15,0,0,0,0,0,0,0,0,0,0,0,0,0,0,0,0,0,0,0.99999999999999878,0,1.2830937899328437e-15,0.99999999999999878
74000,NORMAL,1.026475031946275e-15,1,1.026475031946275e-15,0.999999999999999,0,UNKNOWN,0.20000000000000029,0,1,0,0.999999999999999,0,0,0,0,0,45100,45100,0,0,0,1,1,0,1,1,0,1,1,0,1,1,0,1,1,0,1,1,0,0,0,0,0,0,0,0,0,0,0,0,0,0,0,6.1793579537421904e-26,0,0,0,0,0,0,0,0,0,1.0264750318827321e-15,0,0,0,0,0,0,0,0,0,0,0,0,0,0,0,0,0,0,0.999999999999999,0,1.026475031946275e-15,0.999999999999999
74100,NORMAL,8.2118002555702007e-16,1,8.2118002555702007e-16,0.99999999999999922,0,UNKNOWN,0.20000000000000026,0,1,0,0.99999999999999922,0,0,0,0,0,45100,45100,0,0,0,1,1,0,1,1,0,1,1,0,1,1,0,1,1,0,1,1,0,0,0,0,0,0,0,0,0,0,0,0,0,0,0,4.9434863629937526e-26,0,0,0,0,0,0,0,0,0,8.2118002550618567e-16,0,0,0,0,0,0,0,0,0,0,0,0,0,0,0,0,0,0,0.99999999999999922,0,8.2118002555702007e-16,0.99999999999999922
74200,NORMAL,6.5694402044561613e-16,1,6.5694402044561613e-16,0.99999999999999933,0,UNKNOWN,0.20000000000000021,0,1,0,0.99999999999999933,0,0,0,0,0,45100,45100,0,0,0,1,1,0,1,1,0,1,1,0,1,1,0,1,1,0,1,1,0,0,0,0,0,0,0,0,0,0,0,0,0,0,0,3.9547890903950022e-26,0,0,0,0,0,0,0,0,0,6.5694402040494858e-16,0,0,0,0,0,0,0,0,0,0,0,0,0,0,0,0,0,0,0.99999999999999933,0,6.5694402044561613e-16,0.99999999999999933
74300,NORMAL,5.2555521635649295e-16,1,5.2555521635649295e-16,0.99999999999999944,0,UNKNOWN,0.20000000000000015,0,1,0,0.99999999999999944,0,0,0,0,0,45100,45100,0,0,0,1,1,0,1,1,0,1,1,0,1,1,0,1,1,0,1,1,0,0,0,0,0,0,0,0,0,0,0,0,0,0,0,3.1638312723160022e-26,0,0,0,0,0,0,0,0,0,5.2555521632395884e-16,0,0,0,0,0,0,0,0,0,0,0,0,0,0,0,0,0,0,0.99999999999999944,0,5.2555521635649295e-16,0.99999999999999944
74400,NORMAL,4.204441730851944e-16,1,4.204441730851944e-16,0.99999999999999956,0,UNKNOWN,0.20000000000000012,0,1,0,0.99999999999999956,0,0,0,0,0,45100,45100,0,0,0,1,1,0,1,1,0,1,1,0,1,1,0,1,1,0,1,1,0,0,0,0,0,0,0,0,0,0,0,0,0,0,0,2.5310650178528018e-26,0,0,0,0,0,0,0,0,0,4.2044417305916711e-16,0,0,0,0,0,0,0,0,0,0,0,0,0,0,0,0,0,0,0.99999999999999956,0,4.204441730851944e-16,0.99999999999999956
74500,NORMAL,3.3635533846815554e-16,1,3.3635533846815554e-16,0.99999999999999967,0,UNKNOWN,0.20000000000000009,0,1,0,0.99999999999999967,0,0,0,0,0,45100,45100,0,0,0,1,1,0,1,1,0,1,1,0,1,1,0,1,1,0,1,1,0,0,0,0,0,0,0,0,0,0,0,0,0,0,0,2.0248520142822415e-26,0,0,0,0,0,0,0,0,0,3.363553384473337e-16,0,0,0,0,0,0,0,0,0,0,0,0,0,0,0,0,0,0,0.99999999999999967,0,3.3635533846815554e-16,0.99999999999999967
74600,NORMAL,2.6908427077452444e-16,1,2.6908427077452444e-16,0.99999999999999978,0,UNKNOWN,0.20000000000000009,0,1,0,0.99999999999999978,0,0,0,0,0,45100,45100,0,0,0,1,1,0,1,1,0,1,1,0,1,1,0,1,1,0,1,1,0,0,0,0,0,0,0,0,0,0,0,0,0,0,0,1.6198816114257933e-26,0,0,0,0,0,0,0,0,0,2.69084270757867e-16,0,0,0,0,0,0,0,0,0,0,0,0,0,0,0,0,0,0,0.99999999999999978,0,2.6908427077452444e-16,0.99999999999999978
74700,NORMAL,2.1526741661961956e-16,1,2.1526741661961956e-16,0.99999999999999978,0,UNKNOWN,0.20000000000000007,0,1,0,0.99999999999999978,0,0,0,0,0,45100,45100,0,0,0,1,1,0,1,1,0,1,1,0,1,1,0,1,1,0,1,1,0,0,0,0,0,0,0,0,0,0,0,0,0,0,0,1.2959052891406346e-26,0,0,0,0,0,0,0,0,0,2.1526741660629361e-16,0,0,0,0,0,0,0,0,0,0,0,0,0,0,0,0,0,0,0.99999999999999978,0,2.1526741661961956e-16,0.99999999999999978
74800,NORMAL,1.7221393329569567e-16,1,1.7221393329569567e-16,0.99999999999999978,0,UNKNOWN,0.20000000000000004,0,1,0,0.99999999999999978,0,0,0,0,0,45100,45100,0,0,0,1,1,0,1,1,0,1,1,0,1,1,0,1,1,0,1,1,0,0,0,0,0,0,0,0,0,0,0,0,0,0,0,1.0367242313125078e-26,0,0,0,0,0,0,0,0,0,1.722139332850349e-16,0,0,0,0,0,0,0,0,0,0,0,0,0,0,0,0,0,0,0.99999999999999978,0,1.7221393329569567e-16,0.99999999999999978
74900,NORMAL,1.3777114663655657e-16,1,1.3777114663655657e-16,0.99999999999999989,0,UNKNOWN,0.20000000000000004,0,1,0,0.99999999999999989,0,0,0,0,0,45100,45100,0,0,0,1,1,0,1,1,0,1,1,0,1,1,0,1,1,0,1,1,0,0,0,0,0,0,0,0,0,0,0,0,0,0,0,8.293793850500064e-27,0,0,0,0,0,0,0,0,0,1.3777114662802795e-16,0,0,0,0,0,0,0,0,0,0,0,0,0,0,0,0,0,0,0.99999999999999989,0,1.3777114663655657e-16,0.99999999999999989
75000,NORMAL,1.1021691730924526e-16,1,1.1021691730924526e-16,0.99999999999999989,0,UNKNOWN,0.20000000000000004,0,1,0,0.99999999999999989,0,0,0,0,0,45100,45100,0,0,0,1,1,0,1,1,0,1,1,0,1,1,0,1,1,0,1,1,0,0,0,0,0,0,0,0,0,0,0,0,0,0,0,6.6350350804000515e-27,0,0,0,0,0,0,0,0,0,1.1021691730242236e-16,0,0,0,0,0,0,0,0,0,0,0,0,0,0,0,0,0,0,0.99999999999999989,0,1.1021691730924526e-16,0.99999999999999989
75100,NORMAL,8.8173533847396209e-17,1,8.8173533847396209e-17,0.99999999999999989,0,UNKNOWN,0.20000000000000004,0,1,0,0.99999999999999989,0,0,0,0,0,45100,45100,0,0,0,1,1,0,1,1,0,1,1,0,1,1,0,1,1,0,1,1,0,0,0,0,0,0,0,0,0,0,0,0,0,0,0,5.3080280643200414e-27,0,0,0,0,0,0,0,0,0,8.8173533841937896e-17,0,0,0,0,0,0,0,0,0,0,0,0,0,0,0,0,0,0,0.99999999999999989,0,8.8173533847396209e-17,0.99999999999999989
75200,NORMAL,7.0538827077916975e-17,1,7.0538827077916975e-17,0.99999999999999989,0,UNKNOWN,0.20000000000000001,0,1,0,0.99999999999999989,0,0,0,0,0,45100,45100,0,0,0,1,1,0,1,1,0,1,1,0,1,1,0,1,1,0,1,1,0,0,0,0,0,0,0,0,0,0,0,0,0,0,0,4.2464224514560331e-27,0,0,0,0,0,0,0,0,0,7.0538827073550322e-17,0,0,0,0,0,0,0,0,0,0,0,0,0,0,0,0,0,0,0.99999999999999989,0,7.0538827077916975e-17,0.99999999999999989
75300,NORMAL,5.6431061662333582e-17,1,5.6431061662333582e-17,0.99999999999999989,0,UNKNOWN,0.20000000000000001,0,1,0,0.99999999999999989,0,0,0,0,0,45100,45100,0,0,0,1,1,0,1,1,0,1,1,0,1,1,0,1,1,0,1,1,0,0,0,0,0,0,0,0,0,0,0,0,0,0,0,3.3971379611648269e-27,0,0,0,0,0,0,0,0,0,5.643106165884026e-17,0,0,0,0,0,0,0,0,0,0,0,0,0,0,0,0,0,0,0.99999999999999989,0,5.6431061662333582e-17,0.99999999999999989
75400,NORMAL,4.5144849329866877e-17,1,4.5144849329866877e-17,1,0,UNKNOWN,0.20000000000000004,0,1,0,1,0,0,0,0,0,45100,45100,0,0,0,1,1,0,1,1,0,1,1,0,1,1,0,1,1,0,1,1,0,0,0,0,0,0,0,0,0,0,0,0,0,0,0,2.7177103689318621e-27,0,0,0,0,0,0,0,0,0,4.5144849327072214e-17,0,0,0,0,0,0,0,0,0,0,0,0,0,0,0,0,0,0,1,0,4.5144849329866877e-17,1
75500,NORMAL,3.6115879463893504e-17,1,3.6115879463893504e-17,1,0,UNKNOWN,0.20000000000000004,0,1,0,1,0,0,0,0,0,45100,45100,0,0,0,1,1,0,1,1,0,1,1,0,1,1,0,1,1,0,1,1,0,0,0,0,0,0,0,0,0,0,0,0,0,0,0,2.17416829514549e-27,0,0,0,0,0,0,0,0,0,3.6115879461657774e-17,0,0,0,0,0,0,0,0,0,0,0,0,0,0,0,0,0,0,1,0,3.6115879463893504e-17,1
75600,NORMAL,2.8892703571114807e-17,1,2.8892703571114807e-17,1,0,UNKNOWN,0.20000000000000004,0,1,0,1,0,0,0,0,0,45100,45100,0,0,0,1,1,0,1,1,0,1,1,0,1,1,0,1,1,0,1,1,0,0,0,0,0,0,0,0,0,0,0,0,0,0,0,1.7393346361163921e-27,0,0,0,0,0,0,0,0,0,2.8892703569326219e-17,0,0,0,0,0,0,0,0,0,0,0,0,0,0,0,0,0,0,1,0,2.8892703571114807e-17,1
75700,NORMAL,2.3114162856891847e-17,1,2.3114162856891847e-17,1,0,UNKNOWN,0.20000000000000001,0,1,0,1,0,0,0,0,0,45100,45100,0,0,0,1,1,0,1,1,0,1,1,0,1,1,0,1,1,0,1,1,0,0,0,0,0,0,0,0,0,0,0,0,0,0,0,1.3914677088931137e-27,0,0,0,0,0,0,0,0,0,2.3114162855460977e-17,0,0,0,0,0,0,0,0,0,0,0,0,0,0,0,0,0,0,1,0,2.3114162856891847e-17,1
75800,NORMAL,1.8491330285513479e-17,1,1.8491330285513479e-17,1,0,UNKNOWN,0.20000000000000001,0,1,0,1,0,0,0,0,0,45100,45100,0,0,0,1,1,0,1,1,0,1,1,0,1,1,0,1,1,0,1,1,0,0,0,0,0,0,0,0,0,0,0,0,0,0,0,1.1131741671144911e-27,0,0,0,0,0,0,0,0,0,1.8491330284368783e-17,0,0,0,0,0,0,0,0,0,0,0,0,0,0,0,0,0,0,1,0,1.8491330285513479e-17,1
75900,NORMAL,1.4793064228410784e-17,1,1.4793064228410784e-17,1,0,UNKNOWN,0.20000000000000001,0,1,0,1,0,0,0,0,0,45100,45100,0,0,0,1,1,0,1,1,0,1,1,0,1,1,0,1,1,0,1,1,0,0,0,0,0,0,0,0,0,0,0,0,0,0,0,8.9053933369159296e-28,0,0,0,0,0,0,0,0,0,1.4793064227495028e-17,0,0,0,0,0,0,0,0,0,0,0,0,0,0,0,0,0,0,1,0,1.4793064228410784e-17,1
76000,NORMAL,1.1834451382728628e-17,1,1.1834451382728628e-17,1,0,UNKNOWN,0.20000000000000001,0,1,0,1,0,0,0,0,0,45100,45100,0,0,0,1,1,0,1,1,0,1,1,0,1,1,0,1,1,0,1,1,0,0,0,0,0,0,0,0,0,0,0,0,0,0,0,7.1243146695327438e-28,0,0,0,0,0,0,0,0,0,1.1834451381996022e-17,0,0,0,0,0,0,0,0,0,0,0,0,0,0,0,0,0,0,1,0,1.1834451382728628e-17,1
76100,NORMAL,9.4675611061829021e-18,1,9.4675611061829021e-18,1,0,UNKNOWN,0.20000000000000001,0,1,0,1,0,0,0,0,0,45100,45100,0,0,0,1,1,0,1,1,0,1,1,0,1,1,0,1,1,0,1,1,0,0,0,0,0,0,0,0,0,0,0,0,0,0,0,5.6994517356261952e-28,0,0,0,0,0,0,0,0,0,9.4675611055968185e-18,0,0,0,0,0,0,0,0,0,0,0,0,0,0,0,0,0,0,1,0,9.4675611061829021e-18,1
76200,NORMAL,7.5740488849463216e-18,1,7.5740488849463216e-18,1,0,UNKNOWN,0.20000000000000001,0,1,0,1,0,0,0,0,0,45100,45100,0,0,0,1,1,0,1,1,0,1,1,0,1,1,0,1,1,0,1,1,0,0,0,0,0,0,0,0,0,0,0,0,0,0,0,4.5595613885009562e-28,0,0,0,0,0,0,0,0,0,7.5740488844774548e-18,0,0,0,0,0,0,0,0,0,0,0,0,0,0,0,0,0,0,1,0,7.5740488849463216e-18,1
76300,NORMAL,6.0592391079570573e-18,1,6.0592391079570573e-18,1,0,UNKNOWN,0.20000000000000001,0,1,0,1,0,0,0,0,0,45100,45100,0,0,0,1,1,0,1,1,0,1,1,0,1,1,0,1,1,0,1,1,0,0,0,0,0,0,0,0,0,0,0,0,0,0,0,3.6476491108007651e-28,0,0,0,0,0,0,0,0,0,6.059239107581964e-18,0,0,0,0,0,0,0,0,0,0,0,0,0,0,0,0,0,0,1,0,6.0592391079570573e-18,1
76400,NORMAL,4.8473912863656459e-18,1,4.8473912863656459e-18,1,0,UNKNOWN,0.20000000000000001,0,1,0,1,0,0,0,0,0,45100,45100,0,0,0,1,1,0,1,1,0,1,1,0,1,1,0,1,1,0,1,1,0,0,0,0,0,0,0,0,0,0,0,0,0,0,0,2.9181192886406122e-28,0,0,0,0,0,0,0,0,0,4.8473912860655713e-18,0,0,0,0,0,0,0,0,0,0,0,0,0,0,0,0,0,0,1,0,4.8473912863656459e-18,1
76500,NORMAL,3.8779130290925167e-18,1,3.8779130290925167e-18,1,0,UNKNOWN,0.20000000000000001,0,1,0,1,0,0,0,0,0,45100,45100,0,0,0,1,1,0,1,1,0,1,1,0,1,1,0,1,1,0,1,1,0,0,0,0,0,0,0,0,0,0,0,0,0,0,0,2.33449543091249e-28,0,0,0,0,0,0,0,0,0,3.8779130288524572e-18,0,0,0,0,0,0,0,0,0,0,0,0,0,0,0,0,0,0,1,0,3.8779130290925167e-18,1
76600,NORMAL,3.1023304232740134e-18,1,3.1023304232740134e-18,1,0,UNKNOWN,0.20000000000000001,0,1,0,1,0,0,0,0,0,45100,45100,0,0,0,1,1,0,1,1,0,1,1,0,1,1,0,1,1,0,1,1,0,0,0,0,0,0,0,0,0,0,0,0,0,0,0,1.8675963447299922e-28,0,0,0,0,0,0,0,0,0,3.1023304230819659e-18,0,0,0,0,0,0,0,0,0,0,0,0,0,0,0,0,0,0,1,0,3.1023304232740134e-18,1
76700,NORMAL,2.4818643386192108e-18,1,2.4818643386192108e-18,1,0,UNKNOWN,0.20000000000000001,0,1,0,1,0,0,0,0,0,45100,45100,0,0,0,1,1,0,1,1,0,1,1,0,1,1,0,1,1,0,1,1,0,0,0,0,0,0,0,0,0,0,0,0,0,0,0,1.4940770757839939e-28,0,0,0,0,0,0,0,0,0,2.4818643384655728e-18,0,0,0,0,0,0,0,0,0,0,0,0,0,0,0,0,0,0,1,0,2.4818643386192108e-18,1
76800,NORMAL,1.9854914708953689e-18,1,1.9854914708953689e-18,1,0,UNKNOWN,0.20000000000000001,0,1,0,1,0,0,0,0,0,45100,45100,0,0,0,1,1,0,1,1,0,1,1,0,1,1,0,1,1,0,1,1,0,0,0,0,0,0,0,0,0,0,0,0,0,0,0,1.1952616606271951e-28,0,0,0,0,0,0,0,0,0,1.9854914707724583e-18,0,0,0,0,0,0,0,0,0,0,0,0,0,0,0,0,0,0,1,0,1.9854914708953689e-18,1
76900,NORMAL,1.5883931767162952e-18,1,1.5883931767162952e-18,1,0,UNKNOWN,0.20000000000000001,0,1,0,1,0,0,0,0,0,45100,45100,0,0,0,1,1,0,1,1,0,1,1,0,1,1,0,1,1,0,1,1,0,0,0,0,0,0,0,0,0,0,0,0,0,0,0,9.5620932850175616e-29,0,0,0,0,0,0,0,0,0,1.5883931766179667e-18,0,0,0,0,0,0,0,0,0,0,0,0,0,0,0,0,0,0,1,0,1.5883931767162952e-18,1
77000,NORMAL,1.2707145413730362e-18,1,1.2707145413730362e-18,1,0,UNKNOWN,0.20000000000000001,0,1,0,1,0,0,0,0,0,45100,45100,0,0,0,1,1,0,1,1,0,1,1,0,1,1,0,1,1,0,1,1,0,0,0,0,0,0,0,0,0,0,0,0,0,0,0,7.6496746280140497e-29,0,0,0,0,0,0,0,0,0,1.2707145412943735e-18,0,0,0,0,0,0,0,0,0,0,0,0,0,0,0,0,0,0,1,0,1.2707145413730362e-18,1
77100,NORMAL,1.0165716330984289e-18,1,1.0165716330984289e-18,1,0,UNKNOWN,0.20000000000000001,0,1,0,1,0,0,0,0,0,45100,45100,0,0,0,1,1,0,1,1,0,1,1,0,1,1,0,1,1,0,1,1,0,0,0,0,0,0,0,0,0,0,0,0,0,0,0,6.1197397024112407e-29,0,0,0,0,0,0,0,0,0,1.0165716330354988e-18,0,0,0,0,0,0,0,0,0,0,0,0,0,0,0,0,0,0,1,0,1.0165716330984289e-18,1
77200,NORMAL,8.1325730647874323e-19,1,8.1325730647874323e-19,1,0,UNKNOWN,0.20000000000000001,0,1,0,1,0,0,0,0,0,45100,45100,0,0,0,1,1,0,1,1,0,1,1,0,1,1,0,1,1,0,1,1,0,0,0,0,0,0,0,0,0,0,0,0,0,0,0,4.8957917619289927e-29,0,0,0,0,0,0,0,0,0,8.1325730642839904e-19,0,0,0,0,0,0,0,0,0,0,0,0,0,0,0,0,0,0,1,0,8.1325730647874323e-19,1
77300,NORMAL,6.5060584518299464e-19,1,6.5060584518299464e-19,1,0,UNKNOWN,0.20000000000000001,0,1,0,1,0,0,0,0,0,45100,45100,0,0,0,1,1,0,1,1,0,1,1,0,1,1,0,1,1,0,1,1,0,0,0,0,0,0,0,0,0,0,0,0,0,0,0,3.9166334095431942e-29,0,0,0,0,0,0,0,0,0,6.5060584514271931e-19,0,0,0,0,0,0,0,0,0,0,0,0,0,0,0,0,0,0,1,0,6.5060584518299464e-19,1
77400,NORMAL,5.2048467614639579e-19,1,5.2048467614639579e-19,1,0,UNKNOWN,0.20000000000000001,0,1,0,1,0,0,0,0,0,45100,45100,0,0,0,1,1,0,1,1,0,1,1,0,1,1,0,1,1,0,1,1,0,0,0,0,0,0,0,0,0,0,0,0,0,0,0,3.1333067276345555e-29,0,0,0,0,0,0,0,0,0,5.2048467611417546e-19,0,0,0,0,0,0,0,0,0,0,0,0,0,0,0,0,0,0,1,0,5.2048467614639579e-19,1
77500,NORMAL,4.1638774091711665e-19,1,4.1638774091711665e-19,1,0,UNKNOWN,0.20000000000000001,0,1,0,1,0,0,0,0,0,45100,45100,0,0,0,1,1,0,1,1,0,1,1,0,1,1,0,1,1,0,1,1,0,0,0,0,0,0,0,0,0,0,0,0,0,0,0,2.5066453821076445e-29,0,0,0,0,0,0,0,0,0,4.1638774089134039e-19,0,0,0,0,0,0,0,0,0,0,0,0,0,0,0,0,0,0,1,0,4.1638774091711665e-19,1
77600,NORMAL,3.3311019273369336e-19,1,3.3311019273369336e-19,1,0,UNKNOWN,0.20000000000000001,0,1,0,1,0,0,0,0,0,45100,45100,0,0,0,1,1,0,1,1,0,1,1,0,1,1,0,1,1,0,1,1,0,0,0,0,0,0,0,0,0,0,0,0,0,0,0,2.0053163056861157e-29,0,0,0,0,0,0,0,0,0,3.3311019271307233e-19,0,0,0,0,0,0,0,0,0,0,0,0,0,0,0,0,0,0,1,0,3.3311019273369336e-19,1
77700,NORMAL,2.6648815418695472e-19,1,2.6648815418695472e-19,1,0,UNKNOWN,0.20000000000000001,0,1,0,1,0,0,0,0,0,45100,45100,0,0,0,1,1,0,1,1,0,1,1,0,1,1,0,1,1,0,1,1,0,0,0,0,0,0,0,0,0,0,0,0,0,0,0,1.6042530445488926e-29,0,0,0,0,0,0,0,0,0,2.6648815417045788e-19,0,0,0,0,0,0,0,0,0,0,0,0,0,0,0,0,0,0,1,0,2.6648815418695472e-19,1
77800,NORMAL,2.1319052334956379e-19,1,2.1319052334956379e-19,1,0,UNKNOWN,0.20000000000000001,0,1,0,1,0,0,0,0,0,45100,45100,0,0,0,1,1,0,1,1,0,1,1,0,1,1,0,1,1,0,1,1,0,0,0,0,0,0,0,0,0,0,0,0,0,0,0,1.2834024356391141e-29,0,0,0,0,0,0,0,0,0,2.1319052333636631e-19,0,0,0,0,0,0,0,0,0,0,0,0,0,0,0,0,0,0,1,0,2.1319052334956379e-19,1
77900,NORMAL,1.7055241867965104e-19,1,1.7055241867965104e-19,1,0,UNKNOWN,0.20000000000000001,0,1,0,1,0,0,0,0,0,45100,45100,0,0,0,1,1,0,1,1,0,1,1,0,1,1,0,1,1,0,1,1,0,0,0,0,0,0,0,0,0,0,0,0,0,0,0,1.0267219485112914e-29,0,0,0,0,0,0,0,0,0,1.7055241866909304e-19,0,0,0,0,0,0,0,0,0,0,0,0,0,0,0,0,0,0,1,0,1.7055241867965104e-19,1
78000,NORMAL,1.3644193494372083e-19,1,1.3644193494372083e-19,1,0,UNKNOWN,0.20000000000000001,0,1,0,1,0,0,0,0,0,45100,45100,0,0,0,1,1,0,1,1,0,1,1,0,1,1,0,1,1,0,1,1,0,0,0,0,0,0,0,0,0,0,0,0,0,0,0,8.2137755880903312e-30,0,0,0,0,0,0,0,0,0,1.3644193493527445e-19,0,0,0,0,0,0,0,0,0,0,0,0,0,0,0,0,0,0,1,0,1.3644193494372083e-19,1
78100,NORMAL,1.0915354795497667e-19,1,1.0915354795497667e-19,1,0,UNKNOWN,0.20000000000000001,0,1,0,1,0,0,0,0,0,45100,45100,0,0,0,1,1,0,1,1,0,1,1,0,1,1,0,1,1,0,1,1,0,0,0,0,0,0,0,0,0,0,0,0,0,0,0,6.5710204704722656e-30,0,0,0,0,0,0,0,0,0,1.0915354794821956e-19,0,0,0,0,0,0,0,0,0,0,0,0,0,0,0,0,0,0,1,0,1.0915354795497667e-19,1
78200,NORMAL,8.7322838363981335e-20,1,8.7322838363981335e-20,1,0,UNKNOWN,0.20000000000000001,0,1,0,1,0,0,0,0,0,45100,45100,0,0,0,1,1,0,1,1,0,1,1,0,1,1,0,1,1,0,1,1,0,0,0,0,0,0,0,0,0,0,0,0,0,0,0,5.2568163763778127e-30,0,0,0,0,0,0,0,0,0,8.7322838358575659e-20,0,0,0,0,0,0,0,0,0,0,0,0,0,0,0,0,0,0,1,0,8.7322838363981335e-20,1
78300,NORMAL,6.9858270691185073e-20,1,6.9858270691185073e-20,1,0,UNKNOWN,0.20000000000000001,0,1,0,1,0,0,0,0,0,45100,45100,0,0,0,1,1,0,1,1,0,1,1,0,1,1,0,1,1,0,1,1,0,0,0,0,0,0,0,0,0,0,0,0,0,0,0,4.2054531011022506e-30,0,0,0,0,0,0,0,0,0,6.985827068686053e-20,0,0,0,0,0,0,0,0,0,0,0,0,0,0,0,0,0,0,1,0,6.9858270691185073e-20,1
78400,NORMAL,5.5886616552948056e-20,1,5.5886616552948056e-20,1,0,UNKNOWN,0.20000000000000001,0,1,0,1,0,0,0,0,0,45100,45100,0,0,0,1,1,0,1,1,0,1,1,0,1,1,0,1,1,0,1,1,0,0,0,0,0,0,0,0,0,0,0,0,0,0,0,3.3643624808818006e-30,0,0,0,0,0,0,0,0,0,5.5886616549488424e-20,0,0,0,0,0,0,0,0,0,0,0,0,0,0,0,0,0,0,1,0,5.5886616552948056e-20,1
78500,NORMAL,4.4709293242358446e-20,1,4.4709293242358446e-20,1,0,UNKNOWN,0.20000000000000001,0,1,0,1,0,0,0,0,0,45100,45100,0,0,0,1,1,0,1,1,0,1,1,0,1,1,0,1,1,0,1,1,0,0,0,0,0,0,0,0,0,0,0,0,0,0,0,2.6914899847054407e-30,0,0,0,0,0,0,0,0,0,4.470929323959074e-20,0,0,0,0,0,0,0,0,0,0,0,0,0,0,0,0,0,0,1,0,4.4709293242358446e-20,1
78600,NORMAL,3.5767434593886757e-20,1,3.5767434593886757e-20,1,0,UNKNOWN,0.20000000000000001,0,1,0,1,0,0,0,0,0,45100,45100,0,0,0,1,1,0,1,1,0,1,1,0,1,1,0,1,1,0,1,1,0,0,0,0,0,0,0,0,0,0,0,0,0,0,0,2.1531919877643528e-30,0,0,0,0,0,0,0,0,0,3.5767434591672593e-20,0,0,0,0,0,0,0,0,0,0,0,0,0,0,0,0,0,0,1,0,3.5767434593886757e-20,1
78700,NORMAL,2.8613947675109405e-20,1,2.8613947675109405e-20,1,0,UNKNOWN,0.20000000000000001,0,1,0,1,0,0,0,0,0,45100,45100,0,0,0,1,1,0,1,1,0,1,1,0,1,1,0,1,1,0,1,1,0,0,0,0,0,0,0,0,0,0,0,0,0,0,0,1.7225535902114822e-30,0,0,0,0,0,0,0,0,0,2.8613947673338073e-20,0,0,0,0,0,0,0,0,0,0,0,0,0,0,0,0,0,0,1,0,2.8613947675109405e-20,1
78800,NORMAL,2.2891158140087525e-20,1,2.2891158140087525e-20,1,0,UNKNOWN,0.20000000000000001,0,1,0,1,0,0,0,0,0,45100,45100,0,0,0,1,1,0,1,1,0,1,1,0,1,1,0,1,1,0,1,1,0,0,0,0,0,0,0,0,0,0,0,0,0,0,0,1.3780428721691858e-30,0,0,0,0,0,0,0,0,0,2.2891158138670459e-20,0,0,0,0,0,0,0,0,0,0,0,0,0,0,0,0,0,0,1,0,2.2891158140087525e-20,1
78900,NORMAL,1.8312926512070021e-20,1,1.8312926512070021e-20,1,0,UNKNOWN,0.20000000000000001,0,1,0,1,0,0,0,0,0,45100,45100,0,0,0,1,1,0,1,1,0,1,1,0,1,1,0,1,1,0,1,1,0,0,0,0,0,0,0,0,0,0,0,0,0,0,0,1.1024342977353488e-30,0,0,0,0,0,0,0,0,0,1.8312926510936367e-20,0,0,0,0,0,0,0,0,0,0,0,0,0,0,0,0,0,0,1,0,1.8312926512070021e-20,1
79000,NORMAL,1.4650341209656017e-20,1,1.4650341209656017e-20,1,0,UNKNOWN,0.20000000000000001,0,1,0,1,0,0,0,0,0,45100,45100,0,0,0,1,1,0,1,1,0,1,1,0,1,1,0,1,1,0,1,1,0,0,0,0,0,0,0,0,0,0,0,0,0,0,0,8.8194743818827909e-31,0,0,0,0,0,0,0,0,0,1.4650341208749094e-20,0,0,0,0,0,0,0,0,0,0,0,0,0,0,0,0,0,0,1,0,1.4650341209656017e-20,1
79100,NORMAL,1.1720272967724815e-20,1,1.1720272967724815e-20,1,0,UNKNOWN,0.20000000000000001,0,1,0,1,0,0,0,0,0,45100,45100,0,0,0,1,1,0,1,1,0,1,1,0,1,1,0,1,1,0,1,1,0,0,0,0,0,0,0,0,0,0,0,0,0,0,0,7.0555795055062332e-31,0,0,0,0,0,0,0,0,0,1.1720272966999275e-20,0,0,0,0,0,0,0,0,0,0,0,0,0,0,0,0,0,0,1,0,1.1720272967724815e-20,1
79200,NORMAL,9.3762183741798527e-21,1,9.3762183741798527e-21,1,0,UNKNOWN,0.20000000000000001,0,1,0,1,0,0,0,0,0,45100,45100,0,0,0,1,1,0,1,1,0,1,1,0,1,1,0,1,1,0,1,1,0,0,0,0,0,0,0,0,0,0,0,0,0,0,0,5.6444636044049871e-31,0,0,0,0,0,0,0,0,0,9.376218373599421e-21,0,0,0,0,0,0,0,0,0,0,0,0,0,0,0,0,0,0,1,0,9.3762183741798527e-21,1
79300,NORMAL,7.5009746993438819e-21,1,7.5009746993438819e-21,1,0,UNKNOWN,0.20000000000000001,0,1,0,1,0,0,0,0,0,45100,45100,0,0,0,1,1,0,1,1,0,1,1,0,1,1,0,1,1,0,1,1,0,0,0,0,0,0,0,0,0,0,0,0,0,0,0,4.51557088352399e-31,0,0,0,0,0,0,0,0,0,7.5009746988795371e-21,0,0,0,0,0,0,0,0,0,0,0,0,0,0,0,0,0,0,1,0,7.5009746993438819e-21,1
79400,NORMAL,6.0007797594751055e-21,1,6.0007797594751055e-21,1,0,UNKNOWN,0.20000000000000001,0,1,0,1,0,0,0,0,0,45100,45100,0,0,0,1,1,0,1,1,0,1,1,0,1,1,0,1,1,0,1,1,0,0,0,0,0,0,0,0,0,0,0,0,0,0,0,3.6124567068191924e-31,0,0,0,0,0,0,0,0,0,6.0007797591036297e-21,0,0,0,0,0,0,0,0,0,0,0,0,0,0,0,0,0,0,1,0,6.0007797594751055e-21,1
79500,NORMAL,4.800623807580085e-21,1,4.800623807580085e-21,1,0,UNKNOWN,0.20000000000000001,0,1,0,1,0,0,0,0,0,45100,45100,0,0,0,1,1,0,1,1,0,1,1,0,1,1,0,1,1,0,1,1,0,0,0,0,0,0,0,0,0,0,0,0,0,0,0,2.8899653654553539e-31,0,0,0,0,0,0,0,0,0,4.8006238072829042e-21,0,0,0,0,0,0,0,0,0,0,0,0,0,0,0,0,0,0,1,0,4.800623807580085e-21,1
79600,NORMAL,3.8404990460640684e-21,1,3.8404990460640684e-21,1,0,UNKNOWN,0.20000000000000001,0,1,0,1,0,0,0,0,0,45100,45100,0,0,0,1,1,0,1,1,0,1,1,0,1,1,0,1,1,0,1,1,0,0,0,0,0,0,0,0,0,0,0,0,0,0,0,2.311972292364283e-31,0,0,0,0,0,0,0,0,0,3.8404990458263237e-21,0,0,0,0,0,0,0,0,0,0,0,0,0,0,0,0,0,0,1,0,3.8404990460640684e-21,1
79700,NORMAL,3.0723992368512548e-21,1,3.0723992368512548e-21,1,0,UNKNOWN,0.20000000000000001,0,1,0,1,0,0,0,0,0,45100,45100,0,0,0,1,1,0,1,1,0,1,1,0,1,1,0,1,1,0,1,1,0,0,0,0,0,0,0,0,0,0,0,0,0,0,0,1.8495778338914265e-31,0,0,0,0,0,0,0,0,0,3.0723992366610591e-21,0,0,0,0,0,0,0,0,0,0,0,0,0,0,0,0,0,0,1,0,3.0723992368512548e-21,1
79800,NORMAL,2.457919389481004e-21,1,2.457919389481004e-21,1,0,UNKNOWN,0.20000000000000001,0,1,0,1,0,0,0,0,0,45100,45100,0,0,0,1,1,0,1,1,0,1,1,0,1,1,0,1,1,0,1,1,0,0,0,0,0,0,0,0,0,0,0,0,0,0,0,1.4796622671131413e-31,0,0,0,0,0,0,0,0,0,2.4579193893288473e-21,0,0,0,0,0,0,0,0,0,0,0,0,0,0,0,0,0,0,1,0,2.457919389481004e-21,1
79900,NORMAL,1.9663355115848034e-21,1,1.9663355115848034e-21,1,0,UNKNOWN,0.20000000000000001,0,1,0,1,0,0,0,0,0,45100,45100,0,0,0,1,1,0,1,1,0,1,1,0,1,1,0,1,1,0,1,1,0,0,0,0,0,0,0,0,0,0,0,0,0,0,0,1.1837298136905131e-31,0,0,0,0,0,0,0,0,0,1.9663355114630779e-21,0,0,0,0,0,0,0,0,0,0,0,0,0,0,0,0,0,0,1,0,1.9663355115848034e-21,1
80000,NORMAL,1.5730684092678428e-21,1,1.5730684092678428e-21,1,0,UNKNOWN,0.20000000000000001,0,1,0,1,0,0,0,0,0,45100,45100,0,0,0,1,1,0,1,1,0,1,1,0,1,1,0,1,1,0,1,1,0,0,0,0,0,0,0,0,0,0,0,0,0,0,0,9.469838509524105e-32,0,0,0,0,0,0,0,0,0,1.5730684091704624e-21,0,0,0,0,0,0,0,0,0,0,0,0,0,0,0,0,0,0,1,0,1.5730684092678428e-21,1
80100,NORMAL,1.2584547274142743e-21,1,1.2584547274142743e-21,1,0,UNKNOWN,0.20000000000000001,0,1,0,1,0,0,0,0,0,45100,45100,0,0,0,1,1,0,1,1,0,1,1,0,1,1,0,1,1,0,1,1,0,0,0,0,0,0,0,0,0,0,0,0,0,0,0,7.5758708076192847e-32,0,0,0,0,0,0,0,0,0,1.2584547273363701e-21,0,0,0,0,0,0,0,0,0,0,0,0,0,0,0,0,0,0,1,0,1.2584547274142743e-21,1
80200,NORMAL,1.0067637819314194e-21,1,1.0067637819314194e-21,1,0,UNKNOWN,0.20000000000000001,0,1,0,1,0,0,0,0,0,45100,45100,0,0,0,1,1,0,1,1,0,1,1,0,1,1,0,1,1,0,1,1,0,0,0,0,0,0,0,0,0,0,0,0,0,0,0,6.0606966460954286e-32,0,0,0,0,0,0,0,0,0,1.006763781869096e-21,0,0,0,0,0,0,0,0,0,0,0,0,0,0,0,0,0,0,1,0,1.0067637819314194e-21,1
80300,NORMAL,8.0541102554513558e-22,1,8.0541102554513558e-22,1,0,UNKNOWN,0.20000000000000001,0,1,0,1,0,0,0,0,0,45100,45100,0,0,0,1,1,0,1,1,0,1,1,0,1,1,0,1,1,0,1,1,0,0,0,0,0,0,0,0,0,0,0,0,0,0,0,4.848557316876343e-32,0,0,0,0,0,0,0,0,0,8.0541102549527685e-22,0,0,0,0,0,0,0,0,0,0,0,0,0,0,0,0,0,0,1,0,8.0541102554513558e-22,1
80400,NORMAL,6.4432882043610854e-22,1,6.4432882043610854e-22,1,0,UNKNOWN,0.20000000000000001,0,1,0,1,0,0,0,0,0,45100,45100,0,0,0,1,1,0,1,1,0,1,1,0,1,1,0,1,1,0,1,1,0,0,0,0,0,0,0,0,0,0,0,0,0,0,0,3.8788458535010745e-32,0,0,0,0,0,0,0,0,0,6.4432882039622148e-22,0,0,0,0,0,0,0,0,0,0,0,0,0,0,0,0,0,0,1,0,6.4432882043610854e-22,1
80500,NORMAL,5.1546305634888683e-22,1,5.1546305634888683e-22,1,0,UNKNOWN,0.20000000000000001,0,1,0,1,0,0,0,0,0,45100,45100,0,0,0,1,1,0,1,1,0,1,1,0,1,1,0,1,1,0,1,1,0,0,0,0,0,0,0,0,0,0,0,0,0,0,0,3.1030766828008596e-32,0,0,0,0,0,0,0,0,0,5.1546305631697724e-22,0,0,0,0,0,0,0,0,0,0,0,0,0,0,0,0,0,0,1,0,5.1546305634888683e-22,1
80600,NORMAL,4.1237044507910949e-22,1,4.1237044507910949e-22,1,0,UNKNOWN,0.20000000000000001,0,1,0,1,0,0,0,0,0,45100,45100,0,0,0,1,1,0,1,1,0,1,1,0,1,1,0,1,1,0,1,1,0,0,0,0,0,0,0,0,0,0,0,0,0,0,0,2.4824613462406876e-32,0,0,0,0,0,0,0,0,0,4.123704450535818e-22,0,0,0,0,0,0,0,0,0,0,0,0,0,0,0,0,0,0,1,0,4.1237044507910949e-22,1
80700,NORMAL,3.298963560632876e-22,1,3.298963560632876e-22,1,0,UNKNOWN,0.20000000000000001,0,1,0,1,0,0,0,0,0,45100,45100,0,0,0,1,1,0,1,1,0,1,1,0,1,1,0,1,1,0,1,1,0,0,0,0,0,0,0,0,0,0,0,0,0,0,0,1.9859690769925501e-32,0,0,0,0,0,0,0,0,0,3.2989635604286545e-22,0,0,0,0,0,0,0,0,0,0,0,0,0,0,0,0,0,0,1,0,3.298963560632876e-22,1
80800,NORMAL,2.639170848506301e-22,1,2.639170848506301e-22,1,0,UNKNOWN,0.20000000000000001,0,1,0,1,0,0,0,0,0,45100,45100,0,0,0,1,1,0,1,1,0,1,1,0,1,1,0,1,1,0,1,1,0,0,0,0,0,0,0,0,0,0,0,0,0,0,0,1.5887752615940401e-32,0,0,0,0,0,0,0,0,0,2.6391708483429237e-22,0,0,0,0,0,0,0,0,0,0,0,0,0,0,0,0,0,0,1,0,2.639170848506301e-22,1
80900,NORMAL,2.1113366788050408e-22,1,2.1113366788050408e-22,1,0,UNKNOWN,0.20000000000000001,0,1,0,1,0,0,0,0,0,45100,45100,0,0,0,1,1,0,1,1,0,1,1,0,1,1,0,1,1,0,1,1,0,0,0,0,0,0,0,0,0,0,0,0,0,0,0,1.2710202092752322e-32,0,0,0,0,0,0,0,0,0,2.111336678674339e-22,0,0,0,0,0,0,0,0,0,0,0,0,0,0,0,0,0,0,1,0,2.1113366788050408e-22,1
81000,NORMAL,1.6890693430440327e-22,1,1.6890693430440327e-22,1,0,UNKNOWN,0.20000000000000001,0,1,0,1,0,0,0,0,0,45100,45100,0,0,0,1,1,0,1,1,0,1,1,0,1,1,0,1,1,0,1,1,0,0,0,0,0,0,0,0,0,0,0,0,0,0,0,1.0168161674201859e-32,0,0,0,0,0,0,0,0,0,1.6890693429394713e-22,0,0,0,0,0,0,0,0,0,0,0,0,0,0,0,0,0,0,1,0,1.6890693430440327e-22,1
81100,NORMAL,1.3512554744352261e-22,1,1.3512554744352261e-22,1,0,UNKNOWN,0.20000000000000001,0,1,0,1,0,0,0,0,0,45100,45100,0,0,0,1,1,0,1,1,0,1,1,0,1,1,0,1,1,0,1,1,0,0,0,0,0,0,0,0,0,0,0,0,0,0,0,8.1345293393614875e-33,0,0,0,0,0,0,0,0,0,1.351255474351577e-22,0,0,0,0,0,0,0,0,0,0,0,0,0,0,0,0,0,0,1,0,1.3512554744352261e-22,1
81200,NORMAL,1.0810043795481809e-22,1,1.0810043795481809e-22,1,0,UNKNOWN,0.20000000000000001,0,1,0,1,0,0,0,0,0,45100,45100,0,0,0,1,1,0,1,1,0,1,1,0,1,1,0,1,1,0,1,1,0,0,0,0,0,0,0,0,0,0,0,0,0,0,0,6.5076234714891903e-33,0,0,0,0,0,0,0,0,0,1.0810043794812617e-22,0,0,0,0,0,0,0,0,0,0,0,0,0,0,0,0,0,0,1,0,1.0810043795481809e-22,1
81300,NORMAL,8.6480350363854479e-23,1,8.6480350363854479e-23,1,0,UNKNOWN,0.20000000000000001,0,1,0,1,0,0,0,0,0,45100,45100,0,0,0,1,1,0,1,1,0,1,1,0,1,1,0,1,1,0,1,1,0,0,0,0,0,0,0,0,0,0,0,0,0,0,0,5.2060987771913524e-33,0,0,0,0,0,0,0,0,0,8.6480350358500937e-23,0,0,0,0,0,0,0,0,0,0,0,0,0,0,0,0,0,0,1,0,8.6480350363854479e-23,1
81400,NORMAL,6.9184280291083586e-23,1,6.9184280291083586e-23,1,0,UNKNOWN,0.20000000000000001,0,1,0,1,0,0,0,0,0,45100,45100,0,0,0,1,1,0,1,1,0,1,1,0,1,1,0,1,1,0,1,1,0,0,0,0,0,0,0,0,0,0,0,0,0,0,0,4.1648790217530823e-33,0,0,0,0,0,0,0,0,0,6.9184280286800754e-23,0,0,0,0,0,0,0,0,0,0,0,0,0,0,0,0,0,0,1,0,6.9184280291083586e-23,1
81500,NORMAL,5.5347424232866866e-23,1,5.5347424232866866e-23,1,0,UNKNOWN,0.20000000000000001,0,1,0,1,0,0,0,0,0,45100,45100,0,0,0,1,1,0,1,1,0,1,1,0,1,1,0,1,1,0,1,1,0,0,0,0,0,0,0,0,0,0,0,0,0,0,0,3.3319032174024657e-33,0,0,0,0,0,0,0,0,0,5.5347424229440606e-23,0,0,0,0,0,0,0,0,0,0,0,0,0,0,0,0,0,0,1,0,5.5347424232866866e-23,1
81600,NORMAL,4.4277939386293495e-23,1,4.4277939386293495e-23,1,0,UNKNOWN,0.20000000000000001,0,1,0,1,0,0,0,0,0,45100,45100,0,0,0,1,1,0,1,1,0,1,1,0,1,1,0,1,1,0,1,1,0,0,0,0,0,0,0,0,0,0,0,0,0,0,0,2.6655225739219728e-33,0,0,0,0,0,0,0,0,0,4.4277939383552489e-23,0,0,0,0,0,0,0,0,0,0,0,0,0,0,0,0,0,0,1,0,4.4277939386293495e-23,1
81700,NORMAL,3.54223515090348e-23,1,3.54223515090348e-23,1,0,UNKNOWN,0.20000000000000001,0,1,0,1,0,0,0,0,0,45100,45100,0,0,0,1,1,0,1,1,0,1,1,0,1,1,0,1,1,0,1,1,0,0,0,0,0,0,0,0,0,0,0,0,0,0,0,2.1324180591375784e-33,0,0,0,0,0,0,0,0,0,3.5422351506841991e-23,0,0,0,0,0,0,0,0,0,0,0,0,0,0,0,0,0,0,1,0,3.54223515090348e-23,1
81800,NORMAL,2.8337881207227839e-23,1,2.8337881207227839e-23,1,0,UNKNOWN,0.20000000000000001,0,1,0,1,0,0,0,0,0,45100,45100,0,0,0,1,1,0,1,1,0,1,1,0,1,1,0,1,1,0,1,1,0,0,0,0,0,0,0,0,0,0,0,0,0,0,0,1.7059344473100627e-33,0,0,0,0,0,0,0,0,0,2.8337881205473595e-23,0,0,0,0,0,0,0,0,0,0,0,0,0,0,0,0,0,0,1,0,2.8337881207227839e-23,1
81900,NORMAL,2.2670304965782271e-23,1,2.2670304965782271e-23,1,0,UNKNOWN,0.20000000000000001,0,1,0,1,0,0,0,0,0,45100,45100,0,0,0,1,1,0,1,1,0,1,1,0,1,1,0,1,1,0,1,1,0,0,0,0,0,0,0,0,0,0,0,0,0,0,0,1.3647475578480502e-33,0,0,0,0,0,0,0,0,0,2.2670304964378878e-23,0,0,0,0,0,0,0,0,0,0,0,0,0,0,0,0,0,0,1,0,2.2670304965782271e-23,1
82000,NORMAL,1.8136243972625817e-23,1,1.8136243972625817e-23,1,0,UNKNOWN,0.20000000000000001,0,1,0,1,0,0,0,0,0,45100,45100,0,0,0,1,1,0,1,1,0,1,1,0,1,1,0,1,1,0,1,1,0,0,0,0,0,0,0,0,0,0,0,0,0,0,0,1.0917980462784402e-33,0,0,0,0,0,0,0,0,0,1.8136243971503103e-23,0,0,0,0,0,0,0,0,0,0,0,0,0,0,0,0,0,0,1,0,1.8136243972625817e-23,1
82100,NORMAL,1.4508995178100655e-23,1,1.4508995178100655e-23,1,0,UNKNOWN,0.20000000000000001,0,1,0,1,0,0,0,0,0,45100,45100,0,0,0,1,1,0,1,1,0,1,1,0,1,1,0,1,1,0,1,1,0,0,0,0,0,0,0,0,0,0,0,0,0,0,0,8.7343843702275215e-34,0,0,0,0,0,0,0,0,0,1.4508995177202483e-23,0,0,0,0,0,0,0,0,0,0,0,0,0,0,0,0,0,0,1,0,1.4508995178100655e-23,1
82200,NORMAL,1.1607196142480525e-23,1,1.1607196142480525e-23,1,0,UNKNOWN,0.20000000000000001,0,1,0,1,0,0,0,0,0,45100,45100,0,0,0,1,1,0,1,1,0,1,1,0,1,1,0,1,1,0,1,1,0,0,0,0,0,0,0,0,0,0,0,0,0,0,0,6.9875074961820174e-34,0,0,0,0,0,0,0,0,0,1.1607196141761988e-23,0,0,0,0,0,0,0,0,0,0,0,0,0,0,0,0,0,0,1,0,1.1607196142480525e-23,1
82300,NORMAL,9.2857569139844211e-24,1,9.2857569139844211e-24,1,0,UNKNOWN,0.20000000000000001,0,1,0,1,0,0,0,0,0,45100,45100,0,0,0,1,1,0,1,1,0,1,1,0,1,1,0,1,1,0,1,1,0,0,0,0,0,0,0,0,0,0,0,0,0,0,0,5.5900059969456141e-34,0,0,0,0,0,0,0,0,0,9.2857569134095911e-24,0,0,0,0,0,0,0,0,0,0,0,0,0,0,0,0,0,0,1,0,9.2857569139844211e-24,1
82400,NORMAL,7.4286055311875372e-24,1,7.4286055311875372e-24,1,0,UNKNOWN,0.20000000000000001,0,1,0,1,0,0,0,0,0,45100,45100,0,0,0,1,1,0,1,1,0,1,1,0,1,1,0,1,1,0,1,1,0,0,0,0,0,0,0,0,0,0,0,0,0,0,0,4.4720047975564913e-34,0,0,0,0,0,0,0,0,0,7.4286055307276735e-24,0,0,0,0,0,0,0,0,0,0,0,0,0,0,0,0,0,0,1,0,7.4286055311875372e-24,1
82500,NORMAL,5.94288442495003e-24,1,5.94288442495003e-24,1,0,UNKNOWN,0.20000000000000001,0,1,0,1,0,0,0,0,0,45100,45100,0,0,0,1,1,0,1,1,0,1,1,0,1,1,0,1,1,0,1,1,0,0,0,0,0,0,0,0,0,0,0,0,0,0,0,3.5776038380451933e-34,0,0,0,0,0,0,0,0,0,5.9428844245821392e-24,0,0,0,0,0,0,0,0,0,0,0,0,0,0,0,0,0,0,1,0,5.94288442495003e-24,1
82600,NORMAL,4.7543075399600242e-24,1,4.7543075399600242e-24,1,0,UNKNOWN,0.20000000000000001,0,1,0,1,0,0,0,0,0,45100,45100,0,0,0,1,1,0,1,1,0,1,1,0,1,1,0,1,1,0,1,1,0,0,0,0,0,0,0,0,0,0,0,0,0,0,0,2.8620830704361548e-34,0,0,0,0,0,0,0,0,0,4.754307539665712e-24,0,0,0,0,0,0,0,0,0,0,0,0,0,0,0,0,0,0,1,0,4.7543075399600242e-24,1
82700,NORMAL,3.8034460319680193e-24,1,3.8034460319680193e-24,1,0,UNKNOWN,0.20000000000000001,0,1,0,1,0,0,0,0,0,45100,45100,0,0,0,1,1,0,1,1,0,1,1,0,1,1,0,1,1,0,1,1,0,0,0,0,0,0,0,0,0,0,0,0,0,0,0,2.289666456348924e-34,0,0,0,0,0,0,0,0,0,3.80344603173257e-24,0,0,0,0,0,0,0,0,0,0,0,0,0,0,0,0,0,0,1,0,3.8034460319680193e-24,1
82800,NORMAL,3.0427568255744156e-24,1,3.0427568255744156e-24,1,0,UNKNOWN,0.20000000000000001,0,1,0,1,0,0,0,0,0,45100,45100,0,0,0,1,1,0,1,1,0,1,1,0,1,1,0,1,1,0,1,1,0,0,0,0,0,0,0,0,0,0,0,0,0,0,0,1.8317331650791392e-34,0,0,0,0,0,0,0,0,0,3.0427568253860562e-24,0,0,0,0,0,0,0,0,0,0,0,0,0,0,0,0,0,0,1,0,3.0427568255744156e-24,1
82900,NORMAL,2.4342054604595326e-24,1,2.4342054604595326e-24,1,0,UNKNOWN,0.20000000000000001,0,1,0,1,0,0,0,0,0,45100,45100,0,0,0,1,1,0,1,1,0,1,1,0,1,1,0,1,1,0,1,1,0,0,0,0,0,0,0,0,0,0,0,0,0,0,0,1.4653865320633115e-34,0,0,0,0,0,0,0,0,0,2.4342054603088452e-24,0,0,0,0,0,0,0,0,0,0,0,0,0,0,0,0,0,0,1,0,2.4342054604595326e-24,1
83000,NORMAL,1.9473643683676261e-24,1,1.9473643683676261e-24,1,0,UNKNOWN,0.20000000000000001,0,1,0,1,0,0,0,0,0,45100,45100,0,0,0,1,1,0,1,1,0,1,1,0,1,1,0,1,1,0,1,1,0,0,0,0,0,0,0,0,0,0,0,0,0,0,0,1.1723092256506493e-34,0,0,0,0,0,0,0,0,0,1.9473643682470762e-24,0,0,0,0,0,0,0,0,0,0,0,0,0,0,0,0,0,0,1,0,1.9473643683676261e-24,1
83100,NORMAL,1.5578914946941009e-24,1,1.5578914946941009e-24,1,0,UNKNOWN,0.20000000000000001,0,1,0,1,0,0,0,0,0,45100,45100,0,0,0,1,1,0,1,1,0,1,1,0,1,1,0,1,1,0,1,1,0,0,0,0,0,0,0,0,0,0,0,0,0,0,0,9.3784738052051943e-35,0,0,0,0,0,0,0,0,0,1.557891494597661e-24,0,0,0,0,0,0,0,0,0,0,0,0,0,0,0,0,0,0,1,0,1.5578914946941009e-24,1
83200,NORMAL,1.2463131957552808e-24,1,1.2463131957552808e-24,1,0,UNKNOWN,0.20000000000000001,0,1,0,1,0,0,0,0,0,45100,45100,0,0,0,1,1,0,1,1,0,1,1,0,1,1,0,1,1,0,1,1,0,0,0,0,0,0,0,0,0,0,0,0,0,0,0,7.5027790441641555e-35,0,0,0,0,0,0,0,0,0,1.2463131956781289e-24,0,0,0,0,0,0,0,0,0,0,0,0,0,0,0,0,0,0,1,0,1.2463131957552808e-24,1
83300,NORMAL,9.9705055660422481e-25,1,9.9705055660422481e-25,1,0,UNKNOWN,0.20000000000000001,0,1,0,1,0,0,0,0,0,45100,45100,0,0,0,1,1,0,1,1,0,1,1,0,1,1,0,1,1,0,1,1,0,0,0,0,0,0,0,0,0,0,0,0,0,0,0,6.0022232353313246e-35,0,0,0,0,0,0,0,0,0,9.9705055654250327e-25,0,0,0,0,0,0,0,0,0,0,0,0,0,0,0,0,0,0,1,0,9.9705055660422481e-25,1
83400,NORMAL,7.9764044528337988e-25,1,7.9764044528337988e-25,1,0,UNKNOWN,0.20000000000000001,0,1,0,1,0,0,0,0,0,45100,45100,0,0,0,1,1,0,1,1,0,1,1,0,1,1,0,1,1,0,1,1,0,0,0,0,0,0,0,0,0,0,0,0,0,0,0,4.8017785882650597e-35,0,0,0,0,0,0,0,0,0,7.9764044523400269e-25,0,0,0,0,0,0,0,0,0,0,0,0,0,0,0,0,0,0,1,0,7.9764044528337988e-25,1
83500,NORMAL,6.3811235622670398e-25,1,6.3811235622670398e-25,1,0,UNKNOWN,0.20000000000000001,0,1,0,1,0,0,0,0,0,45100,45100,0,0,0,1,1,0,1,1,0,1,1,0,1,1,0,1,1,0,1,1,0,0,0,0,0,0,0,0,0,0,0,0,0,0,0,3.8414228706120478e-35,0,0,0,0,0,0,0,0,0,6.3811235618720223e-25,0,0,0,0,0,0,0,0,0,0,0,0,0,0,0,0,0,0,1,0,6.3811235622670398e-25,1
83600,NORMAL,5.104898849813632e-25,1,5.104898849813632e-25,1,0,UNKNOWN,0.20000000000000001,0,1,0,1,0,0,0,0,0,45100,45100,0,0,0,1,1,0,1,1,0,1,1,0,1,1,0,1,1,0,1,1,0,0,0,0,0,0,0,0,0,0,0,0,0,0,0,3.0731382964896386e-35,0,0,0,0,0,0,0,0,0,5.1048988494976178e-25,0,0,0,0,0,0,0,0,0,0,0,0,0,0,0,0,0,0,1,0,5.104898849813632e-25,1
83700,NORMAL,4.0839190798509059e-25,1,4.0839190798509059e-25,1,0,UNKNOWN,0.20000000000000001,0,1,0,1,0,0,0,0,0,45100,45100,0,0,0,1,1,0,1,1,0,1,1,0,1,1,0,1,1,0,1,1,0,0,0,0,0,0,0,0,0,0,0,0,0,0,0,2.4585106371917112e-35,0,0,0,0,0,0,0,0,0,4.0839190795980942e-25,0,0,0,0,0,0,0,0,0,0,0,0,0,0,0,0,0,0,1,0,4.0839190798509059e-25,1
83800,NORMAL,3.267135263880725e-25,1,3.267135263880725e-25,1,0,UNKNOWN,0.20000000000000001,0,1,0,1,0,0,0,0,0,45100,45100,0,0,0,1,1,0,1,1,0,1,1,0,1,1,0,1,1,0,1,1,0,0,0,0,0,0,0,0,0,0,0,0,0,0,0,1.966808509753369e-35,0,0,0,0,0,0,0,0,0,3.2671352636784757e-25,0,0,0,0,0,0,0,0,0,0,0,0,0,0,0,0,0,0,1,0,3.267135263880725e-25,1
83900,NORMAL,2.6137082111045802e-25,1,2.6137082111045802e-25,1,0,UNKNOWN,0.20000000000000001,0,1,0,1,0,0,0,0,0,45100,45100,0,0,0,1,1,0,1,1,0,1,1,0,1,1,0,1,1,0,1,1,0,0,0,0,0,0,0,0,0,0,0,0,0,0,0,1.5734468078026954e-35,0,0,0,0,0,0,0,0,0,2.6137082109427807e-25,0,0,0,0,0,0,0,0,0,0,0,0,0,0,0,0,0,0,1,0,2.6137082111045802e-25,1
84000,NORMAL,2.090966568883664e-25,1,2.090966568883664e-25,1,0,UNKNOWN,0.20000000000000001,0,1,0,1,0,0,0,0,0,45100,45100,0,0,0,1,1,0,1,1,0,1,1,0,1,1,0,1,1,0,1,1,0,0,0,0,0,0,0,0,0,0,0,0,0,0,0,1.2587574462421565e-35,0,0,0,0,0,0,0,0,0,2.0909665687542247e-25,0,0,0,0,0,0,0,0,0,0,0,0,0,0,0,0,0,0,1,0,2.090966568883664e-25,1
84100,NORMAL,1.6727732551069312e-25,1,1.6727732551069312e-25,1,0,UNKNOWN,0.20000000000000001,0,1,0,1,0,0,0,0,0,45100,45100,0,0,0,1,1,0,1,1,0,1,1,0,1,1,0,1,1,0,1,1,0,0,0,0,0,0,0,0,0,0,0,0,0,0,0,1.0070059569937253e-35,0,0,0,0,0,0,0,0,0,1.6727732550033798e-25,0,0,0,0,0,0,0,0,0,0,0,0,0,0,0,0,0,0,1,0,1.6727732551069312e-25,1
84200,NORMAL,1.338218604085545e-25,1,1.338218604085545e-25,1,0,UNKNOWN,0.20000000000000001,0,1,0,1,0,0,0,0,0,45100,45100,0,0,0,1,1,0,1,1,0,1,1,0,1,1,0,1,1,0,1,1,0,0,0,0,0,0,0,0,0,0,0,0,0,0,0,8.0560476559498033e-36,0,0,0,0,0,0,0,0,0,1.3382186040027039e-25,0,0,0,0,0,0,0,0,0,0,0,0,0,0,0,0,0,0,1,0,1.338218604085545e-25,1
84300,NORMAL,1.0705748832684362e-25,1,1.0705748832684362e-25,1,0,UNKNOWN,0.20000000000000001,0,1,0,1,0,0,0,0,0,45100,45100,0,0,0,1,1,0,1,1,0,1,1,0,1,1,0,1,1,0,1,1,0,0,0,0,0,0,0,0,0,0,0,0,0,0,0,6.4448381247598431e-36,0,0,0,0,0,0,0,0,0,1.0705748832021631e-25,0,0,0,0,0,0,0,0,0,0,0,0,0,0,0,0,0,0,1,0,1.0705748832684362e-25,1
84400,NORMAL,8.5645990661474895e-26,1,8.5645990661474895e-26,1,0,UNKNOWN,0.20000000000000001,0,1,0,1,0,0,0,0,0,45100,45100,0,0,0,1,1,0,1,1,0,1,1,0,1,1,0,1,1,0,1,1,0,0,0,0,0,0,0,0,0,0,0,0,0,0,0,5.1558704998078746e-36,0,0,0,0,0,0,0,0,0,8.5645990656173049e-26,0,0,0,0,0,0,0,0,0,0,0,0,0,0,0,0,0,0,1,0,8.5645990661474895e-26,1
84500,NORMAL,6.8516792529179926e-26,1,6.8516792529179926e-26,1,0,UNKNOWN,0.20000000000000001,0,1,0,1,0,0,0,0,0,45100,45100,0,0,0,1,1,0,1,1,0,1,1,0,1,1,0,1,1,0,1,1,0,0,0,0,0,0,0,0,0,0,0,0,0,0,0,4.1246963998463e-36,0,0,0,0,0,0,0,0,0,6.8516792524938446e-26,0,0,0,0,0,0,0,0,0,0,0,0,0,0,0,0,0,0,1,0,6.8516792529179926e-26,1
84600,NORMAL,5.4813434023343943e-26,1,5.4813434023343943e-26,1,0,UNKNOWN,0.20000000000000001,0,1,0,1,0,0,0,0,0,45100,45100,0,0,0,1,1,0,1,1,0,1,1,0,1,1,0,1,1,0,1,1,0,0,0,0,0,0,0,0,0,0,0,0,0,0,0,3.2997571198770401e-36,0,0,0,0,0,0,0,0,0,5.4813434019950759e-26,0,0,0,0,0,0,0,0,0,0,0,0,0,0,0,0,0,0,1,0,5.4813434023343943e-26,1
84700,NORMAL,4.3850747218675155e-26,1,4.3850747218675155e-26,1,0,UNKNOWN,0.20000000000000001,0,1,0,1,0,0,0,0,0,45100,45100,0,0,0,1,1,0,1,1,0,1,1,0,1,1,0,1,1,0,1,1,0,0,0,0,0,0,0,0,0,0,0,0,0,0,0,2.6398056959016323e-36,0,0,0,0,0,0,0,0,0,4.3850747215960607e-26,0,0,0,0,0,0,0,0,0,0,0,0,0,0,0,0,0,0,1,0,4.3850747218675155e-26,1
84800,NORMAL,3.5080597774940125e-26,1,3.5080597774940125e-26,1,0,UNKNOWN,0.20000000000000001,0,1,0,1,0,0,0,0,0,45100,45100,0,0,0,1,1,0,1,1,0,1,1,0,1,1,0,1,1,0,1,1,0,0,0,0,0,0,0,0,0,0,0,0,0,0,0,2.1118445567213059e-36,0,0,0,0,0,0,0,0,0,3.5080597772768486e-26,0,0,0,0,0,0,0,0,0,0,0,0,0,0,0,0,0,0,1,0,3.5080597774940125e-26,1
84900,NORMAL,2.8064478219952104e-26,1,2.8064478219952104e-26,1,0,UNKNOWN,0.20000000000000001,0,1,0,1,0,0,0,0,0,45100,45100,0,0,0,1,1,0,1,1,0,1,1,0,1,1,0,1,1,0,1,1,0,0,0,0,0,0,0,0,0,0,0,0,0,0,0,1.6894756453770448e-36,0,0,0,0,0,0,0,0,0,2.8064478218214789e-26,0,0,0,0,0,0,0,0,0,0,0,0,0,0,0,0,0,0,1,0,2.8064478219952104e-26,1
85000,NORMAL,2.2451582575961684e-26,1,2.2451582575961684e-26,1,0,UNKNOWN,0.20000000000000001,0,1,0,1,0,0,0,0,0,45100,45100,0,0,0,1,1,0,1,1,0,1,1,0,1,1,0,1,1,0,1,1,0,0,0,0,0,0,0,0,0,0,0,0,0,0,0,1.3515805163016359e-36,0,0,0,0,0,0,0,0,0,2.2451582574571831e-26,0,0,0,0,0,0,0,0,0,0,0,0,0,0,0,0,0,0,1,0,2.2451582575961684e-26,1
85100,NORMAL,1.7961266060769348e-26,1,1.7961266060769348e-26,1,0,UNKNOWN,0.20000000000000001,0,1,0,1,0,0,0,0,0,45100,45100,0,0,0,1,1,0,1,1,0,1,1,0,1,1,0,1,1,0,1,1,0,0,0,0,0,0,0,0,0,0,0,0,0,0,0,1.0812644130413088e-36,0,0,0,0,0,0,0,0,0,1.7961266059657467e-26,0,0,0,0,0,0,0,0,0,0,0,0,0,0,0,0,0,0,1,0,1.7961266060769348e-26,1
85200,NORMAL,1.436901284861548e-26,1,1.436901284861548e-26,1,0,UNKNOWN,0.20000000000000001,0,1,0,1,0,0,0,0,0,45100,45100,0,0,0,1,1,0,1,1,0,1,1,0,1,1,0,1,1,0,1,1,0,0,0,0,0,0,0,0,0,0,0,0,0,0,0,8.6501153043304713e-37,0,0,0,0,0,0,0,0,0,1.4369012847725976e-26,0,0,0,0,0,0,0,0,0,0,0,0,0,0,0,0,0,0,1,0,1.436901284861548e-26,1
85300,NORMAL,1.1495210278892385e-26,1,1.1495210278892385e-26,1,0,UNKNOWN,0.20000000000000001,0,1,0,1,0,0,0,0,0,45100,45100,0,0,0,1,1,0,1,1,0,1,1,0,1,1,0,1,1,0,1,1,0,0,0,0,0,0,0,0,0,0,0,0,0,0,0,6.9200922434643772e-37,0,0,0,0,0,0,0,0,0,1.1495210278180782e-26,0,0,0,0,0,0,0,0,0,0,0,0,0,0,0,0,0,0,1,0,1.1495210278892385e-26,1
85400,NORMAL,9.1961682231139087e-27,1,9.1961682231139087e-27,1,0,UNKNOWN,0.20000000000000001,0,1,0,1,0,0,0,0,0,45100,45100,0,0,0,1,1,0,1,1,0,1,1,0,1,1,0,1,1,0,1,1,0,0,0,0,0,0,0,0,0,0,0,0,0,0,0,5.5360737947715023e-37,0,0,0,0,0,0,0,0,0,9.1961682225446262e-27,0,0,0,0,0,0,0,0,0,0,0,0,0,0,0,0,0,0,1,0,9.1961682231139087e-27,1
85500,NORMAL,7.3569345784911273e-27,1,7.3569345784911273e-27,1,0,UNKNOWN,0.20000000000000001,0,1,0,1,0,0,0,0,0,45100,45100,0,0,0,1,1,0,1,1,0,1,1,0,1,1,0,1,1,0,1,1,0,0,0,0,0,0,0,0,0,0,0,0,0,0,0,4.4288590358172018e-37,0,0,0,0,0,0,0,0,0,7.3569345780357007e-27,0,0,0,0,0,0,0,0,0,0,0,0,0,0,0,0,0,0,1,0,7.3569345784911273e-27,1
85600,NORMAL,5.8855476627929018e-27,1,5.8855476627929018e-27,1,0,UNKNOWN,0.20000000000000001,0,1,0,1,0,0,0,0,0,45100,45100,0,0,0,1,1,0,1,1,0,1,1,0,1,1,0,1,1,0,1,1,0,0,0,0,0,0,0,0,0,0,0,0,0,0,0,3.5430872286537618e-37,0,0,0,0,0,0,0,0,0,5.885547662428561e-27,0,0,0,0,0,0,0,0,0,0,0,0,0,0,0,0,0,0,1,0,5.8855476627929018e-27,1
85700,NORMAL,4.7084381302343216e-27,1,4.7084381302343216e-27,1,0,UNKNOWN,0.20000000000000001,0,1,0,1,0,0,0,0,0,45100,45100,0,0,0,1,1,0,1,1,0,1,1,0,1,1,0,1,1,0,1,1,0,0,0,0,0,0,0,0,0,0,0,0,0,0,0,2.8344697829230097e-37,0,0,0,0,0,0,0,0,0,4.7084381299428494e-27,0,0,0,0,0,0,0,0,0,0,0,0,0,0,0,0,0,0,1,0,4.7084381302343216e-27,1
85800,NORMAL,3.7667505041874576e-27,1,3.7667505041874576e-27,1,0,UNKNOWN,0.20000000000000001,0,1,0,1,0,0,0,0,0,45100,45100,0,0,0,1,1,0,1,1,0,1,1,0,1,1,0,1,1,0,1,1,0,0,0,0,0,0,0,0,0,0,0,0,0,0,0,2.267575826338408e-37,0,0,0,0,0,0,0,0,0,3.7667505039542793e-27,0,0,0,0,0,0,0,0,0,0,0,0,0,0,0,0,0,0,1,0,3.7667505041874576e-27,1
85900,NORMAL,3.0134004033499661e-27,1,3.0134004033499661e-27,1,0,UNKNOWN,0.20000000000000001,0,1,0,1,0,0,0,0,0,45100,45100,0,0,0,1,1,0,1,1,0,1,1,0,1,1,0,1,1,0,1,1,0,0,0,0,0,0,0,0,0,0,0,0,0,0,0,1.8140606610707265e-37,0,0,0,0,0,0,0,0,0,3.0134004031634235e-27,0,0,0,0,0,0,0,0,0,0,0,0,0,0,0,0,0,0,1,0,3.0134004033499661e-27,1
86000,NORMAL,2.4107203226799729e-27,1,2.4107203226799729e-27,1,0,UNKNOWN,0.20000000000000001,0,1,0,1,0,0,0,0,0,45100,45100,0,0,0,1,1,0,1,1,0,1,1,0,1,1,0,1,1,0,1,1,0,0,0,0,0,0,0,0,0,0,0,0,0,0,0,1.4512485288565814e-37,0,0,0,0,0,0,0,0,0,2.4107203225307388e-27,0,0,0,0,0,0,0,0,0,0,0,0,0,0,0,0,0,0,1,0,2.4107203226799729e-27,1
86100,NORMAL,1.9285762581439783e-27,1,1.9285762581439783e-27,1,0,UNKNOWN,0.20000000000000001,0,1,0,1,0,0,0,0,0,45100,45100,0,0,0,1,1,0,1,1,0,1,1,0,1,1,0,1,1,0,1,1,0,0,0,0,0,0,0,0,0,0,0,0,0,0,0,1.1609988230852652e-37,0,0,0,0,0,0,0,0,0,1.9285762580245911e-27,0,0,0,0,0,0,0,0,0,0,0,0,0,0,0,0,0,0,1,0,1.9285762581439783e-27,1
86200,NORMAL,1.5428610065151827e-27,1,1.5428610065151827e-27,1,0,UNKNOWN,0.20000000000000001,0,1,0,1,0,0,0,0,0,45100,45100,0,0,0,1,1,0,1,1,0,1,1,0,1,1,0,1,1,0,1,1,0,0,0,0,0,0,0,0,0,0,0,0,0,0,0,9.2879905846821221e-38,0,0,0,0,0,0,0,0,0,1.542861006419673e-27,0,0,0,0,0,0,0,0,0,0,0,0,0,0,0,0,0,0,1,0,1.5428610065151827e-27,1
86300,NORMAL,1.2342888052121462e-27,1,1.2342888052121462e-27,1,0,UNKNOWN,0.20000000000000001,0,1,0,1,0,0,0,0,0,45100,45100,0,0,0,1,1,0,1,1,0,1,1,0,1,1,0,1,1,0,1,1,0,0,0,0,0,0,0,0,0,0,0,0,0,0,0,7.4303924677456977e-38,0,0,0,0,0,0,0,0,0,1.2342888051357385e-27,0,0,0,0,0,0,0,0,0,0,0,0,0,0,0,0,0,0,1,0,1.2342888052121462e-27,1
86400,NORMAL,9.87431044169717e-28,1,9.87431044169717e-28,1,0,UNKNOWN,0.20000000000000001,0,1,0,1,0,0,0,0,0,45100,45100,0,0,0,1,1,0,1,1,0,1,1,0,1,1,0,1,1,0,1,1,0,0,0,0,0,0,0,0,0,0,0,0,0,0,0,5.9443139741965584e-38,0,0,0,0,0,0,0,0,0,9.8743104410859079e-28,0,0,0,0,0,0,0,0,0,0,0,0,0,0,0,0,0,0,1,0,9.87431044169717e-28,1
86500,NORMAL,7.8994483533577365e-28,1,7.8994483533577365e-28,1,0,UNKNOWN,0.20000000000000001,0,1,0,1,0,0,0,0,0,45100,45100,0,0,0,1,1,0,1,1,0,1,1,0,1,1,0,1,1,0,1,1,0,0,0,0,0,0,0,0,0,0,0,0,0,0,0,4.7554511793572467e-38,0,0,0,0,0,0,0,0,0,7.8994483528687269e-28,0,0,0,0,0,0,0,0,0,0,0,0,0,0,0,0,0,0,1,0,7.8994483533577365e-28,1
86600,NORMAL,6.3195586826861899e-28,1,6.3195586826861899e-28,1,0,UNKNOWN,0.20000000000000001,0,1,0,1,0,0,0,0,0,45100,45100,0,0,0,1,1,0,1,1,0,1,1,0,1,1,0,1,1,0,1,1,0,0,0,0,0,0,0,0,0,0,0,0,0,0,0,3.8043609434857975e-38,0,0,0,0,0,0,0,0,0,6.3195586822949815e-28,0,0,0,0,0,0,0,0,0,0,0,0,0,0,0,0,0,0,1,0,6.3195586826861899e-28,1
86700,NORMAL,5.0556469461489525e-28,1,5.0556469461489525e-28,1,0,UNKNOWN,0.20000000000000001,0,1,0,1,0,0,0,0,0,45100,45100,0,0,0,1,1,0,1,1,0,1,1,0,1,1,0,1,1,0,1,1,0,0,0,0,0,0,0,0,0,0,0,0,0,0,0,3.0434887547886383e-38,0,0,0,0,0,0,0,0,0,5.0556469458359854e-28,0,0,0,0,0,0,0,0,0,0,0,0,0,0,0,0,0,0,1,0,5.0556469461489525e-28,1
86800,NORMAL,4.0445175569191625e-28,1,4.0445175569191625e-28,1,0,UNKNOWN,0.20000000000000001,0,1,0,1,0,0,0,0,0,45100,45100,0,0,0,1,1,0,1,1,0,1,1,0,1,1,0,1,1,0,1,1,0,0,0,0,0,0,0,0,0,0,0,0,0,0,0,2.4347910038309107e-38,0,0,0,0,0,0,0,0,0,4.0445175566687888e-28,0,0,0,0,0,0,0,0,0,0,0,0,0,0,0,0,0,0,1,0,4.0445175569191625e-28,1
86900,NORMAL,3.2356140455353302e-28,1,3.2356140455353302e-28,1,0,UNKNOWN,0.20000000000000001,0,1,0,1,0,0,0,0,0,45100,45100,0,0,0,1,1,0,1,1,0,1,1,0,1,1,0,1,1,0,1,1,0,0,0,0,0,0,0,0,0,0,0,0,0,0,0,1.9478328030647286e-38,0,0,0,0,0,0,0,0,0,3.2356140453350311e-28,0,0,0,0,0,0,0,0,0,0,0,0,0,0,0,0,0,0,1,0,3.2356140455353302e-28,1
87000,NORMAL,2.5884912364282643e-28,1,2.5884912364282643e-28,1,0,UNKNOWN,0.20000000000000001,0,1,0,1,0,0,0,0,0,45100,45100,0,0,0,1,1,0,1,1,0,1,1,0,1,1,0,1,1,0,1,1,0,0,0,0,0,0,0,0,0,0,0,0,0,0,0,1.5582662424517831e-38,0,0,0,0,0,0,0,0,0,2.5884912362680252e-28,0,0,0,0,0,0,0,0,0,0,0,0,0,0,0,0,0,0,1,0,2.5884912364282643e-28,1
87100,NORMAL,2.0707929891426115e-28,1,2.0707929891426115e-28,1,0,UNKNOWN,0.20000000000000001,0,1,0,1,0,0,0,0,0,45100,45100,0,0,0,1,1,0,1,1,0,1,1,0,1,1,0,1,1,0,1,1,0,0,0,0,0,0,0,0,0,0,0,0,0,0,0,1.2466129939614264e-38,0,0,0,0,0,0,0,0,0,2.0707929890144203e-28,0,0,0,0,0,0,0,0,0,0,0,0,0,0,0,0,0,0,1,0,2.0707929891426115e-28,1
87200,NORMAL,1.6566343913140894e-28,1,1.6566343913140894e-28,1,0,UNKNOWN,0.20000000000000001,0,1,0,1,0,0,0,0,0,45100,45100,0,0,0,1,1,0,1,1,0,1,1,0,1,1,0,1,1,0,1,1,0,0,0,0,0,0,0,0,0,0,0,0,0,0,0,9.9729039516914115e-39,0,0,0,0,0,0,0,0,0,1.6566343912115363e-28,0,0,0,0,0,0,0,0,0,0,0,0,0,0,0,0,0,0,1,0,1.6566343913140894e-28,1
87300,NORMAL,1.3253075130512715e-28,1,1.3253075130512715e-28,1,0,UNKNOWN,0.20000000000000001,0,1,0,1,0,0,0,0,0,45100,45100,0,0,0,1,1,0,1,1,0,1,1,0,1,1,0,1,1,0,1,1,0,0,0,0,0,0,0,0,0,0,0,0,0,0,0,7.9783231613531292e-39,0,0,0,0,0,0,0,0,0,1.3253075129692292e-28,0,0,0,0,0,0,0,0,0,0,0,0,0,0,0,0,0,0,1,0,1.3253075130512715e-28,1
87400,NORMAL,1.0602460104410173e-28,1,1.0602460104410173e-28,1,0,UNKNOWN,0.20000000000000001,0,1,0,1,0,0,0,0,0,45100,45100,0,0,0,1,1,0,1,1,0,1,1,0,1,1,0,1,1,0,1,1,0,0,0,0,0,0,0,0,0,0,0,0,0,0,0,6.3826585290825036e-39,0,0,0,0,0,0,0,0,0,1.0602460103753834e-28,0,0,0,0,0,0,0,0,0,0,0,0,0,0,0,0,0,0,1,0,1.0602460104410173e-28,1
87500,NORMAL,8.4819680835281385e-29,1,8.4819680835281385e-29,1,0,UNKNOWN,0.20000000000000001,0,1,0,1,0,0,0,0,0,45100,45100,0,0,0,1,1,0,1,1,0,1,1,0,1,1,0,1,1,0,1,1,0,0,0,0,0,0,0,0,0,0,0,0,0,0,0,5.1061268232660029e-39,0,0,0,0,0,0,0,0,0,8.4819680830030674e-29,0,0,0,0,0,0,0,0,0,0,0,0,0,0,0,0,0,0,1,0,8.4819680835281385e-29,1
87600,NORMAL,6.7855744668225108e-29,1,6.7855744668225108e-29,1,0,UNKNOWN,0.20000000000000001,0,1,0,1,0,0,0,0,0,45100,45100,0,0,0,1,1,0,1,1,0,1,1,0,1,1,0,1,1,0,1,1,0,0,0,0,0,0,0,0,0,0,0,0,0,0,0,4.0849014586128024e-39,0,0,0,0,0,0,0,0,0,6.7855744664024542e-29,0,0,0,0,0,0,0,0,0,0,0,0,0,0,0,0,0,0,1,0,6.7855744668225108e-29,1
87700,NORMAL,5.4284595734580084e-29,1,5.4284595734580084e-29,1,0,UNKNOWN,0.20000000000000001,0,1,0,1,0,0,0,0,0,45100,45100,0,0,0,1,1,0,1,1,0,1,1,0,1,1,0,1,1,0,1,1,0,0,0,0,0,0,0,0,0,0,0,0,0,0,0,3.267921166890242e-39,0,0,0,0,0,0,0,0,0,5.4284595731219636e-29,0,0,0,0,0,0,0,0,0,0,0,0,0,0,0,0,0,0,1,0,5.4284595734580084e-29,1
87800,NORMAL,4.3427676587664069e-29,1,4.3427676587664069e-29,1,0,UNKNOWN,0.20000000000000001,0,1,0,1,0,0,0,0,0,45100,45100,0,0,0,1,1,0,1,1,0,1,1,0,1,1,0,1,1,0,1,1,0,0,0,0,0,0,0,0,0,0,0,0,0,0,0,2.6143369335121936e-39,0,0,0,0,0,0,0,0,0,4.3427676584975712e-29,0,0,0,0,0,0,0,0,0,0,0,0,0,0,0,0,0,0,1,0,4.3427676587664069e-29,1
87900,NORMAL,3.4742141270131258e-29,1,3.4742141270131258e-29,1,0,UNKNOWN,0.20000000000000001,0,1,0,1,0,0,0,0,0,45100,45100,0,0,0,1,1,0,1,1,0,1,1,0,1,1,0,1,1,0,1,1,0,0,0,0,0,0,0,0,0,0,0,0,0,0,0,2.091469546809755e-39,0,0,0,0,0,0,0,0,0,3.4742141267980573e-29,0,0,0,0,0,0,0,0,0,0,0,0,0,0,0,0,0,0,1,0,3.4742141270131258e-29,1
88000,NORMAL,2.779371301610501e-29,1,2.779371301610501e-29,1,0,UNKNOWN,0.20000000000000001,0,1,0,1,0,0,0,0,0,45100,45100,0,0,0,1,1,0,1,1,0,1,1,0,1,1,0,1,1,0,1,1,0,0,0,0,0,0,0,0,0,0,0,0,0,0,0,1.6731756374478042e-39,0,0,0,0,0,0,0,0,0,2.7793713014384462e-29,0,0,0,0,0,0,0,0,0,0,0,0,0,0,0,0,0,0,1,0,2.779371301610501e-29,1
88100,NORMAL,2.2234970412884008e-29,1,2.2234970412884008e-29,1,0,UNKNOWN,0.20000000000000001,0,1,0,1,0,0,0,0,0,45100,45100,0,0,0,1,1,0,1,1,0,1,1,0,1,1,0,1,1,0,1,1,0,0,0,0,0,0,0,0,0,0,0,0,0,0,0,1.3385405099582435e-39,0,0,0,0,0,0,0,0,0,2.2234970411507571e-29,0,0,0,0,0,0,0,0,0,0,0,0,0,0,0,0,0,0,1,0,2.2234970412884008e-29,1
88200,NORMAL,1.7787976330307207e-29,1,1.7787976330307207e-29,1,0,UNKNOWN,0.20000000000000001,0,1,0,1,0,0,0,0,0,45100,45100,0,0,0,1,1,0,1,1,0,1,1,0,1,1,0,1,1,0,1,1,0,0,0,0,0,0,0,0,0,0,0,0,0,0,0,1.0708324079665949e-39,0,0,0,0,0,0,0,0,0,1.7787976329206058e-29,0,0,0,0,0,0,0,0,0,0,0,0,0,0,0,0,0,0,1,0,1.7787976330307207e-29,1
88300,NORMAL,1.4230381064245766e-29,1,1.4230381064245766e-29,1,0,UNKNOWN,0.20000000000000001,0,1,0,1,0,0,0,0,0,45100,45100,0,0,0,1,1,0,1,1,0,1,1,0,1,1,0,1,1,0,1,1,0,0,0,0,0,0,0,0,0,0,0,0,0,0,0,8.5666592637327595e-40,0,0,0,0,0,0,0,0,0,1.4230381063364846e-29,0,0,0,0,0,0,0,0,0,0,0,0,0,0,0,0,0,0,1,0,1.4230381064245766e-29,1
88400,NORMAL,1.1384304851396613e-29,1,1.1384304851396613e-29,1,0,UNKNOWN,0.20000000000000001,0,1,0,1,0,0,0,0,0,45100,45100,0,0,0,1,1,0,1,1,0,1,1,0,1,1,0,1,1,0,1,1,0,0,0,0,0,0,0,0,0,0,0,0,0,0,0,6.8533274109862076e-40,0,0,0,0,0,0,0,0,0,1.1384304850691877e-29,0,0,0,0,0,0,0,0,0,0,0,0,0,0,0,0,0,0,1,0,1.1384304851396613e-29,1
88500,NORMAL,9.107443881117291e-30,1,9.107443881117291e-30,1,0,UNKNOWN,0.20000000000000001,0,1,0,1,0,0,0,0,0,45100,45100,0,0,0,1,1,0,1,1,0,1,1,0,1,1,0,1,1,0,1,1,0,0,0,0,0,0,0,0,0,0,0,0,0,0,0,5.4826619287889667e-40,0,0,0,0,0,0,0,0,0,9.1074438805535024e-30,0,0,0,0,0,0,0,0,0,0,0,0,0,0,0,0,0,0,1,0,9.107443881117291e-30,1
88600,NORMAL,7.2859551048938337e-30,1,7.2859551048938337e-30,1,0,UNKNOWN,0.20000000000000001,0,1,0,1,0,0,0,0,0,45100,45100,0,0,0,1,1,0,1,1,0,1,1,0,1,1,0,1,1,0,1,1,0,0,0,0,0,0,0,0,0,0,0,0,0,0,0,4.3861295430311737e-40,0,0,0,0,0,0,0,0,0,7.2859551044428019e-30,0,0,0,0,0,0,0,0,0,0,0,0,0,0,0,0,0,0,1,0,7.2859551048938337e-30,1
88700,NORMAL,5.8287640839150675e-30,1,5.8287640839150675e-30,1,0,UNKNOWN,0.20000000000000001,0,1,0,1,0,0,0,0,0,45100,45100,0,0,0,1,1,0,1,1,0,1,1,0,1,1,0,1,1,0,1,1,0,0,0,0,0,0,0,0,0,0,0,0,0,0,0,3.508903634424939e-40,0,0,0,0,0,0,0,0,0,5.8287640835542415e-30,0,0,0,0,0,0,0,0,0,0,0,0,0,0,0,0,0,0,1,0,5.8287640839150675e-30,1
88800,NORMAL,4.6630112671320544e-30,1,4.6630112671320544e-30,1,0,UNKNOWN,0.20000000000000001,0,1,0,1,0,0,0,0,0,45100,45100,0,0,0,1,1,0,1,1,0,1,1,0,1,1,0,1,1,0,1,1,0,0,0,0,0,0,0,0,0,0,0,0,0,0,0,2.8071229075399514e-40,0,0,0,0,0,0,0,0,0,4.6630112668433932e-30,0,0,0,0,0,0,0,0,0,0,0,0,0,0,0,0,0,0,1,0,4.6630112671320544e-30,1
88900,NORMAL,3.7304090137056434e-30,1,3.7304090137056434e-30,1,0,UNKNOWN,0.20000000000000001,0,1,0,1,0,0,0,0,0,45100,45100,0,0,0,1,1,0,1,1,0,1,1,0,1,1,0,1,1,0,1,1,0,0,0,0,0,0,0,0,0,0,0,0,0,0,0,2.2456983260319614e-40,0,0,0,0,0,0,0,0,0,3.730409013474715e-30,0,0,0,0,0,0,0,0,0,0,0,0,0,0,0,0,0,0,1,0,3.7304090137056434e-30,1
89000,NORMAL,2.9843272109645147e-30,1,2.9843272109645147e-30,1,0,UNKNOWN,0.20000000000000001,0,1,0,1,0,0,0,0,0,45100,45100,0,0,0,1,1,0,1,1,0,1,1,0,1,1,0,1,1,0,1,1,0,0,0,0,0,0,0,0,0,0,0,0,0,0,0,1.7965586608255691e-40,0,0,0,0,0,0,0,0,0,2.9843272107797721e-30,0,0,0,0,0,0,0,0,0,0,0,0,0,0,0,0,0,0,1,0,2.9843272109645147e-30,1
89100,NORMAL,2.3874617687716119e-30,1,2.3874617687716119e-30,1,0,UNKNOWN,0.20000000000000001,0,1,0,1,0,0,0,0,0,45100,45100,0,0,0,1,1,0,1,1,0,1,1,0,1,1,0,1,1,0,1,1,0,0,0,0,0,0,0,0,0,0,0,0,0,0,0,1.4372469286604554e-40,0,0,0,0,0,0,0,0,0,2.3874617686238177e-30,0,0,0,0,0,0,0,0,0,0,0,0,0,0,0,0,0,0,1,0,2.3874617687716119e-30,1
89200,NORMAL,1.9099694150172896e-30,1,1.9099694150172896e-30,1,0,UNKNOWN,0.20000000000000001,0,1,0,1,0,0,0,0,0,45100,45100,0,0,0,1,1,0,1,1,0,1,1,0,1,1,0,1,1,0,1,1,0,0,0,0,0,0,0,0,0,0,0,0,0,0,0,1.1497975429283643e-40,0,0,0,0,0,0,0,0,0,1.9099694148990543e-30,0,0,0,0,0,0,0,0,0,0,0,0,0,0,0,0,0,0,1,0,1.9099694150172896e-30,1
89300,NORMAL,1.5279755320138318e-30,1,1.5279755320138318e-30,1,0,UNKNOWN,0.20000000000000001,0,1,0,1,0,0,0,0,0,45100,45100,0,0,0,1,1,0,1,1,0,1,1,0,1,1,0,1,1,0,1,1,0,0,0,0,0,0,0,0,0,0,0,0,0,0,0,9.198380343426915e-41,0,0,0,0,0,0,0,0,0,1.5279755319192435e-30,0,0,0,0,0,0,0,0,0,0,0,0,0,0,0,0,0,0,1,0,1.5279755320138318e-30,1
89400,NORMAL,1.2223804256110655e-30,1,1.2223804256110655e-30,1,0,UNKNOWN,0.20000000000000001,0,1,0,1,0,0,0,0,0,45100,45100,0,0,0,1,1,0,1,1,0,1,1,0,1,1,0,1,1,0,1,1,0,0,0,0,0,0,0,0,0,0,0,0,0,0,0,7.3587042747415324e-41,0,0,0,0,0,0,0,0,0,1.2223804255353949e-30,0,0,0,0,0,0,0,0,0,0,0,0,0,0,0,0,0,0,1,0,1.2223804256110655e-30,1
89500,NORMAL,9.7790434048885242e-31,1,9.7790434048885242e-31,1,0,UNKNOWN,0.20000000000000001,0,1,0,1,0,0,0,0,0,45100,45100,0,0,0,1,1,0,1,1,0,1,1,0,1,1,0,1,1,0,1,1,0,0,0,0,0,0,0,0,0,0,0,0,0,0,0,5.8869634197932265e-41,0,0,0,0,0,0,0,0,0,9.7790434042831598e-31,0,0,0,0,0,0,0,0,0,0,0,0,0,0,0,0,0,0,1,0,9.7790434048885242e-31,1
89600,NORMAL,7.8232347239108201e-31,1,7.8232347239108201e-31,1,0,UNKNOWN,0.20000000000000001,0,1,0,1,0,0,0,0,0,45100,45100,0,0,0,1,1,0,1,1,0,1,1,0,1,1,0,1,1,0,1,1,0,0,0,0,0,0,0,0,0,0,0,0,0,0,0,4.7095707358345818e-41,0,0,0,0,0,0,0,0,0,7.8232347234265278e-31,0,0,0,0,0,0,0,0,0,0,0,0,0,0,0,0,0,0,1,0,7.8232347239108201e-31,1
89700,NORMAL,6.2585877791286564e-31,1,6.2585877791286564e-31,1,0,UNKNOWN,0.20000000000000001,0,1,0,1,0,0,0,0,0,45100,45100,0,0,0,1,1,0,1,1,0,1,1,0,1,1,0,1,1,0,1,1,0,0,0,0,0,0,0,0,0,0,0,0,0,0,0,3.7676565886676659e-41,0,0,0,0,0,0,0,0,0,6.2585877787412228e-31,0,0,0,0,0,0,0,0,0,0,0,0,0,0,0,0,0,0,1,0,6.2585877791286564e-31,1
89800,NORMAL,5.0068702233029258e-31,1,5.0068702233029258e-31,1,0,UNKNOWN,0.20000000000000001,0,1,0,1,0,0,0,0,0,45100,45100,0,0,0,1,1,0,1,1,0,1,1,0,1,1,0,1,1,0,1,1,0,0,0,0,0,0,0,0,0,0,0,0,0,0,0,3.0141252709341328e-41,0,0,0,0,0,0,0,0,0,5.0068702229929787e-31,0,0,0,0,0,0,0,0,0,0,0,0,0,0,0,0,0,0,1,0,5.0068702233029258e-31,1
89900,NORMAL,4.0054961786423407e-31,1,4.0054961786423407e-31,1,0,UNKNOWN,0.20000000000000001,0,1,0,1,0,0,0,0,0,45100,45100,0,0,0,1,1,0,1,1,0,1,1,0,1,1,0,1,1,0,1,1,0,0,0,0,0,0,0,0,0,0,0,0,0,0,0,2.4113002167473065e-41,0,0,0,0,0,0,0,0,0,4.0054961783943835e-31,0,0,0,0,0,0,0,0,0,0,0,0,0,0,0,0,0,0,1,0,4.0054961786423407e-31,1
90000,NORMAL,3.2043969429138727e-31,1,3.2043969429138727e-31,1,0,UNKNOWN,0.20000000000000001,0,1,0,1,0,0,0,0,0,45100,45100,0,0,0,1,1,0,1,1,0,1,1,0,1,1,0,1,1,0,1,1,0,0,0,0,0,0,0,0,0,0,0,0,0,0,0,1.9290401733978453e-41,0,0,0,0,0,0,0,0,0,3.2043969427155071e-31,0,0,0,0,0,0,0,0,0,0,0,0,0,0,0,0,0,0,1,0,3.2043969429138727e-31,1
90100,NORMAL,0.085750579833984375,1,0.085750579833984375,0.91424942016601562,0,UNKNOWN,0.22572517395019531,0,1,0,0.91424942016601562,1.3233305071353201e-42,0,0,0,0,45100,45100,0,0,0,1,1,0,1,1,0,1,1,0.085750579833984375,1,1,0,1,1,0,1,1,0,0,0,0,0,0,0,0,0,0,0,0,0,1.3233305071353201e-42,0,1.4108990880047445e-41,0,0,0,0,0,0,0,0,0,0.085750579833984375,0,0,0,0,0,0,0,0,0,0,0,0,0,0,0,0,0,0,0.91424942016601562,0,0.085750579833984375,0.91424942016601562
90200,NORMAL,0.11390841249376536,1,0.11390841249376536,0.88609158750623462,0,UNKNOWN,0.23417252374812961,0,1,0,0.88609158750623462,5.4906570954090891e-43,0,0,0,0,45100,45100,0,0,0,1,1,0,1,1,0,1,1,0.04864501953125,1,1,0,1,1,0,1,1,0,0,0,0,0,0,0,0,0,0,0,0,0,5.4906570954090891e-43,0,1.0738126994497048e-41,0,0,0,0,0,0,0,0,0,0.11390841249376536,0,0,0,0,0,0,0,0,0,0,0,0,0,0,0,0,0,0,0.88609158750623462,0,0.11390841249376536,0.88609158750623462
90300,NORMAL,0.12496192836681816,1,0.12496192836681816,0.87503807163318192,0,UNKNOWN,0.23748857851004546,0,1,0,0.87503807163318192,3.1980402020049042e-43,0,0,0,0,45100,45100,0,0,0,1,1,0,1,1,0,1,1,0.037227630615234375,1,1,0,1,1,0,1,1,0,0,0,0,0,0,0,0,0,0,0,0,0,3.1980402020049042e-43,0,8.2706975753971488e-42,0,0,0,0,0,0,0,0,0,0.12496192836681816,0,0,0,0,0,0,0,0,0,0,0,0,0,0,0,0,0,0,0.87503807163318192,0,0.12496192836681816,0.87503807163318192
90400,NORMAL,0.12387591504691475,1,0.12387591504691475,0.87612408495308525,0,UNKNOWN,0.23716277451407441,0,1,0,0.87612408495308525,1.7574727544400131e-43,0,0,0,0,45100,45100,0,0,0,1,1,0,1,1,0,1,1,0.026561737060546875,1,1,0,1,1,0,1,1,0,0,0,0,0,0,0,0,0,0,0,0,0,1.7574727544400131e-43,0,6.4408107848737179e-42,0,0,0,0,0,0,0,0,0,0.12387591504691475,0,0,0,0,0,0,0,0,0,0,0,0,0,0,0,0,0,0,0.87612408495308525,0,0.12387591504691475,0.87612408495308525
90500,NORMAL,0.11405363088284087,1,0.11405363088284087,0.88594636911715918,0,UNKNOWN,0.23421608926485227,0,1,0,0.88594636911715918,8.5522362441972497e-44,0,0,0,0,45100,45100,0,0,0,1,1,0,1,1,0,1,1,0.016597747802734375,1,1,0,1,1,0,1,1,0,0,0,0,0,0,0,0,0,0,0,0,0,8.5522362441972497e-44,0,5.0671262654570017e-42,0,0,0,0,0,0,0,0,0,0.11405363088284087,0,0,0,0,0,0,0,0,0,0,0,0,0,0,0,0,0,0,0.88594636911715918,0,0.11405363088284087,0.88594636911715918
90600,NORMAL,0.097864174130753212,1,0.097864174130753212,0.9021358258692469,0,UNKNOWN,0.22935925223922599,0,1,0,0.9021358258692469,2.9535556539986799e-44,0,0,0,0,45100,45100,0,0,0,1,1,0,1,1,0,1,1,0.00728607177734375,1,1,0,1,1,0,1,1,0,0,0,0,0,0,0,0,0,0,0,0,0,2.9535556539986799e-44,0,4.0241654558256148e-42,0,0,0,0,0,0,0,0,0,0.097864174130753212,0,0,0,0,0,0,0,0,0,0,0,0,0,0,0,0,0,0,0.9021358258692469,0,0.097864174130753212,0.9021358258692469
90700,NORMAL,0.078291339304602581,1,0.078291339304602581,0.92170866069539747,0,UNKNOWN,0.2234874017913808,0,1,0,0.92170866069539747,0,0,0,0,0,45100,45100,0,0,0,1,1,0,1,1,0,1,1,0,1,1,0,1,1,0,1,1,0,0,0,0,0,0,0,0,0,0,0,0,0,0,0,3.2193323646604919e-42,0,0,0,0,0,0,0,0,0,0.078291339304602581,0,0,0,0,0,0,0,0,0,0,0,0,0,0,0,0,0,0,0.92170866069539747,0,0.078291339304602581,0.92170866069539747
90800,NORMAL,0.062633071443682062,1,0.062633071443682062,0.93736692855631798,0,UNKNOWN,0.21878992143310463,0,1,0,0.93736692855631798,0,0,0,0,0,45100,45100,0,0,0,1,1,0,1,1,0,1,1,0,1,1,0,1,1,0,1,1,0,0,0,0,0,0,0,0,0,0,0,0,0,0,0,2.5754658917283935e-42,0,0,0,0,0,0,0,0,0,0.062633071443682062,0,0,0,0,0,0,0,0,0,0,0,0,0,0,0,0,0,0,0.93736692855631798,0,0.062633071443682062,0.93736692855631798
90900,NORMAL,0.050106457154945654,1,0.050106457154945654,0.94989354284505434,0,UNKNOWN,0.21503193714648369,0,1,0,0.94989354284505434,0,0,0,0,0,45100,45100,0,0,0,1,1,0,1,1,0,1,1,0,1,1,0,1,1,0,1,1,0,0,0,0,0,0,0,0,0,0,0,0,0,0,0,2.0603727133827149e-42,0,0,0,0,0,0,0,0,0,0.050106457154945654,0,0,0,0,0,0,0,0,0,0,0,0,0,0,0,0,0,0,0.94989354284505434,0,0.050106457154945654,0.94989354284505434
91000,NORMAL,0.040085165723956526,1,0.040085165723956526,0.95991483427604352,0,UNKNOWN,0.21202554971718698,0,1,0,0.95991483427604352,0,0,0,0,0,45100,45100,0,0,0,1,1,0,1,1,0,1,1,0,1,1,0,1,1,0,1,1,0,0,0,0,0,0,0,0,0,0,0,0,0,0,0,1.6482981707061721e-42,0,0,0,0,0,0,0,0,0,0.040085165723956526,0,0,0,0,0,0,0,0,0,0,0,0,0,0,0,0,0,0,0.95991483427604352,0,0.040085165723956526,0.95991483427604352
91100,NORMAL,0.032068132579165222,1,0.032068132579165222,0.96793186742083481,0,UNKNOWN,0.20962043977374958,0,1,0,0.96793186742083481,0,0,0,0,0,45100,45100,0,0,0,1,1,0,1,1,0,1,1,0,1,1,0,1,1,0,1,1,0,0,0,0,0,0,0,0,0,0,0,0,0,0,0,1.3186385365649378e-42,0,0,0,0,0,0,0,0,0,0.032068132579165222,0,0,0,0,0,0,0,0,0,0,0,0,0,0,0,0,0,0,0.96793186742083481,0,0.032068132579165222,0.96793186742083481
91200,NORMAL,0.02565450606333218,1,0.02565450606333218,0.97434549393666781,0,UNKNOWN,0.20769635181899965,0,1,0,0.97434549393666781,0,0,0,0,0,45100,45100,0,0,0,1,1,0,1,1,0,1,1,0,1,1,0,1,1,0,1,1,0,0,0,0,0,0,0,0,0,0,0,0,0,0,0,1.0549108292519503e-42,0,0,0,0,0,0,0,0,0,0.02565450606333218,0,0,0,0,0,0,0,0,0,0,0,0,0,0,0,0,0,0,0.97434549393666781,0,0.02565450606333218,0.97434549393666781
91300,NORMAL,0.020523604850665747,1,0.020523604850665747,0.97947639514933427,0,UNKNOWN,0.20615708145519973,0,1,0,0.97947639514933427,0,0,0,0,0,45100,45100,0,0,0,1,1,0,1,1,0,1,1,0,1,1,0,1,1,0,1,1,0,0,0,0,0,0,0,0,0,0,0,0,0,0,0,8.4392866340156028e-43,0,0,0,0,0,0,0,0,0,0.020523604850665747,0,0,0,0,0,0,0,0,0,0,0,0,0,0,0,0,0,0,0.97947639514933427,0,0.020523604850665747,0.97947639514933427
91400,NORMAL,0.016418883880532597,1,0.016418883880532597,0.98358111611946741,0,UNKNOWN,0.20492566516415978,0,1,0,0.98358111611946741,0,0,0,0,0,45100,45100,0,0,0,1,1,0,1,1,0,1,1,0,1,1,0,1,1,0,1,1,0,0,0,0,0,0,0,0,0,0,0,0,0,0,0,6.7514293072124825e-43,0,0,0,0,0,0,0,0,0,0.016418883880532597,0,0,0,0,0,0,0,0,0,0,0,0,0,0,0,0,0,0,0.98358111611946741,0,0.016418883880532597,0.98358111611946741
91500,NORMAL,0.013135107104426079,1,0.013135107104426079,0.98686489289557389,0,UNKNOWN,0.20394053213132782,0,1,0,0.98686489289557389,0,0,0,0,0,45100,45100,0,0,0,1,1,0,1,1,0,1,1,0,1,1,0,1,1,0,1,1,0,0,0,0,0,0,0,0,0,0,0,0,0,0,0,5.4011434457699867e-43,0,0,0,0,0,0,0,0,0,0.013135107104426079,0,0,0,0,0,0,0,0,0,0,0,0,0,0,0,0,0,0,0.98686489289557389,0,0.013135107104426079,0.98686489289557389
91600,NORMAL,0.010508085683540863,1,0.010508085683540863,0.98949191431645911,0,UNKNOWN,0.20315242570506226,0,1,0,0.98949191431645911,0,0,0,0,0,45100,45100,0,0,0,1,1,0,1,1,0,1,1,0,1,1,0,1,1,0,1,1,0,0,0,0,0,0,0,0,0,0,0,0,0,0,0,4.3209147566159895e-43,0,0,0,0,0,0,0,0,0,0.010508085683540863,0,0,0,0,0,0,0,0,0,0,0,0,0,0,0,0,0,0,0.98949191431645911,0,0.010508085683540863,0.98949191431645911
91700,NORMAL,0.0084064685468326905,1,0.0084064685468326905,0.99159353145316731,0,UNKNOWN,0.20252194056404982,0,1,0,0.99159353145316731,0,0,0,0,0,45100,45100,0,0,0,1,1,0,1,1,0,1,1,0,1,1,0,1,1,0,1,1,0,0,0,0,0,0,0,0,0,0,0,0,0,0,0,3.4567318052927918e-43,0,0,0,0,0,0,0,0,0,0.0084064685468326905,0,0,0,0,0,0,0,0,0,0,0,0,0,0,0,0,0,0,0.99159353145316731,0,0.0084064685468326905,0.99159353145316731
91800,NORMAL,0.0067251748374661524,1,0.0067251748374661524,0.99327482516253385,0,UNKNOWN,0.20201755245123984,0,1,0,0.99327482516253385,0,0,0,0,0,45100,45100,0,0,0,1,1,0,1,1,0,1,1,0,1,1,0,1,1,0,1,1,0,0,0,0,0,0,0,0,0,0,0,0,0,0,0,2.7653854442342336e-43,0,0,0,0,0,0,0,0,0,0.0067251748374661524,0,0,0,0,0,0,0,0,0,0,0,0,0,0,0,0,0,0,0.99327482516253385,0,0.0067251748374661524,0.99327482516253385
91900,NORMAL,0.0053801398699729226,1,0.0053801398699729226,0.99461986013002712,0,UNKNOWN,0.20161404196099189,0,1,0,0.99461986013002712,0,0,0,0,0,45100,45100,0,0,0,1,1,0,1,1,0,1,1,0,1,1,0,1,1,0,1,1,0,0,0,0,0,0,0,0,0,0,0,0,0,0,0,2.2123083553873869e-43,0,0,0,0,0,0,0,0,0,0.0053801398699729226,0,0,0,0,0,0,0,0,0,0,0,0,0,0,0,0,0,0,0.99461986013002712,0,0.0053801398699729226,0.99461986013002712
92000,NORMAL,0.0043041118959783386,1,0.0043041118959783386,0.99569588810402165,0,UNKNOWN,0.2012912335687935,0,1,0,0.99569588810402165,0,0,0,0,0,45100,45100,0,0,0,1,1,0,1,1,0,1,1,0,1,1,0,1,1,0,1,1,0,0,0,0,0,0,0,0,0,0,0,0,0,0,0,1.7698466843099096e-43,0,0,0,0,0,0,0,0,0,0.0043041118959783386,0,0,0,0,0,0,0,0,0,0,0,0,0,0,0,0,0,0,0.99569588810402165,0,0.0043041118959783386,0.99569588810402165
92100,NORMAL,0.0034432895167826709,1,0.0034432895167826709,0.99655671048321737,0,UNKNOWN,0.20103298685503482,0,1,0,0.99655671048321737,0,0,0,0,0,45100,45100,0,0,0,1,1,0,1,1,0,1,1,0,1,1,0,1,1,0,1,1,0,0,0,0,0,0,0,0,0,0,0,0,0,0,0,1.4158773474479277e-43,0,0,0,0,0,0,0,0,0,0.0034432895167826709,0,0,0,0,0,0,0,0,0,0,0,0,0,0,0,0,0,0,0.99655671048321737,0,0.0034432895167826709,0.99655671048321737
92200,NORMAL,0.0027546316134261367,1,0.0027546316134261367,0.99724536838657385,0,UNKNOWN,0.20082638948402784,0,1,0,0.99724536838657385,0,0,0,0,0,45100,45100,0,0,0,1,1,0,1,1,0,1,1,0,1,1,0,1,1,0,1,1,0,0,0,0,0,0,0,0,0,0,0,0,0,0,0,1.1327018779583423e-43,0,0,0,0,0,0,0,0,0,0.0027546316134261367,0,0,0,0,0,0,0,0,0,0,0,0,0,0,0,0,0,0,0.99724536838657385,0,0.0027546316134261367,0.99724536838657385
92300,NORMAL,0.0022037052907409095,1,0.0022037052907409095,0.99779629470925912,0,UNKNOWN,0.2006611115872223,0,1,0,0.99779629470925912,0,0,0,0,0,45100,45100,0,0,0,1,1,0,1,1,0,1,1,0,1,1,0,1,1,0,1,1,0,0,0,0,0,0,0,0,0,0,0,0,0,0,0,9.0616150236667381e-44,0,0,0,0,0,0,0,0,0,0.0022037052907409095,0,0,0,0,0,0,0,0,0,0,0,0,0,0,0,0,0,0,0.99779629470925912,0,0.0022037052907409095,0.99779629470925912
92400,NORMAL,0.0017629642325927277,1,0.0017629642325927277,0.9982370357674073,0,UNKNOWN,0.2005288892697778,0,1,0,0.9982370357674073,0,0,0,0,0,45100,45100,0,0,0,1,1,0,1,1,0,1,1,0,1,1,0,1,1,0,1,1,0,0,0,0,0,0,0,0,0,0,0,0,0,0,0,7.2492920189333905e-44,0,0,0,0,0,0,0,0,0,0.0017629642325927277,0,0,0,0,0,0,0,0,0,0,0,0,0,0,0,0,0,0,0.9982370357674073,0,0.0017629642325927277,0.9982370357674073
92500,NORMAL,0.0014103713860741823,1,0.0014103713860741823,0.99858962861392586,0,UNKNOWN,0.20042311141582228,0,1,0,0.99858962861392586,0,0,0,0,0,45100,45100,0,0,0,1,1,0,1,1,0,1,1,0,1,1,0,1,1,0,1,1,0,0,0,0,0,0,0,0,0,0,0,0,0,0,0,5.7994336151467126e-44,0,0,0,0,0,0,0,0,0,0.0014103713860741823,0,0,0,0,0,0,0,0,0,0,0,0,0,0,0,0,0,0,0.99858962861392586,0,0.0014103713860741823,0.99858962861392586
92600,NORMAL,0.0011282971088593459,1,0.0011282971088593459,0.99887170289114069,0,UNKNOWN,0.20033848913265781,0,1,0,0.99887170289114069,0,0,0,0,0,45100,45100,0,0,0,1,1,0,1,1,0,1,1,0,1,1,0,1,1,0,1,1,0,0,0,0,0,0,0,0,0,0,0,0,0,0,0,4.6395468921173701e-44,0,0,0,0,0,0,0,0,0,0.0011282971088593459,0,0,0,0,0,0,0,0,0,0,0,0,0,0,0,0,0,0,0.99887170289114069,0,0.0011282971088593459,0.99887170289114069
92700,NORMAL,0.00090263768708747673,1,0.00090263768708747673,0.99909736231291257,0,UNKNOWN,0.20027079130612627,0,1,0,0.99909736231291257,0,0,0,0,0,45100,45100,0,0,0,1,1,0,1,1,0,1,1,0,1,1,0,1,1,0,1,1,0,0,0,0,0,0,0,0,0,0,0,0,0,0,0,3.7116375136938965e-44,0,0,0,0,0,0,0,0,0,0.00090263768708747673,0,0,0,0,0,0,0,0,0,0,0,0,0,0,0,0,0,0,0.99909736231291257,0,0.00090263768708747673,0.99909736231291257
92800,NORMAL,0.00072211014966998147,1,0.00072211014966998147,0.99927788985033006,0,UNKNOWN,0.200216633044901,0,1,0,0.99927788985033006,0,0,0,0,0,45100,45100,0,0,0,1,1,0,1,1,0,1,1,0,1,1,0,1,1,0,1,1,0,0,0,0,0,0,0,0,0,0,0,0,0,0,0,2.9693100109551176e-44,0,0,0,0,0,0,0,0,0,0.00072211014966998147,0,0,0,0,0,0,0,0,0,0,0,0,0,0,0,0,0,0,0.99927788985033006,0,0.00072211014966998147,0.99927788985033006
92900,NORMAL,0.00057768811973598515,1,0.00057768811973598515,0.99942231188026409,0,UNKNOWN,0.20017330643592079,0,1,0,0.99942231188026409,0,0,0,0,0,45100,45100,0,0,0,1,1,0,1,1,0,1,1,0,1,1,0,1,1,0,1,1,0,0,0,0,0,0,0,0,0,0,0,0,0,0,0,2.3754480087640942e-44,0,0,0,0,0,0,0,0,0,0.00057768811973598515,0,0,0,0,0,0,0,0,0,0,0,0,0,0,0,0,0,0,0.99942231188026409,0,0.00057768811973598515,0.99942231188026409
93000,NORMAL,0.00046215049578878816,1,0.00046215049578878816,0.99953784950421132,0,UNKNOWN,0.20013864514873667,0,1,0,0.99953784950421132,0,0,0,0,0,45100,45100,0,0,0,1,1,0,1,1,0,1,1,0,1,1,0,1,1,0,1,1,0,0,0,0,0,0,0,0,0,0,0,0,0,0,0,1.9003584070112754e-44,0,0,0,0,0,0,0,0,0,0.00046215049578878816,0,0,0,0,0,0,0,0,0,0,0,0,0,0,0,0,0,0,0.99953784950421132,0,0.00046215049578878816,0.99953784950421132
93100,NORMAL,0.00036972039663103057,1,0.00036972039663103057,0.99963027960336903,0,UNKNOWN,0.20011091611898932,0,1,0,0.99963027960336903,0,0,0,0,0,45100,45100,0,0,0,1,1,0,1,1,0,1,1,0,1,1,0,1,1,0,1,1,0,0,0,0,0,0,0,0,0,0,0,0,0,0,0,1.5202867256090205e-44,0,0,0,0,0,0,0,0,0,0.00036972039663103057,0,0,0,0,0,0,0,0,0,0,0,0,0,0,0,0,0,0,0.99963027960336903,0,0.00036972039663103057,0.99963027960336903
93200,NORMAL,0.00029577631730482449,1,0.00029577631730482449,0.99970422368269518,0,UNKNOWN,0.20008873289519144,0,1,0,0.99970422368269518,0,0,0,0,0,45100,45100,0,0,0,1,1,0,1,1,0,1,1,0,1,1,0,1,1,0,1,1,0,0,0,0,0,0,0,0,0,0,0,0,0,0,0,1.2162293804872164e-44,0,0,0,0,0,0,0,0,0,0.00029577631730482449,0,0,0,0,0,0,0,0,0,0,0,0,0,0,0,0,0,0,0.99970422368269518,0,0.00029577631730482449,0.99970422368269518
93300,NORMAL,0.00023662105384385961,1,0.00023662105384385961,0.99976337894615619,0,UNKNOWN,0.20007098631615317,0,1,0,0.99976337894615619,0,0,0,0,0,45100,45100,0,0,0,1,1,0,1,1,0,1,1,0,1,1,0,1,1,0,1,1,0,0,0,0,0,0,0,0,0,0,0,0,0,0,0,9.7298350438977318e-45,0,0,0,0,0,0,0,0,0,0.00023662105384385961,0,0,0,0,0,0,0,0,0,0,0,0,0,0,0,0,0,0,0.99976337894615619,0,0.00023662105384385961,0.99976337894615619
93400,NORMAL,0.0001892968430750877,1,0.0001892968430750877,0.999810703156925,0,UNKNOWN,0.20005678905292257,0,1,0,0.999810703156925,0,0,0,0,0,45100,45100,0,0,0,1,1,0,1,1,0,1,1,0,1,1,0,1,1,0,1,1,0,0,0,0,0,0,0,0,0,0,0,0,0,0,0,7.7838680351181865e-45,0,0,0,0,0,0,0,0,0,0.0001892968430750877,0,0,0,0,0,0,0,0,0,0,0,0,0,0,0,0,0,0,0.999810703156925,0,0.0001892968430750877,0.999810703156925
93500,NORMAL,0.00015143747446007017,1,0.00015143747446007017,0.99984856252554,0,UNKNOWN,0.20004543124233803,0,1,0,0.99984856252554,0,0,0,0,0,45100,45100,0,0,0,1,1,0,1,1,0,1,1,0,1,1,0,1,1,0,1,1,0,0,0,0,0,0,0,0,0,0,0,0,0,0,0,6.2270944280945489e-45,0,0,0,0,0,0,0,0,0,0.00015143747446007017,0,0,0,0,0,0,0,0,0,0,0,0,0,0,0,0,0,0,0.99984856252554,0,0.00015143747446007017,0.99984856252554
93600,NORMAL,0.00012114997956805615,1,0.00012114997956805615,0.99987885002043198,0,UNKNOWN,0.20003634499387044,0,1,0,0.99987885002043198,0,0,0,0,0,45100,45100,0,0,0,1,1,0,1,1,0,1,1,0,1,1,0,1,1,0,1,1,0,0,0,0,0,0,0,0,0,0,0,0,0,0,0,4.9816755424756391e-45,0,0,0,0,0,0,0,0,0,0.00012114997956805615,0,0,0,0,0,0,0,0,0,0,0,0,0,0,0,0,0,0,0.99987885002043198,0,0.00012114997956805615,0.99987885002043198
93700,NORMAL,9.6919983654444923e-05,1,9.6919983654444923e-05,0.99990308001634554,0,UNKNOWN,0.20002907599509634,0,1,0,0.99990308001634554,0,0,0,0,0,45100,45100,0,0,0,1,1,0,1,1,0,1,1,0,1,1,0,1,1,0,1,1,0,0,0,0,0,0,0,0,0,0,0,0,0,0,0,3.9853404339805117e-45,0,0,0,0,0,0,0,0,0,9.6919983654444923e-05,0,0,0,0,0,0,0,0,0,0,0,0,0,0,0,0,0,0,0.99990308001634554,0,9.6919983654444923e-05,0.99990308001634554
93800,NORMAL,7.7535986923555963e-05,1,7.7535986923555963e-05,0.9999224640130765,0,UNKNOWN,0.20002326079607707,0,1,0,0.9999224640130765,0,0,0,0,0,45100,45100,0,0,0,1,1,0,1,1,0,1,1,0,1,1,0,1,1,0,1,1,0,0,0,0,0,0,0,0,0,0,0,0,0,0,0,3.1882723471844098e-45,0,0,0,0,0,0,0,0,0,7.7535986923555963e-05,0,0,0,0,0,0,0,0,0,0,0,0,0,0,0,0,0,0,0.9999224640130765,0,7.7535986923555963e-05,0.9999224640130765
93900,NORMAL,6.2028789538844768e-05,1,6.2028789538844768e-05,0.99993797121046124,0,UNKNOWN,0.20001860863686169,0,1,0,0.99993797121046124,0,0,0,0,0,45100,45100,0,0,0,1,1,0,1,1,0,1,1,0,1,1,0,1,1,0,1,1,0,0,0,0,0,0,0,0,0,0,0,0,0,0,0,2.550617877747528e-45,0,0,0,0,0,0,0,0,0,6.2028789538844768e-05,0,0,0,0,0,0,0,0,0,0,0,0,0,0,0,0,0,0,0.99993797121046124,0,6.2028789538844768e-05,0.99993797121046124
94000,NORMAL,4.962303163107582e-05,1,4.962303163107582e-05,0.99995037696836897,0,UNKNOWN,0.20001488690948935,0,1,0,0.99995037696836897,0,0,0,0,0,45100,45100,0,0,0,1,1,0,1,1,0,1,1,0,1,1,0,1,1,0,1,1,0,0,0,0,0,0,0,0,0,0,0,0,0,0,0,2.0404943021980226e-45,0,0,0,0,0,0,0,0,0,4.962303163107582e-05,0,0,0,0,0,0,0,0,0,0,0,0,0,0,0,0,0,0,0.99995037696836897,0,4.962303163107582e-05,0.99995037696836897
94100,NORMAL,3.9698425304860657e-05,1,3.9698425304860657e-05,0.99996030157469518,0,UNKNOWN,0.20001190952759149,0,1,0,0.99996030157469518,0,0,0,0,0,45100,45100,0,0,0,1,1,0,1,1,0,1,1,0,1,1,0,1,1,0,1,1,0,0,0,0,0,0,0,0,0,0,0,0,0,0,0,1.6323954417584182e-45,0,0,0,0,0,0,0,0,0,3.9698425304860657e-05,0,0,0,0,0,0,0,0,0,0,0,0,0,0,0,0,0,0,0.99996030157469518,0,3.9698425304860657e-05,0.99996030157469518
94200,NORMAL,3.1758740243888528e-05,1,3.1758740243888528e-05,0.99996824125975614,0,UNKNOWN,0.20000952762207319,0,1,0,0.99996824125975614,0,0,0,0,0,45100,45100,0,0,0,1,1,0,1,1,0,1,1,0,1,1,0,1,1,0,1,1,0,0,0,0,0,0,0,0,0,0,0,0,0,0,0,1.3059163534067346e-45,0,0,0,0,0,0,0,0,0,3.1758740243888528e-05,0,0,0,0,0,0,0,0,0,0,0,0,0,0,0,0,0,0,0.99996824125975614,0,3.1758740243888528e-05,0.99996824125975614
94300,NORMAL,2.5406992195110825e-05,1,2.5406992195110825e-05,0.99997459300780489,0,UNKNOWN,0.20000762209765854,0,1,0,0.99997459300780489,0,0,0,0,0,45100,45100,0,0,0,1,1,0,1,1,0,1,1,0,1,1,0,1,1,0,1,1,0,0,0,0,0,0,0,0,0,0,0,0,0,0,0,1.0447330827253878e-45,0,0,0,0,0,0,0,0,0,2.5406992195110825e-05,0,0,0,0,0,0,0,0,0,0,0,0,0,0,0,0,0,0,0.99997459300780489,0,2.5406992195110825e-05,0.99997459300780489
94400,NORMAL,2.0325593756088661e-05,1,2.0325593756088661e-05,0.99997967440624391,0,UNKNOWN,0.20000609767812683,0,1,0,0.99997967440624391,0,0,0,0,0,45100,45100,0,0,0,1,1,0,1,1,0,1,1,0,1,1,0,1,1,0,1,1,0,0,0,0,0,0,0,0,0,0,0,0,0,0,0,8.3578646618031027e-46,0,0,0,0,0,0,0,0,0,2.0325593756088661e-05,0,0,0,0,0,0,0,0,0,0,0,0,0,0,0,0,0,0,0.99997967440624391,0,2.0325593756088661e-05,0.99997967440624391
94500,NORMAL,1.626047500487093e-05,1,1.626047500487093e-05,0.99998373952499509,0,UNKNOWN,0.20000487814250145,0,1,0,0.99998373952499509,0,0,0,0,0,45100,45100,0,0,0,1,1,0,1,1,0,1,1,0,1,1,0,1,1,0,1,1,0,0,0,0,0,0,0,0,0,0,0,0,0,0,0,6.6862917294424828e-46,0,0,0,0,0,0,0,0,0,1.626047500487093e-05,0,0,0,0,0,0,0,0,0,0,0,0,0,0,0,0,0,0,0.99998373952499509,0,1.626047500487093e-05,0.99998373952499509
94600,NORMAL,1.3008380003896747e-05,1,1.3008380003896747e-05,0.99998699161999616,0,UNKNOWN,0.20000390251400119,0,1,0,0.99998699161999616,0,0,0,0,0,45100,45100,0,0,0,1,1,0,1,1,0,1,1,0,1,1,0,1,1,0,1,1,0,0,0,0,0,0,0,0,0,0,0,0,0,0,0,5.3490333835539873e-46,0,0,0,0,0,0,0,0,0,1.3008380003896747e-05,0,0,0,0,0,0,0,0,0,0,0,0,0,0,0,0,0,0,0.99998699161999616,0,1.3008380003896747e-05,0.99998699161999616
94700,NORMAL,1.0406704003117399e-05,1,1.0406704003117399e-05,0.9999895932959969,0,UNKNOWN,0.20000312201120093,0,1,0,0.9999895932959969,0,0,0,0,0,45100,45100,0,0,0,1,1,0,1,1,0,1,1,0,1,1,0,1,1,0,1,1,0,0,0,0,0,0,0,0,0,0,0,0,0,0,0,4.2792267068431898e-46,0,0,0,0,0,0,0,0,0,1.0406704003117399e-05,0,0,0,0,0,0,0,0,0,0,0,0,0,0,0,0,0,0,0.9999895932959969,0,1.0406704003117399e-05,0.9999895932959969
94800,NORMAL,8.3253632024939194e-06,1,8.3253632024939194e-06,0.9999916746367975,0,UNKNOWN,0.20000249760896074,0,1,0,0.9999916746367975,0,0,0,0,0,45100,45100,0,0,0,1,1,0,1,1,0,1,1,0,1,1,0,1,1,0,1,1,0,0,0,0,0,0,0,0,0,0,0,0,0,0,0,3.4233813654745519e-46,0,0,0,0,0,0,0,0,0,8.3253632024939194e-06,0,0,0,0,0,0,0,0,0,0,0,0,0,0,0,0,0,0,0.9999916746367975,0,8.3253632024939194e-06,0.9999916746367975
94900,NORMAL,6.6602905619951362e-06,1,6.6602905619951362e-06,0.99999333970943804,0,UNKNOWN,0.20000199808716862,0,1,0,0.99999333970943804,0,0,0,0,0,45100,45100,0,0,0,1,1,0,1,1,0,1,1,0,1,1,0,1,1,0,1,1,0,0,0,0,0,0,0,0,0,0,0,0,0,0,0,2.7387050923796417e-46,0,0,0,0,0,0,0,0,0,6.6602905619951362e-06,0,0,0,0,0,0,0,0,0,0,0,0,0,0,0,0,0,0,0.99999333970943804,0,6.6602905619951362e-06,0.99999333970943804
95000,NORMAL,5.3282324495961091e-06,1,5.3282324495961091e-06,0.99999467176755041,0,UNKNOWN,0.20000159846973486,0,1,0,0.99999467176755041,0,0,0,0,0,45100,45100,0,0,0,1,1,0,1,1,0,1,1,0,1,1,0,1,1,0,1,1,0,0,0,0,0,0,0,0,0,0,0,0,0,0,0,2.1909640739037135e-46,0,0,0,0,0,0,0,0,0,5.3282324495961091e-06,0,0,0,0,0,0,0,0,0,0,0,0,0,0,0,0,0,0,0.99999467176755041,0,5.3282324495961091e-06,0.99999467176755041
95100,NORMAL,4.2625859596768878e-06,1,4.2625859596768878e-06,0.99999573741404035,0,UNKNOWN,0.20000127877578791,0,1,0,0.99999573741404035,0,0,0,0,0,45100,45100,0,0,0,1,1,0,1,1,0,1,1,0,1,1,0,1,1,0,1,1,0,0,0,0,0,0,0,0,0,0,0,0,0,0,0,1.7527712591229707e-46,0,0,0,0,0,0,0,0,0,4.2625859596768878e-06,0,0,0,0,0,0,0,0,0,0,0,0,0,0,0,0,0,0,0.99999573741404035,0,4.2625859596768878e-06,0.99999573741404035
95200,NORMAL,3.4100687677415105e-06,1,3.4100687677415105e-06,0.9999965899312323,0,UNKNOWN,0.20000102302063033,0,1,0,0.9999965899312323,0,0,0,0,0,45100,45100,0,0,0,1,1,0,1,1,0,1,1,0,1,1,0,1,1,0,1,1,0,0,0,0,0,0,0,0,0,0,0,0,0,0,0,1.4022170072983765e-46,0,0,0,0,0,0,0,0,0,3.4100687677415105e-06,0,0,0,0,0,0,0,0,0,0,0,0,0,0,0,0,0,0,0.9999965899312323,0,3.4100687677415105e-06,0.9999965899312323
95300,NORMAL,2.7280550141932085e-06,1,2.7280550141932085e-06,0.99999727194498589,0,UNKNOWN,0.20000081841650427,0,1,0,0.99999727194498589,0,0,0,0,0,45100,45100,0,0,0,1,1,0,1,1,0,1,1,0,1,1,0,1,1,0,1,1,0,0,0,0,0,0,0,0,0,0,0,0,0,0,0,1.1217736058387013e-46,0,0,0,0,0,0,0,0,0,2.7280550141932085e-06,0,0,0,0,0,0,0,0,0,0,0,0,0,0,0,0,0,0,0.99999727194498589,0,2.7280550141932085e-06,0.99999727194498589
95400,NORMAL,2.1824440113545669e-06,1,2.1824440113545669e-06,0.99999781755598871,0,UNKNOWN,0.20000065473320341,0,1,0,0.99999781755598871,0,0,0,0,0,45100,45100,0,0,0,1,1,0,1,1,0,1,1,0,1,1,0,1,1,0,1,1,0,0,0,0,0,0,0,0,0,0,0,0,0,0,0,8.9741888467096101e-47,0,0,0,0,0,0,0,0,0,2.1824440113545669e-06,0,0,0,0,0,0,0,0,0,0,0,0,0,0,0,0,0,0,0.99999781755598871,0,2.1824440113545669e-06,0.99999781755598871
95500,NORMAL,1.7459552090836535e-06,1,1.7459552090836535e-06,0.99999825404479092,0,UNKNOWN,0.20000052378656272,0,1,0,0.99999825404479092,0,0,0,0,0,45100,45100,0,0,0,1,1,0,1,1,0,1,1,0,1,1,0,1,1,0,1,1,0,0,0,0,0,0,0,0,0,0,0,0,0,0,0,7.1793510773676883e-47,0,0,0,0,0,0,0,0,0,1.7459552090836535e-06,0,0,0,0,0,0,0,0,0,0,0,0,0,0,0,0,0,0,0.99999825404479092,0,1.7459552090836535e-06,0.99999825404479092
95600,NORMAL,1.396764167266923e-06,1,1.396764167266923e-06,0.99999860323583278,0,UNKNOWN,0.2000004190292502,0,1,0,0.99999860323583278,0,0,0,0,0,45100,45100,0,0,0,1,1,0,1,1,0,1,1,0,1,1,0,1,1,0,1,1,0,0,0,0,0,0,0,0,0,0,0,0,0,0,0,5.7434808618941508e-47,0,0,0,0,0,0,0,0,0,1.396764167266923e-06,0,0,0,0,0,0,0,0,0,0,0,0,0,0,0,0,0,0,0.99999860323583278,0,1.396764167266923e-06,0.99999860323583278
95700,NORMAL,1.1174113338135385e-06,1,1.1174113338135385e-06,0.9999988825886662,0,UNKNOWN,0.20000033522340013,0,1,0,0.9999988825886662,0,0,0,0,0,45100,45100,0,0,0,1,1,0,1,1,0,1,1,0,1,1,0,1,1,0,1,1,0,0,0,0,0,0,0,0,0,0,0,0,0,0,0,4.5947846895153209e-47,0,0,0,0,0,0,0,0,0,1.1174113338135385e-06,0,0,0,0,0,0,0,0,0,0,0,0,0,0,0,0,0,0,0.9999988825886662,0,1.1174113338135385e-06,0.9999988825886662
95800,NORMAL,8.9392906705083089e-07,1,8.9392906705083089e-07,0.99999910607093301,0,UNKNOWN,0.20000026817872013,0,1,0,0.99999910607093301,0,0,0,0,0,45100,45100,0,0,0,1,1,0,1,1,0,1,1,0,1,1,0,1,1,0,1,1,0,0,0,0,0,0,0,0,0,0,0,0,0,0,0,3.6758277516122571e-47,0,0,0,0,0,0,0,0,0,8.9392906705083089e-07,0,0,0,0,0,0,0,0,0,0,0,0,0,0,0,0,0,0,0.99999910607093301,0,8.9392906705083089e-07,0.99999910607093301
95900,NORMAL,7.1514325364066473e-07,1,7.1514325364066473e-07,0.99999928485674638,0,UNKNOWN,0.20000021454297609,0,1,0,0.99999928485674638,0,0,0,0,0,45100,45100,0,0,0,1,1,0,1,1,0,1,1,0,1,1,0,1,1,0,1,1,0,0,0,0,0,0,0,0,0,0,0,0,0,0,0,2.9406622012898061e-47,0,0,0,0,0,0,0,0,0,7.1514325364066473e-07,0,0,0,0,0,0,0,0,0,0,0,0,0,0,0,0,0,0,0.99999928485674638,0,7.1514325364066473e-07,0.99999928485674638
96000,NORMAL,5.7211460291253181e-07,1,5.7211460291253181e-07,0.99999942788539709,0,UNKNOWN,0.20000017163438089,0,1,0,0.99999942788539709,0,0,0,0,0,45100,45100,0,0,0,1,1,0,1,1,0,1,1,0,1,1,0,1,1,0,1,1,0,0,0,0,0,0,0,0,0,0,0,0,0,0,0,2.352529761031845e-47,0,0,0,0,0,0,0,0,0,5.7211460291253181e-07,0,0,0,0,0,0,0,0,0,0,0,0,0,0,0,0,0,0,0.99999942788539709,0,5.7211460291253181e-07,0.99999942788539709
96100,NORMAL,4.5769168233002545e-07,1,4.5769168233002545e-07,0.99999954230831767,0,UNKNOWN,0.20000013730750471,0,1,0,0.99999954230831767,0,0,0,0,0,45100,45100,0,0,0,1,1,0,1,1,0,1,1,0,1,1,0,1,1,0,1,1,0,0,0,0,0,0,0,0,0,0,0,0,0,0,0,1.8820238088254761e-47,0,0,0,0,0,0,0,0,0,4.5769168233002545e-07,0,0,0,0,0,0,0,0,0,0,0,0,0,0,0,0,0,0,0.99999954230831767,0,4.5769168233002545e-07,0.99999954230831767
96200,NORMAL,3.661533458640204e-07,1,3.661533458640204e-07,0.99999963384665413,0,UNKNOWN,0.20000010984600375,0,1,0,0.99999963384665413,0,0,0,0,0,45100,45100,0,0,0,1,1,0,1,1,0,1,1,0,1,1,0,1,1,0,1,1,0,0,0,0,0,0,0,0,0,0,0,0,0,0,0,1.505619047060381e-47,0,0,0,0,0,0,0,0,0,3.661533458640204e-07,0,0,0,0,0,0,0,0,0,0,0,0,0,0,0,0,0,0,0.99999963384665413,0,3.661533458640204e-07,0.99999963384665413
96300,NORMAL,2.9292267669121634e-07,1,2.9292267669121634e-07,0.99999970707732333,0,UNKNOWN,0.20000008787680301,0,1,0,0.99999970707732333,0,0,0,0,0,45100,45100,0,0,0,1,1,0,1,1,0,1,1,0,1,1,0,1,1,0,1,1,0,0,0,0,0,0,0,0,0,0,0,0,0,0,0,1.2044952376483049e-47,0,0,0,0,0,0,0,0,0,2.9292267669121634e-07,0,0,0,0,0,0,0,0,0,0,0,0,0,0,0,0,0,0,0.99999970707732333,0,2.9292267669121634e-07,0.99999970707732333
96400,NORMAL,2.3433814135297308e-07,1,2.3433814135297308e-07,0.99999976566185866,0,UNKNOWN,0.2000000703014424,0,1,0,0.99999976566185866,0,0,0,0,0,45100,45100,0,0,0,1,1,0,1,1,0,1,1,0,1,1,0,1,1,0,1,1,0,0,0,0,0,0,0,0,0,0,0,0,0,0,0,9.6359619011864401e-48,0,0,0,0,0,0,0,0,0,2.3433814135297308e-07,0,0,0,0,0,0,0,0,0,0,0,0,0,0,0,0,0,0,0.99999976566185866,0,2.3433814135297308e-07,0.99999976566185866
96500,NORMAL,1.8747051308237849e-07,1,1.8747051308237849e-07,0.99999981252948689,0,UNKNOWN,0.20000005624115391,0,1,0,0.99999981252948689,0,0,0,0,0,45100,45100,0,0,0,1,1,0,1,1,0,1,1,0,1,1,0,1,1,0,1,1,0,0,0,0,0,0,0,0,0,0,0,0,0,0,0,7.708769520949152e-48,0,0,0,0,0,0,0,0,0,1.8747051308237849e-07,0,0,0,0,0,0,0,0,0,0,0,0,0,0,0,0,0,0,0.99999981252948689,0,1.8747051308237849e-07,0.99999981252948689
96600,NORMAL,1.4997641046590279e-07,1,1.4997641046590279e-07,0.99999985002358949,0,UNKNOWN,0.20000004499292312,0,1,0,0.99999985002358949,0,0,0,0,0,45100,45100,0,0,0,1,1,0,1,1,0,1,1,0,1,1,0,1,1,0,1,1,0,0,0,0,0,0,0,0,0,0,0,0,0,0,0,6.1670156167593216e-48,0,0,0,0,0,0,0,0,0,1.4997641046590279e-07,0,0,0,0,0,0,0,0,0,0,0,0,0,0,0,0,0,0,0.99999985002358949,0,1.4997641046590279e-07,0.99999985002358949
96700,NORMAL,1.1998112837272225e-07,1,1.1998112837272225e-07,0.99999988001887163,0,UNKNOWN,0.20000003599433852,0,1,0,0.99999988001887163,0,0,0,0,0,45100,45100,0,0,0,1,1,0,1,1,0,1,1,0,1,1,0,1,1,0,1,1,0,0,0,0,0,0,0,0,0,0,0,0,0,0,0,4.9336124934074576e-48,0,0,0,0,0,0,0,0,0,1.1998112837272225e-07,0,0,0,0,0,0,0,0,0,0,0,0,0,0,0,0,0,0,0.99999988001887163,0,1.1998112837272225e-07,0.99999988001887163
96800,NORMAL,9.5984902698177797e-08,1,9.5984902698177797e-08,0.99999990401509731,0,UNKNOWN,0.2000000287954708,0,1,0,0.99999990401509731,0,0,0,0,0,45100,45100,0,0,0,1,1,0,1,1,0,1,1,0,1,1,0,1,1,0,1,1,0,0,0,0,0,0,0,0,0,0,0,0,0,0,0,3.946889994725966e-48,0,0,0,0,0,0,0,0,0,9.5984902698177797e-08,0,0,0,0,0,0,0,0,0,0,0,0,0,0,0,0,0,0,0.99999990401509731,0,9.5984902698177797e-08,0.99999990401509731
96900,NORMAL,7.6787922158542248e-08,1,7.6787922158542248e-08,0.99999992321207787,0,UNKNOWN,0.20000002303637665,0,1,0,0.99999992321207787,0,0,0,0,0,45100,45100,0,0,0,1,1,0,1,1,0,1,1,0,1,1,0,1,1,0,1,1,0,0,0,0,0,0,0,0,0,0,0,0,0,0,0,3.1575119957807732e-48,0,0,0,0,0,0,0,0,0,7.6787922158542248e-08,0,0,0,0,0,0,0,0,0,0,0,0,0,0,0,0,0,0,0.99999992321207787,0,7.6787922158542248e-08,0.99999992321207787
97000,NORMAL,6.1430337726833804e-08,1,6.1430337726833804e-08,0.99999993856966229,0,UNKNOWN,0.20000001842910131,0,1,0,0.99999993856966229,0,0,0,0,0,45100,45100,0,0,0,1,1,0,1,1,0,1,1,0,1,1,0,1,1,0,1,1,0,0,0,0,0,0,0,0,0,0,0,0,0,0,0,2.5260095966246187e-48,0,0,0,0,0,0,0,0,0,6.1430337726833804e-08,0,0,0,0,0,0,0,0,0,0,0,0,0,0,0,0,0,0,0.99999993856966229,0,6.1430337726833804e-08,0.99999993856966229
97100,NORMAL,4.9144270181467048e-08,1,4.9144270181467048e-08,0.99999995085572979,0,UNKNOWN,0.20000001474328105,0,1,0,0.99999995085572979,0,0,0,0,0,45100,45100,0,0,0,1,1,0,1,1,0,1,1,0,1,1,0,1,1,0,1,1,0,0,0,0,0,0,0,0,0,0,0,0,0,0,0,2.0208076772996952e-48,0,0,0,0,0,0,0,0,0,4.9144270181467048e-08,0,0,0,0,0,0,0,0,0,0,0,0,0,0,0,0,0,0,0.99999995085572979,0,4.9144270181467048e-08,0.99999995085572979
97200,NORMAL,3.9315416145173644e-08,1,3.9315416145173644e-08,0.99999996068458386,0,UNKNOWN,0.20000001179462484,0,1,0,0.99999996068458386,0,0,0,0,0,45100,45100,0,0,0,1,1,0,1,1,0,1,1,0,1,1,0,1,1,0,1,1,0,0,0,0,0,0,0,0,0,0,0,0,0,0,0,1.6166461418397561e-48,0,0,0,0,0,0,0,0,0,3.9315416145173644e-08,0,0,0,0,0,0,0,0,0,0,0,0,0,0,0,0,0,0,0.99999996068458386,0,3.9315416145173644e-08,0.99999996068458386
97300,NORMAL,3.1452332916138914e-08,1,3.1452332916138914e-08,0.99999996854766704,0,UNKNOWN,0.20000000943569987,0,1,0,0.99999996854766704,0,0,0,0,0,45100,45100,0,0,0,1,1,0,1,1,0,1,1,0,1,1,0,1,1,0,1,1,0,0,0,0,0,0,0,0,0,0,0,0,0,0,0,1.293316913471805e-48,0,0,0,0,0,0,0,0,0,3.1452332916138914e-08,0,0,0,0,0,0,0,0,0,0,0,0,0,0,0,0,0,0,0.99999996854766704,0,3.1452332916138914e-08,0.99999996854766704
97400,NORMAL,2.5161866332911134e-08,1,2.5161866332911134e-08,0.99999997483813363,0,UNKNOWN,0.20000000754855987,0,1,0,0.99999997483813363,0,0,0,0,0,45100,45100,0,0,0,1,1,0,1,1,0,1,1,0,1,1,0,1,1,0,1,1,0,0,0,0,0,0,0,0,0,0,0,0,0,0,0,1.0346535307774441e-48,0,0,0,0,0,0,0,0,0,2.5161866332911134e-08,0,0,0,0,0,0,0,0,0,0,0,0,0,0,0,0,0,0,0.99999997483813363,0,2.5161866332911134e-08,0.99999997483813363
97500,NORMAL,2.012949306632891e-08,1,2.012949306632891e-08,0.99999997987050693,0,UNKNOWN,0.20000000603884793,0,1,0,0.99999997987050693,0,0,0,0,0,45100,45100,0,0,0,1,1,0,1,1,0,1,1,0,1,1,0,1,1,0,1,1,0,0,0,0,0,0,0,0,0,0,0,0,0,0,0,8.2772282462195541e-49,0,0,0,0,0,0,0,0,0,2.012949306632891e-08,0,0,0,0,0,0,0,0,0,0,0,0,0,0,0,0,0,0,0.99999997987050693,0,2.012949306632891e-08,0.99999997987050693
97600,NORMAL,1.610359445306313e-08,1,1.610359445306313e-08,0.99999998389640554,0,UNKNOWN,0.20000000483107833,0,1,0,0.99999998389640554,0,0,0,0,0,45100,45100,0,0,0,1,1,0,1,1,0,1,1,0,1,1,0,1,1,0,1,1,0,0,0,0,0,0,0,0,0,0,0,0,0,0,0,6.6217825969756436e-49,0,0,0,0,0,0,0,0,0,1.610359445306313e-08,0,0,0,0,0,0,0,0,0,0,0,0,0,0,0,0,0,0,0.99999998389640554,0,1.610359445306313e-08,0.99999998389640554
97700,NORMAL,1.2882875562450504e-08,1,1.2882875562450504e-08,0.99999998711712446,0,UNKNOWN,0.20000000386486266,0,1,0,0.99999998711712446,0,0,0,0,0,45100,45100,0,0,0,1,1,0,1,1,0,1,1,0,1,1,0,1,1,0,1,1,0,0,0,0,0,0,0,0,0,0,0,0,0,0,0,5.2974260775805153e-49,0,0,0,0,0,0,0,0,0,1.2882875562450504e-08,0,0,0,0,0,0,0,0,0,0,0,0,0,0,0,0,0,0,0.99999998711712446,0,1.2882875562450504e-08,0.99999998711712446
97800,NORMAL,1.0306300449960403e-08,1,1.0306300449960403e-08,0.99999998969369952,0,UNKNOWN,0.20000000309189012,0,1,0,0.99999998969369952,0,0,0,0,0,45100,45100,0,0,0,1,1,0,1,1,0,1,1,0,1,1,0,1,1,0,1,1,0,0,0,0,0,0,0,0,0,0,0,0,0,0,0,4.2379408620644124e-49,0,0,0,0,0,0,0,0,0,1.0306300449960403e-08,0,0,0,0,0,0,0,0,0,0,0,0,0,0,0,0,0,0,0.99999998969369952,0,1.0306300449960403e-08,0.99999998969369952
97900,NORMAL,8.2450403599683246e-09,1,8.2450403599683246e-09,0.99999999175495968,0,UNKNOWN,0.20000000247351213,0,1,0,0.99999999175495968,0,0,0,0,0,45100,45100,0,0,0,1,1,0,1,1,0,1,1,0,1,1,0,1,1,0,1,1,0,0,0,0,0,0,0,0,0,0,0,0,0,0,0,3.3903526896515305e-49,0,0,0,0,0,0,0,0,0,8.2450403599683246e-09,0,0,0,0,0,0,0,0,0,0,0,0,0,0,0,0,0,0,0.99999999175495968,0,8.2450403599683246e-09,0.99999999175495968
98000,NORMAL,6.5960322879746604e-09,1,6.5960322879746604e-09,0.99999999340396772,0,UNKNOWN,0.20000000197880968,0,1,0,0.99999999340396772,0,0,0,0,0,45100,45100,0,0,0,1,1,0,1,1,0,1,1,0,1,1,0,1,1,0,1,1,0,0,0,0,0,0,0,0,0,0,0,0,0,0,0,2.7122821517212246e-49,0,0,0,0,0,0,0,0,0,6.5960322879746604e-09,0,0,0,0,0,0,0,0,0,0,0,0,0,0,0,0,0,0,0.99999999340396772,0,6.5960322879746604e-09,0.99999999340396772
98100,NORMAL,5.2768258303797289e-09,1,5.2768258303797289e-09,0.99999999472317413,0,UNKNOWN,0.20000000158304773,0,1,0,0.99999999472317413,0,0,0,0,0,45100,45100,0,0,0,1,1,0,1,1,0,1,1,0,1,1,0,1,1,0,1,1,0,0,0,0,0,0,0,0,0,0,0,0,0,0,0,2.1698257213769798e-49,0,0,0,0,0,0,0,0,0,5.2768258303797289e-09,0,0,0,0,0,0,0,0,0,0,0,0,0,0,0,0,0,0,0.99999999472317413,0,5.2768258303797289e-09,0.99999999472317413
98200,NORMAL,4.221460664303784e-09,1,4.221460664303784e-09,0.99999999577853937,0,UNKNOWN,0.20000000126643822,0,1,0,0.99999999577853937,0,0,0,0,0,45100,45100,0,0,0,1,1,0,1,1,0,1,1,0,1,1,0,1,1,0,1,1,0,0,0,0,0,0,0,0,0,0,0,0,0,0,0,1.7358605771015842e-49,0,0,0,0,0,0,0,0,0,4.221460664303784e-09,0,0,0,0,0,0,0,0,0,0,0,0,0,0,0,0,0,0,0.99999999577853937,0,4.221460664303784e-09,0.99999999577853937
98300,NORMAL,3.3771685314430274e-09,1,3.3771685314430274e-09,0.99999999662283146,0,UNKNOWN,0.20000000101315057,0,1,0,0.99999999662283146,0,0,0,0,0,45100,45100,0,0,0,1,1,0,1,1,0,1,1,0,1,1,0,1,1,0,1,1,0,0,0,0,0,0,0,0,0,0,0,0,0,0,0,1.3886884616812675e-49,0,0,0,0,0,0,0,0,0,3.3771685314430274e-09,0,0,0,0,0,0,0,0,0,0,0,0,0,0,0,0,0,0,0.99999999662283146,0,3.3771685314430274e-09,0.99999999662283146
98400,NORMAL,2.701734825154422e-09,1,2.701734825154422e-09,0.99999999729826516,0,UNKNOWN,0.20000000081052044,0,1,0,0.99999999729826516,0,0,0,0,0,45100,45100,0,0,0,1,1,0,1,1,0,1,1,0,1,1,0,1,1,0,1,1,0,0,0,0,0,0,0,0,0,0,0,0,0,0,0,1.1109507693450141e-49,0,0,0,0,0,0,0,0,0,2.701734825154422e-09,0,0,0,0,0,0,0,0,0,0,0,0,0,0,0,0,0,0,0.99999999729826516,0,2.701734825154422e-09,0.99999999729826516
98500,NORMAL,2.1613878601235379e-09,1,2.1613878601235379e-09,0.99999999783861215,0,UNKNOWN,0.20000000064841636,0,1,0,0.99999999783861215,0,0,0,0,0,45100,45100,0,0,0,1,1,0,1,1,0,1,1,0,1,1,0,1,1,0,1,1,0,0,0,0,0,0,0,0,0,0,0,0,0,0,0,8.8876061547601128e-50,0,0,0,0,0,0,0,0,0,2.1613878601235379e-09,0,0,0,0,0,0,0,0,0,0,0,0,0,0,0,0,0,0,0.99999999783861215,0,2.1613878601235379e-09,0.99999999783861215
98600,NORMAL,1.7291102880988303e-09,1,1.7291102880988303e-09,0.9999999982708897,0,UNKNOWN,0.2000000005187331,0,1,0,0.9999999982708897,0,0,0,0,0,45100,45100,0,0,0,1,1,0,1,1,0,1,1,0,1,1,0,1,1,0,1,1,0,0,0,0,0,0,0,0,0,0,0,0,0,0,0,7.1100849238080902e-50,0,0,0,0,0,0,0,0,0,1.7291102880988303e-09,0,0,0,0,0,0,0,0,0,0,0,0,0,0,0,0,0,0,0.9999999982708897,0,1.7291102880988303e-09,0.9999999982708897
98700,NORMAL,1.3832882304790644e-09,1,1.3832882304790644e-09,0.99999999861671174,0,UNKNOWN,0.20000000041498645,0,1,0,0.99999999861671174,0,0,0,0,0,45100,45100,0,0,0,1,1,0,1,1,0,1,1,0,1,1,0,1,1,0,1,1,0,0,0,0,0,0,0,0,0,0,0,0,0,0,0,5.6880679390464728e-50,0,0,0,0,0,0,0,0,0,1.3832882304790644e-09,0,0,0,0,0,0,0,0,0,0,0,0,0,0,0,0,0,0,0.99999999861671174,0,1.3832882304790644e-09,0.99999999861671174
98800,NORMAL,1.1066305843832516e-09,1,1.1066305843832516e-09,0.99999999889336944,0,UNKNOWN,0.20000000033198917,0,1,0,0.99999999889336944,0,0,0,0,0,45100,45100,0,0,0,1,1,0,1,1,0,1,1,0,1,1,0,1,1,0,1,1,0,0,0,0,0,0,0,0,0,0,0,0,0,0,0,4.5504543512371784e-50,0,0,0,0,0,0,0,0,0,1.1066305843832516e-09,0,0,0,0,0,0,0,0,0,0,0,0,0,0,0,0,0,0,0.99999999889336944,0,1.1066305843832516e-09,0.99999999889336944
98900,NORMAL,8.8530446750660135e-10,1,8.8530446750660135e-10,0.9999999991146955,0,UNKNOWN,0.20000000026559131,0,1,0,0.9999999991146955,0,0,0,0,0,45100,45100,0,0,0,1,1,0,1,1,0,1,1,0,1,1,0,1,1,0,1,1,0,0,0,0,0,0,0,0,0,0,0,0,0,0,0,3.640363480989743e-50,0,0,0,0,0,0,0,0,0,8.8530446750660135e-10,0,0,0,0,0,0,0,0,0,0,0,0,0,0,0,0,0,0,0.9999999991146955,0,8.8530446750660135e-10,0.9999999991146955
99000,NORMAL,7.0824357400528112e-10,1,7.0824357400528112e-10,0.99999999929175643,0,UNKNOWN,0.20000000021247308,0,1,0,0.99999999929175643,0,0,0,0,0,45100,45100,0,0,0,1,1,0,1,1,0,1,1,0,1,1,0,1,1,0,1,1,0,0,0,0,0,0,0,0,0,0,0,0,0,0,0,2.9122907847917948e-50,0,0,0,0,0,0,0,0,0,7.0824357400528112e-10,0,0,0,0,0,0,0,0,0,0,0,0,0,0,0,0,0,0,0.99999999929175643,0,7.0824357400528112e-10,0.99999999929175643
99100,NORMAL,5.6659485920422489e-10,1,5.6659485920422489e-10,0.99999999943340512,0,UNKNOWN,0.20000000016997846,0,1,0,0.99999999943340512,0,0,0,0,0,45100,45100,0,0,0,1,1,0,1,1,0,1,1,0,1,1,0,1,1,0,1,1,0,0,0,0,0,0,0,0,0,0,0,0,0,0,0,2.3298326278334359e-50,0,0,0,0,0,0,0,0,0,5.6659485920422489e-10,0,0,0,0,0,0,0,0,0,0,0,0,0,0,0,0,0,0,0.99999999943340512,0,5.6659485920422489e-10,0.99999999943340512
99200,NORMAL,4.5327588736337995e-10,1,4.5327588736337995e-10,0.99999999954672414,0,UNKNOWN,0.20000000013598276,0,1,0,0.99999999954672414,0,0,0,0,0,45100,45100,0,0,0,1,1,0,1,1,0,1,1,0,1,1,0,1,1,0,1,1,0,0,0,0,0,0,0,0,0,0,0,0,0,0,0,1.8638661022667489e-50,0,0,0,0,0,0,0,0,0,4.5327588736337995e-10,0,0,0,0,0,0,0,0,0,0,0,0,0,0,0,0,0,0,0.99999999954672414,0,4.5327588736337995e-10,0.99999999954672414
99300,NORMAL,3.62620709890704e-10,1,3.62620709890704e-10,0.99999999963737929,0,UNKNOWN,0.20000000010878621,0,1,0,0.99999999963737929,0,0,0,0,0,45100,45100,0,0,0,1,1,0,1,1,0,1,1,0,1,1,0,1,1,0,1,1,0,0,0,0,0,0,0,0,0,0,0,0,0,0,0,1.4910928818133993e-50,0,0,0,0,0,0,0,0,0,3.62620709890704e-10,0,0,0,0,0,0,0,0,0,0,0,0,0,0,0,0,0,0,0.99999999963737929,0,3.62620709890704e-10,0.99999999963737929
99400,NORMAL,2.9009656791256323e-10,1,2.9009656791256323e-10,0.99999999970990339,0,UNKNOWN,0.20000000008702895,0,1,0,0.99999999970990339,0,0,0,0,0,45100,45100,0,0,0,1,1,0,1,1,0,1,1,0,1,1,0,1,1,0,1,1,0,0,0,0,0,0,0,0,0,0,0,0,0,0,0,1.1928743054507195e-50,0,0,0,0,0,0,0,0,0,2.9009656791256323e-10,0,0,0,0,0,0,0,0,0,0,0,0,0,0,0,0,0,0,0.99999999970990339,0,2.9009656791256323e-10,0.99999999970990339
99500,NORMAL,2.3207725433005059e-10,1,2.3207725433005059e-10,0.99999999976792275,0,UNKNOWN,0.20000000006962318,0,1,0,0.99999999976792275,0,0,0,0,0,45100,45100,0,0,0,1,1,0,1,1,0,1,1,0,1,1,0,1,1,0,1,1,0,0,0,0,0,0,0,0,0,0,0,0,0,0,0,9.5429944436057562e-51,0,0,0,0,0,0,0,0,0,2.3207725433005059e-10,0,0,0,0,0,0,0,0,0,0,0,0,0,0,0,0,0,0,0.99999999976792275,0,2.3207725433005059e-10,0.99999999976792275
99600,NORMAL,1.8566180346404049e-10,1,1.8566180346404049e-10,0.99999999981433818,0,UNKNOWN,0.20000000005569854,0,1,0,0.99999999981433818,0,0,0,0,0,45100,45100,0,0,0,1,1,0,1,1,0,1,1,0,1,1,0,1,1,0,1,1,0,0,0,0,0,0,0,0,0,0,0,0,0,0,0,7.6343955548846049e-51,0,0,0,0,0,0,0,0,0,1.8566180346404049e-10,0,0,0,0,0,0,0,0,0,0,0,0,0,0,0,0,0,0,0.99999999981433818,0,1.8566180346404049e-10,0.99999999981433818
99700,NORMAL,1.4852944277123239e-10,1,1.4852944277123239e-10,0.99999999985147059,0,UNKNOWN,0.20000000004455884,0,1,0,0.99999999985147059,0,0,0,0,0,45100,45100,0,0,0,1,1,0,1,1,0,1,1,0,1,1,0,1,1,0,1,1,0,0,0,0,0,0,0,0,0,0,0,0,0,0,0,6.1075164439076844e-51,0,0,0,0,0,0,0,0,0,1.4852944277123239e-10,0,0,0,0,0,0,0,0,0,0,0,0,0,0,0,0,0,0,0.99999999985147059,0,1.4852944277123239e-10,0.99999999985147059
99800,NORMAL,1.1882355421698592e-10,1,1.1882355421698592e-10,0.99999999988117649,0,UNKNOWN,0.20000000003564708,0,1,0,0.99999999988117649,0,0,0,0,0,45100,45100,0,0,0,1,1,0,1,1,0,1,1,0,1,1,0,1,1,0,1,1,0,0,0,0,0,0,0,0,0,0,0,0,0,0,0,4.886013155126148e-51,0,0,0,0,0,0,0,0,0,1.1882355421698592e-10,0,0,0,0,0,0,0,0,0,0,0,0,0,0,0,0,0,0,0.99999999988117649,0,1.1882355421698592e-10,0.99999999988117649
99900,NORMAL,9.5058843373588747e-11,1,9.5058843373588747e-11,0.99999999990494115,0,UNKNOWN,0.20000000002851764,0,1,0,0.99999999990494115,0,0,0,0,0,45100,45100,0,0,0,1,1,0,1,1,0,1,1,0,1,1,0,1,1,0,1,1,0,0,0,0,0,0,0,0,0,0,0,0,0,0,0,3.9088105241009185e-51,0,0,0,0,0,0,0,0,0,9.5058843373588747e-11,0,0,0,0,0,0,0,0,0,0,0,0,0,0,0,0,0,0,0.99999999990494115,0,9.5058843373588747e-11,0.99999999990494115
100000,NORMAL,7.6047074698871008e-11,1,7.6047074698871008e-11,0.99999999992395294,0,UNKNOWN,0.20000000002281412,0,1,0,0.99999999992395294,0,0,0,0,0,45100,45100,0,0,0,1,1,0,1,1,0,1,1,0,1,1,0,1,1,0,1,1,0,0,0,0,0,0,0,0,0,0,0,0,0,0,0,3.1270484192807347e-51,0,0,0,0,0,0,0,0,0,7.6047074698871008e-11,0,0,0,0,0,0,0,0,0,0,0,0,0,0,0,0,0,0,0.99999999992395294,0,7.6047074698871008e-11,0.99999999992395294
100100,NORMAL,6.0837659759096804e-11,1,6.0837659759096804e-11,0.99999999993916233,0,UNKNOWN,0.2000000000182513,0,1,0,0.99999999993916233,0,0,0,0,0,45100,45100,0,0,0,1,1,0,1,1,0,1,1,0,1,1,0,1,1,0,1,1,0,0,0,0,0,0,0,0,0,0,0,0,0,0,0,2.5016387354245878e-51,0,0,0,0,0,0,0,0,0,6.0837659759096804e-11,0,0,0,0,0,0,0,0,0,0,0,0,0,0,0,0,0,0,0.99999999993916233,0,6.0837659759096804e-11,0.99999999993916233
100200,NORMAL,4.8670127807277446e-11,1,4.8670127807277446e-11,0.99999999995132982,0,UNKNOWN,0.20000000001460103,0,1,0,0.99999999995132982,0,0,0,0,0,45100,45100,0,0,0,1,1,0,1,1,0,1,1,0,1,1,0,1,1,0,1,1,0,0,0,0,0,0,0,0,0,0,0,0,0,0,0,2.0013109883396703e-51,0,0,0,0,0,0,0,0,0,4.8670127807277446e-11,0,0,0,0,0,0,0,0,0,0,0,0,0,0,0,0,0,0,0.99999999995132982,0,4.8670127807277446e-11,0.99999999995132982
100300,NORMAL,3.8936102245821963e-11,1,3.8936102245821963e-11,0.99999999996106392,0,UNKNOWN,0.20000000001168083,0,1,0,0.99999999996106392,0,0,0,0,0,45100,45100,0,0,0,1,1,0,1,1,0,1,1,0,1,1,0,1,1,0,1,1,0,0,0,0,0,0,0,0,0,0,0,0,0,0,0,1.6010487906717366e-51,0,0,0,0,0,0,0,0,0,3.8936102245821963e-11,0,0,0,0,0,0,0,0,0,0,0,0,0,0,0,0,0,0,0.99999999996106392,0,3.8936102245821963e-11,0.99999999996106392
100400,NORMAL,3.1148881796657574e-11,1,3.1148881796657574e-11,0.99999999996885114,0,UNKNOWN,0.20000000000934465,0,1,0,0.99999999996885114,0,0,0,0,0,45100,45100,0,0,0,1,1,0,1,1,0,1,1,0,1,1,0,1,1,0,1,1,0,0,0,0,0,0,0,0,0,0,0,0,0,0,0,1.2808390325373894e-51,0,0,0,0,0,0,0,0,0,3.1148881796657574e-11,0,0,0,0,0,0,0,0,0,0,0,0,0,0,0,0,0,0,0.99999999996885114,0,3.1148881796657574e-11,0.99999999996885114
100500,NORMAL,2.491910543732606e-11,1,2.491910543732606e-11,0.99999999997508093,0,UNKNOWN,0.20000000000747575,0,1,0,0.99999999997508093,0,0,0,0,0,45100,45100,0,0,0,1,1,0,1,1,0,1,1,0,1,1,0,1,1,0,1,1,0,0,0,0,0,0,0,0,0,0,0,0,0,0,0,1.0246712260299115e-51,0,0,0,0,0,0,0,0,0,2.491910543732606e-11,0,0,0,0,0,0,0,0,0,0,0,0,0,0,0,0,0,0,0.99999999997508093,0,2.491910543732606e-11,0.99999999997508093
100600,NORMAL,1.9935284349860851e-11,1,1.9935284349860851e-11,0.99999999998006472,0,UNKNOWN,0.20000000000598059,0,1,0,0.99999999998006472,0,0,0,0,0,45100,45100,0,0,0,1,1,0,1,1,0,1,1,0,1,1,0,1,1,0,1,1,0,0,0,0,0,0,0,0,0,0,0,0,0,0,0,8.1973698082392928e-52,0,0,0,0,0,0,0,0,0,1.9935284349860851e-11,0,0,0,0,0,0,0,0,0,0,0,0,0,0,0,0,0,0,0.99999999998006472,0,1.9935284349860851e-11,0.99999999998006472
100700,NORMAL,1.5948227479888682e-11,1,1.5948227479888682e-11,0.99999999998405176,0,UNKNOWN,0.20000000000478446,0,1,0,0.99999999998405176,0,0,0,0,0,45100,45100,0,0,0,1,1,0,1,1,0,1,1,0,1,1,0,1,1,0,1,1,0,0,0,0,0,0,0,0,0,0,0,0,0,0,0,6.5578958465914342e-52,0,0,0,0,0,0,0,0,0,1.5948227479888682e-11,0,0,0,0,0,0,0,0,0,0,0,0,0,0,0,0,0,0,0.99999999998405176,0,1.5948227479888682e-11,0.99999999998405176
100800,NORMAL,1.2758581983910946e-11,1,1.2758581983910946e-11,0.99999999998724143,0,UNKNOWN,0.20000000000382756,0,1,0,0.99999999998724143,0,0,0,0,0,45100,45100,0,0,0,1,1,0,1,1,0,1,1,0,1,1,0,1,1,0,1,1,0,0,0,0,0,0,0,0,0,0,0,0,0,0,0,5.2463166772731478e-52,0,0,0,0,0,0,0,0,0,1.2758581983910946e-11,0,0,0,0,0,0,0,0,0,0,0,0,0,0,0,0,0,0,0.99999999998724143,0,1.2758581983910946e-11,0.99999999998724143
100900,NORMAL,1.0206865587128757e-11,1,1.0206865587128757e-11,0.99999999998979316,0,UNKNOWN,0.20000000000306209,0,1,0,0.99999999998979316,0,0,0,0,0,45100,45100,0,0,0,1,1,0,1,1,0,1,1,0,1,1,0,1,1,0,1,1,0,0,0,0,0,0,0,0,0,0,0,0,0,0,0,4.1970533418185184e-52,0,0,0,0,0,0,0,0,0,1.0206865587128757e-11,0,0,0,0,0,0,0,0,0,0,0,0,0,0,0,0,0,0,0.99999999998979316,0,1.0206865587128757e-11,0.99999999998979316
101000,NORMAL,8.165492469703006e-12,1,8.165492469703006e-12,0.99999999999183453,0,UNKNOWN,0.20000000000244963,0,1,0,0.99999999999183453,0,0,0,0,0,45100,45100,0,0,0,1,1,0,1,1,0,1,1,0,1,1,0,1,1,0,1,1,0,0,0,0,0,0,0,0,0,0,0,0,0,0,0,3.3576426734548149e-52,0,0,0,0,0,0,0,0,0,8.165492469703006e-12,0,0,0,0,0,0,0,0,0,0,0,0,0,0,0,0,0,0,0.99999999999183453,0,8.165492469703006e-12,0.99999999999183453
101100,NORMAL,6.5323939757624049e-12,1,6.5323939757624049e-12,0.99999999999346767,0,UNKNOWN,0.20000000000195972,0,1,0,0.99999999999346767,0,0,0,0,0,45100,45100,0,0,0,1,1,0,1,1,0,1,1,0,1,1,0,1,1,0,1,1,0,0,0,0,0,0,0,0,0,0,0,0,0,0,0,2.6861141387638519e-52,0,0,0,0,0,0,0,0,0,6.5323939757624049e-12,0,0,0,0,0,0,0,0,0,0,0,0,0,0,0,0,0,0,0.99999999999346767,0,6.5323939757624049e-12,0.99999999999346767
101200,NORMAL,5.2259151806099244e-12,1,5.2259151806099244e-12,0.99999999999477418,0,UNKNOWN,0.20000000000156781,0,1,0,0.99999999999477418,0,0,0,0,0,45100,45100,0,0,0,1,1,0,1,1,0,1,1,0,1,1,0,1,1,0,1,1,0,0,0,0,0,0,0,0,0,0,0,0,0,0,0,2.1488913110110817e-52,0,0,0,0,0,0,0,0,0,5.2259151806099244e-12,0,0,0,0,0,0,0,0,0,0,0,0,0,0,0,0,0,0,0.99999999999477418,0,5.2259151806099244e-12,0.99999999999477418
101300,NORMAL,4.1807321444879395e-12,1,4.1807321444879395e-12,0.99999999999581934,0,UNKNOWN,0.20000000000125423,0,1,0,0.99999999999581934,0,0,0,0,0,45100,45100,0,0,0,1,1,0,1,1,0,1,1,0,1,1,0,1,1,0,1,1,0,0,0,0,0,0,0,0,0,0,0,0,0,0,0,1.7191130488088656e-52,0,0,0,0,0,0,0,0,0,4.1807321444879395e-12,0,0,0,0,0,0,0,0,0,0,0,0,0,0,0,0,0,0,0.99999999999581934,0,4.1807321444879395e-12,0.99999999999581934
101400,NORMAL,3.344585715590352e-12,1,3.344585715590352e-12,0.99999999999665545,0,UNKNOWN,0.2000000000010034,0,1,0,0.99999999999665545,0,0,0,0,0,45100,45100,0,0,0,1,1,0,1,1,0,1,1,0,1,1,0,1,1,0,1,1,0,0,0,0,0,0,0,0,0,0,0,0,0,0,0,1.3752904390470924e-52,0,0,0,0,0,0,0,0,0,3.344585715590352e-12,0,0,0,0,0,0,0,0,0,0,0,0,0,0,0,0,0,0,0.99999999999665545,0,3.344585715590352e-12,0.99999999999665545
101500,NORMAL,2.6756685724722819e-12,1,2.6756685724722819e-12,0.99999999999732436,0,UNKNOWN,0.20000000000080273,0,1,0,0.99999999999732436,0,0,0,0,0,45100,45100,0,0,0,1,1,0,1,1,0,1,1,0,1,1,0,1,1,0,1,1,0,0,0,0,0,0,0,0,0,0,0,0,0,0,0,1.100232351237674e-52,0,0,0,0,0,0,0,0,0,2.6756685724722819e-12,0,0,0,0,0,0,0,0,0,0,0,0,0,0,0,0,0,0,0.99999999999732436,0,2.6756685724722819e-12,0.99999999999732436
101600,NORMAL,2.1405348579778258e-12,1,2.1405348579778258e-12,0.99999999999785949,0,UNKNOWN,0.20000000000064216,0,1,0,0.99999999999785949,0,0,0,0,0,45100,45100,0,0,0,1,1,0,1,1,0,1,1,0,1,1,0,1,1,0,1,1,0,0,0,0,0,0,0,0,0,0,0,0,0,0,0,8.8018588099013927e-53,0,0,0,0,0,0,0,0,0,2.1405348579778258e-12,0,0,0,0,0,0,0,0,0,0,0,0,0,0,0,0,0,0,0.99999999999785949,0,2.1405348579778258e-12,0.99999999999785949
101700,NORMAL,1.7124278863822607e-12,1,1.7124278863822607e-12,0.99999999999828759,0,UNKNOWN,0.20000000000051371,0,1,0,0.99999999999828759,0,0,0,0,0,45100,45100,0,0,0,1,1,0,1,1,0,1,1,0,1,1,0,1,1,0,1,1,0,0,0,0,0,0,0,0,0,0,0,0,0,0,0,7.0414870479211146e-53,0,0,0,0,0,0,0,0,0,1.7124278863822607e-12,0,0,0,0,0,0,0,0,0,0,0,0,0,0,0,0,0,0,0.99999999999828759,0,1.7124278863822607e-12,0.99999999999828759
101800,NORMAL,1.3699423091058086e-12,1,1.3699423091058086e-12,0.9999999999986301,0,UNKNOWN,0.20000000000041099,0,1,0,0.9999999999986301,0,0,0,0,0,45100,45100,0,0,0,1,1,0,1,1,0,1,1,0,1,1,0,1,1,0,1,1,0,0,0,0,0,0,0,0,0,0,0,0,0,0,0,5.6331896383368917e-53,0,0,0,0,0,0,0,0,0,1.3699423091058086e-12,0,0,0,0,0,0,0,0,0,0,0,0,0,0,0,0,0,0,0.9999999999986301,0,1.3699423091058086e-12,0.9999999999986301
101900,NORMAL,1.095953847284647e-12,1,1.095953847284647e-12,0.9999999999989041,0,UNKNOWN,0.2000000000003288,0,1,0,0.9999999999989041,0,0,0,0,0,45100,45100,0,0,0,1,1,0,1,1,0,1,1,0,1,1,0,1,1,0,1,1,0,0,0,0,0,0,0,0,0,0,0,0,0,0,0,4.5065517106695139e-53,0,0,0,0,0,0,0,0,0,1.095953847284647e-12,0,0,0,0,0,0,0,0,0,0,0,0,0,0,0,0,0,0,0.9999999999989041,0,1.095953847284647e-12,0.9999999999989041
102000,NORMAL,8.7676307782771758e-13,1,8.7676307782771758e-13,0.99999999999912326,0,UNKNOWN,0.20000000000026302,0,1,0,0.99999999999912326,0,0,0,0,0,45100,45100,0,0,0,1,1,0,1,1,0,1,1,0,1,1,0,1,1,0,1,1,0,0,0,0,0,0,0,0,0,0,0,0,0,0,0,3.6052413685356112e-53,0,0,0,0,0,0,0,0,0,8.7676307782771758e-13,0,0,0,0,0,0,0,0,0,0,0,0,0,0,0,0,0,0,0.99999999999912326,0,8.7676307782771758e-13,0.99999999999912326
102100,NORMAL,7.0141046226217406e-13,1,7.0141046226217406e-13,0.99999999999929856,0,UNKNOWN,0.2000000000002104,0,1,0,0.99999999999929856,0,0,0,0,0,45100,45100,0,0,0,1,1,0,1,1,0,1,1,0,1,1,0,1,1,0,1,1,0,0,0,0,0,0,0,0,0,0,0,0,0,0,0,2.884193094828489e-53,0,0,0,0,0,0,0,0,0,7.0141046226217406e-13,0,0,0,0,0,0,0,0,0,0,0,0,0,0,0,0,0,0,0.99999999999929856,0,7.0141046226217406e-13,0.99999999999929856
102200,NORMAL,5.6112836980973925e-13,1,5.6112836980973925e-13,0.99999999999943889,0,UNKNOWN,0.20000000000016832,0,1,0,0.99999999999943889,0,0,0,0,0,45100,45100,0,0,0,1,1,0,1,1,0,1,1,0,1,1,0,1,1,0,1,1,0,0,0,0,0,0,0,0,0,0,0,0,0,0,0,2.3073544758627914e-53,0,0,0,0,0,0,0,0,0,5.6112836980973925e-13,0,0,0,0,0,0,0,0,0,0,0,0,0,0,0,0,0,0,0.99999999999943889,0,5.6112836980973925e-13,0.99999999999943889
102300,NORMAL,4.489026958477914e-13,1,4.489026958477914e-13,0.99999999999955114,0,UNKNOWN,0.20000000000013468,0,1,0,0.99999999999955114,0,0,0,0,0,45100,45100,0,0,0,1,1,0,1,1,0,1,1,0,1,1,0,1,1,0,1,1,0,0,0,0,0,0,0,0,0,0,0,0,0,0,0,1.8458835806902333e-53,0,0,0,0,0,0,0,0,0,4.489026958477914e-13,0,0,0,0,0,0,0,0,0,0,0,0,0,0,0,0,0,0,0.99999999999955114,0,4.489026958477914e-13,0.99999999999955114
102400,NORMAL,3.5912215667823315e-13,1,3.5912215667823315e-13,0.99999999999964095,0,UNKNOWN,0.20000000000010773,0,1,0,0.99999999999964095,0,0,0,0,0,45100,45100,0,0,0,1,1,0,1,1,0,1,1,0,1,1,0,1,1,0,1,1,0,0,0,0,0,0,0,0,0,0,0,0,0,0,0,1.4767068645521868e-53,0,0,0,0,0,0,0,0,0,3.5912215667823315e-13,0,0,0,0,0,0,0,0,0,0,0,0,0,0,0,0,0,0,0.99999999999964095,0,3.5912215667823315e-13,0.99999999999964095
102500,NORMAL,2.8729772534258656e-13,1,2.8729772534258656e-13,0.99999999999971279,0,UNKNOWN,0.20000000000008619,0,1,0,0.99999999999971279,0,0,0,0,0,45100,45100,0,0,0,1,1,0,1,1,0,1,1,0,1,1,0,1,1,0,1,1,0,0,0,0,0,0,0,0,0,0,0,0,0,0,0,1.1813654916417495e-53,0,0,0,0,0,0,0,0,0,2.8729772534258656e-13,0,0,0,0,0,0,0,0,0,0,0,0,0,0,0,0,0,0,0.99999999999971279,0,2.8729772534258656e-13,0.99999999999971279
102600,NORMAL,2.2983818027406927e-13,1,2.2983818027406927e-13,0.99999999999977018,0,UNKNOWN,0.20000000000006896,0,1,0,0.99999999999977018,0,0,0,0,0,45100,45100,0,0,0,1,1,0,1,1,0,1,1,0,1,1,0,1,1,0,1,1,0,0,0,0,0,0,0,0,0,0,0,0,0,0,0,9.4509239331339972e-54,0,0,0,0,0,0,0,0,0,2.2983818027406927e-13,0,0,0,0,0,0,0,0,0,0,0,0,0,0,0,0,0,0,0.99999999999977018,0,2.2983818027406927e-13,0.99999999999977018
102700,NORMAL,1.8387054421925543e-13,1,1.8387054421925543e-13,0.99999999999981615,0,UNKNOWN,0.20000000000005516,0,1,0,0.99999999999981615,0,0,0,0,0,45100,45100,0,0,0,1,1,0,1,1,0,1,1,0,1,1,0,1,1,0,1,1,0,0,0,0,0,0,0,0,0,0,0,0,0,0,0,7.5607391465071987e-54,0,0,0,0,0,0,0,0,0,1.8387054421925543e-13,0,0,0,0,0,0,0,0,0,0,0,0,0,0,0,0,0,0,0.99999999999981615,0,1.8387054421925543e-13,0.99999999999981615
102800,NORMAL,1.4709643537540436e-13,1,1.4709643537540436e-13,0.9999999999998529,0,UNKNOWN,0.20000000000004414,0,1,0,0.9999999999998529,0,0,0,0,0,45100,45100,0,0,0,1,1,0,1,1,0,1,1,0,1,1,0,1,1,0,1,1,0,0,0,0,0,0,0,0,0,0,0,0,0,0,0,6.0485913172057597e-54,0,0,0,0,0,0,0,0,0,1.4709643537540436e-13,0,0,0,0,0,0,0,0,0,0,0,0,0,0,0,0,0,0,0.9999999999998529,0,1.4709643537540436e-13,0.9999999999998529
102900,NORMAL,1.1767714830032348e-13,1,1.1767714830032348e-13,0.99999999999988232,0,UNKNOWN,0.20000000000003532,0,1,0,0.99999999999988232,0,0,0,0,0,45100,45100,0,0,0,1,1,0,1,1,0,1,1,0,1,1,0,1,1,0,1,1,0,0,0,0,0,0,0,0,0,0,0,0,0,0,0,4.8388730537646082e-54,0,0,0,0,0,0,0,0,0,1.1767714830032348e-13,0,0,0,0,0,0,0,0,0,0,0,0,0,0,0,0,0,0,0.99999999999988232,0,1.1767714830032348e-13,0.99999999999988232
103000,NORMAL,9.4141718640258794e-14,1,9.4141718640258794e-14,0.99999999999990585,0,UNKNOWN,0.20000000000002824,0,1,0,0.99999999999990585,0,0,0,0,0,45100,45100,0,0,0,1,1,0,1,1,0,1,1,0,1,1,0,1,1,0,1,1,0,0,0,0,0,0,0,0,0,0,0,0,0,0,0,3.8710984430116867e-54,0,0,0,0,0,0,0,0,0,9.4141718640258794e-14,0,0,0,0,0,0,0,0,0,0,0,0,0,0,0,0,0,0,0.99999999999990585,0,9.4141718640258794e-14,0.99999999999990585
103100,NORMAL,7.531337491220704e-14,1,7.531337491220704e-14,0.99999999999992473,0,UNKNOWN,0.2000000000000226,0,1,0,0.99999999999992473,0,0,0,0,0,45100,45100,0,0,0,1,1,0,1,1,0,1,1,0,1,1,0,1,1,0,1,1,0,0,0,0,0,0,0,0,0,0,0,0,0,0,0,3.0968787544093496e-54,0,0,0,0,0,0,0,0,0,7.531337491220704e-14,0,0,0,0,0,0,0,0,0,0,0,0,0,0,0,0,0,0,0.99999999999992473,0,7.531337491220704e-14,0.99999999999992473
103200,NORMAL,6.025069992976564e-14,1,6.025069992976564e-14,0.99999999999993983,0,UNKNOWN,0.20000000000001808,0,1,0,0.99999999999993983,0,0,0,0,0,45100,45100,0,0,0,1,1,0,1,1,0,1,1,0,1,1,0,1,1,0,1,1,0,0,0,0,0,0,0,0,0,0,0,0,0,0,0,2.4775030035274797e-54,0,0,0,0,0,0,0,0,0,6.025069992976564e-14,0,0,0,0,0,0,0,0,0,0,0,0,0,0,0,0,0,0,0.99999999999993983,0,6.025069992976564e-14,0.99999999999993983
103300,NORMAL,4.8200559943812517e-14,1,4.8200559943812517e-14,0.99999999999995182,0,UNKNOWN,0.20000000000001444,0,1,0,0.99999999999995182,0,0,0,0,0,45100,45100,0,0,0,1,1,0,1,1,0,1,1,0,1,1,0,1,1,0,1,1,0,0,0,0,0,0,0,0,0,0,0,0,0,0,0,1.9820024028219838e-54,0,0,0,0,0,0,0,0,0,4.8200559943812517e-14,0,0,0,0,0,0,0,0,0,0,0,0,0,0,0,0,0,0,0.99999999999995182,0,4.8200559943812517e-14,0.99999999999995182
103400,NORMAL,3.8560447955050015e-14,1,3.8560447955050015e-14,0.99999999999996148,0,UNKNOWN,0.20000000000001159,0,1,0,0.99999999999996148,0,0,0,0,0,45100,45100,0,0,0,1,1,0,1,1,0,1,1,0,1,1,0,1,1,0,1,1,0,0,0,0,0,0,0,0,0,0,0,0,0,0,0,1.5856019222575872e-54,0,0,0,0,0,0,0,0,0,3.8560447955050015e-14,0,0,0,0,0,0,0,0,0,0,0,0,0,0,0,0,0,0,0.99999999999996148,0,3.8560447955050015e-14,0.99999999999996148
103500,NORMAL,3.084835836404001e-14,1,3.084835836404001e-14,0.99999999999996914,0,UNKNOWN,0.20000000000000925,0,1,0,0.99999999999996914,0,0,0,0,0,45100,45100,0,0,0,1,1,0,1,1,0,1,1,0,1,1,0,1,1,0,1,1,0,0,0,0,0,0,0,0,0,0,0,0,0,0,0,1.2684815378060698e-54,0,0,0,0,0,0,0,0,0,3.084835836404001e-14,0,0,0,0,0,0,0,0,0,0,0,0,0,0,0,0,0,0,0.99999999999996914,0,3.084835836404001e-14,0.99999999999996914
103600,NORMAL,2.4678686691232008e-14,1,2.4678686691232008e-14,0.99999999999997535,0,UNKNOWN,0.20000000000000742,0,1,0,0.99999999999997535,0,0,0,0,0,45100,45100,0,0,0,1,1,0,1,1,0,1,1,0,1,1,0,1,1,0,1,1,0,0,0,0,0,0,0,0,0,0,0,0,0,0,0,1.014785230244856e-54,0,0,0,0,0,0,0,0,0,2.4678686691232008e-14,0,0,0,0,0,0,0,0,0,0,0,0,0,0,0,0,0,0,0.99999999999997535,0,2.4678686691232008e-14,0.99999999999997535
103700,NORMAL,1.9742949352985609e-14,1,1.9742949352985609e-14,0.99999999999998024,0,UNKNOWN,0.20000000000000592,0,1,0,0.99999999999998024,0,0,0,0,0,45100,45100,0,0,0,1,1,0,1,1,0,1,1,0,1,1,0,1,1,0,1,1,0,0,0,0,0,0,0,0,0,0,0,0,0,0,0,8.1182818419588482e-55,0,0,0,0,0,0,0,0,0,1.9742949352985609e-14,0,0,0,0,0,0,0,0,0,0,0,0,0,0,0,0,0,0,0.99999999999998024,0,1.9742949352985609e-14,0.99999999999998024
103800,NORMAL,1.5794359482388487e-14,1,1.5794359482388487e-14,0.99999999999998423,0,UNKNOWN,0.20000000000000476,0,1,0,0.99999999999998423,0,0,0,0,0,45100,45100,0,0,0,1,1,0,1,1,0,1,1,0,1,1,0,1,1,0,1,1,0,0,0,0,0,0,0,0,0,0,0,0,0,0,0,6.4946254735670786e-55,0,0,0,0,0,0,0,0,0,1.5794359482388487e-14,0,0,0,0,0,0,0,0,0,0,0,0,0,0,0,0,0,0,0.99999999999998423,0,1.5794359482388487e-14,0.99999999999998423
103900,NORMAL,1.263548758591079e-14,1,1.263548758591079e-14,0.99999999999998734,0,UNKNOWN,0.20000000000000379,0,1,0,0.99999999999998734,0,0,0,0,0,45100,45100,0,0,0,1,1,0,1,1,0,1,1,0,1,1,0,1,1,0,1,1,0,0,0,0,0,0,0,0,0,0,0,0,0,0,0,5.1957003788536635e-55,0,0,0,0,0,0,0,0,0,1.263548758591079e-14,0,0,0,0,0,0,0,0,0,0,0,0,0,0,0,0,0,0,0.99999999999998734,0,1.263548758591079e-14,0.99999999999998734
104000,NORMAL,1.0108390068728632e-14,1,1.0108390068728632e-14,0.9999999999999899,0,UNKNOWN,0.20000000000000304,0,1,0,0.9999999999999899,0,0,0,0,0,45100,45100,0,0,0,1,1,0,1,1,0,1,1,0,1,1,0,1,1,0,1,1,0,0,0,0,0,0,0,0,0,0,0,0,0,0,0,4.1565603030829313e-55,0,0,0,0,0,0,0,0,0,1.0108390068728632e-14,0,0,0,0,0,0,0,0,0,0,0,0,0,0,0,0,0,0,0.9999999999999899,0,1.0108390068728632e-14,0.9999999999999899
104100,NORMAL,8.0867120549829066e-15,1,8.0867120549829066e-15,0.9999999999999919,0,UNKNOWN,0.20000000000000243,0,1,0,0.9999999999999919,0,0,0,0,0,45100,45100,0,0,0,1,1,0,1,1,0,1,1,0,1,1,0,1,1,0,1,1,0,0,0,0,0,0,0,0,0,0,0,0,0,0,0,3.3252482424663451e-55,0,0,0,0,0,0,0,0,0,8.0867120549829066e-15,0,0,0,0,0,0,0,0,0,0,0,0,0,0,0,0,0,0,0.9999999999999919,0,8.0867120549829066e-15,0.9999999999999919
104200,NORMAL,6.4693696439863253e-15,1,6.4693696439863253e-15,0.99999999999999356,0,UNKNOWN,0.20000000000000195,0,1,0,0.99999999999999356,0,0,0,0,0,45100,45100,0,0,0,1,1,0,1,1,0,1,1,0,1,1,0,1,1,0,1,1,0,0,0,0,0,0,0,0,0,0,0,0,0,0,0,2.6601985939730761e-55,0,0,0,0,0,0,0,0,0,6.4693696439863253e-15,0,0,0,0,0,0,0,0,0,0,0,0,0,0,0,0,0,0,0.99999999999999356,0,6.4693696439863253e-15,0.99999999999999356
104300,NORMAL,5.1754957151890605e-15,1,5.1754957151890605e-15,0.99999999999999489,0,UNKNOWN,0.20000000000000157,0,1,0,0.99999999999999489,0,0,0,0,0,45100,45100,0,0,0,1,1,0,1,1,0,1,1,0,1,1,0,1,1,0,1,1,0,0,0,0,0,0,0,0,0,0,0,0,0,0,0,2.1281588751784612e-55,0,0,0,0,0,0,0,0,0,5.1754957151890605e-15,0,0,0,0,0,0,0,0,0,0,0,0,0,0,0,0,0,0,0.99999999999999489,0,5.1754957151890605e-15,0.99999999999999489
104400,NORMAL,4.1403965721512487e-15,1,4.1403965721512487e-15,0.99999999999999589,0,UNKNOWN,0.20000000000000126,0,1,0,0.99999999999999589,0,0,0,0,0,45100,45100,0,0,0,1,1,0,1,1,0,1,1,0,1,1,0,1,1,0,1,1,0,0,0,0,0,0,0,0,0,0,0,0,0,0,0,1.7025271001427689e-55,0,0,0,0,0,0,0,0,0,4.1403965721512487e-15,0,0,0,0,0,0,0,0,0,0,0,0,0,0,0,0,0,0,0.99999999999999589,0,4.1403965721512487e-15,0.99999999999999589
104500,NORMAL,3.3123172577209992e-15,1,3.3123172577209992e-15,0.99999999999999667,0,UNKNOWN,0.20000000000000101,0,1,0,0.99999999999999667,0,0,0,0,0,45100,45100,0,0,0,1,1,0,1,1,0,1,1,0,1,1,0,1,1,0,1,1,0,0,0,0,0,0,0,0,0,0,0,0,0,0,0,1.3620216801142151e-55,0,0,0,0,0,0,0,0,0,3.3123172577209992e-15,0,0,0,0,0,0,0,0,0,0,0,0,0,0,0,0,0,0,0.99999999999999667,0,3.3123172577209992e-15,0.99999999999999667
104600,NORMAL,2.6498538061767994e-15,1,2.6498538061767994e-15,0.99999999999999734,0,UNKNOWN,0.20000000000000079,0,1,0,0.99999999999999734,0,0,0,0,0,45100,45100,0,0,0,1,1,0,1,1,0,1,1,0,1,1,0,1,1,0,1,1,0,0,0,0,0,0,0,0,0,0,0,0,0,0,0,1.0896173440913722e-55,0,0,0,0,0,0,0,0,0,2.6498538061767994e-15,0,0,0,0,0,0,0,0,0,0,0,0,0,0,0,0,0,0,0.99999999999999734,0,2.6498538061767994e-15,0.99999999999999734
104700,NORMAL,2.1198830449414396e-15,1,2.1198830449414396e-15,0.99999999999999789,0,UNKNOWN,0.20000000000000062,0,1,0,0.99999999999999789,0,0,0,0,0,45100,45100,0,0,0,1,1,0,1,1,0,1,1,0,1,1,0,1,1,0,1,1,0,0,0,0,0,0,0,0,0,0,0,0,0,0,0,8.7169387527309786e-56,0,0,0,0,0,0,0,0,0,2.1198830449414396e-15,0,0,0,0,0,0,0,0,0,0,0,0,0,0,0,0,0,0,0.99999999999999789,0,2.1198830449414396e-15,0.99999999999999789
104800,NORMAL,1.6959064359531517e-15,1,1.6959064359531517e-15,0.99999999999999833,0,UNKNOWN,0.20000000000000054,0,1,0,0.99999999999999833,0,0,0,0,0,45100,45100,0,0,0,1,1,0,1,1,0,1,1,0,1,1,0,1,1,0,1,1,0,0,0,0,0,0,0,0,0,0,0,0,0,0,0,6.9735510021847829e-56,0,0,0,0,0,0,0,0,0,1.6959064359531517e-15,0,0,0,0,0,0,0,0,0,0,0,0,0,0,0,0,0,0,0.99999999999999833,0,1.6959064359531517e-15,0.99999999999999833
104900,NORMAL,1.3567251487625213e-15,1,1.3567251487625213e-15,0.99999999999999867,0,UNKNOWN,0.2000000000000004,0,1,0,0.99999999999999867,0,0,0,0,0,45100,45100,0,0,0,1,1,0,1,1,0,1,1,0,1,1,0,1,1,0,1,1,0,0,0,0,0,0,0,0,0,0,0,0,0,0,0,5.5788408017478263e-56,0,0,0,0,0,0,0,0,0,1.3567251487625213e-15,0,0,0,0,0,0,0,0,0,0,0,0,0,0,0,0,0,0,0.99999999999999867,0,1.3567251487625213e-15,0.99999999999999867
105000,NORMAL,1.0853801190100171e-15,1,1.0853801190100171e-15,0.99999999999999889,0,UNKNOWN,0.20000000000000034,0,1,0,0.99999999999999889,0,0,0,0,0,45100,45100,0,0,0,1,1,0,1,1,0,1,1,0,1,1,0,1,1,0,1,1,0,0,0,0,0,0,0,0,0,0,0,0,0,0,0,4.4630726413982614e-56,0,0,0,0,0,0,0,0,0,1.0853801190100171e-15,0,0,0,0,0,0,0,0,0,0,0,0,0,0,0,0,0,0,0.99999999999999889,0,1.0853801190100171e-15,0.99999999999999889
105100,NORMAL,8.6830409520801373e-16,1,8.6830409520801373e-16,0.99999999999999911,0,UNKNOWN,0.20000000000000026,0,1,0,0.99999999999999911,0,0,0,0,0,45100,45100,0,0,0,1,1,0,1,1,0,1,1,0,1,1,0,1,1,0,1,1,0,0,0,0,0,0,0,0,0,0,0,0,0,0,0,3.5704581131186092e-56,0,0,0,0,0,0,0,0,0,8.6830409520801373e-16,0,0,0,0,0,0,0,0,0,0,0,0,0,0,0,0,0,0,0.99999999999999911,0,8.6830409520801373e-16,0.99999999999999911
105200,NORMAL,6.94643276166411e-16,1,6.94643276166411e-16,0.99999999999999933,0,UNKNOWN,0.20000000000000023,0,1,0,0.99999999999999933,0,0,0,0,0,45100,45100,0,0,0,1,1,0,1,1,0,1,1,0,1,1,0,1,1,0,1,1,0,0,0,0,0,0,0,0,0,0,0,0,0,0,0,2.8563664904948877e-56,0,0,0,0,0,0,0,0,0,6.94643276166411e-16,0,0,0,0,0,0,0,0,0,0,0,0,0,0,0,0,0,0,0.99999999999999933,0,6.94643276166411e-16,0.99999999999999933
105300,NORMAL,5.5571462093312884e-16,1,5.5571462093312884e-16,0.99999999999999944,0,UNKNOWN,0.20000000000000018,0,1,0,0.99999999999999944,0,0,0,0,0,45100,45100,0,0,0,1,1,0,1,1,0,1,1,0,1,1,0,1,1,0,1,1,0,0,0,0,0,0,0,0,0,0,0,0,0,0,0,2.2850931923959101e-56,0,0,0,0,0,0,0,0,0,5.5571462093312884e-16,0,0,0,0,0,0,0,0,0,0,0,0,0,0,0,0,0,0,0.99999999999999944,0,5.5571462093312884e-16,0.99999999999999944
105400,NORMAL,4.4457169674650307e-16,1,4.4457169674650307e-16,0.99999999999999956,0,UNKNOWN,0.20000000000000012,0,1,0,0.99999999999999956,0,0,0,0,0,45100,45100,0,0,0,1,1,0,1,1,0,1,1,0,1,1,0,1,1,0,1,1,0,0,0,0,0,0,0,0,0,0,0,0,0,0,0,1.8280745539167283e-56,0,0,0,0,0,0,0,0,0,4.4457169674650307e-16,0,0,0,0,0,0,0,0,0,0,0,0,0,0,0,0,0,0,0.99999999999999956,0,4.4457169674650307e-16,0.99999999999999956
105500,NORMAL,3.5565735739720248e-16,1,3.5565735739720248e-16,0.99999999999999967,0,UNKNOWN,0.20000000000000009,0,1,0,0.99999999999999967,0,0,0,0,0,45100,45100,0,0,0,1,1,0,1,1,0,1,1,0,1,1,0,1,1,0,1,1,0,0,0,0,0,0,0,0,0,0,0,0,0,0,0,1.4624596431333828e-56,0,0,0,0,0,0,0,0,0,3.5565735739720248e-16,0,0,0,0,0,0,0,0,0,0,0,0,0,0,0,0,0,0,0.99999999999999967,0,3.5565735739720248e-16,0.99999999999999967
105600,NORMAL,2.8452588591776202e-16,1,2.8452588591776202e-16,0.99999999999999978,0,UNKNOWN,0.20000000000000009,0,1,0,0.99999999999999978,0,0,0,0,0,45100,45100,0,0,0,1,1,0,1,1,0,1,1,0,1,1,0,1,1,0,1,1,0,0,0,0,0,0,0,0,0,0,0,0,0,0,0,1.1699677145067063e-56,0,0,0,0,0,0,0,0,0,2.8452588591776202e-16,0,0,0,0,0,0,0,0,0,0,0,0,0,0,0,0,0,0,0.99999999999999978,0,2.8452588591776202e-16,0.99999999999999978
105700,NORMAL,2.2762070873420963e-16,1,2.2762070873420963e-16,0.99999999999999978,0,UNKNOWN,0.20000000000000007,0,1,0,0.99999999999999978,0,0,0,0,0,45100,45100,0,0,0,1,1,0,1,1,0,1,1,0,1,1,0,1,1,0,1,1,0,0,0,0,0,0,0,0,0,0,0,0,0,0,0,9.3597417160536514e-57,0,0,0,0,0,0,0,0,0,2.2762070873420963e-16,0,0,0,0,0,0,0,0,0,0,0,0,0,0,0,0,0,0,0.99999999999999978,0,2.2762070873420963e-16,0.99999999999999978
105800,NORMAL,1.8209656698736771e-16,1,1.8209656698736771e-16,0.99999999999999978,0,UNKNOWN,0.20000000000000004,0,1,0,0.99999999999999978,0,0,0,0,0,45100,45100,0,0,0,1,1,0,1,1,0,1,1,0,1,1,0,1,1,0,1,1,0,0,0,0,0,0,0,0,0,0,0,0,0,0,0,7.4877933728429214e-57,0,0,0,0,0,0,0,0,0,1.8209656698736771e-16,0,0,0,0,0,0,0,0,0,0,0,0,0,0,0,0,0,0,0.99999999999999978,0,1.8209656698736771e-16,0.99999999999999978
105900,NORMAL,1.456772535898942e-16,1,1.456772535898942e-16,0.99999999999999989,0,UNKNOWN,0.20000000000000007,0,1,0,0.99999999999999989,0,0,0,0,0,45100,45100,0,0,0,1,1,0,1,1,0,1,1,0,1,1,0,1,1,0,1,1,0,0,0,0,0,0,0,0,0,0,0,0,0,0,0,5.9902346982743387e-57,0,0,0,0,0,0,0,0,0,1.456772535898942e-16,0,0,0,0,0,0,0,0,0,0,0,0,0,0,0,0,0,0,0.99999999999999989,0,1.456772535898942e-16,0.99999999999999989
106000,NORMAL,1.1654180287191536e-16,1,1.1654180287191536e-16,0.99999999999999989,0,UNKNOWN,0.20000000000000004,0,1,0,0.99999999999999989,0,0,0,0,0,45100,45100,0,0,0,1,1,0,1,1,0,1,1,0,1,1,0,1,1,0,1,1,0,0,0,0,0,0,0,0,0,0,0,0,0,0,0,4.7921877586194711e-57,0,0,0,0,0,0,0,0,0,1.1654180287191536e-16,0,0,0,0,0,0,0,0,0,0,0,0,0,0,0,0,0,0,0.99999999999999989,0,1.1654180287191536e-16,0.99999999999999989
106100,NORMAL,9.3233442297532301e-17,1,9.3233442297532301e-17,0.99999999999999989,0,UNKNOWN,0.20000000000000004,0,1,0,0.99999999999999989,0,0,0,0,0,45100,45100,0,0,0,1,1,0,1,1,0,1,1,0,1,1,0,1,1,0,1,1,0,0,0,0,0,0,0,0,0,0,0,0,0,0,0,3.8337502068955771e-57,0,0,0,0,0,0,0,0,0,9.3233442297532301e-17,0,0,0,0,0,0,0,0,0,0,0,0,0,0,0,0,0,0,0.99999999999999989,0,9.3233442297532301e-17,0.99999999999999989
106200,NORMAL,7.4586753838025846e-17,1,7.4586753838025846e-17,0.99999999999999989,0,UNKNOWN,0.20000000000000001,0,1,0,0.99999999999999989,0,0,0,0,0,45100,45100,0,0,0,1,1,0,1,1,0,1,1,0,1,1,0,1,1,0,1,1,0,0,0,0,0,0,0,0,0,0,0,0,0,0,0,3.0670001655164621e-57,0,0,0,0,0,0,0,0,0,7.4586753838025846e-17,0,0,0,0,0,0,0,0,0,0,0,0,0,0,0,0,0,0,0.99999999999999989,0,7.4586753838025846e-17,0.99999999999999989
106300,NORMAL,5.9669403070420674e-17,1,5.9669403070420674e-17,0.99999999999999989,0,UNKNOWN,0.20000000000000001,0,1,0,0.99999999999999989,0,0,0,0,0,45100,45100,0,0,0,1,1,0,1,1,0,1,1,0,1,1,0,1,1,0,1,1,0,0,0,0,0,0,0,0,0,0,0,0,0,0,0,2.4536001324131697e-57,0,0,0,0,0,0,0,0,0,5.9669403070420674e-17,0,0,0,0,0,0,0,0,0,0,0,0,0,0,0,0,0,0,0.99999999999999989,0,5.9669403070420674e-17,0.99999999999999989
106400,NORMAL,4.7735522456336548e-17,1,4.7735522456336548e-17,1,0,UNKNOWN,0.20000000000000004,0,1,0,1,0,0,0,0,0,45100,45100,0,0,0,1,1,0,1,1,0,1,1,0,1,1,0,1,1,0,1,1,0,0,0,0,0,0,0,0,0,0,0,0,0,0,0,1.9628801059305362e-57,0,0,0,0,0,0,0,0,0,4.7735522456336548e-17,0,0,0,0,0,0,0,0,0,0,0,0,0,0,0,0,0,0,1,0,4.7735522456336548e-17,1
106500,NORMAL,3.8188417965069242e-17,1,3.8188417965069242e-17,1,0,UNKNOWN,0.20000000000000004,0,1,0,1,0,0,0,0,0,45100,45100,0,0,0,1,1,0,1,1,0,1,1,0,1,1,0,1,1,0,1,1,0,0,0,0,0,0,0,0,0,0,0,0,0,0,0,1.5703040847444292e-57,0,0,0,0,0,0,0,0,0,3.8188417965069242e-17,0,0,0,0,0,0,0,0,0,0,0,0,0,0,0,0,0,0,1,0,3.8188417965069242e-17,1
106600,NORMAL,3.0550734372055394e-17,1,3.0550734372055394e-17,1,0,UNKNOWN,0.20000000000000004,0,1,0,1,0,0,0,0,0,45100,45100,0,0,0,1,1,0,1,1,0,1,1,0,1,1,0,1,1,0,1,1,0,0,0,0,0,0,0,0,0,0,0,0,0,0,0,1.2562432677955434e-57,0,0,0,0,0,0,0,0,0,3.0550734372055394e-17,0,0,0,0,0,0,0,0,0,0,0,0,0,0,0,0,0,0,1,0,3.0550734372055394e-17,1
106700,NORMAL,2.4440587497644315e-17,1,2.4440587497644315e-17,1,0,UNKNOWN,0.20000000000000001,0,1,0,1,0,0,0,0,0,45100,45100,0,0,0,1,1,0,1,1,0,1,1,0,1,1,0,1,1,0,1,1,0,0,0,0,0,0,0,0,0,0,0,0,0,0,0,1.0049946142364348e-57,0,0,0,0,0,0,0,0,0,2.4440587497644315e-17,0,0,0,0,0,0,0,0,0,0,0,0,0,0,0,0,0,0,1,0,2.4440587497644315e-17,1
106800,NORMAL,1.9552469998115452e-17,1,1.9552469998115452e-17,1,0,UNKNOWN,0.20000000000000001,0,1,0,1,0,0,0,0,0,45100,45100,0,0,0,1,1,0,1,1,0,1,1,0,1,1,0,1,1,0,1,1,0,0,0,0,0,0,0,0,0,0,0,0,0,0,0,8.0399569138914793e-58,0,0,0,0,0,0,0,0,0,1.9552469998115452e-17,0,0,0,0,0,0,0,0,0,0,0,0,0,0,0,0,0,0,1,0,1.9552469998115452e-17,1
106900,NORMAL,1.5641975998492363e-17,1,1.5641975998492363e-17,1,0,UNKNOWN,0.20000000000000001,0,1,0,1,0,0,0,0,0,45100,45100,0,0,0,1,1,0,1,1,0,1,1,0,1,1,0,1,1,0,1,1,0,0,0,0,0,0,0,0,0,0,0,0,0,0,0,6.4319655311131834e-58,0,0,0,0,0,0,0,0,0,1.5641975998492363e-17,0,0,0,0,0,0,0,0,0,0,0,0,0,0,0,0,0,0,1,0,1.5641975998492363e-17,1
107000,NORMAL,1.2513580798793892e-17,1,1.2513580798793892e-17,1,0,UNKNOWN,0.20000000000000001,0,1,0,1,0,0,0,0,0,45100,45100,0,0,0,1,1,0,1,1,0,1,1,0,1,1,0,1,1,0,1,1,0,0,0,0,0,0,0,0,0,0,0,0,0,0,0,5.1455724248905469e-58,0,0,0,0,0,0,0,0,0,1.2513580798793892e-17,0,0,0,0,0,0,0,0,0,0,0,0,0,0,0,0,0,0,1,0,1.2513580798793892e-17,1
107100,NORMAL,1.0010864639035114e-17,1,1.0010864639035114e-17,1,0,UNKNOWN,0.20000000000000001,0,1,0,1,0,0,0,0,0,45100,45100,0,0,0,1,1,0,1,1,0,1,1,0,1,1,0,1,1,0,1,1,0,0,0,0,0,0,0,0,0,0,0,0,0,0,0,4.1164579399124375e-58,0,0,0,0,0,0,0,0,0,1.0010864639035114e-17,0,0,0,0,0,0,0,0,0,0,0,0,0,0,0,0,0,0,1,0,1.0010864639035114e-17,1
107200,NORMAL,8.0086917112280922e-18,1,8.0086917112280922e-18,1,0,UNKNOWN,0.20000000000000001,0,1,0,1,0,0,0,0,0,45100,45100,0,0,0,1,1,0,1,1,0,1,1,0,1,1,0,1,1,0,1,1,0,0,0,0,0,0,0,0,0,0,0,0,0,0,0,3.2931663519299503e-58,0,0,0,0,0,0,0,0,0,8.0086917112280922e-18,0,0,0,0,0,0,0,0,0,0,0,0,0,0,0,0,0,0,1,0,8.0086917112280922e-18,1
107300,NORMAL,6.4069533689824744e-18,1,6.4069533689824744e-18,1,0,UNKNOWN,0.20000000000000001,0,1,0,1,0,0,0,0,0,45100,45100,0,0,0,1,1,0,1,1,0,1,1,0,1,1,0,1,1,0,1,1,0,0,0,0,0,0,0,0,0,0,0,0,0,0,0,2.6345330815439603e-58,0,0,0,0,0,0,0,0,0,6.4069533689824744e-18,0,0,0,0,0,0,0,0,0,0,0,0,0,0,0,0,0,0,1,0,6.4069533689824744e-18,1
107400,NORMAL,5.12556269518598e-18,1,5.12556269518598e-18,1,0,UNKNOWN,0.20000000000000001,0,1,0,1,0,0,0,0,0,45100,45100,0,0,0,1,1,0,1,1,0,1,1,0,1,1,0,1,1,0,1,1,0,0,0,0,0,0,0,0,0,0,0,0,0,0,0,2.1076264652351684e-58,0,0,0,0,0,0,0,0,0,5.12556269518598e-18,0,0,0,0,0,0,0,0,0,0,0,0,0,0,0,0,0,0,1,0,5.12556269518598e-18,1
107500,NORMAL,4.1004501561487843e-18,1,4.1004501561487843e-18,1,0,UNKNOWN,0.20000000000000001,0,1,0,1,0,0,0,0,0,45100,45100,0,0,0,1,1,0,1,1,0,1,1,0,1,1,0,1,1,0,1,1,0,0,0,0,0,0,0,0,0,0,0,0,0,0,0,1.6861011721881349e-58,0,0,0,0,0,0,0,0,0,4.1004501561487843e-18,0,0,0,0,0,0,0,0,0,0,0,0,0,0,0,0,0,0,1,0,4.1004501561487843e-18,1
107600,NORMAL,3.2803601249190277e-18,1,3.2803601249190277e-18,1,0,UNKNOWN,0.20000000000000001,0,1,0,1,0,0,0,0,0,45100,45100,0,0,0,1,1,0,1,1,0,1,1,0,1,1,0,1,1,0,1,1,0,0,0,0,0,0,0,0,0,0,0,0,0,0,0,1.348880937750508e-58,0,0,0,0,0,0,0,0,0,3.2803601249190277e-18,0,0,0,0,0,0,0,0,0,0,0,0,0,0,0,0,0,0,1,0,3.2803601249190277e-18,1
107700,NORMAL,2.6242880999352222e-18,1,2.6242880999352222e-18,1,0,UNKNOWN,0.20000000000000001,0,1,0,1,0,0,0,0,0,45100,45100,0,0,0,1,1,0,1,1,0,1,1,0,1,1,0,1,1,0,1,1,0,0,0,0,0,0,0,0,0,0,0,0,0,0,0,1.0791047502004066e-58,0,0,0,0,0,0,0,0,0,2.6242880999352222e-18,0,0,0,0,0,0,0,0,0,0,0,0,0,0,0,0,0,0,1,0,2.6242880999352222e-18,1
107800,NORMAL,2.099430479948178e-18,1,2.099430479948178e-18,1,0,UNKNOWN,0.20000000000000001,0,1,0,1,0,0,0,0,0,45100,45100,0,0,0,1,1,0,1,1,0,1,1,0,1,1,0,1,1,0,1,1,0,0,0,0,0,0,0,0,0,0,0,0,0,0,0,8.6328380016032526e-59,0,0,0,0,0,0,0,0,0,2.099430479948178e-18,0,0,0,0,0,0,0,0,0,0,0,0,0,0,0,0,0,0,1,0,2.099430479948178e-18,1
107900,NORMAL,1.6795443839585424e-18,1,1.6795443839585424e-18,1,0,UNKNOWN,0.20000000000000001,0,1,0,1,0,0,0,0,0,45100,45100,0,0,0,1,1,0,1,1,0,1,1,0,1,1,0,1,1,0,1,1,0,0,0,0,0,0,0,0,0,0,0,0,0,0,0,6.9062704012826021e-59,0,0,0,0,0,0,0,0,0,1.6795443839585424e-18,0,0,0,0,0,0,0,0,0,0,0,0,0,0,0,0,0,0,1,0,1.6795443839585424e-18,1
108000,NORMAL,1.343635507166834e-18,1,1.343635507166834e-18,1,0,UNKNOWN,0.20000000000000001,0,1,0,1,0,0,0,0,0,45100,45100,0,0,0,1,1,0,1,1,0,1,1,0,1,1,0,1,1,0,1,1,0,0,0,0,0,0,0,0,0,0,0,0,0,0,0,5.5250163210260817e-59,0,0,0,0,0,0,0,0,0,1.343635507166834e-18,0,0,0,0,0,0,0,0,0,0,0,0,0,0,0,0,0,0,1,0,1.343635507166834e-18,1
108100,NORMAL,1.0749084057334673e-18,1,1.0749084057334673e-18,1,0,UNKNOWN,0.20000000000000001,0,1,0,1,0,0,0,0,0,45100,45100,0,0,0,1,1,0,1,1,0,1,1,0,1,1,0,1,1,0,1,1,0,0,0,0,0,0,0,0,0,0,0,0,0,0,0,4.4200130568208652e-59,0,0,0,0,0,0,0,0,0,1.0749084057334673e-18,0,0,0,0,0,0,0,0,0,0,0,0,0,0,0,0,0,0,1,0,1.0749084057334673e-18,1
108200,NORMAL,8.5992672458677389e-19,1,8.5992672458677389e-19,1,0,UNKNOWN,0.20000000000000001,0,1,0,1,0,0,0,0,0,45100,45100,0,0,0,1,1,0,1,1,0,1,1,0,1,1,0,1,1,0,1,1,0,0,0,0,0,0,0,0,0,0,0,0,0,0,0,3.5360104454566923e-59,0,0,0,0,0,0,0,0,0,8.5992672458677389e-19,0,0,0,0,0,0,0,0,0,0,0,0,0,0,0,0,0,0,1,0,8.5992672458677389e-19,1
108300,NORMAL,6.8794137966941911e-19,1,6.8794137966941911e-19,1,0,UNKNOWN,0.20000000000000001,0,1,0,1,0,0,0,0,0,45100,45100,0,0,0,1,1,0,1,1,0,1,1,0,1,1,0,1,1,0,1,1,0,0,0,0,0,0,0,0,0,0,0,0,0,0,0,2.8288083563653539e-59,0,0,0,0,0,0,0,0,0,6.8794137966941911e-19,0,0,0,0,0,0,0,0,0,0,0,0,0,0,0,0,0,0,1,0,6.8794137966941911e-19,1
108400,NORMAL,5.5035310373553529e-19,1,5.5035310373553529e-19,1,0,UNKNOWN,0.20000000000000001,0,1,0,1,0,0,0,0,0,45100,45100,0,0,0,1,1,0,1,1,0,1,1,0,1,1,0,1,1,0,1,1,0,0,0,0,0,0,0,0,0,0,0,0,0,0,0,2.2630466850922831e-59,0,0,0,0,0,0,0,0,0,5.5035310373553529e-19,0,0,0,0,0,0,0,0,0,0,0,0,0,0,0,0,0,0,1,0,5.5035310373553529e-19,1
108500,NORMAL,4.4028248298842821e-19,1,4.4028248298842821e-19,1,0,UNKNOWN,0.20000000000000001,0,1,0,1,0,0,0,0,0,45100,45100,0,0,0,1,1,0,1,1,0,1,1,0,1,1,0,1,1,0,1,1,0,0,0,0,0,0,0,0,0,0,0,0,0,0,0,1.8104373480738267e-59,0,0,0,0,0,0,0,0,0,4.4028248298842821e-19,0,0,0,0,0,0,0,0,0,0,0,0,0,0,0,0,0,0,1,0,4.4028248298842821e-19,1
108600,NORMAL,3.522259863907426e-19,1,3.522259863907426e-19,1,0,UNKNOWN,0.20000000000000001,0,1,0,1,0,0,0,0,0,45100,45100,0,0,0,1,1,0,1,1,0,1,1,0,1,1,0,1,1,0,1,1,0,0,0,0,0,0,0,0,0,0,0,0,0,0,0,1.4483498784590614e-59,0,0,0,0,0,0,0,0,0,3.522259863907426e-19,0,0,0,0,0,0,0,0,0,0,0,0,0,0,0,0,0,0,1,0,3.522259863907426e-19,1
108700,NORMAL,2.8178078911259408e-19,1,2.8178078911259408e-19,1,0,UNKNOWN,0.20000000000000001,0,1,0,1,0,0,0,0,0,45100,45100,0,0,0,1,1,0,1,1,0,1,1,0,1,1,0,1,1,0,1,1,0,0,0,0,0,0,0,0,0,0,0,0,0,0,0,1.1586799027672492e-59,0,0,0,0,0,0,0,0,0,2.8178078911259408e-19,0,0,0,0,0,0,0,0,0,0,0,0,0,0,0,0,0,0,1,0,2.8178078911259408e-19,1
108800,NORMAL,2.2542463129007529e-19,1,2.2542463129007529e-19,1,0,UNKNOWN,0.20000000000000001,0,1,0,1,0,0,0,0,0,45100,45100,0,0,0,1,1,0,1,1,0,1,1,0,1,1,0,1,1,0,1,1,0,0,0,0,0,0,0,0,0,0,0,0,0,0,0,9.2694392221379939e-60,0,0,0,0,0,0,0,0,0,2.2542463129007529e-19,0,0,0,0,0,0,0,0,0,0,0,0,0,0,0,0,0,0,1,0,2.2542463129007529e-19,1
108900,NORMAL,1.8033970503206025e-19,1,1.8033970503206025e-19,1,0,UNKNOWN,0.20000000000000001,0,1,0,1,0,0,0,0,0,45100,45100,0,0,0,1,1,0,1,1,0,1,1,0,1,1,0,1,1,0,1,1,0,0,0,0,0,0,0,0,0,0,0,0,0,0,0,7.4155513777103953e-60,0,0,0,0,0,0,0,0,0,1.8033970503206025e-19,0,0,0,0,0,0,0,0,0,0,0,0,0,0,0,0,0,0,1,0,1.8033970503206025e-19,1
109000,NORMAL,1.442717640256482e-19,1,1.442717640256482e-19,1,0,UNKNOWN,0.20000000000000001,0,1,0,1,0,0,0,0,0,45100,45100,0,0,0,1,1,0,1,1,0,1,1,0,1,1,0,1,1,0,1,1,0,0,0,0,0,0,0,0,0,0,0,0,0,0,0,5.932441102168316e-60,0,0,0,0,0,0,0,0,0,1.442717640256482e-19,0,0,0,0,0,0,0,0,0,0,0,0,0,0,0,0,0,0,1,0,1.442717640256482e-19,1
109100,NORMAL,1.1541741122051856e-19,1,1.1541741122051856e-19,1,0,UNKNOWN,0.20000000000000001,0,1,0,1,0,0,0,0,0,45100,45100,0,0,0,1,1,0,1,1,0,1,1,0,1,1,0,1,1,0,1,1,0,0,0,0,0,0,0,0,0,0,0,0,0,0,0,4.7459528817346533e-60,0,0,0,0,0,0,0,0,0,1.1541741122051856e-19,0,0,0,0,0,0,0,0,0,0,0,0,0,0,0,0,0,0,1,0,1.1541741122051856e-19,1
109200,NORMAL,9.2333928976414856e-20,1,9.2333928976414856e-20,1,0,UNKNOWN,0.20000000000000001,0,1,0,1,0,0,0,0,0,45100,45100,0,0,0,1,1,0,1,1,0,1,1,0,1,1,0,1,1,0,1,1,0,0,0,0,0,0,0,0,0,0,0,0,0,0,0,3.7967623053877228e-60,0,0,0,0,0,0,0,0,0,9.2333928976414856e-20,0,0,0,0,0,0,0,0,0,0,0,0,0,0,0,0,0,0,1,0,9.2333928976414856e-20,1
109300,NORMAL,7.3867143181131892e-20,1,7.3867143181131892e-20,1,0,UNKNOWN,0.20000000000000001,0,1,0,1,0,0,0,0,0,45100,45100,0,0,0,1,1,0,1,1,0,1,1,0,1,1,0,1,1,0,1,1,0,0,0,0,0,0,0,0,0,0,0,0,0,0,0,3.0374098443101785e-60,0,0,0,0,0,0,0,0,0,7.3867143181131892e-20,0,0,0,0,0,0,0,0,0,0,0,0,0,0,0,0,0,0,1,0,7.3867143181131892e-20,1
109400,NORMAL,5.9093714544905514e-20,1,5.9093714544905514e-20,1,0,UNKNOWN,0.20000000000000001,0,1,0,1,0,0,0,0,0,45100,45100,0,0,0,1,1,0,1,1,0,1,1,0,1,1,0,1,1,0,1,1,0,0,0,0,0,0,0,0,0,0,0,0,0,0,0,2.4299278754481428e-60,0,0,0,0,0,0,0,0,0,5.9093714544905514e-20,0,0,0,0,0,0,0,0,0,0,0,0,0,0,0,0,0,0,1,0,5.9093714544905514e-20,1
109500,NORMAL,4.7274971635924412e-20,1,4.7274971635924412e-20,1,0,UNKNOWN,0.20000000000000001,0,1,0,1,0,0,0,0,0,45100,45100,0,0,0,1,1,0,1,1,0,1,1,0,1,1,0,1,1,0,1,1,0,0,0,0,0,0,0,0,0,0,0,0,0,0,0,1.9439423003585143e-60,0,0,0,0,0,0,0,0,0,4.7274971635924412e-20,0,0,0,0,0,0,0,0,0,0,0,0,0,0,0,0,0,0,1,0,4.7274971635924412e-20,1
109600,NORMAL,3.7819977308739535e-20,1,3.7819977308739535e-20,1,0,UNKNOWN,0.20000000000000001,0,1,0,1,0,0,0,0,0,45100,45100,0,0,0,1,1,0,1,1,0,1,1,0,1,1,0,1,1,0,1,1,0,0,0,0,0,0,0,0,0,0,0,0,0,0,0,1.5551538402868116e-60,0,0,0,0,0,0,0,0,0,3.7819977308739535e-20,0,0,0,0,0,0,0,0,0,0,0,0,0,0,0,0,0,0,1,0,3.7819977308739535e-20,1
109700,NORMAL,3.0255981846991629e-20,1,3.0255981846991629e-20,1,0,UNKNOWN,0.20000000000000001,0,1,0,1,0,0,0,0,0,45100,45100,0,0,0,1,1,0,1,1,0,1,1,0,1,1,0,1,1,0,1,1,0,0,0,0,0,0,0,0,0,0,0,0,0,0,0,1.2441230722294494e-60,0,0,0,0,0,0,0,0,0,3.0255981846991629e-20,0,0,0,0,0,0,0,0,0,0,0,0,0,0,0,0,0,0,1,0,3.0255981846991629e-20,1
109800,NORMAL,2.4204785477593303e-20,1,2.4204785477593303e-20,1,0,UNKNOWN,0.20000000000000001,0,1,0,1,0,0,0,0,0,45100,45100,0,0,0,1,1,0,1,1,0,1,1,0,1,1,0,1,1,0,1,1,0,0,0,0,0,0,0,0,0,0,0,0,0,0,0,9.9529845778355961e-61,0,0,0,0,0,0,0,0,0,2.4204785477593303e-20,0,0,0,0,0,0,0,0,0,0,0,0,0,0,0,0,0,0,1,0,2.4204785477593303e-20,1
109900,NORMAL,1.9363828382074643e-20,1,1.9363828382074643e-20,1,0,UNKNOWN,0.20000000000000001,0,1,0,1,0,0,0,0,0,45100,45100,0,0,0,1,1,0,1,1,0,1,1,0,1,1,0,1,1,0,1,1,0,0,0,0,0,0,0,0,0,0,0,0,0,0,0,7.9623876622684769e-61,0,0,0,0,0,0,0,0,0,1.9363828382074643e-20,0,0,0,0,0,0,0,0,0,0,0,0,0,0,0,0,0,0,1,0,1.9363828382074643e-20,1
110000,NORMAL,1.5491062705659716e-20,1,1.5491062705659716e-20,1,0,UNKNOWN,0.20000000000000001,0,1,0,1,0,0,0,0,0,45100,45100,0,0,0,1,1,0,1,1,0,1,1,0,1,1,0,1,1,0,1,1,0,0,0,0,0,0,0,0,0,0,0,0,0,0,0,6.3699101298147818e-61,0,0,0,0,0,0,0,0,0,1.5491062705659716e-20,0,0,0,0,0,0,0,0,0,0,0,0,0,0,0,0,0,0,1,0,1.5491062705659716e-20,1
110100,NORMAL,1.2392850164527773e-20,1,1.2392850164527773e-20,1,0,UNKNOWN,0.20000000000000001,0,1,0,1,0,0,0,0,0,45100,45100,0,0,0,1,1,0,1,1,0,1,1,0,1,1,0,1,1,0,1,1,0,0,0,0,0,0,0,0,0,0,0,0,0,0,0,5.0959281038518254e-61,0,0,0,0,0,0,0,0,0,1.2392850164527773e-20,0,0,0,0,0,0,0,0,0,0,0,0,0,0,0,0,0,0,1,0,1.2392850164527773e-20,1
110200,NORMAL,9.9142801316222189e-21,1,9.9142801316222189e-21,1,0,UNKNOWN,0.20000000000000001,0,1,0,1,0,0,0,0,0,45100,45100,0,0,0,1,1,0,1,1,0,1,1,0,1,1,0,1,1,0,1,1,0,0,0,0,0,0,0,0,0,0,0,0,0,0,0,4.0767424830814605e-61,0,0,0,0,0,0,0,0,0,9.9142801316222189e-21,0,0,0,0,0,0,0,0,0,0,0,0,0,0,0,0,0,0,1,0,9.9142801316222189e-21,1
110300,NORMAL,7.9314241052977757e-21,1,7.9314241052977757e-21,1,0,UNKNOWN,0.20000000000000001,0,1,0,1,0,0,0,0,0,45100,45100,0,0,0,1,1,0,1,1,0,1,1,0,1,1,0,1,1,0,1,1,0,0,0,0,0,0,0,0,0,0,0,0,0,0,0,3.2613939864651685e-61,0,0,0,0,0,0,0,0,0,7.9314241052977757e-21,0,0,0,0,0,0,0,0,0,0,0,0,0,0,0,0,0,0,1,0,7.9314241052977757e-21,1
110400,NORMAL,6.3451392842382209e-21,1,6.3451392842382209e-21,1,0,UNKNOWN,0.20000000000000001,0,1,0,1,0,0,0,0,0,45100,45100,0,0,0,1,1,0,1,1,0,1,1,0,1,1,0,1,1,0,1,1,0,0,0,0,0,0,0,0,0,0,0,0,0,0,0,2.6091151891721348e-61,0,0,0,0,0,0,0,0,0,6.3451392842382209e-21,0,0,0,0,0,0,0,0,0,0,0,0,0,0,0,0,0,0,1,0,6.3451392842382209e-21,1
110500,NORMAL,5.0761114273905769e-21,1,5.0761114273905769e-21,1,0,UNKNOWN,0.20000000000000001,0,1,0,1,0,0,0,0,0,45100,45100,0,0,0,1,1,0,1,1,0,1,1,0,1,1,0,1,1,0,1,1,0,0,0,0,0,0,0,0,0,0,0,0,0,0,0,2.0872921513377081e-61,0,0,0,0,0,0,0,0,0,5.0761114273905769e-21,0,0,0,0,0,0,0,0,0,0,0,0,0,0,0,0,0,0,1,0,5.0761114273905769e-21,1
110600,NORMAL,4.0608891419124615e-21,1,4.0608891419124615e-21,1,0,UNKNOWN,0.20000000000000001,0,1,0,1,0,0,0,0,0,45100,45100,0,0,0,1,1,0,1,1,0,1,1,0,1,1,0,1,1,0,1,1,0,0,0,0,0,0,0,0,0,0,0,0,0,0,0,1.6698337210701665e-61,0,0,0,0,0,0,0,0,0,4.0608891419124615e-21,0,0,0,0,0,0,0,0,0,0,0,0,0,0,0,0,0,0,1,0,4.0608891419124615e-21,1
110700,NORMAL,3.2487113135299693e-21,1,3.2487113135299693e-21,1,0,UNKNOWN,0.20000000000000001,0,1,0,1,0,0,0,0,0,45100,45100,0,0,0,1,1,0,1,1,0,1,1,0,1,1,0,1,1,0,1,1,0,0,0,0,0,0,0,0,0,0,0,0,0,0,0,1.3358669768561333e-61,0,0,0,0,0,0,0,0,0,3.2487113135299693e-21,0,0,0,0,0,0,0,0,0,0,0,0,0,0,0,0,0,0,1,0,3.2487113135299693e-21,1
110800,NORMAL,2.5989690508239754e-21,1,2.5989690508239754e-21,1,0,UNKNOWN,0.20000000000000001,0,1,0,1,0,0,0,0,0,45100,45100,0,0,0,1,1,0,1,1,0,1,1,0,1,1,0,1,1,0,1,1,0,0,0,0,0,0,0,0,0,0,0,0,0,0,0,1.0686935814849067e-61,0,0,0,0,0,0,0,0,0,2.5989690508239754e-21,0,0,0,0,0,0,0,0,0,0,0,0,0,0,0,0,0,0,1,0,2.5989690508239754e-21,1
110900,NORMAL,2.0791752406591804e-21,1,2.0791752406591804e-21,1,0,UNKNOWN,0.20000000000000001,0,1,0,1,0,0,0,0,0,45100,45100,0,0,0,1,1,0,1,1,0,1,1,0,1,1,0,1,1,0,1,1,0,0,0,0,0,0,0,0,0,0,0,0,0,0,0,8.5495486518792544e-62,0,0,0,0,0,0,0,0,0,2.0791752406591804e-21,0,0,0,0,0,0,0,0,0,0,0,0,0,0,0,0,0,0,1,0,2.0791752406591804e-21,1
111000,NORMAL,1.6633401925273443e-21,1,1.6633401925273443e-21,1,0,UNKNOWN,0.20000000000000001,0,1,0,1,0,0,0,0,0,45100,45100,0,0,0,1,1,0,1,1,0,1,1,0,1,1,0,1,1,0,1,1,0,0,0,0,0,0,0,0,0,0,0,0,0,0,0,6.8396389215034035e-62,0,0,0,0,0,0,0,0,0,1.6633401925273443e-21,0,0,0,0,0,0,0,0,0,0,0,0,0,0,0,0,0,0,1,0,1.6633401925273443e-21,1
111100,NORMAL,1.3306721540218755e-21,1,1.3306721540218755e-21,1,0,UNKNOWN,0.20000000000000001,0,1,0,1,0,0,0,0,0,45100,45100,0,0,0,1,1,0,1,1,0,1,1,0,1,1,0,1,1,0,1,1,0,0,0,0,0,0,0,0,0,0,0,0,0,0,0,5.4717111372027232e-62,0,0,0,0,0,0,0,0,0,1.3306721540218755e-21,0,0,0,0,0,0,0,0,0,0,0,0,0,0,0,0,0,0,1,0,1.3306721540218755e-21,1
111200,NORMAL,1.0645377232175005e-21,1,1.0645377232175005e-21,1,0,UNKNOWN,0.20000000000000001,0,1,0,1,0,0,0,0,0,45100,45100,0,0,0,1,1,0,1,1,0,1,1,0,1,1,0,1,1,0,1,1,0,0,0,0,0,0,0,0,0,0,0,0,0,0,0,4.3773689097621787e-62,0,0,0,0,0,0,0,0,0,1.0645377232175005e-21,0,0,0,0,0,0,0,0,0,0,0,0,0,0,0,0,0,0,1,0,1.0645377232175005e-21,1
111300,NORMAL,8.5163017857400055e-22,1,8.5163017857400055e-22,1,0,UNKNOWN,0.20000000000000001,0,1,0,1,0,0,0,0,0,45100,45100,0,0,0,1,1,0,1,1,0,1,1,0,1,1,0,1,1,0,1,1,0,0,0,0,0,0,0,0,0,0,0,0,0,0,0,3.5018951278097433e-62,0,0,0,0,0,0,0,0,0,8.5163017857400055e-22,0,0,0,0,0,0,0,0,0,0,0,0,0,0,0,0,0,0,1,0,8.5163017857400055e-22,1
111400,NORMAL,6.8130414285920044e-22,1,6.8130414285920044e-22,1,0,UNKNOWN,0.20000000000000001,0,1,0,1,0,0,0,0,0,45100,45100,0,0,0,1,1,0,1,1,0,1,1,0,1,1,0,1,1,0,1,1,0,0,0,0,0,0,0,0,0,0,0,0,0,0,0,2.8015161022477948e-62,0,0,0,0,0,0,0,0,0,6.8130414285920044e-22,0,0,0,0,0,0,0,0,0,0,0,0,0,0,0,0,0,0,1,0,6.8130414285920044e-22,1
111500,NORMAL,5.4504331428736035e-22,1,5.4504331428736035e-22,1,0,UNKNOWN,0.20000000000000001,0,1,0,1,0,0,0,0,0,45100,45100,0,0,0,1,1,0,1,1,0,1,1,0,1,1,0,1,1,0,1,1,0,0,0,0,0,0,0,0,0,0,0,0,0,0,0,2.2412128817982361e-62,0,0,0,0,0,0,0,0,0,5.4504331428736035e-22,0,0,0,0,0,0,0,0,0,0,0,0,0,0,0,0,0,0,1,0,5.4504331428736035e-22,1
111600,NORMAL,4.3603465142988834e-22,1,4.3603465142988834e-22,1,0,UNKNOWN,0.20000000000000001,0,1,0,1,0,0,0,0,0,45100,45100,0,0,0,1,1,0,1,1,0,1,1,0,1,1,0,1,1,0,1,1,0,0,0,0,0,0,0,0,0,0,0,0,0,0,0,1.792970305438589e-62,0,0,0,0,0,0,0,0,0,4.3603465142988834e-22,0,0,0,0,0,0,0,0,0,0,0,0,0,0,0,0,0,0,1,0,4.3603465142988834e-22,1
111700,NORMAL,3.488277211439107e-22,1,3.488277211439107e-22,1,0,UNKNOWN,0.20000000000000001,0,1,0,1,0,0,0,0,0,45100,45100,0,0,0,1,1,0,1,1,0,1,1,0,1,1,0,1,1,0,1,1,0,0,0,0,0,0,0,0,0,0,0,0,0,0,0,1.4343762443508713e-62,0,0,0,0,0,0,0,0,0,3.488277211439107e-22,0,0,0,0,0,0,0,0,0,0,0,0,0,0,0,0,0,0,1,0,3.488277211439107e-22,1
111800,NORMAL,2.790621769151286e-22,1,2.790621769151286e-22,1,0,UNKNOWN,0.20000000000000001,0,1,0,1,0,0,0,0,0,45100,45100,0,0,0,1,1,0,1,1,0,1,1,0,1,1,0,1,1,0,1,1,0,0,0,0,0,0,0,0,0,0,0,0,0,0,0,1.1475009954806971e-62,0,0,0,0,0,0,0,0,0,2.790621769151286e-22,0,0,0,0,0,0,0,0,0,0,0,0,0,0,0,0,0,0,1,0,2.790621769151286e-22,1
111900,NORMAL,2.2324974153210289e-22,1,2.2324974153210289e-22,1,0,UNKNOWN,0.20000000000000001,0,1,0,1,0,0,0,0,0,45100,45100,0,0,0,1,1,0,1,1,0,1,1,0,1,1,0,1,1,0,1,1,0,0,0,0,0,0,0,0,0,0,0,0,0,0,0,9.1800079638455779e-63,0,0,0,0,0,0,0,0,0,2.2324974153210289e-22,0,0,0,0,0,0,0,0,0,0,0,0,0,0,0,0,0,0,1,0,2.2324974153210289e-22,1
112000,NORMAL,1.7859979322568233e-22,1,1.7859979322568233e-22,1,0,UNKNOWN,0.20000000000000001,0,1,0,1,0,0,0,0,0,45100,45100,0,0,0,1,1,0,1,1,0,1,1,0,1,1,0,1,1,0,1,1,0,0,0,0,0,0,0,0,0,0,0,0,0,0,0,7.3440063710764632e-63,0,0,0,0,0,0,0,0,0,1.7859979322568233e-22,0,0,0,0,0,0,0,0,0,0,0,0,0,0,0,0,0,0,1,0,1.7859979322568233e-22,1
112100,NORMAL,1.4287983458054588e-22,1,1.4287983458054588e-22,1,0,UNKNOWN,0.20000000000000001,0,1,0,1,0,0,0,0,0,45100,45100,0,0,0,1,1,0,1,1,0,1,1,0,1,1,0,1,1,0,1,1,0,0,0,0,0,0,0,0,0,0,0,0,0,0,0,5.8752050968611707e-63,0,0,0,0,0,0,0,0,0,1.4287983458054588e-22,0,0,0,0,0,0,0,0,0,0,0,0,0,0,0,0,0,0,1,0,1.4287983458054588e-22,1
112200,NORMAL,1.1430386766443672e-22,1,1.1430386766443672e-22,1,0,UNKNOWN,0.20000000000000001,0,1,0,1,0,0,0,0,0,45100,45100,0,0,0,1,1,0,1,1,0,1,1,0,1,1,0,1,1,0,1,1,0,0,0,0,0,0,0,0,0,0,0,0,0,0,0,4.7001640774889369e-63,0,0,0,0,0,0,0,0,0,1.1430386766443672e-22,0,0,0,0,0,0,0,0,0,0,0,0,0,0,0,0,0,0,1,0,1.1430386766443672e-22,1
112300,NORMAL,9.1443094131549377e-23,1,9.1443094131549377e-23,1,0,UNKNOWN,0.20000000000000001,0,1,0,1,0,0,0,0,0,45100,45100,0,0,0,1,1,0,1,1,0,1,1,0,1,1,0,1,1,0,1,1,0,0,0,0,0,0,0,0,0,0,0,0,0,0,0,3.7601312619911496e-63,0,0,0,0,0,0,0,0,0,9.1443094131549377e-23,0,0,0,0,0,0,0,0,0,0,0,0,0,0,0,0,0,0,1,0,9.1443094131549377e-23,1
112400,NORMAL,7.3154475305239502e-23,1,7.3154475305239502e-23,1,0,UNKNOWN,0.20000000000000001,0,1,0,1,0,0,0,0,0,45100,45100,0,0,0,1,1,0,1,1,0,1,1,0,1,1,0,1,1,0,1,1,0,0,0,0,0,0,0,0,0,0,0,0,0,0,0,3.0081050095929197e-63,0,0,0,0,0,0,0,0,0,7.3154475305239502e-23,0,0,0,0,0,0,0,0,0,0,0,0,0,0,0,0,0,0,1,0,7.3154475305239502e-23,1
112500,NORMAL,5.8523580244191602e-23,1,5.8523580244191602e-23,1,0,UNKNOWN,0.20000000000000001,0,1,0,1,0,0,0,0,0,45100,45100,0,0,0,1,1,0,1,1,0,1,1,0,1,1,0,1,1,0,1,1,0,0,0,0,0,0,0,0,0,0,0,0,0,0,0,2.4064840076743358e-63,0,0,0,0,0,0,0,0,0,5.8523580244191602e-23,0,0,0,0,0,0,0,0,0,0,0,0,0,0,0,0,0,0,1,0,5.8523580244191602e-23,1
112600,NORMAL,4.6818864195353282e-23,1,4.6818864195353282e-23,1,0,UNKNOWN,0.20000000000000001,0,1,0,1,0,0,0,0,0,45100,45100,0,0,0,1,1,0,1,1,0,1,1,0,1,1,0,1,1,0,1,1,0,0,0,0,0,0,0,0,0,0,0,0,0,0,0,1.9251872061394687e-63,0,0,0,0,0,0,0,0,0,4.6818864195353282e-23,0,0,0,0,0,0,0,0,0,0,0,0,0,0,0,0,0,0,1,0,4.6818864195353282e-23,1
112700,NORMAL,3.7455091356282628e-23,1,3.7455091356282628e-23,1,0,UNKNOWN,0.20000000000000001,0,1,0,1,0,0,0,0,0,45100,45100,0,0,0,1,1,0,1,1,0,1,1,0,1,1,0,1,1,0,1,1,0,0,0,0,0,0,0,0,0,0,0,0,0,0,0,1.540149764911575e-63,0,0,0,0,0,0,0,0,0,3.7455091356282628e-23,0,0,0,0,0,0,0,0,0,0,0,0,0,0,0,0,0,0,1,0,3.7455091356282628e-23,1
112800,NORMAL,2.9964073085026106e-23,1,2.9964073085026106e-23,1,0,UNKNOWN,0.20000000000000001,0,1,0,1,0,0,0,0,0,45100,45100,0,0,0,1,1,0,1,1,0,1,1,0,1,1,0,1,1,0,1,1,0,0,0,0,0,0,0,0,0,0,0,0,0,0,0,1.23211981192926e-63,0,0,0,0,0,0,0,0,0,2.9964073085026106e-23,0,0,0,0,0,0,0,0,0,0,0,0,0,0,0,0,0,0,1,0,2.9964073085026106e-23,1
112900,NORMAL,2.3971258468020885e-23,1,2.3971258468020885e-23,1,0,UNKNOWN,0.20000000000000001,0,1,0,1,0,0,0,0,0,45100,45100,0,0,0,1,1,0,1,1,0,1,1,0,1,1,0,1,1,0,1,1,0,0,0,0,0,0,0,0,0,0,0,0,0,0,0,9.8569584954340802e-64,0,0,0,0,0,0,0,0,0,2.3971258468020885e-23,0,0,0,0,0,0,0,0,0,0,0,0,0,0,0,0,0,0,1,0,2.3971258468020885e-23,1
113000,NORMAL,1.9177006774416709e-23,1,1.9177006774416709e-23,1,0,UNKNOWN,0.20000000000000001,0,1,0,1,0,0,0,0,0,45100,45100,0,0,0,1,1,0,1,1,0,1,1,0,1,1,0,1,1,0,1,1,0,0,0,0,0,0,0,0,0,0,0,0,0,0,0,7.8855667963472642e-64,0,0,0,0,0,0,0,0,0,1.9177006774416709e-23,0,0,0,0,0,0,0,0,0,0,0,0,0,0,0,0,0,0,1,0,1.9177006774416709e-23,1
113100,NORMAL,1.5341605419533366e-23,1,1.5341605419533366e-23,1,0,UNKNOWN,0.20000000000000001,0,1,0,1,0,0,0,0,0,45100,45100,0,0,0,1,1,0,1,1,0,1,1,0,1,1,0,1,1,0,1,1,0,0,0,0,0,0,0,0,0,0,0,0,0,0,0,6.3084534370778111e-64,0,0,0,0,0,0,0,0,0,1.5341605419533366e-23,0,0,0,0,0,0,0,0,0,0,0,0,0,0,0,0,0,0,1,0,1.5341605419533366e-23,1
113200,NORMAL,1.2273284335626694e-23,1,1.2273284335626694e-23,1,0,UNKNOWN,0.20000000000000001,0,1,0,1,0,0,0,0,0,45100,45100,0,0,0,1,1,0,1,1,0,1,1,0,1,1,0,1,1,0,1,1,0,0,0,0,0,0,0,0,0,0,0,0,0,0,0,5.0467627496622489e-64,0,0,0,0,0,0,0,0,0,1.2273284335626694e-23,0,0,0,0,0,0,0,0,0,0,0,0,0,0,0,0,0,0,1,0,1.2273284335626694e-23,1
113300,NORMAL,9.8186274685013557e-24,1,9.8186274685013557e-24,1,0,UNKNOWN,0.20000000000000001,0,1,0,1,0,0,0,0,0,45100,45100,0,0,0,1,1,0,1,1,0,1,1,0,1,1,0,1,1,0,1,1,0,0,0,0,0,0,0,0,0,0,0,0,0,0,0,4.0374101997297992e-64,0,0,0,0,0,0,0,0,0,9.8186274685013557e-24,0,0,0,0,0,0,0,0,0,0,0,0,0,0,0,0,0,0,1,0,9.8186274685013557e-24,1
113400,NORMAL,7.8549019748010852e-24,1,7.8549019748010852e-24,1,0,UNKNOWN,0.20000000000000001,0,1,0,1,0,0,0,0,0,45100,45100,0,0,0,1,1,0,1,1,0,1,1,0,1,1,0,1,1,0,1,1,0,0,0,0,0,0,0,0,0,0,0,0,0,0,0,3.2299281597838398e-64,0,0,0,0,0,0,0,0,0,7.8549019748010852e-24,0,0,0,0,0,0,0,0,0,0,0,0,0,0,0,0,0,0,1,0,7.8549019748010852e-24,1
113500,NORMAL,6.2839215798408686e-24,1,6.2839215798408686e-24,1,0,UNKNOWN,0.20000000000000001,0,1,0,1,0,0,0,0,0,45100,45100,0,0,0,1,1,0,1,1,0,1,1,0,1,1,0,1,1,0,1,1,0,0,0,0,0,0,0,0,0,0,0,0,0,0,0,2.583942527827072e-64,0,0,0,0,0,0,0,0,0,6.2839215798408686e-24,0,0,0,0,0,0,0,0,0,0,0,0,0,0,0,0,0,0,1,0,6.2839215798408686e-24,1
113600,NORMAL,5.0271372638726949e-24,1,5.0271372638726949e-24,1,0,UNKNOWN,0.20000000000000001,0,1,0,1,0,0,0,0,0,45100,45100,0,0,0,1,1,0,1,1,0,1,1,0,1,1,0,1,1,0,1,1,0,0,0,0,0,0,0,0,0,0,0,0,0,0,0,2.0671540222616578e-64,0,0,0,0,0,0,0,0,0,5.0271372638726949e-24,0,0,0,0,0,0,0,0,0,0,0,0,0,0,0,0,0,0,1,0,5.0271372638726949e-24,1
113700,NORMAL,4.0217098110981565e-24,1,4.0217098110981565e-24,1,0,UNKNOWN,0.20000000000000001,0,1,0,1,0,0,0,0,0,45100,45100,0,0,0,1,1,0,1,1,0,1,1,0,1,1,0,1,1,0,1,1,0,0,0,0,0,0,0,0,0,0,0,0,0,0,0,1.6537232178093261e-64,0,0,0,0,0,0,0,0,0,4.0217098110981565e-24,0,0,0,0,0,0,0,0,0,0,0,0,0,0,0,0,0,0,1,0,4.0217098110981565e-24,1
113800,NORMAL,3.2173678488785254e-24,1,3.2173678488785254e-24,1,0,UNKNOWN,0.20000000000000001,0,1,0,1,0,0,0,0,0,45100,45100,0,0,0,1,1,0,1,1,0,1,1,0,1,1,0,1,1,0,1,1,0,0,0,0,0,0,0,0,0,0,0,0,0,0,0,1.322978574247461e-64,0,0,0,0,0,0,0,0,0,3.2173678488785254e-24,0,0,0,0,0,0,0,0,0,0,0,0,0,0,0,0,0,0,1,0,3.2173678488785254e-24,1
113900,NORMAL,2.5738942791028205e-24,1,2.5738942791028205e-24,1,0,UNKNOWN,0.20000000000000001,0,1,0,1,0,0,0,0,0,45100,45100,0,0,0,1,1,0,1,1,0,1,1,0,1,1,0,1,1,0,1,1,0,0,0,0,0,0,0,0,0,0,0,0,0,0,0,1.0583828593979688e-64,0,0,0,0,0,0,0,0,0,2.5738942791028205e-24,0,0,0,0,0,0,0,0,0,0,0,0,0,0,0,0,0,0,1,0,2.5738942791028205e-24,1
114000,NORMAL,2.0591154232822567e-24,1,2.0591154232822567e-24,1,0,UNKNOWN,0.20000000000000001,0,1,0,1,0,0,0,0,0,45100,45100,0,0,0,1,1,0,1,1,0,1,1,0,1,1,0,1,1,0,1,1,0,0,0,0,0,0,0,0,0,0,0,0,0,0,0,8.4670628751837511e-65,0,0,0,0,0,0,0,0,0,2.0591154232822567e-24,0,0,0,0,0,0,0,0,0,0,0,0,0,0,0,0,0,0,1,0,2.0591154232822567e-24,1
114100,NORMAL,1.6472923386258054e-24,1,1.6472923386258054e-24,1,0,UNKNOWN,0.20000000000000001,0,1,0,1,0,0,0,0,0,45100,45100,0,0,0,1,1,0,1,1,0,1,1,0,1,1,0,1,1,0,1,1,0,0,0,0,0,0,0,0,0,0,0,0,0,0,0,6.7736503001470014e-65,0,0,0,0,0,0,0,0,0,1.6472923386258054e-24,0,0,0,0,0,0,0,0,0,0,0,0,0,0,0,0,0,0,1,0,1.6472923386258054e-24,1
114200,NORMAL,1.3178338709006445e-24,1,1.3178338709006445e-24,1,0,UNKNOWN,0.20000000000000001,0,1,0,1,0,0,0,0,0,45100,45100,0,0,0,1,1,0,1,1,0,1,1,0,1,1,0,1,1,0,1,1,0,0,0,0,0,0,0,0,0,0,0,0,0,0,0,5.4189202401176013e-65,0,0,0,0,0,0,0,0,0,1.3178338709006445e-24,0,0,0,0,0,0,0,0,0,0,0,0,0,0,0,0,0,0,1,0,1.3178338709006445e-24,1
114300,NORMAL,1.0542670967205156e-24,1,1.0542670967205156e-24,1,0,UNKNOWN,0.20000000000000001,0,1,0,1,0,0,0,0,0,45100,45100,0,0,0,1,1,0,1,1,0,1,1,0,1,1,0,1,1,0,1,1,0,0,0,0,0,0,0,0,0,0,0,0,0,0,0,4.335136192094081e-65,0,0,0,0,0,0,0,0,0,1.0542670967205156e-24,0,0,0,0,0,0,0,0,0,0,0,0,0,0,0,0,0,0,1,0,1.0542670967205156e-24,1
114400,NORMAL,8.4341367737641257e-25,1,8.4341367737641257e-25,1,0,UNKNOWN,0.20000000000000001,0,1,0,1,0,0,0,0,0,45100,45100,0,0,0,1,1,0,1,1,0,1,1,0,1,1,0,1,1,0,1,1,0,0,0,0,0,0,0,0,0,0,0,0,0,0,0,3.4681089536752648e-65,0,0,0,0,0,0,0,0,0,8.4341367737641257e-25,0,0,0,0,0,0,0,0,0,0,0,0,0,0,0,0,0,0,1,0,8.4341367737641257e-25,1
114500,NORMAL,6.7473094190113005e-25,1,6.7473094190113005e-25,1,0,UNKNOWN,0.20000000000000001,0,1,0,1,0,0,0,0,0,45100,45100,0,0,0,1,1,0,1,1,0,1,1,0,1,1,0,1,1,0,1,1,0,0,0,0,0,0,0,0,0,0,0,0,0,0,0,2.7744871629402121e-65,0,0,0,0,0,0,0,0,0,6.7473094190113005e-25,0,0,0,0,0,0,0,0,0,0,0,0,0,0,0,0,0,0,1,0,6.7473094190113005e-25,1
114600,NORMAL,5.3978475352090412e-25,1,5.3978475352090412e-25,1,0,UNKNOWN,0.20000000000000001,0,1,0,1,0,0,0,0,0,45100,45100,0,0,0,1,1,0,1,1,0,1,1,0,1,1,0,1,1,0,1,1,0,0,0,0,0,0,0,0,0,0,0,0,0,0,0,2.2195897303521699e-65,0,0,0,0,0,0,0,0,0,5.3978475352090412e-25,0,0,0,0,0,0,0,0,0,0,0,0,0,0,0,0,0,0,1,0,5.3978475352090412e-25,1
114700,NORMAL,4.3182780281672331e-25,1,4.3182780281672331e-25,1,0,UNKNOWN,0.20000000000000001,0,1,0,1,0,0,0,0,0,45100,45100,0,0,0,1,1,0,1,1,0,1,1,0,1,1,0,1,1,0,1,1,0,0,0,0,0,0,0,0,0,0,0,0,0,0,0,1.775671784281736e-65,0,0,0,0,0,0,0,0,0,4.3182780281672331e-25,0,0,0,0,0,0,0,0,0,0,0,0,0,0,0,0,0,0,1,0,4.3182780281672331e-25,1
114800,NORMAL,3.4546224225337866e-25,1,3.4546224225337866e-25,1,0,UNKNOWN,0.20000000000000001,0,1,0,1,0,0,0,0,0,45100,45100,0,0,0,1,1,0,1,1,0,1,1,0,1,1,0,1,1,0,1,1,0,0,0,0,0,0,0,0,0,0,0,0,0,0,0,1.4205374274253889e-65,0,0,0,0,0,0,0,0,0,3.4546224225337866e-25,0,0,0,0,0,0,0,0,0,0,0,0,0,0,0,0,0,0,1,0,3.4546224225337866e-25,1
114900,NORMAL,2.7636979380270295e-25,1,2.7636979380270295e-25,1,0,UNKNOWN,0.20000000000000001,0,1,0,1,0,0,0,0,0,45100,45100,0,0,0,1,1,0,1,1,0,1,1,0,1,1,0,1,1,0,1,1,0,0,0,0,0,0,0,0,0,0,0,0,0,0,0,1.1364299419403111e-65,0,0,0,0,0,0,0,0,0,2.7636979380270295e-25,0,0,0,0,0,0,0,0,0,0,0,0,0,0,0,0,0,0,1,0,2.7636979380270295e-25,1
115000,NORMAL,2.2109583504216236e-25,1,2.2109583504216236e-25,1,0,UNKNOWN,0.20000000000000001,0,1,0,1,0,0,0,0,0,45100,45100,0,0,0,1,1,0,1,1,0,1,1,0,1,1,0,1,1,0,1,1,0,0,0,0,0,0,0,0,0,0,0,0,0,0,0,9.0914395355224898e-66,0,0,0,0,0,0,0,0,0,2.2109583504216236e-25,0,0,0,0,0,0,0,0,0,0,0,0,0,0,0,0,0,0,1,0,2.2109583504216236e-25,1
115100,NORMAL,1.7687666803372989e-25,1,1.7687666803372989e-25,1,0,UNKNOWN,0.20000000000000001,0,1,0,1,0,0,0,0,0,45100,45100,0,0,0,1,1,0,1,1,0,1,1,0,1,1,0,1,1,0,1,1,0,0,0,0,0,0,0,0,0,0,0,0,0,0,0,7.2731516284179921e-66,0,0,0,0,0,0,0,0,0,1.7687666803372989e-25,0,0,0,0,0,0,0,0,0,0,0,0,0,0,0,0,0,0,1,0,1.7687666803372989e-25,1
115200,NORMAL,1.4150133442698393e-25,1,1.4150133442698393e-25,1,0,UNKNOWN,0.20000000000000001,0,1,0,1,0,0,0,0,0,45100,45100,0,0,0,1,1,0,1,1,0,1,1,0,1,1,0,1,1,0,1,1,0,0,0,0,0,0,0,0,0,0,0,0,0,0,0,5.8185213027343945e-66,0,0,0,0,0,0,0,0,0,1.4150133442698393e-25,0,0,0,0,0,0,0,0,0,0,0,0,0,0,0,0,0,0,1,0,1.4150133442698393e-25,1
115300,NORMAL,1.1320106754158715e-25,1,1.1320106754158715e-25,1,0,UNKNOWN,0.20000000000000001,0,1,0,1,0,0,0,0,0,45100,45100,0,0,0,1,1,0,1,1,0,1,1,0,1,1,0,1,1,0,1,1,0,0,0,0,0,0,0,0,0,0,0,0,0,0,0,4.6548170421875158e-66,0,0,0,0,0,0,0,0,0,1.1320106754158715e-25,0,0,0,0,0,0,0,0,0,0,0,0,0,0,0,0,0,0,1,0,1.1320106754158715e-25,1
115400,NORMAL,9.0560854033269731e-26,1,9.0560854033269731e-26,1,0,UNKNOWN,0.20000000000000001,0,1,0,1,0,0,0,0,0,45100,45100,0,0,0,1,1,0,1,1,0,1,1,0,1,1,0,1,1,0,1,1,0,0,0,0,0,0,0,0,0,0,0,0,0,0,0,3.723853633750013e-66,0,0,0,0,0,0,0,0,0,9.0560854033269731e-26,0,0,0,0,0,0,0,0,0,0,0,0,0,0,0,0,0,0,1,0,9.0560854033269731e-26,1
115500,NORMAL,7.2448683226615787e-26,1,7.2448683226615787e-26,1,0,UNKNOWN,0.20000000000000001,0,1,0,1,0,0,0,0,0,45100,45100,0,0,0,1,1,0,1,1,0,1,1,0,1,1,0,1,1,0,1,1,0,0,0,0,0,0,0,0,0,0,0,0,0,0,0,2.9790829070000105e-66,0,0,0,0,0,0,0,0,0,7.2448683226615787e-26,0,0,0,0,0,0,0,0,0,0,0,0,0,0,0,0,0,0,1,0,7.2448683226615787e-26,1
115600,NORMAL,5.7958946581292634e-26,1,5.7958946581292634e-26,1,0,UNKNOWN,0.20000000000000001,0,1,0,1,0,0,0,0,0,45100,45100,0,0,0,1,1,0,1,1,0,1,1,0,1,1,0,1,1,0,1,1,0,0,0,0,0,0,0,0,0,0,0,0,0,0,0,2.3832663256000086e-66,0,0,0,0,0,0,0,0,0,5.7958946581292634e-26,0,0,0,0,0,0,0,0,0,0,0,0,0,0,0,0,0,0,1,0,5.7958946581292634e-26,1
115700,NORMAL,4.6367157265034112e-26,1,4.6367157265034112e-26,1,0,UNKNOWN,0.20000000000000001,0,1,0,1,0,0,0,0,0,45100,45100,0,0,0,1,1,0,1,1,0,1,1,0,1,1,0,1,1,0,1,1,0,0,0,0,0,0,0,0,0,0,0,0,0,0,0,1.906613060480007e-66,0,0,0,0,0,0,0,0,0,4.6367157265034112e-26,0,0,0,0,0,0,0,0,0,0,0,0,0,0,0,0,0,0,1,0,4.6367157265034112e-26,1
115800,NORMAL,3.7093725812027292e-26,1,3.7093725812027292e-26,1,0,UNKNOWN,0.20000000000000001,0,1,0,1,0,0,0,0,0,45100,45100,0,0,0,1,1,0,1,1,0,1,1,0,1,1,0,1,1,0,1,1,0,0,0,0,0,0,0,0,0,0,0,0,0,0,0,1.5252904483840056e-66,0,0,0,0,0,0,0,0,0,3.7093725812027292e-26,0,0,0,0,0,0,0,0,0,0,0,0,0,0,0,0,0,0,1,0,3.7093725812027292e-26,1
115900,NORMAL,2.9674980649621832e-26,1,2.9674980649621832e-26,1,0,UNKNOWN,0.20000000000000001,0,1,0,1,0,0,0,0,0,45100,45100,0,0,0,1,1,0,1,1,0,1,1,0,1,1,0,1,1,0,1,1,0,0,0,0,0,0,0,0,0,0,0,0,0,0,0,1.2202323587072046e-66,0,0,0,0,0,0,0,0,0,2.9674980649621832e-26,0,0,0,0,0,0,0,0,0,0,0,0,0,0,0,0,0,0,1,0,2.9674980649621832e-26,1
116000,NORMAL,2.3739984519697468e-26,1,2.3739984519697468e-26,1,0,UNKNOWN,0.20000000000000001,0,1,0,1,0,0,0,0,0,45100,45100,0,0,0,1,1,0,1,1,0,1,1,0,1,1,0,1,1,0,1,1,0,0,0,0,0,0,0,0,0,0,0,0,0,0,0,9.7618588696576367e-67,0,0,0,0,0,0,0,0,0,2.3739984519697468e-26,0,0,0,0,0,0,0,0,0,0,0,0,0,0,0,0,0,0,1,0,2.3739984519697468e-26,1
116100,NORMAL,1.8991987615757975e-26,1,1.8991987615757975e-26,1,0,UNKNOWN,0.20000000000000001,0,1,0,1,0,0,0,0,0,45100,45100,0,0,0,1,1,0,1,1,0,1,1,0,1,1,0,1,1,0,1,1,0,0,0,0,0,0,0,0,0,0,0,0,0,0,0,7.8094870957261093e-67,0,0,0,0,0,0,0,0,0,1.8991987615757975e-26,0,0,0,0,0,0,0,0,0,0,0,0,0,0,0,0,0,0,1,0,1.8991987615757975e-26,1
116200,NORMAL,1.5193590092606381e-26,1,1.5193590092606381e-26,1,0,UNKNOWN,0.20000000000000001,0,1,0,1,0,0,0,0,0,45100,45100,0,0,0,1,1,0,1,1,0,1,1,0,1,1,0,1,1,0,1,1,0,0,0,0,0,0,0,0,0,0,0,0,0,0,0,6.2475896765808872e-67,0,0,0,0,0,0,0,0,0,1.5193590092606381e-26,0,0,0,0,0,0,0,0,0,0,0,0,0,0,0,0,0,0,1,0,1.5193590092606381e-26,1
116300,NORMAL,1.2154872074085106e-26,1,1.2154872074085106e-26,1,0,UNKNOWN,0.20000000000000001,0,1,0,1,0,0,0,0,0,45100,45100,0,0,0,1,1,0,1,1,0,1,1,0,1,1,0,1,1,0,1,1,0,0,0,0,0,0,0,0,0,0,0,0,0,0,0,4.9980717412647103e-67,0,0,0,0,0,0,0,0,0,1.2154872074085106e-26,0,0,0,0,0,0,0,0,0,0,0,0,0,0,0,0,0,0,1,0,1.2154872074085106e-26,1
116400,NORMAL,9.7238976592680854e-27,1,9.7238976592680854e-27,1,0,UNKNOWN,0.20000000000000001,0,1,0,1,0,0,0,0,0,45100,45100,0,0,0,1,1,0,1,1,0,1,1,0,1,1,0,1,1,0,1,1,0,0,0,0,0,0,0,0,0,0,0,0,0,0,0,3.9984573930117688e-67,0,0,0,0,0,0,0,0,0,9.7238976592680854e-27,0,0,0,0,0,0,0,0,0,0,0,0,0,0,0,0,0,0,1,0,9.7238976592680854e-27,1
116500,NORMAL,7.7791181274144683e-27,1,7.7791181274144683e-27,1,0,UNKNOWN,0.20000000000000001,0,1,0,1,0,0,0,0,0,45100,45100,0,0,0,1,1,0,1,1,0,1,1,0,1,1,0,1,1,0,1,1,0,0,0,0,0,0,0,0,0,0,0,0,0,0,0,3.1987659144094154e-67,0,0,0,0,0,0,0,0,0,7.7791181274144683e-27,0,0,0,0,0,0,0,0,0,0,0,0,0,0,0,0,0,0,1,0,7.7791181274144683e-27,1
116600,NORMAL,6.2232945019315748e-27,1,6.2232945019315748e-27,1,0,UNKNOWN,0.20000000000000001,0,1,0,1,0,0,0,0,0,45100,45100,0,0,0,1,1,0,1,1,0,1,1,0,1,1,0,1,1,0,1,1,0,0,0,0,0,0,0,0,0,0,0,0,0,0,0,2.5590127315275325e-67,0,0,0,0,0,0,0,0,0,6.2232945019315748e-27,0,0,0,0,0,0,0,0,0,0,0,0,0,0,0,0,0,0,1,0,6.2232945019315748e-27,1
116700,NORMAL,4.9786356015452601e-27,1,4.9786356015452601e-27,1,0,UNKNOWN,0.20000000000000001,0,1,0,1,0,0,0,0,0,45100,45100,0,0,0,1,1,0,1,1,0,1,1,0,1,1,0,1,1,0,1,1,0,0,0,0,0,0,0,0,0,0,0,0,0,0,0,2.0472101852220261e-67,0,0,0,0,0,0,0,0,0,4.9786356015452601e-27,0,0,0,0,0,0,0,0,0,0,0,0,0,0,0,0,0,0,1,0,4.9786356015452601e-27,1
116800,NORMAL,3.9829084812362081e-27,1,3.9829084812362081e-27,1,0,UNKNOWN,0.20000000000000001,0,1,0,1,0,0,0,0,0,45100,45100,0,0,0,1,1,0,1,1,0,1,1,0,1,1,0,1,1,0,1,1,0,0,0,0,0,0,0,0,0,0,0,0,0,0,0,1.6377681481776209e-67,0,0,0,0,0,0,0,0,0,3.9829084812362081e-27,0,0,0,0,0,0,0,0,0,0,0,0,0,0,0,0,0,0,1,0,3.9829084812362081e-27,1
116900,NORMAL,3.1863267849889667e-27,1,3.1863267849889667e-27,1,0,UNKNOWN,0.20000000000000001,0,1,0,1,0,0,0,0,0,45100,45100,0,0,0,1,1,0,1,1,0,1,1,0,1,1,0,1,1,0,1,1,0,0,0,0,0,0,0,0,0,0,0,0,0,0,0,1.3102145185420968e-67,0,0,0,0,0,0,0,0,0,3.1863267849889667e-27,0,0,0,0,0,0,0,0,0,0,0,0,0,0,0,0,0,0,1,0,3.1863267849889667e-27,1
117000,NORMAL,2.5490614279911735e-27,1,2.5490614279911735e-27,1,0,UNKNOWN,0.20000000000000001,0,1,0,1,0,0,0,0,0,45100,45100,0,0,0,1,1,0,1,1,0,1,1,0,1,1,0,1,1,0,1,1,0,0,0,0,0,0,0,0,0,0,0,0,0,0,0,1.0481716148336775e-67,0,0,0,0,0,0,0,0,0,2.5490614279911735e-27,0,0,0,0,0,0,0,0,0,0,0,0,0,0,0,0,0,0,1,0,2.5490614279911735e-27,1
117100,NORMAL,2.0392491423929389e-27,1,2.0392491423929389e-27,1,0,UNKNOWN,0.20000000000000001,0,1,0,1,0,0,0,0,0,45100,45100,0,0,0,1,1,0,1,1,0,1,1,0,1,1,0,1,1,0,1,1,0,0,0,0,0,0,0,0,0,0,0,0,0,0,0,8.3853729186694207e-68,0,0,0,0,0,0,0,0,0,2.0392491423929389e-27,0,0,0,0,0,0,0,0,0,0,0,0,0,0,0,0,0,0,1,0,2.0392491423929389e-27,1
117200,NORMAL,1.6313993139143514e-27,1,1.6313993139143514e-27,1,0,UNKNOWN,0.20000000000000001,0,1,0,1,0,0,0,0,0,45100,45100,0,0,0,1,1,0,1,1,0,1,1,0,1,1,0,1,1,0,1,1,0,0,0,0,0,0,0,0,0,0,0,0,0,0,0,6.7082983349355365e-68,0,0,0,0,0,0,0,0,0,1.6313993139143514e-27,0,0,0,0,0,0,0,0,0,0,0,0,0,0,0,0,0,0,1,0,1.6313993139143514e-27,1
117300,NORMAL,1.3051194511314811e-27,1,1.3051194511314811e-27,1,0,UNKNOWN,0.20000000000000001,0,1,0,1,0,0,0,0,0,45100,45100,0,0,0,1,1,0,1,1,0,1,1,0,1,1,0,1,1,0,1,1,0,0,0,0,0,0,0,0,0,0,0,0,0,0,0,5.3666386679484294e-68,0,0,0,0,0,0,0,0,0,1.3051194511314811e-27,0,0,0,0,0,0,0,0,0,0,0,0,0,0,0,0,0,0,1,0,1.3051194511314811e-27,1
117400,NORMAL,1.0440955609051849e-27,1,1.0440955609051849e-27,1,0,UNKNOWN,0.20000000000000001,0,1,0,1,0,0,0,0,0,45100,45100,0,0,0,1,1,0,1,1,0,1,1,0,1,1,0,1,1,0,1,1,0,0,0,0,0,0,0,0,0,0,0,0,0,0,0,4.2933109343587437e-68,0,0,0,0,0,0,0,0,0,1.0440955609051849e-27,0,0,0,0,0,0,0,0,0,0,0,0,0,0,0,0,0,0,1,0,1.0440955609051849e-27,1
117500,NORMAL,8.3527644872414792e-28,1,8.3527644872414792e-28,1,0,UNKNOWN,0.20000000000000001,0,1,0,1,0,0,0,0,0,45100,45100,0,0,0,1,1,0,1,1,0,1,1,0,1,1,0,1,1,0,1,1,0,0,0,0,0,0,0,0,0,0,0,0,0,0,0,3.4346487474869952e-68,0,0,0,0,0,0,0,0,0,8.3527644872414792e-28,0,0,0,0,0,0,0,0,0,0,0,0,0,0,0,0,0,0,1,0,8.3527644872414792e-28,1
117600,NORMAL,6.6822115897931836e-28,1,6.6822115897931836e-28,1,0,UNKNOWN,0.20000000000000001,0,1,0,1,0,0,0,0,0,45100,45100,0,0,0,1,1,0,1,1,0,1,1,0,1,1,0,1,1,0,1,1,0,0,0,0,0,0,0,0,0,0,0,0,0,0,0,2.7477189979895962e-68,0,0,0,0,0,0,0,0,0,6.6822115897931836e-28,0,0,0,0,0,0,0,0,0,0,0,0,0,0,0,0,0,0,1,0,6.6822115897931836e-28,1
117700,NORMAL,5.345769271834547e-28,1,5.345769271834547e-28,1,0,UNKNOWN,0.20000000000000001,0,1,0,1,0,0,0,0,0,45100,45100,0,0,0,1,1,0,1,1,0,1,1,0,1,1,0,1,1,0,1,1,0,0,0,0,0,0,0,0,0,0,0,0,0,0,0,2.1981751983916769e-68,0,0,0,0,0,0,0,0,0,5.345769271834547e-28,0,0,0,0,0,0,0,0,0,0,0,0,0,0,0,0,0,0,1,0,5.345769271834547e-28,1
117800,NORMAL,4.2766154174676378e-28,1,4.2766154174676378e-28,1,0,UNKNOWN,0.20000000000000001,0,1,0,1,0,0,0,0,0,45100,45100,0,0,0,1,1,0,1,1,0,1,1,0,1,1,0,1,1,0,1,1,0,0,0,0,0,0,0,0,0,0,0,0,0,0,0,1.7585401587133416e-68,0,0,0,0,0,0,0,0,0,4.2766154174676378e-28,0,0,0,0,0,0,0,0,0,0,0,0,0,0,0,0,0,0,1,0,4.2766154174676378e-28,1
117900,NORMAL,3.4212923339741103e-28,1,3.4212923339741103e-28,1,0,UNKNOWN,0.20000000000000001,0,1,0,1,0,0,0,0,0,45100,45100,0,0,0,1,1,0,1,1,0,1,1,0,1,1,0,1,1,0,1,1,0,0,0,0,0,0,0,0,0,0,0,0,0,0,0,1.4068321269706734e-68,0,0,0,0,0,0,0,0,0,3.4212923339741103e-28,0,0,0,0,0,0,0,0,0,0,0,0,0,0,0,0,0,0,1,0,3.4212923339741103e-28,1
118000,NORMAL,2.7370338671792884e-28,1,2.7370338671792884e-28,1,0,UNKNOWN,0.20000000000000001,0,1,0,1,0,0,0,0,0,45100,45100,0,0,0,1,1,0,1,1,0,1,1,0,1,1,0,1,1,0,1,1,0,0,0,0,0,0,0,0,0,0,0,0,0,0,0,1.1254657015765388e-68,0,0,0,0,0,0,0,0,0,2.7370338671792884e-28,0,0,0,0,0,0,0,0,0,0,0,0,0,0,0,0,0,0,1,0,2.7370338671792884e-28,1
118100,NORMAL,2.1896270937434309e-28,1,2.1896270937434309e-28,1,0,UNKNOWN,0.20000000000000001,0,1,0,1,0,0,0,0,0,45100,45100,0,0,0,1,1,0,1,1,0,1,1,0,1,1,0,1,1,0,1,1,0,0,0,0,0,0,0,0,0,0,0,0,0,0,0,9.003725612612311e-69,0,0,0,0,0,0,0,0,0,2.1896270937434309e-28,0,0,0,0,0,0,0,0,0,0,0,0,0,0,0,0,0,0,1,0,2.1896270937434309e-28,1
118200,NORMAL,1.7517016749947448e-28,1,1.7517016749947448e-28,1,0,UNKNOWN,0.20000000000000001,0,1,0,1,0,0,0,0,0,45100,45100,0,0,0,1,1,0,1,1,0,1,1,0,1,1,0,1,1,0,1,1,0,0,0,0,0,0,0,0,0,0,0,0,0,0,0,7.202980490089849e-69,0,0,0,0,0,0,0,0,0,1.7517016749947448e-28,0,0,0,0,0,0,0,0,0,0,0,0,0,0,0,0,0,0,1,0,1.7517016749947448e-28,1
118300,NORMAL,1.4013613399957959e-28,1,1.4013613399957959e-28,1,0,UNKNOWN,0.20000000000000001,0,1,0,1,0,0,0,0,0,45100,45100,0,0,0,1,1,0,1,1,0,1,1,0,1,1,0,1,1,0,1,1,0,0,0,0,0,0,0,0,0,0,0,0,0,0,0,5.7623843920718798e-69,0,0,0,0,0,0,0,0,0,1.4013613399957959e-28,0,0,0,0,0,0,0,0,0,0,0,0,0,0,0,0,0,0,1,0,1.4013613399957959e-28,1
118400,NORMAL,1.1210890719966368e-28,1,1.1210890719966368e-28,1,0,UNKNOWN,0.20000000000000001,0,1,0,1,0,0,0,0,0,45100,45100,0,0,0,1,1,0,1,1,0,1,1,0,1,1,0,1,1,0,1,1,0,0,0,0,0,0,0,0,0,0,0,0,0,0,0,4.6099075136575038e-69,0,0,0,0,0,0,0,0,0,1.1210890719966368e-28,0,0,0,0,0,0,0,0,0,0,0,0,0,0,0,0,0,0,1,0,1.1210890719966368e-28,1
118500,NORMAL,8.9687125759730943e-29,1,8.9687125759730943e-29,1,0,UNKNOWN,0.20000000000000001,0,1,0,1,0,0,0,0,0,45100,45100,0,0,0,1,1,0,1,1,0,1,1,0,1,1,0,1,1,0,1,1,0,0,0,0,0,0,0,0,0,0,0,0,0,0,0,3.6879260109260034e-69,0,0,0,0,0,0,0,0,0,8.9687125759730943e-29,0,0,0,0,0,0,0,0,0,0,0,0,0,0,0,0,0,0,1,0,8.9687125759730943e-29,1
118600,NORMAL,7.1749700607784761e-29,1,7.1749700607784761e-29,1,0,UNKNOWN,0.20000000000000001,0,1,0,1,0,0,0,0,0,45100,45100,0,0,0,1,1,0,1,1,0,1,1,0,1,1,0,1,1,0,1,1,0,0,0,0,0,0,0,0,0,0,0,0,0,0,0,2.9503408087408028e-69,0,0,0,0,0,0,0,0,0,7.1749700607784761e-29,0,0,0,0,0,0,0,0,0,0,0,0,0,0,0,0,0,0,1,0,7.1749700607784761e-29,1
118700,NORMAL,5.7399760486227816e-29,1,5.7399760486227816e-29,1,0,UNKNOWN,0.20000000000000001,0,1,0,1,0,0,0,0,0,45100,45100,0,0,0,1,1,0,1,1,0,1,1,0,1,1,0,1,1,0,1,1,0,0,0,0,0,0,0,0,0,0,0,0,0,0,0,2.3602726469926425e-69,0,0,0,0,0,0,0,0,0,5.7399760486227816e-29,0,0,0,0,0,0,0,0,0,0,0,0,0,0,0,0,0,0,1,0,5.7399760486227816e-29,1
118800,NORMAL,4.5919808388982255e-29,1,4.5919808388982255e-29,1,0,UNKNOWN,0.20000000000000001,0,1,0,1,0,0,0,0,0,45100,45100,0,0,0,1,1,0,1,1,0,1,1,0,1,1,0,1,1,0,1,1,0,0,0,0,0,0,0,0,0,0,0,0,0,0,0,1.8882181175941141e-69,0,0,0,0,0,0,0,0,0,4.5919808388982255e-29,0,0,0,0,0,0,0,0,0,0,0,0,0,0,0,0,0,0,1,0,4.5919808388982255e-29,1
118900,NORMAL,3.6735846711185807e-29,1,3.6735846711185807e-29,1,0,UNKNOWN,0.20000000000000001,0,1,0,1,0,0,0,0,0,45100,45100,0,0,0,1,1,0,1,1,0,1,1,0,1,1,0,1,1,0,1,1,0,0,0,0,0,0,0,0,0,0,0,0,0,0,0,1.5105744940752914e-69,0,0,0,0,0,0,0,0,0,3.6735846711185807e-29,0,0,0,0,0,0,0,0,0,0,0,0,0,0,0,0,0,0,1,0,3.6735846711185807e-29,1
119000,NORMAL,2.9388677368948647e-29,1,2.9388677368948647e-29,1,0,UNKNOWN,0.20000000000000001,0,1,0,1,0,0,0,0,0,45100,45100,0,0,0,1,1,0,1,1,0,1,1,0,1,1,0,1,1,0,1,1,0,0,0,0,0,0,0,0,0,0,0,0,0,0,0,1.2084595952602331e-69,0,0,0,0,0,0,0,0,0,2.9388677368948647e-29,0,0,0,0,0,0,0,0,0,0,0,0,0,0,0,0,0,0,1,0,2.9388677368948647e-29,1
119100,NORMAL,2.351094189515892e-29,1,2.351094189515892e-29,1,0,UNKNOWN,0.20000000000000001,0,1,0,1,0,0,0,0,0,45100,45100,0,0,0,1,1,0,1,1,0,1,1,0,1,1,0,1,1,0,1,1,0,0,0,0,0,0,0,0,0,0,0,0,0,0,0,9.667676762081865e-70,0,0,0,0,0,0,0,0,0,2.351094189515892e-29,0,0,0,0,0,0,0,0,0,0,0,0,0,0,0,0,0,0,1,0,2.351094189515892e-29,1
119200,NORMAL,1.8808753516127138e-29,1,1.8808753516127138e-29,1,0,UNKNOWN,0.20000000000000001,0,1,0,1,0,0,0,0,0,45100,45100,0,0,0,1,1,0,1,1,0,1,1,0,1,1,0,1,1,0,1,1,0,0,0,0,0,0,0,0,0,0,0,0,0,0,0,7.734141409665492e-70,0,0,0,0,0,0,0,0,0,1.8808753516127138e-29,0,0,0,0,0,0,0,0,0,0,0,0,0,0,0,0,0,0,1,0,1.8808753516127138e-29,1
119300,NORMAL,1.5047002812901712e-29,1,1.5047002812901712e-29,1,0,UNKNOWN,0.20000000000000001,0,1,0,1,0,0,0,0,0,45100,45100,0,0,0,1,1,0,1,1,0,1,1,0,1,1,0,1,1,0,1,1,0,0,0,0,0,0,0,0,0,0,0,0,0,0,0,6.1873131277323936e-70,0,0,0,0,0,0,0,0,0,1.5047002812901712e-29,0,0,0,0,0,0,0,0,0,0,0,0,0,0,0,0,0,0,1,0,1.5047002812901712e-29,1
119400,NORMAL,1.203760225032137e-29,1,1.203760225032137e-29,1,0,UNKNOWN,0.20000000000000001,0,1,0,1,0,0,0,0,0,45100,45100,0,0,0,1,1,0,1,1,0,1,1,0,1,1,0,1,1,0,1,1,0,0,0,0,0,0,0,0,0,0,0,0,0,0,0,4.9498505021859149e-70,0,0,0,0,0,0,0,0,0,1.203760225032137e-29,0,0,0,0,0,0,0,0,0,0,0,0,0,0,0,0,0,0,1,0,1.203760225032137e-29,1
119500,NORMAL,9.6300818002570969e-30,1,9.6300818002570969e-30,1,0,UNKNOWN,0.20000000000000001,0,1,0,1,0,0,0,0,0,45100,45100,0,0,0,1,1,0,1,1,0,1,1,0,1,1,0,1,1,0,1,1,0,0,0,0,0,0,0,0,0,0,0,0,0,0,0,3.9598804017487324e-70,0,0,0,0,0,0,0,0,0,9.6300818002570969e-30,0,0,0,0,0,0,0,0,0,0,0,0,0,0,0,0,0,0,1,0,9.6300818002570969e-30,1
119600,NORMAL,7.7040654402056787e-30,1,7.7040654402056787e-30,1,0,UNKNOWN,0.20000000000000001,0,1,0,1,0,0,0,0,0,45100,45100,0,0,0,1,1,0,1,1,0,1,1,0,1,1,0,1,1,0,1,1,0,0,0,0,0,0,0,0,0,0,0,0,0,0,0,3.1679043213989863e-70,0,0,0,0,0,0,0,0,0,7.7040654402056787e-30,0,0,0,0,0,0,0,0,0,0,0,0,0,0,0,0,0,0,1,0,7.7040654402056787e-30,1
119700,NORMAL,6.1632523521645429e-30,1,6.1632523521645429e-30,1,0,UNKNOWN,0.20000000000000001,0,1,0,1,0,0,0,0,0,45100,45100,0,0,0,1,1,0,1,1,0,1,1,0,1,1,0,1,1,0,1,1,0,0,0,0,0,0,0,0,0,0,0,0,0,0,0,2.5343234571191891e-70,0,0,0,0,0,0,0,0,0,6.1632523521645429e-30,0,0,0,0,0,0,0,0,0,0,0,0,0,0,0,0,0,0,1,0,6.1632523521645429e-30,1
119800,NORMAL,4.9306018817316349e-30,1,4.9306018817316349e-30,1,0,UNKNOWN,0.20000000000000001,0,1,0,1,0,0,0,0,0,45100,45100,0,0,0,1,1,0,1,1,0,1,1,0,1,1,0,1,1,0,1,1,0,0,0,0,0,0,0,0,0,0,0,0,0,0,0,2.0274587656953515e-70,0,0,0,0,0,0,0,0,0,4.9306018817316349e-30,0,0,0,0,0,0,0,0,0,0,0,0,0,0,0,0,0,0,1,0,4.9306018817316349e-30,1
119900,NORMAL,3.9444815053853079e-30,1,3.9444815053853079e-30,1,0,UNKNOWN,0.20000000000000001,0,1,0,1,0,0,0,0,0,45100,45100,0,0,0,1,1,0,1,1,0,1,1,0,1,1,0,1,1,0,1,1,0,0,0,0,0,0,0,0,0,0,0,0,0,0,0,1.6219670125562813e-70,0,0,0,0,0,0,0,0,0,3.9444815053853079e-30,0,0,0,0,0,0,0,0,0,0,0,0,0,0,0,0,0,0,1,0,3.9444815053853079e-30,1
120000,NORMAL,3.1555852043082466e-30,1,3.1555852043082466e-30,1,0,UNKNOWN,0.20000000000000001,0,1,0,1,0,0,0,0,0,45100,45100,0,0,0,1,1,0,1,1,0,1,1,0,1,1,0,1,1,0,1,1,0,0,0,0,0,0,0,0,0,0,0,0,0,0,0,1.2975736100450251e-70,0,0,0,0,0,0,0,0,0,3.1555852043082466e-30,0,0,0,0,0,0,0,0,0,0,0,0,0,0,0,0,0,0,1,0,3.1555852043082466e-30,1
